ISO-10303-21;
HEADER;
FILE_DESCRIPTION(('ViewDefinition [CoordinationView]'),'2;1');
FILE_NAME('','2026-09-02T12:14:31',(''),(''),'IfcOpenShell 0.8.5-1c5b825','IfcOpenShell 0.8.5-1c5b825','');
FILE_SCHEMA(('IFC4'));
ENDSEC;
DATA;
#1=IFCPROJECT('2j3m1RzUvEi9PZbVbnZsMy',$,'My Project',$,$,$,$,(#10),#5);
#2=IFCSIUNIT(*,.LENGTHUNIT.,.MILLI.,.METRE.);
#3=IFCSIUNIT(*,.AREAUNIT.,$,.SQUARE_METRE.);
#4=IFCSIUNIT(*,.VOLUMEUNIT.,$,.CUBIC_METRE.);
#5=IFCUNITASSIGNMENT((#4,#2,#3));
#6=IFCCARTESIANPOINT((0.,0.,0.));
#7=IFCDIRECTION((0.,0.,1.));
#8=IFCDIRECTION((1.,0.,0.));
#9=IFCAXIS2PLACEMENT3D(#6,#7,#8);
#10=IFCGEOMETRICREPRESENTATIONCONTEXT($,'Model',3,1.0000000000000001E-05,#9,$);
#11=IFCGEOMETRICREPRESENTATIONSUBCONTEXT('Body','Model',*,*,*,*,#10,$,.MODEL_VIEW.,$);
#12=IFCSITE('16Rgz3yG94uP3ue2DuamAr',$,'My Site',$,$,$,$,$,$,$,$,$,$,$);
#13=IFCBUILDING('0AGlBbwI9DNQHNM4zpcb7W',$,'Building A',$,$,$,$,$,$,$,$,$);
#14=IFCBUILDINGSTOREY('1RHZVYODf0aBtAz5AZaZFa',$,'Ground Floor',$,$,$,$,$,$,$);
#15=IFCRELAGGREGATES('2KqGULMInC4R0Lfi8IOTqj',$,$,$,#1,(#12));
#16=IFCRELAGGREGATES('2NdpITn_1E$9ffgDWpsdNK',$,$,$,#12,(#13));
#17=IFCRELAGGREGATES('317uR2dQX3jgM7tMPgzwbq',$,$,$,#13,(#23,#18,#29,#24,#19,#14,#20,#26,#27,#22,#25,#21,#28));
#18=IFCBUILDINGSTOREY('2kQuYJqiLDYPs3xl0xP8KK',$,'Floor0',$,$,$,$,$,$,$);
#19=IFCBUILDINGSTOREY('3W6t$_GLPDLhkDzrpl5aRT',$,'Floor1',$,$,$,$,$,$,$);
#20=IFCBUILDINGSTOREY('05r5zddvXBae20GAsVBnwr',$,'Floor2',$,$,$,$,$,$,$);
#21=IFCBUILDINGSTOREY('0ZgC9O8mTFY8kNKAPANAJi',$,'Floor3',$,$,$,$,$,$,$);
#22=IFCBUILDINGSTOREY('3eClclUdXDKQWIx2CtedR5',$,'Floor4',$,$,$,$,$,$,$);
#23=IFCBUILDINGSTOREY('2GDS1yPnn9qhBG9fsWyBjt',$,'Floor5',$,$,$,$,$,$,$);
#24=IFCBUILDINGSTOREY('3GHKGzdA1EBeJnUwhAet_I',$,'Floor6',$,$,$,$,$,$,$);
#25=IFCBUILDINGSTOREY('0aRamxaDX6Bha95ZTaTK$q',$,'Floor7',$,$,$,$,$,$,$);
#26=IFCBUILDINGSTOREY('0_l_VElfX3VfXAe5E2nsSk',$,'Floor8',$,$,$,$,$,$,$);
#27=IFCBUILDINGSTOREY('0C57owaMb5RhVaRS$c5nNt',$,'Floor9',$,$,$,$,$,$,$);
#28=IFCBUILDINGSTOREY('2zGpPfOpj5bQ_JrP9OIJhI',$,'Floor10',$,$,$,$,$,$,$);
#29=IFCBUILDINGSTOREY('3_PZw9pSLEof8hFTCCBkOc',$,'Floor11',$,$,$,$,$,$,$);
#30=IFCCOLUMN('0G7gNUF3P0if0iBe2kpi8c',$,$,$,$,#52,#41,$,$);
#31=IFCCARTESIANPOINTLIST2D(((-200.,-200.),(200.,-200.),(200.,200.),(-200.,200.)));
#32=IFCINDEXEDPOLYCURVE(#31,(IFCLINEINDEX((1,2,3,4,1))),$);
#33=IFCARBITRARYCLOSEDPROFILEDEF(.AREA.,'Arbitrary',#32);
#34=IFCCARTESIANPOINT((0.,0.,0.));
#35=IFCDIRECTION((0.,0.,1.));
#36=IFCDIRECTION((1.,0.,0.));
#37=IFCAXIS2PLACEMENT3D(#34,#35,#36);
#38=IFCDIRECTION((0.,0.,1.));
#39=IFCEXTRUDEDAREASOLID(#33,#37,#38,3000.);
#40=IFCSHAPEREPRESENTATION(#11,'Body','SweptSolid',(#39));
#41=IFCPRODUCTDEFINITIONSHAPE($,$,(#40));
#47=IFCRELCONTAINEDINSPATIALSTRUCTURE('005UO9agP6HuU$q2tADoZv',$,$,$,(#759,#57,#3671,#4243,#3541,#4399,#3697,#2163,#4113,#1461,#4269,#1617,#2033,#2189,#30,#2865,#3437,#2735,#3593,#2891,#1357,#4165,#3463,#1929,#1227,#1383,#3333,#2631,#2787,#3203,#551,#3359,#2657,#1123,#421,#1279,#3229,#577,#993,#1851,#3905,#4061,#2527,#3099,#2397,#2553,#1019,#2969,#317,#3125,#473,#889,#1045,#3957,#1721,#4529,#3827,#2293,#1591,#2449,#1747,#213,#3021,#2319,#785,#83,#239,#655,#811,#4425,#3723,#4139,#1487,#4295,#1643,#2059,#2215,#1513,#135,#2085,#707,#2761,#3619,#2917,#4191,#3489,#1955,#1253,#1409,#1825,#1981,#2813,#3385,#2683,#1149,#1305,#3255,#447,#603,#1877,#1175,#4087,#3281,#2579,#343,#3151,#499,#915,#1071,#369,#3983,#941,#4555,#3853,#2475,#1773,#3047,#2345,#109,#265,#681,#837,#4451,#3749,#4321,#1669,#2241,#1539,#161,#2111,#733,#3645,#2943,#4217,#3515,#1435,#2007,#2995,#2839,#3411,#2709,#3567,#1331,#629,#1903,#1201,#3307,#2605,#3177,#525,#2423,#1097,#395,#4009,#967,#4581,#3879,#4035,#2501,#1799,#3073,#2371,#291,#863,#4477,#3775,#3931,#4347,#1695,#4503,#3801,#2267,#1565,#4373,#187,#2137),#20);
#48=IFCCARTESIANPOINT((0.,12000.,21000.));
#49=IFCDIRECTION((0.,0.,1.));
#50=IFCDIRECTION((1.,0.,0.));
#51=IFCAXIS2PLACEMENT3D(#48,#49,#50);
#52=IFCLOCALPLACEMENT($,#51);
#53=IFCPROPERTYSET('3jf4kG6sX3QuG0$SFp2rzr',$,'Other',$,(#55,#56));
#54=IFCRELDEFINESBYPROPERTIES('1BJNY2FqHCQxnVQKj8Nbwu',$,$,$,(#30),#53);
#55=IFCPROPERTYSINGLEVALUE('Ax',$,IFCLABEL('0.001'),$);
#56=IFCPROPERTYSINGLEVALUE('Ay',$,IFCLABEL('0.001'),$);
#57=IFCCOLUMN('1fETzGxh1DaQWCuO0kpa1l',$,$,$,$,#78,#68,$,$);
#58=IFCCARTESIANPOINTLIST2D(((-200.,-200.),(200.,-200.),(200.,200.),(-200.,200.)));
#59=IFCINDEXEDPOLYCURVE(#58,(IFCLINEINDEX((1,2,3,4,1))),$);
#60=IFCARBITRARYCLOSEDPROFILEDEF(.AREA.,'Arbitrary',#59);
#61=IFCCARTESIANPOINT((0.,0.,0.));
#62=IFCDIRECTION((0.,0.,1.));
#63=IFCDIRECTION((1.,0.,0.));
#64=IFCAXIS2PLACEMENT3D(#61,#62,#63);
#65=IFCDIRECTION((0.,0.,1.));
#66=IFCEXTRUDEDAREASOLID(#60,#64,#65,3000.);
#67=IFCSHAPEREPRESENTATION(#11,'Body','SweptSolid',(#66));
#68=IFCPRODUCTDEFINITIONSHAPE($,$,(#67));
#74=IFCCARTESIANPOINT((0.,18000.,21000.));
#75=IFCDIRECTION((0.,0.,1.));
#76=IFCDIRECTION((1.,0.,0.));
#77=IFCAXIS2PLACEMENT3D(#74,#75,#76);
#78=IFCLOCALPLACEMENT($,#77);
#79=IFCPROPERTYSET('3X5IN3k0D9Wee3lCUyT682',$,'Other',$,(#81,#82));
#80=IFCRELDEFINESBYPROPERTIES('2AUTvb2nv0mezTAI1q0M5y',$,$,$,(#57),#79);
#81=IFCPROPERTYSINGLEVALUE('Ax',$,IFCLABEL('0.001'),$);
#82=IFCPROPERTYSINGLEVALUE('Ay',$,IFCLABEL('0.001'),$);
#83=IFCCOLUMN('3OU7308PnAaxlwIlKzCJnx',$,$,$,$,#104,#94,$,$);
#84=IFCCARTESIANPOINTLIST2D(((-200.,-200.),(200.,-200.),(200.,200.),(-200.,200.)));
#85=IFCINDEXEDPOLYCURVE(#84,(IFCLINEINDEX((1,2,3,4,1))),$);
#86=IFCARBITRARYCLOSEDPROFILEDEF(.AREA.,'Arbitrary',#85);
#87=IFCCARTESIANPOINT((0.,0.,0.));
#88=IFCDIRECTION((0.,0.,1.));
#89=IFCDIRECTION((1.,0.,0.));
#90=IFCAXIS2PLACEMENT3D(#87,#88,#89);
#91=IFCDIRECTION((0.,0.,1.));
#92=IFCEXTRUDEDAREASOLID(#86,#90,#91,3000.);
#93=IFCSHAPEREPRESENTATION(#11,'Body','SweptSolid',(#92));
#94=IFCPRODUCTDEFINITIONSHAPE($,$,(#93));
#100=IFCCARTESIANPOINT((6000.,12000.,21000.));
#101=IFCDIRECTION((0.,0.,1.));
#102=IFCDIRECTION((1.,0.,0.));
#103=IFCAXIS2PLACEMENT3D(#100,#101,#102);
#104=IFCLOCALPLACEMENT($,#103);
#105=IFCPROPERTYSET('396Psjz8z5JBuwJy4aWhzj',$,'Other',$,(#107,#108));
#106=IFCRELDEFINESBYPROPERTIES('3$T$wVihj5Oxo4nm40BUH2',$,$,$,(#83),#105);
#107=IFCPROPERTYSINGLEVALUE('Ax',$,IFCLABEL('0.001'),$);
#108=IFCPROPERTYSINGLEVALUE('Ay',$,IFCLABEL('0.001'),$);
#109=IFCCOLUMN('3v3eHC1Hj5xAHpF3aCOdFq',$,$,$,$,#130,#120,$,$);
#110=IFCCARTESIANPOINTLIST2D(((-200.,-200.),(200.,-200.),(200.,200.),(-200.,200.)));
#111=IFCINDEXEDPOLYCURVE(#110,(IFCLINEINDEX((1,2,3,4,1))),$);
#112=IFCARBITRARYCLOSEDPROFILEDEF(.AREA.,'Arbitrary',#111);
#113=IFCCARTESIANPOINT((0.,0.,0.));
#114=IFCDIRECTION((0.,0.,1.));
#115=IFCDIRECTION((1.,0.,0.));
#116=IFCAXIS2PLACEMENT3D(#113,#114,#115);
#117=IFCDIRECTION((0.,0.,1.));
#118=IFCEXTRUDEDAREASOLID(#112,#116,#117,3000.);
#119=IFCSHAPEREPRESENTATION(#11,'Body','SweptSolid',(#118));
#120=IFCPRODUCTDEFINITIONSHAPE($,$,(#119));
#126=IFCCARTESIANPOINT((6000.,18000.,21000.));
#127=IFCDIRECTION((0.,0.,1.));
#128=IFCDIRECTION((1.,0.,0.));
#129=IFCAXIS2PLACEMENT3D(#126,#127,#128);
#130=IFCLOCALPLACEMENT($,#129);
#131=IFCPROPERTYSET('1ctM3NzKD9KBF031EoB88W',$,'Other',$,(#133,#134));
#132=IFCRELDEFINESBYPROPERTIES('1I7QeETU1A38M4IoDFrfO9',$,$,$,(#109),#131);
#133=IFCPROPERTYSINGLEVALUE('Ax',$,IFCLABEL('0.001'),$);
#134=IFCPROPERTYSINGLEVALUE('Ay',$,IFCLABEL('0.001'),$);
#135=IFCCOLUMN('3rnIOiiw93xBEkdjk1tHiA',$,$,$,$,#156,#146,$,$);
#136=IFCCARTESIANPOINTLIST2D(((-200.,-200.),(200.,-200.),(200.,200.),(-200.,200.)));
#137=IFCINDEXEDPOLYCURVE(#136,(IFCLINEINDEX((1,2,3,4,1))),$);
#138=IFCARBITRARYCLOSEDPROFILEDEF(.AREA.,'Arbitrary',#137);
#139=IFCCARTESIANPOINT((0.,0.,0.));
#140=IFCDIRECTION((0.,0.,1.));
#141=IFCDIRECTION((1.,0.,0.));
#142=IFCAXIS2PLACEMENT3D(#139,#140,#141);
#143=IFCDIRECTION((0.,0.,1.));
#144=IFCEXTRUDEDAREASOLID(#138,#142,#143,3000.);
#145=IFCSHAPEREPRESENTATION(#11,'Body','SweptSolid',(#144));
#146=IFCPRODUCTDEFINITIONSHAPE($,$,(#145));
#152=IFCCARTESIANPOINT((12000.,12000.,21000.));
#153=IFCDIRECTION((0.,0.,1.));
#154=IFCDIRECTION((1.,0.,0.));
#155=IFCAXIS2PLACEMENT3D(#152,#153,#154);
#156=IFCLOCALPLACEMENT($,#155);
#157=IFCPROPERTYSET('21j1Xc90nDkQK9axMXAIsO',$,'Other',$,(#159,#160));
#158=IFCRELDEFINESBYPROPERTIES('33xhysoGX4su8f0JVbgWkz',$,$,$,(#135),#157);
#159=IFCPROPERTYSINGLEVALUE('Ax',$,IFCLABEL('0.001'),$);
#160=IFCPROPERTYSINGLEVALUE('Ay',$,IFCLABEL('0.001'),$);
#161=IFCCOLUMN('3MhYPPw2LC3x_syVjkTq$k',$,$,$,$,#182,#172,$,$);
#162=IFCCARTESIANPOINTLIST2D(((-200.,-200.),(200.,-200.),(200.,200.),(-200.,200.)));
#163=IFCINDEXEDPOLYCURVE(#162,(IFCLINEINDEX((1,2,3,4,1))),$);
#164=IFCARBITRARYCLOSEDPROFILEDEF(.AREA.,'Arbitrary',#163);
#165=IFCCARTESIANPOINT((0.,0.,0.));
#166=IFCDIRECTION((0.,0.,1.));
#167=IFCDIRECTION((1.,0.,0.));
#168=IFCAXIS2PLACEMENT3D(#165,#166,#167);
#169=IFCDIRECTION((0.,0.,1.));
#170=IFCEXTRUDEDAREASOLID(#164,#168,#169,3000.);
#171=IFCSHAPEREPRESENTATION(#11,'Body','SweptSolid',(#170));
#172=IFCPRODUCTDEFINITIONSHAPE($,$,(#171));
#178=IFCCARTESIANPOINT((12000.,18000.,21000.));
#179=IFCDIRECTION((0.,0.,1.));
#180=IFCDIRECTION((1.,0.,0.));
#181=IFCAXIS2PLACEMENT3D(#178,#179,#180);
#182=IFCLOCALPLACEMENT($,#181);
#183=IFCPROPERTYSET('0hIykRGY95gAzM0OII0Iwl',$,'Other',$,(#185,#186));
#184=IFCRELDEFINESBYPROPERTIES('2I0Vofglb7EPlX8MEkFlma',$,$,$,(#161),#183);
#185=IFCPROPERTYSINGLEVALUE('Ax',$,IFCLABEL('0.001'),$);
#186=IFCPROPERTYSINGLEVALUE('Ay',$,IFCLABEL('0.001'),$);
#187=IFCCOLUMN('0feGZMo6957BznNO8qwZzj',$,$,$,$,#208,#198,$,$);
#188=IFCCARTESIANPOINTLIST2D(((-200.,-200.),(200.,-200.),(200.,200.),(-200.,200.)));
#189=IFCINDEXEDPOLYCURVE(#188,(IFCLINEINDEX((1,2,3,4,1))),$);
#190=IFCARBITRARYCLOSEDPROFILEDEF(.AREA.,'Arbitrary',#189);
#191=IFCCARTESIANPOINT((0.,0.,0.));
#192=IFCDIRECTION((0.,0.,1.));
#193=IFCDIRECTION((1.,0.,0.));
#194=IFCAXIS2PLACEMENT3D(#191,#192,#193);
#195=IFCDIRECTION((0.,0.,1.));
#196=IFCEXTRUDEDAREASOLID(#190,#194,#195,3000.);
#197=IFCSHAPEREPRESENTATION(#11,'Body','SweptSolid',(#196));
#198=IFCPRODUCTDEFINITIONSHAPE($,$,(#197));
#204=IFCCARTESIANPOINT((18000.,12000.,21000.));
#205=IFCDIRECTION((0.,0.,1.));
#206=IFCDIRECTION((1.,0.,0.));
#207=IFCAXIS2PLACEMENT3D(#204,#205,#206);
#208=IFCLOCALPLACEMENT($,#207);
#209=IFCPROPERTYSET('0JJoHya09F8OO5OdhUOXLF',$,'Other',$,(#211,#212));
#210=IFCRELDEFINESBYPROPERTIES('04xV2GQX9C19ZaVY34X5KF',$,$,$,(#187),#209);
#211=IFCPROPERTYSINGLEVALUE('Ax',$,IFCLABEL('0.001'),$);
#212=IFCPROPERTYSINGLEVALUE('Ay',$,IFCLABEL('0.001'),$);
#213=IFCCOLUMN('358OzOcA5F28vBhwULaGUx',$,$,$,$,#234,#224,$,$);
#214=IFCCARTESIANPOINTLIST2D(((-200.,-200.),(200.,-200.),(200.,200.),(-200.,200.)));
#215=IFCINDEXEDPOLYCURVE(#214,(IFCLINEINDEX((1,2,3,4,1))),$);
#216=IFCARBITRARYCLOSEDPROFILEDEF(.AREA.,'Arbitrary',#215);
#217=IFCCARTESIANPOINT((0.,0.,0.));
#218=IFCDIRECTION((0.,0.,1.));
#219=IFCDIRECTION((1.,0.,0.));
#220=IFCAXIS2PLACEMENT3D(#217,#218,#219);
#221=IFCDIRECTION((0.,0.,1.));
#222=IFCEXTRUDEDAREASOLID(#216,#220,#221,3000.);
#223=IFCSHAPEREPRESENTATION(#11,'Body','SweptSolid',(#222));
#224=IFCPRODUCTDEFINITIONSHAPE($,$,(#223));
#230=IFCCARTESIANPOINT((18000.,18000.,21000.));
#231=IFCDIRECTION((0.,0.,1.));
#232=IFCDIRECTION((1.,0.,0.));
#233=IFCAXIS2PLACEMENT3D(#230,#231,#232);
#234=IFCLOCALPLACEMENT($,#233);
#235=IFCPROPERTYSET('2XYcaQx$54GAvatKa7HnAY',$,'Other',$,(#237,#238));
#236=IFCRELDEFINESBYPROPERTIES('0WQf7GOpnBMf04wSb7$E4A',$,$,$,(#213),#235);
#237=IFCPROPERTYSINGLEVALUE('Ax',$,IFCLABEL('0.001'),$);
#238=IFCPROPERTYSINGLEVALUE('Ay',$,IFCLABEL('0.001'),$);
#239=IFCCOLUMN('1hMwVkhED0KhuWhpvCtnkR',$,$,$,$,#260,#250,$,$);
#240=IFCCARTESIANPOINTLIST2D(((-200.,-200.),(200.,-200.),(200.,200.),(-200.,200.)));
#241=IFCINDEXEDPOLYCURVE(#240,(IFCLINEINDEX((1,2,3,4,1))),$);
#242=IFCARBITRARYCLOSEDPROFILEDEF(.AREA.,'Arbitrary',#241);
#243=IFCCARTESIANPOINT((0.,0.,0.));
#244=IFCDIRECTION((0.,0.,1.));
#245=IFCDIRECTION((1.,0.,0.));
#246=IFCAXIS2PLACEMENT3D(#243,#244,#245);
#247=IFCDIRECTION((0.,0.,1.));
#248=IFCEXTRUDEDAREASOLID(#242,#246,#247,3000.);
#249=IFCSHAPEREPRESENTATION(#11,'Body','SweptSolid',(#248));
#250=IFCPRODUCTDEFINITIONSHAPE($,$,(#249));
#256=IFCCARTESIANPOINT((24000.,18000.,21000.));
#257=IFCDIRECTION((0.,0.,1.));
#258=IFCDIRECTION((1.,0.,0.));
#259=IFCAXIS2PLACEMENT3D(#256,#257,#258);
#260=IFCLOCALPLACEMENT($,#259);
#261=IFCPROPERTYSET('2T7HOdQTbDLOSLNnj78q0i',$,'Other',$,(#263,#264));
#262=IFCRELDEFINESBYPROPERTIES('28rcsP5JTDZxNH3hge7m$i',$,$,$,(#239),#261);
#263=IFCPROPERTYSINGLEVALUE('Ax',$,IFCLABEL('0.001'),$);
#264=IFCPROPERTYSINGLEVALUE('Ay',$,IFCLABEL('0.001'),$);
#265=IFCCOLUMN('335dvgdDH5a9oLCyGPrPa3',$,$,$,$,#286,#276,$,$);
#266=IFCCARTESIANPOINTLIST2D(((-200.,-200.),(200.,-200.),(200.,200.),(-200.,200.)));
#267=IFCINDEXEDPOLYCURVE(#266,(IFCLINEINDEX((1,2,3,4,1))),$);
#268=IFCARBITRARYCLOSEDPROFILEDEF(.AREA.,'Arbitrary',#267);
#269=IFCCARTESIANPOINT((0.,0.,0.));
#270=IFCDIRECTION((0.,0.,1.));
#271=IFCDIRECTION((1.,0.,0.));
#272=IFCAXIS2PLACEMENT3D(#269,#270,#271);
#273=IFCDIRECTION((0.,0.,1.));
#274=IFCEXTRUDEDAREASOLID(#268,#272,#273,3000.);
#275=IFCSHAPEREPRESENTATION(#11,'Body','SweptSolid',(#274));
#276=IFCPRODUCTDEFINITIONSHAPE($,$,(#275));
#282=IFCCARTESIANPOINT((30000.,18000.,21000.));
#283=IFCDIRECTION((0.,0.,1.));
#284=IFCDIRECTION((1.,0.,0.));
#285=IFCAXIS2PLACEMENT3D(#282,#283,#284);
#286=IFCLOCALPLACEMENT($,#285);
#287=IFCPROPERTYSET('2XvD9LZMT3eQo1Yv0weW6T',$,'Other',$,(#289,#290));
#288=IFCRELDEFINESBYPROPERTIES('2PMclYuuXDX9y0PcRoLkvI',$,$,$,(#265),#287);
#289=IFCPROPERTYSINGLEVALUE('Ax',$,IFCLABEL('0.001'),$);
#290=IFCPROPERTYSINGLEVALUE('Ay',$,IFCLABEL('0.001'),$);
#291=IFCCOLUMN('0sXiGdu$b1qhF4mZLq3azY',$,$,$,$,#312,#302,$,$);
#292=IFCCARTESIANPOINTLIST2D(((-200.,-200.),(200.,-200.),(200.,200.),(-200.,200.)));
#293=IFCINDEXEDPOLYCURVE(#292,(IFCLINEINDEX((1,2,3,4,1))),$);
#294=IFCARBITRARYCLOSEDPROFILEDEF(.AREA.,'Arbitrary',#293);
#295=IFCCARTESIANPOINT((0.,0.,0.));
#296=IFCDIRECTION((0.,0.,1.));
#297=IFCDIRECTION((1.,0.,0.));
#298=IFCAXIS2PLACEMENT3D(#295,#296,#297);
#299=IFCDIRECTION((0.,0.,1.));
#300=IFCEXTRUDEDAREASOLID(#294,#298,#299,3000.);
#301=IFCSHAPEREPRESENTATION(#11,'Body','SweptSolid',(#300));
#302=IFCPRODUCTDEFINITIONSHAPE($,$,(#301));
#308=IFCCARTESIANPOINT((18000.,0.,21000.));
#309=IFCDIRECTION((0.,0.,1.));
#310=IFCDIRECTION((1.,0.,0.));
#311=IFCAXIS2PLACEMENT3D(#308,#309,#310);
#312=IFCLOCALPLACEMENT($,#311);
#313=IFCPROPERTYSET('2qwhFwzDrBBgC9n_TSSSQ8',$,'Other',$,(#315,#316));
#314=IFCRELDEFINESBYPROPERTIES('1jE7YzHGz4qAQ7ESyO3HXv',$,$,$,(#291),#313);
#315=IFCPROPERTYSINGLEVALUE('Ax',$,IFCLABEL('0.001'),$);
#316=IFCPROPERTYSINGLEVALUE('Ay',$,IFCLABEL('0.001'),$);
#317=IFCCOLUMN('24a7i9Ngv6nA2RpjKtEAVy',$,$,$,$,#338,#328,$,$);
#318=IFCCARTESIANPOINTLIST2D(((-200.,-200.),(200.,-200.),(200.,200.),(-200.,200.)));
#319=IFCINDEXEDPOLYCURVE(#318,(IFCLINEINDEX((1,2,3,4,1))),$);
#320=IFCARBITRARYCLOSEDPROFILEDEF(.AREA.,'Arbitrary',#319);
#321=IFCCARTESIANPOINT((0.,0.,0.));
#322=IFCDIRECTION((0.,0.,1.));
#323=IFCDIRECTION((1.,0.,0.));
#324=IFCAXIS2PLACEMENT3D(#321,#322,#323);
#325=IFCDIRECTION((0.,0.,1.));
#326=IFCEXTRUDEDAREASOLID(#320,#324,#325,3000.);
#327=IFCSHAPEREPRESENTATION(#11,'Body','SweptSolid',(#326));
#328=IFCPRODUCTDEFINITIONSHAPE($,$,(#327));
#334=IFCCARTESIANPOINT((18000.,6000.,21000.));
#335=IFCDIRECTION((0.,0.,1.));
#336=IFCDIRECTION((1.,0.,0.));
#337=IFCAXIS2PLACEMENT3D(#334,#335,#336);
#338=IFCLOCALPLACEMENT($,#337);
#339=IFCPROPERTYSET('1aTuqfqU973AH4GBoNAnpE',$,'Other',$,(#341,#342));
#340=IFCRELDEFINESBYPROPERTIES('3kSn35u8D4MhXqVg8lP8lJ',$,$,$,(#317),#339);
#341=IFCPROPERTYSINGLEVALUE('Ax',$,IFCLABEL('0.001'),$);
#342=IFCPROPERTYSINGLEVALUE('Ay',$,IFCLABEL('0.001'),$);
#343=IFCCOLUMN('11T$6XRUXCygYbyVZh$ihd',$,$,$,$,#364,#354,$,$);
#344=IFCCARTESIANPOINTLIST2D(((-200.,-200.),(200.,-200.),(200.,200.),(-200.,200.)));
#345=IFCINDEXEDPOLYCURVE(#344,(IFCLINEINDEX((1,2,3,4,1))),$);
#346=IFCARBITRARYCLOSEDPROFILEDEF(.AREA.,'Arbitrary',#345);
#347=IFCCARTESIANPOINT((0.,0.,0.));
#348=IFCDIRECTION((0.,0.,1.));
#349=IFCDIRECTION((1.,0.,0.));
#350=IFCAXIS2PLACEMENT3D(#347,#348,#349);
#351=IFCDIRECTION((0.,0.,1.));
#352=IFCEXTRUDEDAREASOLID(#346,#350,#351,3000.);
#353=IFCSHAPEREPRESENTATION(#11,'Body','SweptSolid',(#352));
#354=IFCPRODUCTDEFINITIONSHAPE($,$,(#353));
#360=IFCCARTESIANPOINT((24000.,6000.,21000.));
#361=IFCDIRECTION((0.,0.,1.));
#362=IFCDIRECTION((1.,0.,0.));
#363=IFCAXIS2PLACEMENT3D(#360,#361,#362);
#364=IFCLOCALPLACEMENT($,#363);
#365=IFCPROPERTYSET('0K_S7xLczFw95avwgEPrAh',$,'Other',$,(#367,#368));
#366=IFCRELDEFINESBYPROPERTIES('0WppWyqEz9OezAyfpTs_Xs',$,$,$,(#343),#365);
#367=IFCPROPERTYSINGLEVALUE('Ax',$,IFCLABEL('0.001'),$);
#368=IFCPROPERTYSINGLEVALUE('Ay',$,IFCLABEL('0.001'),$);
#369=IFCCOLUMN('0Np0nEcE506BkjumlrAMaa',$,$,$,$,#390,#380,$,$);
#370=IFCCARTESIANPOINTLIST2D(((-200.,-200.),(200.,-200.),(200.,200.),(-200.,200.)));
#371=IFCINDEXEDPOLYCURVE(#370,(IFCLINEINDEX((1,2,3,4,1))),$);
#372=IFCARBITRARYCLOSEDPROFILEDEF(.AREA.,'Arbitrary',#371);
#373=IFCCARTESIANPOINT((0.,0.,0.));
#374=IFCDIRECTION((0.,0.,1.));
#375=IFCDIRECTION((1.,0.,0.));
#376=IFCAXIS2PLACEMENT3D(#373,#374,#375);
#377=IFCDIRECTION((0.,0.,1.));
#378=IFCEXTRUDEDAREASOLID(#372,#376,#377,3000.);
#379=IFCSHAPEREPRESENTATION(#11,'Body','SweptSolid',(#378));
#380=IFCPRODUCTDEFINITIONSHAPE($,$,(#379));
#386=IFCCARTESIANPOINT((12000.,0.,21000.));
#387=IFCDIRECTION((0.,0.,1.));
#388=IFCDIRECTION((1.,0.,0.));
#389=IFCAXIS2PLACEMENT3D(#386,#387,#388);
#390=IFCLOCALPLACEMENT($,#389);
#391=IFCPROPERTYSET('2lpxlG_$H6ZhWRp9_82wf3',$,'Other',$,(#393,#394));
#392=IFCRELDEFINESBYPROPERTIES('0JazsCh91CNx3NjtleZVb7',$,$,$,(#369),#391);
#393=IFCPROPERTYSINGLEVALUE('Ax',$,IFCLABEL('0.001'),$);
#394=IFCPROPERTYSINGLEVALUE('Ay',$,IFCLABEL('0.001'),$);
#395=IFCCOLUMN('0QY5BZYN14Jgyjtdqtrc0R',$,$,$,$,#416,#406,$,$);
#396=IFCCARTESIANPOINTLIST2D(((-200.,-200.),(200.,-200.),(200.,200.),(-200.,200.)));
#397=IFCINDEXEDPOLYCURVE(#396,(IFCLINEINDEX((1,2,3,4,1))),$);
#398=IFCARBITRARYCLOSEDPROFILEDEF(.AREA.,'Arbitrary',#397);
#399=IFCCARTESIANPOINT((0.,0.,0.));
#400=IFCDIRECTION((0.,0.,1.));
#401=IFCDIRECTION((1.,0.,0.));
#402=IFCAXIS2PLACEMENT3D(#399,#400,#401);
#403=IFCDIRECTION((0.,0.,1.));
#404=IFCEXTRUDEDAREASOLID(#398,#402,#403,3000.);
#405=IFCSHAPEREPRESENTATION(#11,'Body','SweptSolid',(#404));
#406=IFCPRODUCTDEFINITIONSHAPE($,$,(#405));
#412=IFCCARTESIANPOINT((12000.,6000.,21000.));
#413=IFCDIRECTION((0.,0.,1.));
#414=IFCDIRECTION((1.,0.,0.));
#415=IFCAXIS2PLACEMENT3D(#412,#413,#414);
#416=IFCLOCALPLACEMENT($,#415);
#417=IFCPROPERTYSET('3GEV2uJIbFYPmiRkaaJYGp',$,'Other',$,(#419,#420));
#418=IFCRELDEFINESBYPROPERTIES('3SnpqmurbDHwwSG_zxg4mM',$,$,$,(#395),#417);
#419=IFCPROPERTYSINGLEVALUE('Ax',$,IFCLABEL('0.001'),$);
#420=IFCPROPERTYSINGLEVALUE('Ay',$,IFCLABEL('0.001'),$);
#421=IFCCOLUMN('2krYLBwrP1weXHstm$vFnT',$,$,$,$,#442,#432,$,$);
#422=IFCCARTESIANPOINTLIST2D(((-200.,-200.),(200.,-200.),(200.,200.),(-200.,200.)));
#423=IFCINDEXEDPOLYCURVE(#422,(IFCLINEINDEX((1,2,3,4,1))),$);
#424=IFCARBITRARYCLOSEDPROFILEDEF(.AREA.,'Arbitrary',#423);
#425=IFCCARTESIANPOINT((0.,0.,0.));
#426=IFCDIRECTION((0.,0.,1.));
#427=IFCDIRECTION((1.,0.,0.));
#428=IFCAXIS2PLACEMENT3D(#425,#426,#427);
#429=IFCDIRECTION((0.,0.,1.));
#430=IFCEXTRUDEDAREASOLID(#424,#428,#429,3000.);
#431=IFCSHAPEREPRESENTATION(#11,'Body','SweptSolid',(#430));
#432=IFCPRODUCTDEFINITIONSHAPE($,$,(#431));
#438=IFCCARTESIANPOINT((0.,12000.,18000.));
#439=IFCDIRECTION((0.,0.,1.));
#440=IFCDIRECTION((1.,0.,0.));
#441=IFCAXIS2PLACEMENT3D(#438,#439,#440);
#442=IFCLOCALPLACEMENT($,#441);
#443=IFCPROPERTYSET('2HvPfCu5HCkvkUrD5TjAgJ',$,'Other',$,(#445,#446));
#444=IFCRELDEFINESBYPROPERTIES('257A1DlpD3KBy_ApYkFKd2',$,$,$,(#421),#443);
#445=IFCPROPERTYSINGLEVALUE('Ax',$,IFCLABEL('0.001'),$);
#446=IFCPROPERTYSINGLEVALUE('Ay',$,IFCLABEL('0.001'),$);
#447=IFCCOLUMN('3arpYVMFj0ffCV1UTZJUdh',$,$,$,$,#468,#458,$,$);
#448=IFCCARTESIANPOINTLIST2D(((-200.,-200.),(200.,-200.),(200.,200.),(-200.,200.)));
#449=IFCINDEXEDPOLYCURVE(#448,(IFCLINEINDEX((1,2,3,4,1))),$);
#450=IFCARBITRARYCLOSEDPROFILEDEF(.AREA.,'Arbitrary',#449);
#451=IFCCARTESIANPOINT((0.,0.,0.));
#452=IFCDIRECTION((0.,0.,1.));
#453=IFCDIRECTION((1.,0.,0.));
#454=IFCAXIS2PLACEMENT3D(#451,#452,#453);
#455=IFCDIRECTION((0.,0.,1.));
#456=IFCEXTRUDEDAREASOLID(#450,#454,#455,3000.);
#457=IFCSHAPEREPRESENTATION(#11,'Body','SweptSolid',(#456));
#458=IFCPRODUCTDEFINITIONSHAPE($,$,(#457));
#464=IFCCARTESIANPOINT((0.,18000.,18000.));
#465=IFCDIRECTION((0.,0.,1.));
#466=IFCDIRECTION((1.,0.,0.));
#467=IFCAXIS2PLACEMENT3D(#464,#465,#466);
#468=IFCLOCALPLACEMENT($,#467);
#469=IFCPROPERTYSET('0lVM60TlzB4OeAI$4W1RR6',$,'Other',$,(#471,#472));
#470=IFCRELDEFINESBYPROPERTIES('3TVADg14P6QeHegNaFxxY7',$,$,$,(#447),#469);
#471=IFCPROPERTYSINGLEVALUE('Ax',$,IFCLABEL('0.001'),$);
#472=IFCPROPERTYSINGLEVALUE('Ay',$,IFCLABEL('0.001'),$);
#473=IFCCOLUMN('3lO5sSC497wgwvVJ_ucXCO',$,$,$,$,#494,#484,$,$);
#474=IFCCARTESIANPOINTLIST2D(((-200.,-200.),(200.,-200.),(200.,200.),(-200.,200.)));
#475=IFCINDEXEDPOLYCURVE(#474,(IFCLINEINDEX((1,2,3,4,1))),$);
#476=IFCARBITRARYCLOSEDPROFILEDEF(.AREA.,'Arbitrary',#475);
#477=IFCCARTESIANPOINT((0.,0.,0.));
#478=IFCDIRECTION((0.,0.,1.));
#479=IFCDIRECTION((1.,0.,0.));
#480=IFCAXIS2PLACEMENT3D(#477,#478,#479);
#481=IFCDIRECTION((0.,0.,1.));
#482=IFCEXTRUDEDAREASOLID(#476,#480,#481,3000.);
#483=IFCSHAPEREPRESENTATION(#11,'Body','SweptSolid',(#482));
#484=IFCPRODUCTDEFINITIONSHAPE($,$,(#483));
#490=IFCCARTESIANPOINT((6000.,12000.,18000.));
#491=IFCDIRECTION((0.,0.,1.));
#492=IFCDIRECTION((1.,0.,0.));
#493=IFCAXIS2PLACEMENT3D(#490,#491,#492);
#494=IFCLOCALPLACEMENT($,#493);
#495=IFCPROPERTYSET('1p9YzQilr0s8QAgSbnEjQc',$,'Other',$,(#497,#498));
#496=IFCRELDEFINESBYPROPERTIES('2L1RtA3BT7vOHdRg9Ug5KP',$,$,$,(#473),#495);
#497=IFCPROPERTYSINGLEVALUE('Ax',$,IFCLABEL('0.001'),$);
#498=IFCPROPERTYSINGLEVALUE('Ay',$,IFCLABEL('0.001'),$);
#499=IFCCOLUMN('1MGlE1nUX2FRrxXc0QojiG',$,$,$,$,#520,#510,$,$);
#500=IFCCARTESIANPOINTLIST2D(((-200.,-200.),(200.,-200.),(200.,200.),(-200.,200.)));
#501=IFCINDEXEDPOLYCURVE(#500,(IFCLINEINDEX((1,2,3,4,1))),$);
#502=IFCARBITRARYCLOSEDPROFILEDEF(.AREA.,'Arbitrary',#501);
#503=IFCCARTESIANPOINT((0.,0.,0.));
#504=IFCDIRECTION((0.,0.,1.));
#505=IFCDIRECTION((1.,0.,0.));
#506=IFCAXIS2PLACEMENT3D(#503,#504,#505);
#507=IFCDIRECTION((0.,0.,1.));
#508=IFCEXTRUDEDAREASOLID(#502,#506,#507,3000.);
#509=IFCSHAPEREPRESENTATION(#11,'Body','SweptSolid',(#508));
#510=IFCPRODUCTDEFINITIONSHAPE($,$,(#509));
#516=IFCCARTESIANPOINT((6000.,18000.,18000.));
#517=IFCDIRECTION((0.,0.,1.));
#518=IFCDIRECTION((1.,0.,0.));
#519=IFCAXIS2PLACEMENT3D(#516,#517,#518);
#520=IFCLOCALPLACEMENT($,#519);
#521=IFCPROPERTYSET('2TxQ$uP7TCEPvP3OMBEPnf',$,'Other',$,(#523,#524));
#522=IFCRELDEFINESBYPROPERTIES('3sN9tr7OL0QOLDgR4Mi_vH',$,$,$,(#499),#521);
#523=IFCPROPERTYSINGLEVALUE('Ax',$,IFCLABEL('0.001'),$);
#524=IFCPROPERTYSINGLEVALUE('Ay',$,IFCLABEL('0.001'),$);
#525=IFCCOLUMN('1NmU$shy15_xrDWysnW60P',$,$,$,$,#546,#536,$,$);
#526=IFCCARTESIANPOINTLIST2D(((-200.,-200.),(200.,-200.),(200.,200.),(-200.,200.)));
#527=IFCINDEXEDPOLYCURVE(#526,(IFCLINEINDEX((1,2,3,4,1))),$);
#528=IFCARBITRARYCLOSEDPROFILEDEF(.AREA.,'Arbitrary',#527);
#529=IFCCARTESIANPOINT((0.,0.,0.));
#530=IFCDIRECTION((0.,0.,1.));
#531=IFCDIRECTION((1.,0.,0.));
#532=IFCAXIS2PLACEMENT3D(#529,#530,#531);
#533=IFCDIRECTION((0.,0.,1.));
#534=IFCEXTRUDEDAREASOLID(#528,#532,#533,3000.);
#535=IFCSHAPEREPRESENTATION(#11,'Body','SweptSolid',(#534));
#536=IFCPRODUCTDEFINITIONSHAPE($,$,(#535));
#542=IFCCARTESIANPOINT((12000.,12000.,18000.));
#543=IFCDIRECTION((0.,0.,1.));
#544=IFCDIRECTION((1.,0.,0.));
#545=IFCAXIS2PLACEMENT3D(#542,#543,#544);
#546=IFCLOCALPLACEMENT($,#545);
#547=IFCPROPERTYSET('2QUvaENs9A$vhb$KJwoyx4',$,'Other',$,(#549,#550));
#548=IFCRELDEFINESBYPROPERTIES('3qSp$SbVj4PRlVyTS53t7a',$,$,$,(#525),#547);
#549=IFCPROPERTYSINGLEVALUE('Ax',$,IFCLABEL('0.001'),$);
#550=IFCPROPERTYSINGLEVALUE('Ay',$,IFCLABEL('0.001'),$);
#551=IFCCOLUMN('1RZbOcr1XEARJ9OiDIY$8M',$,$,$,$,#572,#562,$,$);
#552=IFCCARTESIANPOINTLIST2D(((-200.,-200.),(200.,-200.),(200.,200.),(-200.,200.)));
#553=IFCINDEXEDPOLYCURVE(#552,(IFCLINEINDEX((1,2,3,4,1))),$);
#554=IFCARBITRARYCLOSEDPROFILEDEF(.AREA.,'Arbitrary',#553);
#555=IFCCARTESIANPOINT((0.,0.,0.));
#556=IFCDIRECTION((0.,0.,1.));
#557=IFCDIRECTION((1.,0.,0.));
#558=IFCAXIS2PLACEMENT3D(#555,#556,#557);
#559=IFCDIRECTION((0.,0.,1.));
#560=IFCEXTRUDEDAREASOLID(#554,#558,#559,3000.);
#561=IFCSHAPEREPRESENTATION(#11,'Body','SweptSolid',(#560));
#562=IFCPRODUCTDEFINITIONSHAPE($,$,(#561));
#568=IFCCARTESIANPOINT((12000.,18000.,18000.));
#569=IFCDIRECTION((0.,0.,1.));
#570=IFCDIRECTION((1.,0.,0.));
#571=IFCAXIS2PLACEMENT3D(#568,#569,#570);
#572=IFCLOCALPLACEMENT($,#571);
#573=IFCPROPERTYSET('0oo5o2GhrCiO_Z7lo9mGbg',$,'Other',$,(#575,#576));
#574=IFCRELDEFINESBYPROPERTIES('1PvVOwlt16s8QAEqJjqrN0',$,$,$,(#551),#573);
#575=IFCPROPERTYSINGLEVALUE('Ax',$,IFCLABEL('0.001'),$);
#576=IFCPROPERTYSINGLEVALUE('Ay',$,IFCLABEL('0.001'),$);
#577=IFCCOLUMN('3GPddjxeXEHhxIZDHJYrNe',$,$,$,$,#598,#588,$,$);
#578=IFCCARTESIANPOINTLIST2D(((-200.,-200.),(200.,-200.),(200.,200.),(-200.,200.)));
#579=IFCINDEXEDPOLYCURVE(#578,(IFCLINEINDEX((1,2,3,4,1))),$);
#580=IFCARBITRARYCLOSEDPROFILEDEF(.AREA.,'Arbitrary',#579);
#581=IFCCARTESIANPOINT((0.,0.,0.));
#582=IFCDIRECTION((0.,0.,1.));
#583=IFCDIRECTION((1.,0.,0.));
#584=IFCAXIS2PLACEMENT3D(#581,#582,#583);
#585=IFCDIRECTION((0.,0.,1.));
#586=IFCEXTRUDEDAREASOLID(#580,#584,#585,3000.);
#587=IFCSHAPEREPRESENTATION(#11,'Body','SweptSolid',(#586));
#588=IFCPRODUCTDEFINITIONSHAPE($,$,(#587));
#594=IFCCARTESIANPOINT((18000.,12000.,18000.));
#595=IFCDIRECTION((0.,0.,1.));
#596=IFCDIRECTION((1.,0.,0.));
#597=IFCAXIS2PLACEMENT3D(#594,#595,#596);
#598=IFCLOCALPLACEMENT($,#597);
#599=IFCPROPERTYSET('1Wbjs$5MD9jBLwJgcqmOdU',$,'Other',$,(#601,#602));
#600=IFCRELDEFINESBYPROPERTIES('3sVmDp9xjEJeDsuinrN1LJ',$,$,$,(#577),#599);
#601=IFCPROPERTYSINGLEVALUE('Ax',$,IFCLABEL('0.001'),$);
#602=IFCPROPERTYSINGLEVALUE('Ay',$,IFCLABEL('0.001'),$);
#603=IFCCOLUMN('36lNvguRn1_xhhBm0RXR5K',$,$,$,$,#624,#614,$,$);
#604=IFCCARTESIANPOINTLIST2D(((-200.,-200.),(200.,-200.),(200.,200.),(-200.,200.)));
#605=IFCINDEXEDPOLYCURVE(#604,(IFCLINEINDEX((1,2,3,4,1))),$);
#606=IFCARBITRARYCLOSEDPROFILEDEF(.AREA.,'Arbitrary',#605);
#607=IFCCARTESIANPOINT((0.,0.,0.));
#608=IFCDIRECTION((0.,0.,1.));
#609=IFCDIRECTION((1.,0.,0.));
#610=IFCAXIS2PLACEMENT3D(#607,#608,#609);
#611=IFCDIRECTION((0.,0.,1.));
#612=IFCEXTRUDEDAREASOLID(#606,#610,#611,3000.);
#613=IFCSHAPEREPRESENTATION(#11,'Body','SweptSolid',(#612));
#614=IFCPRODUCTDEFINITIONSHAPE($,$,(#613));
#620=IFCCARTESIANPOINT((18000.,18000.,18000.));
#621=IFCDIRECTION((0.,0.,1.));
#622=IFCDIRECTION((1.,0.,0.));
#623=IFCAXIS2PLACEMENT3D(#620,#621,#622);
#624=IFCLOCALPLACEMENT($,#623);
#625=IFCPROPERTYSET('0BJtH8joT6c96aTA4s2LJW',$,'Other',$,(#627,#628));
#626=IFCRELDEFINESBYPROPERTIES('1aYlCC25rBEOu6uZI39QIx',$,$,$,(#603),#625);
#627=IFCPROPERTYSINGLEVALUE('Ax',$,IFCLABEL('0.001'),$);
#628=IFCPROPERTYSINGLEVALUE('Ay',$,IFCLABEL('0.001'),$);
#629=IFCCOLUMN('2FuLTpEln32ASuJBgRrI2T',$,$,$,$,#650,#640,$,$);
#630=IFCCARTESIANPOINTLIST2D(((-200.,-200.),(200.,-200.),(200.,200.),(-200.,200.)));
#631=IFCINDEXEDPOLYCURVE(#630,(IFCLINEINDEX((1,2,3,4,1))),$);
#632=IFCARBITRARYCLOSEDPROFILEDEF(.AREA.,'Arbitrary',#631);
#633=IFCCARTESIANPOINT((0.,0.,0.));
#634=IFCDIRECTION((0.,0.,1.));
#635=IFCDIRECTION((1.,0.,0.));
#636=IFCAXIS2PLACEMENT3D(#633,#634,#635);
#637=IFCDIRECTION((0.,0.,1.));
#638=IFCEXTRUDEDAREASOLID(#632,#636,#637,3000.);
#639=IFCSHAPEREPRESENTATION(#11,'Body','SweptSolid',(#638));
#640=IFCPRODUCTDEFINITIONSHAPE($,$,(#639));
#646=IFCCARTESIANPOINT((24000.,18000.,18000.));
#647=IFCDIRECTION((0.,0.,1.));
#648=IFCDIRECTION((1.,0.,0.));
#649=IFCAXIS2PLACEMENT3D(#646,#647,#648);
#650=IFCLOCALPLACEMENT($,#649);
#651=IFCPROPERTYSET('3np5966Jj0ch1ffTlrtFTv',$,'Other',$,(#653,#654));
#652=IFCRELDEFINESBYPROPERTIES('0AYAfosM5DqQ68z9JmOAnb',$,$,$,(#629),#651);
#653=IFCPROPERTYSINGLEVALUE('Ax',$,IFCLABEL('0.001'),$);
#654=IFCPROPERTYSINGLEVALUE('Ay',$,IFCLABEL('0.001'),$);
#655=IFCCOLUMN('2BJXCIk6PBHxaTOTIDAEk6',$,$,$,$,#676,#666,$,$);
#656=IFCCARTESIANPOINTLIST2D(((-200.,-200.),(200.,-200.),(200.,200.),(-200.,200.)));
#657=IFCINDEXEDPOLYCURVE(#656,(IFCLINEINDEX((1,2,3,4,1))),$);
#658=IFCARBITRARYCLOSEDPROFILEDEF(.AREA.,'Arbitrary',#657);
#659=IFCCARTESIANPOINT((0.,0.,0.));
#660=IFCDIRECTION((0.,0.,1.));
#661=IFCDIRECTION((1.,0.,0.));
#662=IFCAXIS2PLACEMENT3D(#659,#660,#661);
#663=IFCDIRECTION((0.,0.,1.));
#664=IFCEXTRUDEDAREASOLID(#658,#662,#663,3000.);
#665=IFCSHAPEREPRESENTATION(#11,'Body','SweptSolid',(#664));
#666=IFCPRODUCTDEFINITIONSHAPE($,$,(#665));
#672=IFCCARTESIANPOINT((30000.,18000.,18000.));
#673=IFCDIRECTION((0.,0.,1.));
#674=IFCDIRECTION((1.,0.,0.));
#675=IFCAXIS2PLACEMENT3D(#672,#673,#674);
#676=IFCLOCALPLACEMENT($,#675);
#677=IFCPROPERTYSET('3Sbg9H2WHFsf8yWU1KKjbl',$,'Other',$,(#679,#680));
#678=IFCRELDEFINESBYPROPERTIES('20pp1votv9SOH0RJz_xGsQ',$,$,$,(#655),#677);
#679=IFCPROPERTYSINGLEVALUE('Ax',$,IFCLABEL('0.001'),$);
#680=IFCPROPERTYSINGLEVALUE('Ay',$,IFCLABEL('0.001'),$);
#681=IFCCOLUMN('1k94pGkmr0oR1HIwxEAMGv',$,$,$,$,#702,#692,$,$);
#682=IFCCARTESIANPOINTLIST2D(((-200.,-200.),(200.,-200.),(200.,200.),(-200.,200.)));
#683=IFCINDEXEDPOLYCURVE(#682,(IFCLINEINDEX((1,2,3,4,1))),$);
#684=IFCARBITRARYCLOSEDPROFILEDEF(.AREA.,'Arbitrary',#683);
#685=IFCCARTESIANPOINT((0.,0.,0.));
#686=IFCDIRECTION((0.,0.,1.));
#687=IFCDIRECTION((1.,0.,0.));
#688=IFCAXIS2PLACEMENT3D(#685,#686,#687);
#689=IFCDIRECTION((0.,0.,1.));
#690=IFCEXTRUDEDAREASOLID(#684,#688,#689,3000.);
#691=IFCSHAPEREPRESENTATION(#11,'Body','SweptSolid',(#690));
#692=IFCPRODUCTDEFINITIONSHAPE($,$,(#691));
#698=IFCCARTESIANPOINT((18000.,0.,18000.));
#699=IFCDIRECTION((0.,0.,1.));
#700=IFCDIRECTION((1.,0.,0.));
#701=IFCAXIS2PLACEMENT3D(#698,#699,#700);
#702=IFCLOCALPLACEMENT($,#701);
#703=IFCPROPERTYSET('0UlXoVEA5Cfvy3ky8Q83sB',$,'Other',$,(#705,#706));
#704=IFCRELDEFINESBYPROPERTIES('2VzsFuwCz7fPwgQRZMa2Sq',$,$,$,(#681),#703);
#705=IFCPROPERTYSINGLEVALUE('Ax',$,IFCLABEL('0.001'),$);
#706=IFCPROPERTYSINGLEVALUE('Ay',$,IFCLABEL('0.001'),$);
#707=IFCCOLUMN('3BpS7DxHD8shPU$qjXci5L',$,$,$,$,#728,#718,$,$);
#708=IFCCARTESIANPOINTLIST2D(((-200.,-200.),(200.,-200.),(200.,200.),(-200.,200.)));
#709=IFCINDEXEDPOLYCURVE(#708,(IFCLINEINDEX((1,2,3,4,1))),$);
#710=IFCARBITRARYCLOSEDPROFILEDEF(.AREA.,'Arbitrary',#709);
#711=IFCCARTESIANPOINT((0.,0.,0.));
#712=IFCDIRECTION((0.,0.,1.));
#713=IFCDIRECTION((1.,0.,0.));
#714=IFCAXIS2PLACEMENT3D(#711,#712,#713);
#715=IFCDIRECTION((0.,0.,1.));
#716=IFCEXTRUDEDAREASOLID(#710,#714,#715,3000.);
#717=IFCSHAPEREPRESENTATION(#11,'Body','SweptSolid',(#716));
#718=IFCPRODUCTDEFINITIONSHAPE($,$,(#717));
#724=IFCCARTESIANPOINT((18000.,6000.,18000.));
#725=IFCDIRECTION((0.,0.,1.));
#726=IFCDIRECTION((1.,0.,0.));
#727=IFCAXIS2PLACEMENT3D(#724,#725,#726);
#728=IFCLOCALPLACEMENT($,#727);
#729=IFCPROPERTYSET('22xuxt1OvDVf6EM0787xly',$,'Other',$,(#731,#732));
#730=IFCRELDEFINESBYPROPERTIES('3o$dR6LE5CaQ2Cyx1gjoB_',$,$,$,(#707),#729);
#731=IFCPROPERTYSINGLEVALUE('Ax',$,IFCLABEL('0.001'),$);
#732=IFCPROPERTYSINGLEVALUE('Ay',$,IFCLABEL('0.001'),$);
#733=IFCCOLUMN('2HjXPr3Ib5c9HFk02AvOpA',$,$,$,$,#754,#744,$,$);
#734=IFCCARTESIANPOINTLIST2D(((-200.,-200.),(200.,-200.),(200.,200.),(-200.,200.)));
#735=IFCINDEXEDPOLYCURVE(#734,(IFCLINEINDEX((1,2,3,4,1))),$);
#736=IFCARBITRARYCLOSEDPROFILEDEF(.AREA.,'Arbitrary',#735);
#737=IFCCARTESIANPOINT((0.,0.,0.));
#738=IFCDIRECTION((0.,0.,1.));
#739=IFCDIRECTION((1.,0.,0.));
#740=IFCAXIS2PLACEMENT3D(#737,#738,#739);
#741=IFCDIRECTION((0.,0.,1.));
#742=IFCEXTRUDEDAREASOLID(#736,#740,#741,3000.);
#743=IFCSHAPEREPRESENTATION(#11,'Body','SweptSolid',(#742));
#744=IFCPRODUCTDEFINITIONSHAPE($,$,(#743));
#750=IFCCARTESIANPOINT((24000.,6000.,18000.));
#751=IFCDIRECTION((0.,0.,1.));
#752=IFCDIRECTION((1.,0.,0.));
#753=IFCAXIS2PLACEMENT3D(#750,#751,#752);
#754=IFCLOCALPLACEMENT($,#753);
#755=IFCPROPERTYSET('31NlpQagrBOe9eIpZ8ulgB',$,'Other',$,(#757,#758));
#756=IFCRELDEFINESBYPROPERTIES('0uXOmYrwD7ohCmOuwEkmUr',$,$,$,(#733),#755);
#757=IFCPROPERTYSINGLEVALUE('Ax',$,IFCLABEL('0.001'),$);
#758=IFCPROPERTYSINGLEVALUE('Ay',$,IFCLABEL('0.001'),$);
#759=IFCCOLUMN('3jWYXcGO1D1AVuAjC362VN',$,$,$,$,#780,#770,$,$);
#760=IFCCARTESIANPOINTLIST2D(((-200.,-200.),(200.,-200.),(200.,200.),(-200.,200.)));
#761=IFCINDEXEDPOLYCURVE(#760,(IFCLINEINDEX((1,2,3,4,1))),$);
#762=IFCARBITRARYCLOSEDPROFILEDEF(.AREA.,'Arbitrary',#761);
#763=IFCCARTESIANPOINT((0.,0.,0.));
#764=IFCDIRECTION((0.,0.,1.));
#765=IFCDIRECTION((1.,0.,0.));
#766=IFCAXIS2PLACEMENT3D(#763,#764,#765);
#767=IFCDIRECTION((0.,0.,1.));
#768=IFCEXTRUDEDAREASOLID(#762,#766,#767,3000.);
#769=IFCSHAPEREPRESENTATION(#11,'Body','SweptSolid',(#768));
#770=IFCPRODUCTDEFINITIONSHAPE($,$,(#769));
#776=IFCCARTESIANPOINT((12000.,0.,18000.));
#777=IFCDIRECTION((0.,0.,1.));
#778=IFCDIRECTION((1.,0.,0.));
#779=IFCAXIS2PLACEMENT3D(#776,#777,#778);
#780=IFCLOCALPLACEMENT($,#779);
#781=IFCPROPERTYSET('1EhGrXTE5ANghJiXVMeGEz',$,'Other',$,(#783,#784));
#782=IFCRELDEFINESBYPROPERTIES('3wH_VYoe1DmwrUwKUODl0z',$,$,$,(#759),#781);
#783=IFCPROPERTYSINGLEVALUE('Ax',$,IFCLABEL('0.001'),$);
#784=IFCPROPERTYSINGLEVALUE('Ay',$,IFCLABEL('0.001'),$);
#785=IFCCOLUMN('36BHI3OW10Xfyf5ToOK4GY',$,$,$,$,#806,#796,$,$);
#786=IFCCARTESIANPOINTLIST2D(((-200.,-200.),(200.,-200.),(200.,200.),(-200.,200.)));
#787=IFCINDEXEDPOLYCURVE(#786,(IFCLINEINDEX((1,2,3,4,1))),$);
#788=IFCARBITRARYCLOSEDPROFILEDEF(.AREA.,'Arbitrary',#787);
#789=IFCCARTESIANPOINT((0.,0.,0.));
#790=IFCDIRECTION((0.,0.,1.));
#791=IFCDIRECTION((1.,0.,0.));
#792=IFCAXIS2PLACEMENT3D(#789,#790,#791);
#793=IFCDIRECTION((0.,0.,1.));
#794=IFCEXTRUDEDAREASOLID(#788,#792,#793,3000.);
#795=IFCSHAPEREPRESENTATION(#11,'Body','SweptSolid',(#794));
#796=IFCPRODUCTDEFINITIONSHAPE($,$,(#795));
#802=IFCCARTESIANPOINT((12000.,6000.,18000.));
#803=IFCDIRECTION((0.,0.,1.));
#804=IFCDIRECTION((1.,0.,0.));
#805=IFCAXIS2PLACEMENT3D(#802,#803,#804);
#806=IFCLOCALPLACEMENT($,#805);
#807=IFCPROPERTYSET('1U9pjomE91a92kEWtTaiXI',$,'Other',$,(#809,#810));
#808=IFCRELDEFINESBYPROPERTIES('37ZjJiiQDCZAhJKmBI9_Bl',$,$,$,(#785),#807);
#809=IFCPROPERTYSINGLEVALUE('Ax',$,IFCLABEL('0.001'),$);
#810=IFCPROPERTYSINGLEVALUE('Ay',$,IFCLABEL('0.001'),$);
#811=IFCCOLUMN('2XqVcQzyH7mPH40mLXniSn',$,$,$,$,#832,#822,$,$);
#812=IFCCARTESIANPOINTLIST2D(((-200.,-200.),(200.,-200.),(200.,200.),(-200.,200.)));
#813=IFCINDEXEDPOLYCURVE(#812,(IFCLINEINDEX((1,2,3,4,1))),$);
#814=IFCARBITRARYCLOSEDPROFILEDEF(.AREA.,'Arbitrary',#813);
#815=IFCCARTESIANPOINT((0.,0.,0.));
#816=IFCDIRECTION((0.,0.,1.));
#817=IFCDIRECTION((1.,0.,0.));
#818=IFCAXIS2PLACEMENT3D(#815,#816,#817);
#819=IFCDIRECTION((0.,0.,1.));
#820=IFCEXTRUDEDAREASOLID(#814,#818,#819,3000.);
#821=IFCSHAPEREPRESENTATION(#11,'Body','SweptSolid',(#820));
#822=IFCPRODUCTDEFINITIONSHAPE($,$,(#821));
#828=IFCCARTESIANPOINT((0.,12000.,15000.));
#829=IFCDIRECTION((0.,0.,1.));
#830=IFCDIRECTION((1.,0.,0.));
#831=IFCAXIS2PLACEMENT3D(#828,#829,#830);
#832=IFCLOCALPLACEMENT($,#831);
#833=IFCPROPERTYSET('1HVUvNFeD1igq2vpOht3ap',$,'Other',$,(#835,#836));
#834=IFCRELDEFINESBYPROPERTIES('1sW7hpOGr8BupGEQyiiImy',$,$,$,(#811),#833);
#835=IFCPROPERTYSINGLEVALUE('Ax',$,IFCLABEL('0.001'),$);
#836=IFCPROPERTYSINGLEVALUE('Ay',$,IFCLABEL('0.001'),$);
#837=IFCCOLUMN('3qGMm8HtX119flQd5ZmDDj',$,$,$,$,#858,#848,$,$);
#838=IFCCARTESIANPOINTLIST2D(((-200.,-200.),(200.,-200.),(200.,200.),(-200.,200.)));
#839=IFCINDEXEDPOLYCURVE(#838,(IFCLINEINDEX((1,2,3,4,1))),$);
#840=IFCARBITRARYCLOSEDPROFILEDEF(.AREA.,'Arbitrary',#839);
#841=IFCCARTESIANPOINT((0.,0.,0.));
#842=IFCDIRECTION((0.,0.,1.));
#843=IFCDIRECTION((1.,0.,0.));
#844=IFCAXIS2PLACEMENT3D(#841,#842,#843);
#845=IFCDIRECTION((0.,0.,1.));
#846=IFCEXTRUDEDAREASOLID(#840,#844,#845,3000.);
#847=IFCSHAPEREPRESENTATION(#11,'Body','SweptSolid',(#846));
#848=IFCPRODUCTDEFINITIONSHAPE($,$,(#847));
#854=IFCCARTESIANPOINT((0.,18000.,15000.));
#855=IFCDIRECTION((0.,0.,1.));
#856=IFCDIRECTION((1.,0.,0.));
#857=IFCAXIS2PLACEMENT3D(#854,#855,#856);
#858=IFCLOCALPLACEMENT($,#857);
#859=IFCPROPERTYSET('2ROKpkquP2QeuED3KjWzkG',$,'Other',$,(#861,#862));
#860=IFCRELDEFINESBYPROPERTIES('0PdfbTlt5Ak8p68TdYawBV',$,$,$,(#837),#859);
#861=IFCPROPERTYSINGLEVALUE('Ax',$,IFCLABEL('0.001'),$);
#862=IFCPROPERTYSINGLEVALUE('Ay',$,IFCLABEL('0.001'),$);
#863=IFCCOLUMN('0Bz9C3fGj1xRjIJAMc$7kE',$,$,$,$,#884,#874,$,$);
#864=IFCCARTESIANPOINTLIST2D(((-200.,-200.),(200.,-200.),(200.,200.),(-200.,200.)));
#865=IFCINDEXEDPOLYCURVE(#864,(IFCLINEINDEX((1,2,3,4,1))),$);
#866=IFCARBITRARYCLOSEDPROFILEDEF(.AREA.,'Arbitrary',#865);
#867=IFCCARTESIANPOINT((0.,0.,0.));
#868=IFCDIRECTION((0.,0.,1.));
#869=IFCDIRECTION((1.,0.,0.));
#870=IFCAXIS2PLACEMENT3D(#867,#868,#869);
#871=IFCDIRECTION((0.,0.,1.));
#872=IFCEXTRUDEDAREASOLID(#866,#870,#871,3000.);
#873=IFCSHAPEREPRESENTATION(#11,'Body','SweptSolid',(#872));
#874=IFCPRODUCTDEFINITIONSHAPE($,$,(#873));
#880=IFCCARTESIANPOINT((6000.,12000.,15000.));
#881=IFCDIRECTION((0.,0.,1.));
#882=IFCDIRECTION((1.,0.,0.));
#883=IFCAXIS2PLACEMENT3D(#880,#881,#882);
#884=IFCLOCALPLACEMENT($,#883);
#885=IFCPROPERTYSET('3GTYo3wwT7gef1KRRD68K1',$,'Other',$,(#887,#888));
#886=IFCRELDEFINESBYPROPERTIES('2F3K1pBc5DuAseu3FSFG1g',$,$,$,(#863),#885);
#887=IFCPROPERTYSINGLEVALUE('Ax',$,IFCLABEL('0.001'),$);
#888=IFCPROPERTYSINGLEVALUE('Ay',$,IFCLABEL('0.001'),$);
#889=IFCCOLUMN('2eVaj$6szCC84KSIVSXpjf',$,$,$,$,#910,#900,$,$);
#890=IFCCARTESIANPOINTLIST2D(((-200.,-200.),(200.,-200.),(200.,200.),(-200.,200.)));
#891=IFCINDEXEDPOLYCURVE(#890,(IFCLINEINDEX((1,2,3,4,1))),$);
#892=IFCARBITRARYCLOSEDPROFILEDEF(.AREA.,'Arbitrary',#891);
#893=IFCCARTESIANPOINT((0.,0.,0.));
#894=IFCDIRECTION((0.,0.,1.));
#895=IFCDIRECTION((1.,0.,0.));
#896=IFCAXIS2PLACEMENT3D(#893,#894,#895);
#897=IFCDIRECTION((0.,0.,1.));
#898=IFCEXTRUDEDAREASOLID(#892,#896,#897,3000.);
#899=IFCSHAPEREPRESENTATION(#11,'Body','SweptSolid',(#898));
#900=IFCPRODUCTDEFINITIONSHAPE($,$,(#899));
#906=IFCCARTESIANPOINT((6000.,18000.,15000.));
#907=IFCDIRECTION((0.,0.,1.));
#908=IFCDIRECTION((1.,0.,0.));
#909=IFCAXIS2PLACEMENT3D(#906,#907,#908);
#910=IFCLOCALPLACEMENT($,#909);
#911=IFCPROPERTYSET('3fqivQyIX5FB9bB0w7KEm_',$,'Other',$,(#913,#914));
#912=IFCRELDEFINESBYPROPERTIES('2yx0BbH2v5tOqqgjSWESmG',$,$,$,(#889),#911);
#913=IFCPROPERTYSINGLEVALUE('Ax',$,IFCLABEL('0.001'),$);
#914=IFCPROPERTYSINGLEVALUE('Ay',$,IFCLABEL('0.001'),$);
#915=IFCCOLUMN('264vOkF0TAkAWevmeAFsje',$,$,$,$,#936,#926,$,$);
#916=IFCCARTESIANPOINTLIST2D(((-200.,-200.),(200.,-200.),(200.,200.),(-200.,200.)));
#917=IFCINDEXEDPOLYCURVE(#916,(IFCLINEINDEX((1,2,3,4,1))),$);
#918=IFCARBITRARYCLOSEDPROFILEDEF(.AREA.,'Arbitrary',#917);
#919=IFCCARTESIANPOINT((0.,0.,0.));
#920=IFCDIRECTION((0.,0.,1.));
#921=IFCDIRECTION((1.,0.,0.));
#922=IFCAXIS2PLACEMENT3D(#919,#920,#921);
#923=IFCDIRECTION((0.,0.,1.));
#924=IFCEXTRUDEDAREASOLID(#918,#922,#923,3000.);
#925=IFCSHAPEREPRESENTATION(#11,'Body','SweptSolid',(#924));
#926=IFCPRODUCTDEFINITIONSHAPE($,$,(#925));
#932=IFCCARTESIANPOINT((12000.,12000.,15000.));
#933=IFCDIRECTION((0.,0.,1.));
#934=IFCDIRECTION((1.,0.,0.));
#935=IFCAXIS2PLACEMENT3D(#932,#933,#934);
#936=IFCLOCALPLACEMENT($,#935);
#937=IFCPROPERTYSET('2F9jICOb918vSA39qz9Y8P',$,'Other',$,(#939,#940));
#938=IFCRELDEFINESBYPROPERTIES('25AuyDmw50tRkxCZfHZv1B',$,$,$,(#915),#937);
#939=IFCPROPERTYSINGLEVALUE('Ax',$,IFCLABEL('0.001'),$);
#940=IFCPROPERTYSINGLEVALUE('Ay',$,IFCLABEL('0.001'),$);
#941=IFCCOLUMN('05TcdKfhL40REzHrMaLjPG',$,$,$,$,#962,#952,$,$);
#942=IFCCARTESIANPOINTLIST2D(((-200.,-200.),(200.,-200.),(200.,200.),(-200.,200.)));
#943=IFCINDEXEDPOLYCURVE(#942,(IFCLINEINDEX((1,2,3,4,1))),$);
#944=IFCARBITRARYCLOSEDPROFILEDEF(.AREA.,'Arbitrary',#943);
#945=IFCCARTESIANPOINT((0.,0.,0.));
#946=IFCDIRECTION((0.,0.,1.));
#947=IFCDIRECTION((1.,0.,0.));
#948=IFCAXIS2PLACEMENT3D(#945,#946,#947);
#949=IFCDIRECTION((0.,0.,1.));
#950=IFCEXTRUDEDAREASOLID(#944,#948,#949,3000.);
#951=IFCSHAPEREPRESENTATION(#11,'Body','SweptSolid',(#950));
#952=IFCPRODUCTDEFINITIONSHAPE($,$,(#951));
#958=IFCCARTESIANPOINT((12000.,18000.,15000.));
#959=IFCDIRECTION((0.,0.,1.));
#960=IFCDIRECTION((1.,0.,0.));
#961=IFCAXIS2PLACEMENT3D(#958,#959,#960);
#962=IFCLOCALPLACEMENT($,#961);
#963=IFCPROPERTYSET('3QZ1VbYY52Eh50q$ZUf4DN',$,'Other',$,(#965,#966));
#964=IFCRELDEFINESBYPROPERTIES('2W7G7V5AP8C8uJrZco5X06',$,$,$,(#941),#963);
#965=IFCPROPERTYSINGLEVALUE('Ax',$,IFCLABEL('0.001'),$);
#966=IFCPROPERTYSINGLEVALUE('Ay',$,IFCLABEL('0.001'),$);
#967=IFCCOLUMN('3Nw6MvbwH0L8L3iQDuz0R2',$,$,$,$,#988,#978,$,$);
#968=IFCCARTESIANPOINTLIST2D(((-200.,-200.),(200.,-200.),(200.,200.),(-200.,200.)));
#969=IFCINDEXEDPOLYCURVE(#968,(IFCLINEINDEX((1,2,3,4,1))),$);
#970=IFCARBITRARYCLOSEDPROFILEDEF(.AREA.,'Arbitrary',#969);
#971=IFCCARTESIANPOINT((0.,0.,0.));
#972=IFCDIRECTION((0.,0.,1.));
#973=IFCDIRECTION((1.,0.,0.));
#974=IFCAXIS2PLACEMENT3D(#971,#972,#973);
#975=IFCDIRECTION((0.,0.,1.));
#976=IFCEXTRUDEDAREASOLID(#970,#974,#975,3000.);
#977=IFCSHAPEREPRESENTATION(#11,'Body','SweptSolid',(#976));
#978=IFCPRODUCTDEFINITIONSHAPE($,$,(#977));
#984=IFCCARTESIANPOINT((18000.,12000.,15000.));
#985=IFCDIRECTION((0.,0.,1.));
#986=IFCDIRECTION((1.,0.,0.));
#987=IFCAXIS2PLACEMENT3D(#984,#985,#986);
#988=IFCLOCALPLACEMENT($,#987);
#989=IFCPROPERTYSET('1FlznHuRv8VPO8LRiDi$c1',$,'Other',$,(#991,#992));
#990=IFCRELDEFINESBYPROPERTIES('2MrifbaXD1rgJBmBFDIkNS',$,$,$,(#967),#989);
#991=IFCPROPERTYSINGLEVALUE('Ax',$,IFCLABEL('0.001'),$);
#992=IFCPROPERTYSINGLEVALUE('Ay',$,IFCLABEL('0.001'),$);
#993=IFCCOLUMN('3vugxsH3f74BwCQ8kueJhA',$,$,$,$,#1014,#1004,$,$);
#994=IFCCARTESIANPOINTLIST2D(((-200.,-200.),(200.,-200.),(200.,200.),(-200.,200.)));
#995=IFCINDEXEDPOLYCURVE(#994,(IFCLINEINDEX((1,2,3,4,1))),$);
#996=IFCARBITRARYCLOSEDPROFILEDEF(.AREA.,'Arbitrary',#995);
#997=IFCCARTESIANPOINT((0.,0.,0.));
#998=IFCDIRECTION((0.,0.,1.));
#999=IFCDIRECTION((1.,0.,0.));
#1000=IFCAXIS2PLACEMENT3D(#997,#998,#999);
#1001=IFCDIRECTION((0.,0.,1.));
#1002=IFCEXTRUDEDAREASOLID(#996,#1000,#1001,3000.);
#1003=IFCSHAPEREPRESENTATION(#11,'Body','SweptSolid',(#1002));
#1004=IFCPRODUCTDEFINITIONSHAPE($,$,(#1003));
#1010=IFCCARTESIANPOINT((18000.,18000.,15000.));
#1011=IFCDIRECTION((0.,0.,1.));
#1012=IFCDIRECTION((1.,0.,0.));
#1013=IFCAXIS2PLACEMENT3D(#1010,#1011,#1012);
#1014=IFCLOCALPLACEMENT($,#1013);
#1015=IFCPROPERTYSET('0v1TjUjVvEWObDKI1McOgf',$,'Other',$,(#1017,#1018));
#1016=IFCRELDEFINESBYPROPERTIES('3vzpT4jxz1xvU1WkoB3_QM',$,$,$,(#993),#1015);
#1017=IFCPROPERTYSINGLEVALUE('Ax',$,IFCLABEL('0.001'),$);
#1018=IFCPROPERTYSINGLEVALUE('Ay',$,IFCLABEL('0.001'),$);
#1019=IFCCOLUMN('2IkFQpDmf9gxYy1YQpLKxa',$,$,$,$,#1040,#1030,$,$);
#1020=IFCCARTESIANPOINTLIST2D(((-200.,-200.),(200.,-200.),(200.,200.),(-200.,200.)));
#1021=IFCINDEXEDPOLYCURVE(#1020,(IFCLINEINDEX((1,2,3,4,1))),$);
#1022=IFCARBITRARYCLOSEDPROFILEDEF(.AREA.,'Arbitrary',#1021);
#1023=IFCCARTESIANPOINT((0.,0.,0.));
#1024=IFCDIRECTION((0.,0.,1.));
#1025=IFCDIRECTION((1.,0.,0.));
#1026=IFCAXIS2PLACEMENT3D(#1023,#1024,#1025);
#1027=IFCDIRECTION((0.,0.,1.));
#1028=IFCEXTRUDEDAREASOLID(#1022,#1026,#1027,3000.);
#1029=IFCSHAPEREPRESENTATION(#11,'Body','SweptSolid',(#1028));
#1030=IFCPRODUCTDEFINITIONSHAPE($,$,(#1029));
#1036=IFCCARTESIANPOINT((24000.,18000.,15000.));
#1037=IFCDIRECTION((0.,0.,1.));
#1038=IFCDIRECTION((1.,0.,0.));
#1039=IFCAXIS2PLACEMENT3D(#1036,#1037,#1038);
#1040=IFCLOCALPLACEMENT($,#1039);
#1041=IFCPROPERTYSET('069oUFXXL4Au4AQIXeMZjA',$,'Other',$,(#1043,#1044));
#1042=IFCRELDEFINESBYPROPERTIES('1moAyEdB9De9ZtOxLnyYAk',$,$,$,(#1019),#1041);
#1043=IFCPROPERTYSINGLEVALUE('Ax',$,IFCLABEL('0.001'),$);
#1044=IFCPROPERTYSINGLEVALUE('Ay',$,IFCLABEL('0.001'),$);
#1045=IFCCOLUMN('3D3sB0mdz4C9UTf6qvSdE0',$,$,$,$,#1066,#1056,$,$);
#1046=IFCCARTESIANPOINTLIST2D(((-200.,-200.),(200.,-200.),(200.,200.),(-200.,200.)));
#1047=IFCINDEXEDPOLYCURVE(#1046,(IFCLINEINDEX((1,2,3,4,1))),$);
#1048=IFCARBITRARYCLOSEDPROFILEDEF(.AREA.,'Arbitrary',#1047);
#1049=IFCCARTESIANPOINT((0.,0.,0.));
#1050=IFCDIRECTION((0.,0.,1.));
#1051=IFCDIRECTION((1.,0.,0.));
#1052=IFCAXIS2PLACEMENT3D(#1049,#1050,#1051);
#1053=IFCDIRECTION((0.,0.,1.));
#1054=IFCEXTRUDEDAREASOLID(#1048,#1052,#1053,3000.);
#1055=IFCSHAPEREPRESENTATION(#11,'Body','SweptSolid',(#1054));
#1056=IFCPRODUCTDEFINITIONSHAPE($,$,(#1055));
#1062=IFCCARTESIANPOINT((30000.,18000.,15000.));
#1063=IFCDIRECTION((0.,0.,1.));
#1064=IFCDIRECTION((1.,0.,0.));
#1065=IFCAXIS2PLACEMENT3D(#1062,#1063,#1064);
#1066=IFCLOCALPLACEMENT($,#1065);
#1067=IFCPROPERTYSET('01BWIOwcfBFxfwHj9FolVO',$,'Other',$,(#1069,#1070));
#1068=IFCRELDEFINESBYPROPERTIES('36nOAzuer9Tvq1GVxhsj97',$,$,$,(#1045),#1067);
#1069=IFCPROPERTYSINGLEVALUE('Ax',$,IFCLABEL('0.001'),$);
#1070=IFCPROPERTYSINGLEVALUE('Ay',$,IFCLABEL('0.001'),$);
#1071=IFCCOLUMN('24TcMVKsP4J8_yvc$mrV4F',$,$,$,$,#1092,#1082,$,$);
#1072=IFCCARTESIANPOINTLIST2D(((-200.,-200.),(200.,-200.),(200.,200.),(-200.,200.)));
#1073=IFCINDEXEDPOLYCURVE(#1072,(IFCLINEINDEX((1,2,3,4,1))),$);
#1074=IFCARBITRARYCLOSEDPROFILEDEF(.AREA.,'Arbitrary',#1073);
#1075=IFCCARTESIANPOINT((0.,0.,0.));
#1076=IFCDIRECTION((0.,0.,1.));
#1077=IFCDIRECTION((1.,0.,0.));
#1078=IFCAXIS2PLACEMENT3D(#1075,#1076,#1077);
#1079=IFCDIRECTION((0.,0.,1.));
#1080=IFCEXTRUDEDAREASOLID(#1074,#1078,#1079,3000.);
#1081=IFCSHAPEREPRESENTATION(#11,'Body','SweptSolid',(#1080));
#1082=IFCPRODUCTDEFINITIONSHAPE($,$,(#1081));
#1088=IFCCARTESIANPOINT((18000.,0.,15000.));
#1089=IFCDIRECTION((0.,0.,1.));
#1090=IFCDIRECTION((1.,0.,0.));
#1091=IFCAXIS2PLACEMENT3D(#1088,#1089,#1090);
#1092=IFCLOCALPLACEMENT($,#1091);
#1093=IFCPROPERTYSET('282tZVN2HFre3yf52Ti4OI',$,'Other',$,(#1095,#1096));
#1094=IFCRELDEFINESBYPROPERTIES('3WCEUfChDAsuoWN9Qryvql',$,$,$,(#1071),#1093);
#1095=IFCPROPERTYSINGLEVALUE('Ax',$,IFCLABEL('0.001'),$);
#1096=IFCPROPERTYSINGLEVALUE('Ay',$,IFCLABEL('0.001'),$);
#1097=IFCCOLUMN('16VPV3lWHAOvwPOfUoVeJQ',$,$,$,$,#1118,#1108,$,$);
#1098=IFCCARTESIANPOINTLIST2D(((-200.,-200.),(200.,-200.),(200.,200.),(-200.,200.)));
#1099=IFCINDEXEDPOLYCURVE(#1098,(IFCLINEINDEX((1,2,3,4,1))),$);
#1100=IFCARBITRARYCLOSEDPROFILEDEF(.AREA.,'Arbitrary',#1099);
#1101=IFCCARTESIANPOINT((0.,0.,0.));
#1102=IFCDIRECTION((0.,0.,1.));
#1103=IFCDIRECTION((1.,0.,0.));
#1104=IFCAXIS2PLACEMENT3D(#1101,#1102,#1103);
#1105=IFCDIRECTION((0.,0.,1.));
#1106=IFCEXTRUDEDAREASOLID(#1100,#1104,#1105,3000.);
#1107=IFCSHAPEREPRESENTATION(#11,'Body','SweptSolid',(#1106));
#1108=IFCPRODUCTDEFINITIONSHAPE($,$,(#1107));
#1114=IFCCARTESIANPOINT((18000.,6000.,15000.));
#1115=IFCDIRECTION((0.,0.,1.));
#1116=IFCDIRECTION((1.,0.,0.));
#1117=IFCAXIS2PLACEMENT3D(#1114,#1115,#1116);
#1118=IFCLOCALPLACEMENT($,#1117);
#1119=IFCPROPERTYSET('3dcdTpE8b4twbISacJFmlp',$,'Other',$,(#1121,#1122));
#1120=IFCRELDEFINESBYPROPERTIES('1MJGYH6$H6YgTstJST0g3V',$,$,$,(#1097),#1119);
#1121=IFCPROPERTYSINGLEVALUE('Ax',$,IFCLABEL('0.001'),$);
#1122=IFCPROPERTYSINGLEVALUE('Ay',$,IFCLABEL('0.001'),$);
#1123=IFCCOLUMN('01R3fv4bzATwyqxj2hFmMv',$,$,$,$,#1144,#1134,$,$);
#1124=IFCCARTESIANPOINTLIST2D(((-200.,-200.),(200.,-200.),(200.,200.),(-200.,200.)));
#1125=IFCINDEXEDPOLYCURVE(#1124,(IFCLINEINDEX((1,2,3,4,1))),$);
#1126=IFCARBITRARYCLOSEDPROFILEDEF(.AREA.,'Arbitrary',#1125);
#1127=IFCCARTESIANPOINT((0.,0.,0.));
#1128=IFCDIRECTION((0.,0.,1.));
#1129=IFCDIRECTION((1.,0.,0.));
#1130=IFCAXIS2PLACEMENT3D(#1127,#1128,#1129);
#1131=IFCDIRECTION((0.,0.,1.));
#1132=IFCEXTRUDEDAREASOLID(#1126,#1130,#1131,3000.);
#1133=IFCSHAPEREPRESENTATION(#11,'Body','SweptSolid',(#1132));
#1134=IFCPRODUCTDEFINITIONSHAPE($,$,(#1133));
#1140=IFCCARTESIANPOINT((24000.,6000.,15000.));
#1141=IFCDIRECTION((0.,0.,1.));
#1142=IFCDIRECTION((1.,0.,0.));
#1143=IFCAXIS2PLACEMENT3D(#1140,#1141,#1142);
#1144=IFCLOCALPLACEMENT($,#1143);
#1145=IFCPROPERTYSET('2oS4fR3WfC5v_U_a47lVHH',$,'Other',$,(#1147,#1148));
#1146=IFCRELDEFINESBYPROPERTIES('3e_D3P1oH82eMoUMTAXPn$',$,$,$,(#1123),#1145);
#1147=IFCPROPERTYSINGLEVALUE('Ax',$,IFCLABEL('0.001'),$);
#1148=IFCPROPERTYSINGLEVALUE('Ay',$,IFCLABEL('0.001'),$);
#1149=IFCCOLUMN('1bCuO$rrHEJOqCveiEiIF9',$,$,$,$,#1170,#1160,$,$);
#1150=IFCCARTESIANPOINTLIST2D(((-200.,-200.),(200.,-200.),(200.,200.),(-200.,200.)));
#1151=IFCINDEXEDPOLYCURVE(#1150,(IFCLINEINDEX((1,2,3,4,1))),$);
#1152=IFCARBITRARYCLOSEDPROFILEDEF(.AREA.,'Arbitrary',#1151);
#1153=IFCCARTESIANPOINT((0.,0.,0.));
#1154=IFCDIRECTION((0.,0.,1.));
#1155=IFCDIRECTION((1.,0.,0.));
#1156=IFCAXIS2PLACEMENT3D(#1153,#1154,#1155);
#1157=IFCDIRECTION((0.,0.,1.));
#1158=IFCEXTRUDEDAREASOLID(#1152,#1156,#1157,3000.);
#1159=IFCSHAPEREPRESENTATION(#11,'Body','SweptSolid',(#1158));
#1160=IFCPRODUCTDEFINITIONSHAPE($,$,(#1159));
#1166=IFCCARTESIANPOINT((12000.,0.,15000.));
#1167=IFCDIRECTION((0.,0.,1.));
#1168=IFCDIRECTION((1.,0.,0.));
#1169=IFCAXIS2PLACEMENT3D(#1166,#1167,#1168);
#1170=IFCLOCALPLACEMENT($,#1169);
#1171=IFCPROPERTYSET('3jTgzEDkT0fwCvdTZSJQmD',$,'Other',$,(#1173,#1174));
#1172=IFCRELDEFINESBYPROPERTIES('2pfnWXL4P4XBbIWxIL7ISm',$,$,$,(#1149),#1171);
#1173=IFCPROPERTYSINGLEVALUE('Ax',$,IFCLABEL('0.001'),$);
#1174=IFCPROPERTYSINGLEVALUE('Ay',$,IFCLABEL('0.001'),$);
#1175=IFCCOLUMN('27gNrrA6f6sPUjc__2BCXx',$,$,$,$,#1196,#1186,$,$);
#1176=IFCCARTESIANPOINTLIST2D(((-200.,-200.),(200.,-200.),(200.,200.),(-200.,200.)));
#1177=IFCINDEXEDPOLYCURVE(#1176,(IFCLINEINDEX((1,2,3,4,1))),$);
#1178=IFCARBITRARYCLOSEDPROFILEDEF(.AREA.,'Arbitrary',#1177);
#1179=IFCCARTESIANPOINT((0.,0.,0.));
#1180=IFCDIRECTION((0.,0.,1.));
#1181=IFCDIRECTION((1.,0.,0.));
#1182=IFCAXIS2PLACEMENT3D(#1179,#1180,#1181);
#1183=IFCDIRECTION((0.,0.,1.));
#1184=IFCEXTRUDEDAREASOLID(#1178,#1182,#1183,3000.);
#1185=IFCSHAPEREPRESENTATION(#11,'Body','SweptSolid',(#1184));
#1186=IFCPRODUCTDEFINITIONSHAPE($,$,(#1185));
#1192=IFCCARTESIANPOINT((12000.,6000.,15000.));
#1193=IFCDIRECTION((0.,0.,1.));
#1194=IFCDIRECTION((1.,0.,0.));
#1195=IFCAXIS2PLACEMENT3D(#1192,#1193,#1194);
#1196=IFCLOCALPLACEMENT($,#1195);
#1197=IFCPROPERTYSET('1yZZ8mxKv4ERLE3tUKAsb5',$,'Other',$,(#1199,#1200));
#1198=IFCRELDEFINESBYPROPERTIES('3Okb1Q$RzAARCOiO5_kJEX',$,$,$,(#1175),#1197);
#1199=IFCPROPERTYSINGLEVALUE('Ax',$,IFCLABEL('0.001'),$);
#1200=IFCPROPERTYSINGLEVALUE('Ay',$,IFCLABEL('0.001'),$);
#1201=IFCCOLUMN('1A8Ln5XF16pxog$OVtD9kd',$,$,$,$,#1222,#1212,$,$);
#1202=IFCCARTESIANPOINTLIST2D(((-200.,-200.),(200.,-200.),(200.,200.),(-200.,200.)));
#1203=IFCINDEXEDPOLYCURVE(#1202,(IFCLINEINDEX((1,2,3,4,1))),$);
#1204=IFCARBITRARYCLOSEDPROFILEDEF(.AREA.,'Arbitrary',#1203);
#1205=IFCCARTESIANPOINT((0.,0.,0.));
#1206=IFCDIRECTION((0.,0.,1.));
#1207=IFCDIRECTION((1.,0.,0.));
#1208=IFCAXIS2PLACEMENT3D(#1205,#1206,#1207);
#1209=IFCDIRECTION((0.,0.,1.));
#1210=IFCEXTRUDEDAREASOLID(#1204,#1208,#1209,3000.);
#1211=IFCSHAPEREPRESENTATION(#11,'Body','SweptSolid',(#1210));
#1212=IFCPRODUCTDEFINITIONSHAPE($,$,(#1211));
#1218=IFCCARTESIANPOINT((0.,12000.,12000.));
#1219=IFCDIRECTION((0.,0.,1.));
#1220=IFCDIRECTION((1.,0.,0.));
#1221=IFCAXIS2PLACEMENT3D(#1218,#1219,#1220);
#1222=IFCLOCALPLACEMENT($,#1221);
#1223=IFCPROPERTYSET('3mRqjfQyjCeAnmt5aJ9ZmX',$,'Other',$,(#1225,#1226));
#1224=IFCRELDEFINESBYPROPERTIES('3qVjLtpxD8shBl9OpgUuNJ',$,$,$,(#1201),#1223);
#1225=IFCPROPERTYSINGLEVALUE('Ax',$,IFCLABEL('0.001'),$);
#1226=IFCPROPERTYSINGLEVALUE('Ay',$,IFCLABEL('0.001'),$);
#1227=IFCCOLUMN('1p$NrVjAX0VQV0RVbe6EiL',$,$,$,$,#1248,#1238,$,$);
#1228=IFCCARTESIANPOINTLIST2D(((-200.,-200.),(200.,-200.),(200.,200.),(-200.,200.)));
#1229=IFCINDEXEDPOLYCURVE(#1228,(IFCLINEINDEX((1,2,3,4,1))),$);
#1230=IFCARBITRARYCLOSEDPROFILEDEF(.AREA.,'Arbitrary',#1229);
#1231=IFCCARTESIANPOINT((0.,0.,0.));
#1232=IFCDIRECTION((0.,0.,1.));
#1233=IFCDIRECTION((1.,0.,0.));
#1234=IFCAXIS2PLACEMENT3D(#1231,#1232,#1233);
#1235=IFCDIRECTION((0.,0.,1.));
#1236=IFCEXTRUDEDAREASOLID(#1230,#1234,#1235,3000.);
#1237=IFCSHAPEREPRESENTATION(#11,'Body','SweptSolid',(#1236));
#1238=IFCPRODUCTDEFINITIONSHAPE($,$,(#1237));
#1244=IFCCARTESIANPOINT((0.,18000.,12000.));
#1245=IFCDIRECTION((0.,0.,1.));
#1246=IFCDIRECTION((1.,0.,0.));
#1247=IFCAXIS2PLACEMENT3D(#1244,#1245,#1246);
#1248=IFCLOCALPLACEMENT($,#1247);
#1249=IFCPROPERTYSET('0fL16ls55DMub6jzcuq5Cx',$,'Other',$,(#1251,#1252));
#1250=IFCRELDEFINESBYPROPERTIES('3nOV2aT55C9ui_MdUOgBKq',$,$,$,(#1227),#1249);
#1251=IFCPROPERTYSINGLEVALUE('Ax',$,IFCLABEL('0.001'),$);
#1252=IFCPROPERTYSINGLEVALUE('Ay',$,IFCLABEL('0.001'),$);
#1253=IFCCOLUMN('1KxLzRvF1Es8m2tZfbIfXE',$,$,$,$,#1274,#1264,$,$);
#1254=IFCCARTESIANPOINTLIST2D(((-200.,-200.),(200.,-200.),(200.,200.),(-200.,200.)));
#1255=IFCINDEXEDPOLYCURVE(#1254,(IFCLINEINDEX((1,2,3,4,1))),$);
#1256=IFCARBITRARYCLOSEDPROFILEDEF(.AREA.,'Arbitrary',#1255);
#1257=IFCCARTESIANPOINT((0.,0.,0.));
#1258=IFCDIRECTION((0.,0.,1.));
#1259=IFCDIRECTION((1.,0.,0.));
#1260=IFCAXIS2PLACEMENT3D(#1257,#1258,#1259);
#1261=IFCDIRECTION((0.,0.,1.));
#1262=IFCEXTRUDEDAREASOLID(#1256,#1260,#1261,3000.);
#1263=IFCSHAPEREPRESENTATION(#11,'Body','SweptSolid',(#1262));
#1264=IFCPRODUCTDEFINITIONSHAPE($,$,(#1263));
#1270=IFCCARTESIANPOINT((6000.,12000.,12000.));
#1271=IFCDIRECTION((0.,0.,1.));
#1272=IFCDIRECTION((1.,0.,0.));
#1273=IFCAXIS2PLACEMENT3D(#1270,#1271,#1272);
#1274=IFCLOCALPLACEMENT($,#1273);
#1275=IFCPROPERTYSET('1Je4GyiPvC2x15FNw$2RHK',$,'Other',$,(#1277,#1278));
#1276=IFCRELDEFINESBYPROPERTIES('0dXP0x4YPAqwVvOBfBAxPS',$,$,$,(#1253),#1275);
#1277=IFCPROPERTYSINGLEVALUE('Ax',$,IFCLABEL('0.001'),$);
#1278=IFCPROPERTYSINGLEVALUE('Ay',$,IFCLABEL('0.001'),$);
#1279=IFCCOLUMN('3FegkJHZT0SxRJ5JxcxF31',$,$,$,$,#1300,#1290,$,$);
#1280=IFCCARTESIANPOINTLIST2D(((-200.,-200.),(200.,-200.),(200.,200.),(-200.,200.)));
#1281=IFCINDEXEDPOLYCURVE(#1280,(IFCLINEINDEX((1,2,3,4,1))),$);
#1282=IFCARBITRARYCLOSEDPROFILEDEF(.AREA.,'Arbitrary',#1281);
#1283=IFCCARTESIANPOINT((0.,0.,0.));
#1284=IFCDIRECTION((0.,0.,1.));
#1285=IFCDIRECTION((1.,0.,0.));
#1286=IFCAXIS2PLACEMENT3D(#1283,#1284,#1285);
#1287=IFCDIRECTION((0.,0.,1.));
#1288=IFCEXTRUDEDAREASOLID(#1282,#1286,#1287,3000.);
#1289=IFCSHAPEREPRESENTATION(#11,'Body','SweptSolid',(#1288));
#1290=IFCPRODUCTDEFINITIONSHAPE($,$,(#1289));
#1296=IFCCARTESIANPOINT((6000.,18000.,12000.));
#1297=IFCDIRECTION((0.,0.,1.));
#1298=IFCDIRECTION((1.,0.,0.));
#1299=IFCAXIS2PLACEMENT3D(#1296,#1297,#1298);
#1300=IFCLOCALPLACEMENT($,#1299);
#1301=IFCPROPERTYSET('0T$HNOGrnF0x35_KJ_I5Oh',$,'Other',$,(#1303,#1304));
#1302=IFCRELDEFINESBYPROPERTIES('15V8dncET47ecDrZ6$5$jK',$,$,$,(#1279),#1301);
#1303=IFCPROPERTYSINGLEVALUE('Ax',$,IFCLABEL('0.001'),$);
#1304=IFCPROPERTYSINGLEVALUE('Ay',$,IFCLABEL('0.001'),$);
#1305=IFCCOLUMN('0f1CU0sTL7WO1$CPKGDyft',$,$,$,$,#1326,#1316,$,$);
#1306=IFCCARTESIANPOINTLIST2D(((-200.,-200.),(200.,-200.),(200.,200.),(-200.,200.)));
#1307=IFCINDEXEDPOLYCURVE(#1306,(IFCLINEINDEX((1,2,3,4,1))),$);
#1308=IFCARBITRARYCLOSEDPROFILEDEF(.AREA.,'Arbitrary',#1307);
#1309=IFCCARTESIANPOINT((0.,0.,0.));
#1310=IFCDIRECTION((0.,0.,1.));
#1311=IFCDIRECTION((1.,0.,0.));
#1312=IFCAXIS2PLACEMENT3D(#1309,#1310,#1311);
#1313=IFCDIRECTION((0.,0.,1.));
#1314=IFCEXTRUDEDAREASOLID(#1308,#1312,#1313,3000.);
#1315=IFCSHAPEREPRESENTATION(#11,'Body','SweptSolid',(#1314));
#1316=IFCPRODUCTDEFINITIONSHAPE($,$,(#1315));
#1322=IFCCARTESIANPOINT((12000.,12000.,12000.));
#1323=IFCDIRECTION((0.,0.,1.));
#1324=IFCDIRECTION((1.,0.,0.));
#1325=IFCAXIS2PLACEMENT3D(#1322,#1323,#1324);
#1326=IFCLOCALPLACEMENT($,#1325);
#1327=IFCPROPERTYSET('2itAnR1w9CaRmL$0BkndaA',$,'Other',$,(#1329,#1330));
#1328=IFCRELDEFINESBYPROPERTIES('391Xqiugz4xBZyF0I7k_NQ',$,$,$,(#1305),#1327);
#1329=IFCPROPERTYSINGLEVALUE('Ax',$,IFCLABEL('0.001'),$);
#1330=IFCPROPERTYSINGLEVALUE('Ay',$,IFCLABEL('0.001'),$);
#1331=IFCCOLUMN('22mBp_BfrAVuGl2eMtafqC',$,$,$,$,#1352,#1342,$,$);
#1332=IFCCARTESIANPOINTLIST2D(((-200.,-200.),(200.,-200.),(200.,200.),(-200.,200.)));
#1333=IFCINDEXEDPOLYCURVE(#1332,(IFCLINEINDEX((1,2,3,4,1))),$);
#1334=IFCARBITRARYCLOSEDPROFILEDEF(.AREA.,'Arbitrary',#1333);
#1335=IFCCARTESIANPOINT((0.,0.,0.));
#1336=IFCDIRECTION((0.,0.,1.));
#1337=IFCDIRECTION((1.,0.,0.));
#1338=IFCAXIS2PLACEMENT3D(#1335,#1336,#1337);
#1339=IFCDIRECTION((0.,0.,1.));
#1340=IFCEXTRUDEDAREASOLID(#1334,#1338,#1339,3000.);
#1341=IFCSHAPEREPRESENTATION(#11,'Body','SweptSolid',(#1340));
#1342=IFCPRODUCTDEFINITIONSHAPE($,$,(#1341));
#1348=IFCCARTESIANPOINT((12000.,18000.,12000.));
#1349=IFCDIRECTION((0.,0.,1.));
#1350=IFCDIRECTION((1.,0.,0.));
#1351=IFCAXIS2PLACEMENT3D(#1348,#1349,#1350);
#1352=IFCLOCALPLACEMENT($,#1351);
#1353=IFCPROPERTYSET('02JVqwsN1CSg5lZvKLpIIj',$,'Other',$,(#1355,#1356));
#1354=IFCRELDEFINESBYPROPERTIES('3bwWrcwnX2rPrVF6jmwNIb',$,$,$,(#1331),#1353);
#1355=IFCPROPERTYSINGLEVALUE('Ax',$,IFCLABEL('0.001'),$);
#1356=IFCPROPERTYSINGLEVALUE('Ay',$,IFCLABEL('0.001'),$);
#1357=IFCCOLUMN('2eCab0bRjBJQml1GGBO5ey',$,$,$,$,#1378,#1368,$,$);
#1358=IFCCARTESIANPOINTLIST2D(((-200.,-200.),(200.,-200.),(200.,200.),(-200.,200.)));
#1359=IFCINDEXEDPOLYCURVE(#1358,(IFCLINEINDEX((1,2,3,4,1))),$);
#1360=IFCARBITRARYCLOSEDPROFILEDEF(.AREA.,'Arbitrary',#1359);
#1361=IFCCARTESIANPOINT((0.,0.,0.));
#1362=IFCDIRECTION((0.,0.,1.));
#1363=IFCDIRECTION((1.,0.,0.));
#1364=IFCAXIS2PLACEMENT3D(#1361,#1362,#1363);
#1365=IFCDIRECTION((0.,0.,1.));
#1366=IFCEXTRUDEDAREASOLID(#1360,#1364,#1365,3000.);
#1367=IFCSHAPEREPRESENTATION(#11,'Body','SweptSolid',(#1366));
#1368=IFCPRODUCTDEFINITIONSHAPE($,$,(#1367));
#1374=IFCCARTESIANPOINT((18000.,12000.,12000.));
#1375=IFCDIRECTION((0.,0.,1.));
#1376=IFCDIRECTION((1.,0.,0.));
#1377=IFCAXIS2PLACEMENT3D(#1374,#1375,#1376);
#1378=IFCLOCALPLACEMENT($,#1377);
#1379=IFCPROPERTYSET('0g4NnKHgf2MPplQ5UmjENR',$,'Other',$,(#1381,#1382));
#1380=IFCRELDEFINESBYPROPERTIES('2XUAq1$6DDyBC6qdkOt$Il',$,$,$,(#1357),#1379);
#1381=IFCPROPERTYSINGLEVALUE('Ax',$,IFCLABEL('0.001'),$);
#1382=IFCPROPERTYSINGLEVALUE('Ay',$,IFCLABEL('0.001'),$);
#1383=IFCCOLUMN('0fMD0qgN572BSKC6VBpPu9',$,$,$,$,#1404,#1394,$,$);
#1384=IFCCARTESIANPOINTLIST2D(((-200.,-200.),(200.,-200.),(200.,200.),(-200.,200.)));
#1385=IFCINDEXEDPOLYCURVE(#1384,(IFCLINEINDEX((1,2,3,4,1))),$);
#1386=IFCARBITRARYCLOSEDPROFILEDEF(.AREA.,'Arbitrary',#1385);
#1387=IFCCARTESIANPOINT((0.,0.,0.));
#1388=IFCDIRECTION((0.,0.,1.));
#1389=IFCDIRECTION((1.,0.,0.));
#1390=IFCAXIS2PLACEMENT3D(#1387,#1388,#1389);
#1391=IFCDIRECTION((0.,0.,1.));
#1392=IFCEXTRUDEDAREASOLID(#1386,#1390,#1391,3000.);
#1393=IFCSHAPEREPRESENTATION(#11,'Body','SweptSolid',(#1392));
#1394=IFCPRODUCTDEFINITIONSHAPE($,$,(#1393));
#1400=IFCCARTESIANPOINT((18000.,18000.,12000.));
#1401=IFCDIRECTION((0.,0.,1.));
#1402=IFCDIRECTION((1.,0.,0.));
#1403=IFCAXIS2PLACEMENT3D(#1400,#1401,#1402);
#1404=IFCLOCALPLACEMENT($,#1403);
#1405=IFCPROPERTYSET('0E4Y7N6pLCugCqc8WVOG80',$,'Other',$,(#1407,#1408));
#1406=IFCRELDEFINESBYPROPERTIES('29yPlomE96lgmI8eg3Yj9G',$,$,$,(#1383),#1405);
#1407=IFCPROPERTYSINGLEVALUE('Ax',$,IFCLABEL('0.001'),$);
#1408=IFCPROPERTYSINGLEVALUE('Ay',$,IFCLABEL('0.001'),$);
#1409=IFCCOLUMN('3lL0O9eeTFgBMsvqVa2hci',$,$,$,$,#1430,#1420,$,$);
#1410=IFCCARTESIANPOINTLIST2D(((-200.,-200.),(200.,-200.),(200.,200.),(-200.,200.)));
#1411=IFCINDEXEDPOLYCURVE(#1410,(IFCLINEINDEX((1,2,3,4,1))),$);
#1412=IFCARBITRARYCLOSEDPROFILEDEF(.AREA.,'Arbitrary',#1411);
#1413=IFCCARTESIANPOINT((0.,0.,0.));
#1414=IFCDIRECTION((0.,0.,1.));
#1415=IFCDIRECTION((1.,0.,0.));
#1416=IFCAXIS2PLACEMENT3D(#1413,#1414,#1415);
#1417=IFCDIRECTION((0.,0.,1.));
#1418=IFCEXTRUDEDAREASOLID(#1412,#1416,#1417,3000.);
#1419=IFCSHAPEREPRESENTATION(#11,'Body','SweptSolid',(#1418));
#1420=IFCPRODUCTDEFINITIONSHAPE($,$,(#1419));
#1426=IFCCARTESIANPOINT((24000.,18000.,12000.));
#1427=IFCDIRECTION((0.,0.,1.));
#1428=IFCDIRECTION((1.,0.,0.));
#1429=IFCAXIS2PLACEMENT3D(#1426,#1427,#1428);
#1430=IFCLOCALPLACEMENT($,#1429);
#1431=IFCPROPERTYSET('2f6Wb8v5TFv9gxg8rMl0Sm',$,'Other',$,(#1433,#1434));
#1432=IFCRELDEFINESBYPROPERTIES('3l9u5TOsz2GfozxIYpPJhu',$,$,$,(#1409),#1431);
#1433=IFCPROPERTYSINGLEVALUE('Ax',$,IFCLABEL('0.001'),$);
#1434=IFCPROPERTYSINGLEVALUE('Ay',$,IFCLABEL('0.001'),$);
#1435=IFCCOLUMN('20uEBgUuf1xBd$55mjiz5B',$,$,$,$,#1456,#1446,$,$);
#1436=IFCCARTESIANPOINTLIST2D(((-200.,-200.),(200.,-200.),(200.,200.),(-200.,200.)));
#1437=IFCINDEXEDPOLYCURVE(#1436,(IFCLINEINDEX((1,2,3,4,1))),$);
#1438=IFCARBITRARYCLOSEDPROFILEDEF(.AREA.,'Arbitrary',#1437);
#1439=IFCCARTESIANPOINT((0.,0.,0.));
#1440=IFCDIRECTION((0.,0.,1.));
#1441=IFCDIRECTION((1.,0.,0.));
#1442=IFCAXIS2PLACEMENT3D(#1439,#1440,#1441);
#1443=IFCDIRECTION((0.,0.,1.));
#1444=IFCEXTRUDEDAREASOLID(#1438,#1442,#1443,3000.);
#1445=IFCSHAPEREPRESENTATION(#11,'Body','SweptSolid',(#1444));
#1446=IFCPRODUCTDEFINITIONSHAPE($,$,(#1445));
#1452=IFCCARTESIANPOINT((30000.,18000.,12000.));
#1453=IFCDIRECTION((0.,0.,1.));
#1454=IFCDIRECTION((1.,0.,0.));
#1455=IFCAXIS2PLACEMENT3D(#1452,#1453,#1454);
#1456=IFCLOCALPLACEMENT($,#1455);
#1457=IFCPROPERTYSET('1pGORvHBfFFeLJo1_sbXP6',$,'Other',$,(#1459,#1460));
#1458=IFCRELDEFINESBYPROPERTIES('1rgP6Kabb2DwOBLI4de1kj',$,$,$,(#1435),#1457);
#1459=IFCPROPERTYSINGLEVALUE('Ax',$,IFCLABEL('0.001'),$);
#1460=IFCPROPERTYSINGLEVALUE('Ay',$,IFCLABEL('0.001'),$);
#1461=IFCCOLUMN('0nn5GdBX9EYfWiOS6yVRGD',$,$,$,$,#1482,#1472,$,$);
#1462=IFCCARTESIANPOINTLIST2D(((-200.,-200.),(200.,-200.),(200.,200.),(-200.,200.)));
#1463=IFCINDEXEDPOLYCURVE(#1462,(IFCLINEINDEX((1,2,3,4,1))),$);
#1464=IFCARBITRARYCLOSEDPROFILEDEF(.AREA.,'Arbitrary',#1463);
#1465=IFCCARTESIANPOINT((0.,0.,0.));
#1466=IFCDIRECTION((0.,0.,1.));
#1467=IFCDIRECTION((1.,0.,0.));
#1468=IFCAXIS2PLACEMENT3D(#1465,#1466,#1467);
#1469=IFCDIRECTION((0.,0.,1.));
#1470=IFCEXTRUDEDAREASOLID(#1464,#1468,#1469,3000.);
#1471=IFCSHAPEREPRESENTATION(#11,'Body','SweptSolid',(#1470));
#1472=IFCPRODUCTDEFINITIONSHAPE($,$,(#1471));
#1478=IFCCARTESIANPOINT((18000.,0.,12000.));
#1479=IFCDIRECTION((0.,0.,1.));
#1480=IFCDIRECTION((1.,0.,0.));
#1481=IFCAXIS2PLACEMENT3D(#1478,#1479,#1480);
#1482=IFCLOCALPLACEMENT($,#1481);
#1483=IFCPROPERTYSET('0TUnTsqe1Fj899F0OW3HG0',$,'Other',$,(#1485,#1486));
#1484=IFCRELDEFINESBYPROPERTIES('3KpJQpq6zDLBFeVuQI3JPH',$,$,$,(#1461),#1483);
#1485=IFCPROPERTYSINGLEVALUE('Ax',$,IFCLABEL('0.001'),$);
#1486=IFCPROPERTYSINGLEVALUE('Ay',$,IFCLABEL('0.001'),$);
#1487=IFCCOLUMN('1OBV_gFgv0SvwvTFiz4ehH',$,$,$,$,#1508,#1498,$,$);
#1488=IFCCARTESIANPOINTLIST2D(((-200.,-200.),(200.,-200.),(200.,200.),(-200.,200.)));
#1489=IFCINDEXEDPOLYCURVE(#1488,(IFCLINEINDEX((1,2,3,4,1))),$);
#1490=IFCARBITRARYCLOSEDPROFILEDEF(.AREA.,'Arbitrary',#1489);
#1491=IFCCARTESIANPOINT((0.,0.,0.));
#1492=IFCDIRECTION((0.,0.,1.));
#1493=IFCDIRECTION((1.,0.,0.));
#1494=IFCAXIS2PLACEMENT3D(#1491,#1492,#1493);
#1495=IFCDIRECTION((0.,0.,1.));
#1496=IFCEXTRUDEDAREASOLID(#1490,#1494,#1495,3000.);
#1497=IFCSHAPEREPRESENTATION(#11,'Body','SweptSolid',(#1496));
#1498=IFCPRODUCTDEFINITIONSHAPE($,$,(#1497));
#1504=IFCCARTESIANPOINT((18000.,6000.,12000.));
#1505=IFCDIRECTION((0.,0.,1.));
#1506=IFCDIRECTION((1.,0.,0.));
#1507=IFCAXIS2PLACEMENT3D(#1504,#1505,#1506);
#1508=IFCLOCALPLACEMENT($,#1507);
#1509=IFCPROPERTYSET('14YvFgNYn5Lf6$kW0Wha2R',$,'Other',$,(#1511,#1512));
#1510=IFCRELDEFINESBYPROPERTIES('1PVPXC7Sv5EQYrmMzrWBmP',$,$,$,(#1487),#1509);
#1511=IFCPROPERTYSINGLEVALUE('Ax',$,IFCLABEL('0.001'),$);
#1512=IFCPROPERTYSINGLEVALUE('Ay',$,IFCLABEL('0.001'),$);
#1513=IFCCOLUMN('2WNcAjsvf4Se5vKU8RBQ52',$,$,$,$,#1534,#1524,$,$);
#1514=IFCCARTESIANPOINTLIST2D(((-200.,-200.),(200.,-200.),(200.,200.),(-200.,200.)));
#1515=IFCINDEXEDPOLYCURVE(#1514,(IFCLINEINDEX((1,2,3,4,1))),$);
#1516=IFCARBITRARYCLOSEDPROFILEDEF(.AREA.,'Arbitrary',#1515);
#1517=IFCCARTESIANPOINT((0.,0.,0.));
#1518=IFCDIRECTION((0.,0.,1.));
#1519=IFCDIRECTION((1.,0.,0.));
#1520=IFCAXIS2PLACEMENT3D(#1517,#1518,#1519);
#1521=IFCDIRECTION((0.,0.,1.));
#1522=IFCEXTRUDEDAREASOLID(#1516,#1520,#1521,3000.);
#1523=IFCSHAPEREPRESENTATION(#11,'Body','SweptSolid',(#1522));
#1524=IFCPRODUCTDEFINITIONSHAPE($,$,(#1523));
#1530=IFCCARTESIANPOINT((24000.,6000.,12000.));
#1531=IFCDIRECTION((0.,0.,1.));
#1532=IFCDIRECTION((1.,0.,0.));
#1533=IFCAXIS2PLACEMENT3D(#1530,#1531,#1532);
#1534=IFCLOCALPLACEMENT($,#1533);
#1535=IFCPROPERTYSET('16Prv3m$D3MxSBx9CWfxdd',$,'Other',$,(#1537,#1538));
#1536=IFCRELDEFINESBYPROPERTIES('3Ge7nKK417eQYt9zuXp7zv',$,$,$,(#1513),#1535);
#1537=IFCPROPERTYSINGLEVALUE('Ax',$,IFCLABEL('0.001'),$);
#1538=IFCPROPERTYSINGLEVALUE('Ay',$,IFCLABEL('0.001'),$);
#1539=IFCCOLUMN('3_tYeJgVv5sRTtEgmAy4Pj',$,$,$,$,#1560,#1550,$,$);
#1540=IFCCARTESIANPOINTLIST2D(((-200.,-200.),(200.,-200.),(200.,200.),(-200.,200.)));
#1541=IFCINDEXEDPOLYCURVE(#1540,(IFCLINEINDEX((1,2,3,4,1))),$);
#1542=IFCARBITRARYCLOSEDPROFILEDEF(.AREA.,'Arbitrary',#1541);
#1543=IFCCARTESIANPOINT((0.,0.,0.));
#1544=IFCDIRECTION((0.,0.,1.));
#1545=IFCDIRECTION((1.,0.,0.));
#1546=IFCAXIS2PLACEMENT3D(#1543,#1544,#1545);
#1547=IFCDIRECTION((0.,0.,1.));
#1548=IFCEXTRUDEDAREASOLID(#1542,#1546,#1547,3000.);
#1549=IFCSHAPEREPRESENTATION(#11,'Body','SweptSolid',(#1548));
#1550=IFCPRODUCTDEFINITIONSHAPE($,$,(#1549));
#1556=IFCCARTESIANPOINT((12000.,0.,12000.));
#1557=IFCDIRECTION((0.,0.,1.));
#1558=IFCDIRECTION((1.,0.,0.));
#1559=IFCAXIS2PLACEMENT3D(#1556,#1557,#1558);
#1560=IFCLOCALPLACEMENT($,#1559);
#1561=IFCPROPERTYSET('2_Rm0URI51Yuf67zIkG4uf',$,'Other',$,(#1563,#1564));
#1562=IFCRELDEFINESBYPROPERTIES('1U6gSzggHD0Oj8iYJGmL55',$,$,$,(#1539),#1561);
#1563=IFCPROPERTYSINGLEVALUE('Ax',$,IFCLABEL('0.001'),$);
#1564=IFCPROPERTYSINGLEVALUE('Ay',$,IFCLABEL('0.001'),$);
#1565=IFCCOLUMN('0UgrMn0dbAzOiguIPvWkKA',$,$,$,$,#1586,#1576,$,$);
#1566=IFCCARTESIANPOINTLIST2D(((-200.,-200.),(200.,-200.),(200.,200.),(-200.,200.)));
#1567=IFCINDEXEDPOLYCURVE(#1566,(IFCLINEINDEX((1,2,3,4,1))),$);
#1568=IFCARBITRARYCLOSEDPROFILEDEF(.AREA.,'Arbitrary',#1567);
#1569=IFCCARTESIANPOINT((0.,0.,0.));
#1570=IFCDIRECTION((0.,0.,1.));
#1571=IFCDIRECTION((1.,0.,0.));
#1572=IFCAXIS2PLACEMENT3D(#1569,#1570,#1571);
#1573=IFCDIRECTION((0.,0.,1.));
#1574=IFCEXTRUDEDAREASOLID(#1568,#1572,#1573,3000.);
#1575=IFCSHAPEREPRESENTATION(#11,'Body','SweptSolid',(#1574));
#1576=IFCPRODUCTDEFINITIONSHAPE($,$,(#1575));
#1582=IFCCARTESIANPOINT((12000.,6000.,12000.));
#1583=IFCDIRECTION((0.,0.,1.));
#1584=IFCDIRECTION((1.,0.,0.));
#1585=IFCAXIS2PLACEMENT3D(#1582,#1583,#1584);
#1586=IFCLOCALPLACEMENT($,#1585);
#1587=IFCPROPERTYSET('2T0mDfKYvEEOtdDNATBwFd',$,'Other',$,(#1589,#1590));
#1588=IFCRELDEFINESBYPROPERTIES('0oBWNQpG9FeReyC_Yu0sM4',$,$,$,(#1565),#1587);
#1589=IFCPROPERTYSINGLEVALUE('Ax',$,IFCLABEL('0.001'),$);
#1590=IFCPROPERTYSINGLEVALUE('Ay',$,IFCLABEL('0.001'),$);
#1591=IFCCOLUMN('2Xd7DkRO10TwqkzhNLksAd',$,$,$,$,#1612,#1602,$,$);
#1592=IFCCARTESIANPOINTLIST2D(((-200.,-200.),(200.,-200.),(200.,200.),(-200.,200.)));
#1593=IFCINDEXEDPOLYCURVE(#1592,(IFCLINEINDEX((1,2,3,4,1))),$);
#1594=IFCARBITRARYCLOSEDPROFILEDEF(.AREA.,'Arbitrary',#1593);
#1595=IFCCARTESIANPOINT((0.,0.,0.));
#1596=IFCDIRECTION((0.,0.,1.));
#1597=IFCDIRECTION((1.,0.,0.));
#1598=IFCAXIS2PLACEMENT3D(#1595,#1596,#1597);
#1599=IFCDIRECTION((0.,0.,1.));
#1600=IFCEXTRUDEDAREASOLID(#1594,#1598,#1599,3000.);
#1601=IFCSHAPEREPRESENTATION(#11,'Body','SweptSolid',(#1600));
#1602=IFCPRODUCTDEFINITIONSHAPE($,$,(#1601));
#1608=IFCCARTESIANPOINT((0.,12000.,9000.));
#1609=IFCDIRECTION((0.,0.,1.));
#1610=IFCDIRECTION((1.,0.,0.));
#1611=IFCAXIS2PLACEMENT3D(#1608,#1609,#1610);
#1612=IFCLOCALPLACEMENT($,#1611);
#1613=IFCPROPERTYSET('2Rl_vbiGjEy8BnFclK9ZyU',$,'Other',$,(#1615,#1616));
#1614=IFCRELDEFINESBYPROPERTIES('07NKgKkfH9ZQb7Xbs9Xw9M',$,$,$,(#1591),#1613);
#1615=IFCPROPERTYSINGLEVALUE('Ax',$,IFCLABEL('0.001'),$);
#1616=IFCPROPERTYSINGLEVALUE('Ay',$,IFCLABEL('0.001'),$);
#1617=IFCCOLUMN('04yowcatX5bBFcmEDBF6fP',$,$,$,$,#1638,#1628,$,$);
#1618=IFCCARTESIANPOINTLIST2D(((-200.,-200.),(200.,-200.),(200.,200.),(-200.,200.)));
#1619=IFCINDEXEDPOLYCURVE(#1618,(IFCLINEINDEX((1,2,3,4,1))),$);
#1620=IFCARBITRARYCLOSEDPROFILEDEF(.AREA.,'Arbitrary',#1619);
#1621=IFCCARTESIANPOINT((0.,0.,0.));
#1622=IFCDIRECTION((0.,0.,1.));
#1623=IFCDIRECTION((1.,0.,0.));
#1624=IFCAXIS2PLACEMENT3D(#1621,#1622,#1623);
#1625=IFCDIRECTION((0.,0.,1.));
#1626=IFCEXTRUDEDAREASOLID(#1620,#1624,#1625,3000.);
#1627=IFCSHAPEREPRESENTATION(#11,'Body','SweptSolid',(#1626));
#1628=IFCPRODUCTDEFINITIONSHAPE($,$,(#1627));
#1634=IFCCARTESIANPOINT((0.,18000.,9000.));
#1635=IFCDIRECTION((0.,0.,1.));
#1636=IFCDIRECTION((1.,0.,0.));
#1637=IFCAXIS2PLACEMENT3D(#1634,#1635,#1636);
#1638=IFCLOCALPLACEMENT($,#1637);
#1639=IFCPROPERTYSET('2wd0A5DOzFABlIcsbLcEYG',$,'Other',$,(#1641,#1642));
#1640=IFCRELDEFINESBYPROPERTIES('2LoB7pSJ17Vefm_CQySB9Z',$,$,$,(#1617),#1639);
#1641=IFCPROPERTYSINGLEVALUE('Ax',$,IFCLABEL('0.001'),$);
#1642=IFCPROPERTYSINGLEVALUE('Ay',$,IFCLABEL('0.001'),$);
#1643=IFCCOLUMN('0gJz$kS2nBbBq2oFdccz8E',$,$,$,$,#1664,#1654,$,$);
#1644=IFCCARTESIANPOINTLIST2D(((-200.,-200.),(200.,-200.),(200.,200.),(-200.,200.)));
#1645=IFCINDEXEDPOLYCURVE(#1644,(IFCLINEINDEX((1,2,3,4,1))),$);
#1646=IFCARBITRARYCLOSEDPROFILEDEF(.AREA.,'Arbitrary',#1645);
#1647=IFCCARTESIANPOINT((0.,0.,0.));
#1648=IFCDIRECTION((0.,0.,1.));
#1649=IFCDIRECTION((1.,0.,0.));
#1650=IFCAXIS2PLACEMENT3D(#1647,#1648,#1649);
#1651=IFCDIRECTION((0.,0.,1.));
#1652=IFCEXTRUDEDAREASOLID(#1646,#1650,#1651,3000.);
#1653=IFCSHAPEREPRESENTATION(#11,'Body','SweptSolid',(#1652));
#1654=IFCPRODUCTDEFINITIONSHAPE($,$,(#1653));
#1660=IFCCARTESIANPOINT((6000.,12000.,9000.));
#1661=IFCDIRECTION((0.,0.,1.));
#1662=IFCDIRECTION((1.,0.,0.));
#1663=IFCAXIS2PLACEMENT3D(#1660,#1661,#1662);
#1664=IFCLOCALPLACEMENT($,#1663);
#1665=IFCPROPERTYSET('083fOoEOj12AFEWdSFgT4$',$,'Other',$,(#1667,#1668));
#1666=IFCRELDEFINESBYPROPERTIES('1EjP1gIdT1CRKAsFsySWDk',$,$,$,(#1643),#1665);
#1667=IFCPROPERTYSINGLEVALUE('Ax',$,IFCLABEL('0.001'),$);
#1668=IFCPROPERTYSINGLEVALUE('Ay',$,IFCLABEL('0.001'),$);
#1669=IFCCOLUMN('3wdL3ftsv2vQ_EBa8EKUFG',$,$,$,$,#1690,#1680,$,$);
#1670=IFCCARTESIANPOINTLIST2D(((-200.,-200.),(200.,-200.),(200.,200.),(-200.,200.)));
#1671=IFCINDEXEDPOLYCURVE(#1670,(IFCLINEINDEX((1,2,3,4,1))),$);
#1672=IFCARBITRARYCLOSEDPROFILEDEF(.AREA.,'Arbitrary',#1671);
#1673=IFCCARTESIANPOINT((0.,0.,0.));
#1674=IFCDIRECTION((0.,0.,1.));
#1675=IFCDIRECTION((1.,0.,0.));
#1676=IFCAXIS2PLACEMENT3D(#1673,#1674,#1675);
#1677=IFCDIRECTION((0.,0.,1.));
#1678=IFCEXTRUDEDAREASOLID(#1672,#1676,#1677,3000.);
#1679=IFCSHAPEREPRESENTATION(#11,'Body','SweptSolid',(#1678));
#1680=IFCPRODUCTDEFINITIONSHAPE($,$,(#1679));
#1686=IFCCARTESIANPOINT((6000.,18000.,9000.));
#1687=IFCDIRECTION((0.,0.,1.));
#1688=IFCDIRECTION((1.,0.,0.));
#1689=IFCAXIS2PLACEMENT3D(#1686,#1687,#1688);
#1690=IFCLOCALPLACEMENT($,#1689);
#1691=IFCPROPERTYSET('170RYuI4T6quobF$mKFMhs',$,'Other',$,(#1693,#1694));
#1692=IFCRELDEFINESBYPROPERTIES('3XXcDvu6fFt8wn_N0dKOOw',$,$,$,(#1669),#1691);
#1693=IFCPROPERTYSINGLEVALUE('Ax',$,IFCLABEL('0.001'),$);
#1694=IFCPROPERTYSINGLEVALUE('Ay',$,IFCLABEL('0.001'),$);
#1695=IFCCOLUMN('3ai7AEBIv5HOCjONiRrrpS',$,$,$,$,#1716,#1706,$,$);
#1696=IFCCARTESIANPOINTLIST2D(((-200.,-200.),(200.,-200.),(200.,200.),(-200.,200.)));
#1697=IFCINDEXEDPOLYCURVE(#1696,(IFCLINEINDEX((1,2,3,4,1))),$);
#1698=IFCARBITRARYCLOSEDPROFILEDEF(.AREA.,'Arbitrary',#1697);
#1699=IFCCARTESIANPOINT((0.,0.,0.));
#1700=IFCDIRECTION((0.,0.,1.));
#1701=IFCDIRECTION((1.,0.,0.));
#1702=IFCAXIS2PLACEMENT3D(#1699,#1700,#1701);
#1703=IFCDIRECTION((0.,0.,1.));
#1704=IFCEXTRUDEDAREASOLID(#1698,#1702,#1703,3000.);
#1705=IFCSHAPEREPRESENTATION(#11,'Body','SweptSolid',(#1704));
#1706=IFCPRODUCTDEFINITIONSHAPE($,$,(#1705));
#1712=IFCCARTESIANPOINT((12000.,12000.,9000.));
#1713=IFCDIRECTION((0.,0.,1.));
#1714=IFCDIRECTION((1.,0.,0.));
#1715=IFCAXIS2PLACEMENT3D(#1712,#1713,#1714);
#1716=IFCLOCALPLACEMENT($,#1715);
#1717=IFCPROPERTYSET('2zJ6Q6Y358mxMrQfYgNdpw',$,'Other',$,(#1719,#1720));
#1718=IFCRELDEFINESBYPROPERTIES('1vg8W9EzT4L8v5RoX8yrMM',$,$,$,(#1695),#1717);
#1719=IFCPROPERTYSINGLEVALUE('Ax',$,IFCLABEL('0.001'),$);
#1720=IFCPROPERTYSINGLEVALUE('Ay',$,IFCLABEL('0.001'),$);
#1721=IFCCOLUMN('1AJOOyw8v4BO_IoXSzc7iN',$,$,$,$,#1742,#1732,$,$);
#1722=IFCCARTESIANPOINTLIST2D(((-200.,-200.),(200.,-200.),(200.,200.),(-200.,200.)));
#1723=IFCINDEXEDPOLYCURVE(#1722,(IFCLINEINDEX((1,2,3,4,1))),$);
#1724=IFCARBITRARYCLOSEDPROFILEDEF(.AREA.,'Arbitrary',#1723);
#1725=IFCCARTESIANPOINT((0.,0.,0.));
#1726=IFCDIRECTION((0.,0.,1.));
#1727=IFCDIRECTION((1.,0.,0.));
#1728=IFCAXIS2PLACEMENT3D(#1725,#1726,#1727);
#1729=IFCDIRECTION((0.,0.,1.));
#1730=IFCEXTRUDEDAREASOLID(#1724,#1728,#1729,3000.);
#1731=IFCSHAPEREPRESENTATION(#11,'Body','SweptSolid',(#1730));
#1732=IFCPRODUCTDEFINITIONSHAPE($,$,(#1731));
#1738=IFCCARTESIANPOINT((12000.,18000.,9000.));
#1739=IFCDIRECTION((0.,0.,1.));
#1740=IFCDIRECTION((1.,0.,0.));
#1741=IFCAXIS2PLACEMENT3D(#1738,#1739,#1740);
#1742=IFCLOCALPLACEMENT($,#1741);
#1743=IFCPROPERTYSET('2g5NrLRLLA6B6c4PeigwrS',$,'Other',$,(#1745,#1746));
#1744=IFCRELDEFINESBYPROPERTIES('0QA53iwlXArRdBT$AORG_z',$,$,$,(#1721),#1743);
#1745=IFCPROPERTYSINGLEVALUE('Ax',$,IFCLABEL('0.001'),$);
#1746=IFCPROPERTYSINGLEVALUE('Ay',$,IFCLABEL('0.001'),$);
#1747=IFCCOLUMN('29GnaVu0H6rOCgNsQRfXqG',$,$,$,$,#1768,#1758,$,$);
#1748=IFCCARTESIANPOINTLIST2D(((-200.,-200.),(200.,-200.),(200.,200.),(-200.,200.)));
#1749=IFCINDEXEDPOLYCURVE(#1748,(IFCLINEINDEX((1,2,3,4,1))),$);
#1750=IFCARBITRARYCLOSEDPROFILEDEF(.AREA.,'Arbitrary',#1749);
#1751=IFCCARTESIANPOINT((0.,0.,0.));
#1752=IFCDIRECTION((0.,0.,1.));
#1753=IFCDIRECTION((1.,0.,0.));
#1754=IFCAXIS2PLACEMENT3D(#1751,#1752,#1753);
#1755=IFCDIRECTION((0.,0.,1.));
#1756=IFCEXTRUDEDAREASOLID(#1750,#1754,#1755,3000.);
#1757=IFCSHAPEREPRESENTATION(#11,'Body','SweptSolid',(#1756));
#1758=IFCPRODUCTDEFINITIONSHAPE($,$,(#1757));
#1764=IFCCARTESIANPOINT((18000.,12000.,9000.));
#1765=IFCDIRECTION((0.,0.,1.));
#1766=IFCDIRECTION((1.,0.,0.));
#1767=IFCAXIS2PLACEMENT3D(#1764,#1765,#1766);
#1768=IFCLOCALPLACEMENT($,#1767);
#1769=IFCPROPERTYSET('0Om8b3zevBgetuWOgtwF7n',$,'Other',$,(#1771,#1772));
#1770=IFCRELDEFINESBYPROPERTIES('0W7iXaazr8whfIL2DsBKxX',$,$,$,(#1747),#1769);
#1771=IFCPROPERTYSINGLEVALUE('Ax',$,IFCLABEL('0.001'),$);
#1772=IFCPROPERTYSINGLEVALUE('Ay',$,IFCLABEL('0.001'),$);
#1773=IFCCOLUMN('1EdxEzF2rDDhbvbkE3ncJ9',$,$,$,$,#1794,#1784,$,$);
#1774=IFCCARTESIANPOINTLIST2D(((-200.,-200.),(200.,-200.),(200.,200.),(-200.,200.)));
#1775=IFCINDEXEDPOLYCURVE(#1774,(IFCLINEINDEX((1,2,3,4,1))),$);
#1776=IFCARBITRARYCLOSEDPROFILEDEF(.AREA.,'Arbitrary',#1775);
#1777=IFCCARTESIANPOINT((0.,0.,0.));
#1778=IFCDIRECTION((0.,0.,1.));
#1779=IFCDIRECTION((1.,0.,0.));
#1780=IFCAXIS2PLACEMENT3D(#1777,#1778,#1779);
#1781=IFCDIRECTION((0.,0.,1.));
#1782=IFCEXTRUDEDAREASOLID(#1776,#1780,#1781,3000.);
#1783=IFCSHAPEREPRESENTATION(#11,'Body','SweptSolid',(#1782));
#1784=IFCPRODUCTDEFINITIONSHAPE($,$,(#1783));
#1790=IFCCARTESIANPOINT((18000.,18000.,9000.));
#1791=IFCDIRECTION((0.,0.,1.));
#1792=IFCDIRECTION((1.,0.,0.));
#1793=IFCAXIS2PLACEMENT3D(#1790,#1791,#1792);
#1794=IFCLOCALPLACEMENT($,#1793);
#1795=IFCPROPERTYSET('2XgWtq4Sr3dPug0$Dt1ULK',$,'Other',$,(#1797,#1798));
#1796=IFCRELDEFINESBYPROPERTIES('2JYhltniz1IxmINDdWHzai',$,$,$,(#1773),#1795);
#1797=IFCPROPERTYSINGLEVALUE('Ax',$,IFCLABEL('0.001'),$);
#1798=IFCPROPERTYSINGLEVALUE('Ay',$,IFCLABEL('0.001'),$);
#1799=IFCCOLUMN('17eonvu9LArfMytye3Ga3C',$,$,$,$,#1820,#1810,$,$);
#1800=IFCCARTESIANPOINTLIST2D(((-200.,-200.),(200.,-200.),(200.,200.),(-200.,200.)));
#1801=IFCINDEXEDPOLYCURVE(#1800,(IFCLINEINDEX((1,2,3,4,1))),$);
#1802=IFCARBITRARYCLOSEDPROFILEDEF(.AREA.,'Arbitrary',#1801);
#1803=IFCCARTESIANPOINT((0.,0.,0.));
#1804=IFCDIRECTION((0.,0.,1.));
#1805=IFCDIRECTION((1.,0.,0.));
#1806=IFCAXIS2PLACEMENT3D(#1803,#1804,#1805);
#1807=IFCDIRECTION((0.,0.,1.));
#1808=IFCEXTRUDEDAREASOLID(#1802,#1806,#1807,3000.);
#1809=IFCSHAPEREPRESENTATION(#11,'Body','SweptSolid',(#1808));
#1810=IFCPRODUCTDEFINITIONSHAPE($,$,(#1809));
#1816=IFCCARTESIANPOINT((24000.,18000.,9000.));
#1817=IFCDIRECTION((0.,0.,1.));
#1818=IFCDIRECTION((1.,0.,0.));
#1819=IFCAXIS2PLACEMENT3D(#1816,#1817,#1818);
#1820=IFCLOCALPLACEMENT($,#1819);
#1821=IFCPROPERTYSET('2dmqbR$_98Gfa2kzHe7Lxz',$,'Other',$,(#1823,#1824));
#1822=IFCRELDEFINESBYPROPERTIES('1evLcJygfDBguH4pTt7FQZ',$,$,$,(#1799),#1821);
#1823=IFCPROPERTYSINGLEVALUE('Ax',$,IFCLABEL('0.001'),$);
#1824=IFCPROPERTYSINGLEVALUE('Ay',$,IFCLABEL('0.001'),$);
#1825=IFCCOLUMN('0fagXRnAP9bB$4MNjakqqv',$,$,$,$,#1846,#1836,$,$);
#1826=IFCCARTESIANPOINTLIST2D(((-200.,-200.),(200.,-200.),(200.,200.),(-200.,200.)));
#1827=IFCINDEXEDPOLYCURVE(#1826,(IFCLINEINDEX((1,2,3,4,1))),$);
#1828=IFCARBITRARYCLOSEDPROFILEDEF(.AREA.,'Arbitrary',#1827);
#1829=IFCCARTESIANPOINT((0.,0.,0.));
#1830=IFCDIRECTION((0.,0.,1.));
#1831=IFCDIRECTION((1.,0.,0.));
#1832=IFCAXIS2PLACEMENT3D(#1829,#1830,#1831);
#1833=IFCDIRECTION((0.,0.,1.));
#1834=IFCEXTRUDEDAREASOLID(#1828,#1832,#1833,3000.);
#1835=IFCSHAPEREPRESENTATION(#11,'Body','SweptSolid',(#1834));
#1836=IFCPRODUCTDEFINITIONSHAPE($,$,(#1835));
#1842=IFCCARTESIANPOINT((30000.,18000.,9000.));
#1843=IFCDIRECTION((0.,0.,1.));
#1844=IFCDIRECTION((1.,0.,0.));
#1845=IFCAXIS2PLACEMENT3D(#1842,#1843,#1844);
#1846=IFCLOCALPLACEMENT($,#1845);
#1847=IFCPROPERTYSET('2$kTT7_frEM85lKreGhePr',$,'Other',$,(#1849,#1850));
#1848=IFCRELDEFINESBYPROPERTIES('2IrUCmuDH8Dx3odBNkVYnY',$,$,$,(#1825),#1847);
#1849=IFCPROPERTYSINGLEVALUE('Ax',$,IFCLABEL('0.001'),$);
#1850=IFCPROPERTYSINGLEVALUE('Ay',$,IFCLABEL('0.001'),$);
#1851=IFCCOLUMN('3zg39P1inFFAWass4uh4ZN',$,$,$,$,#1872,#1862,$,$);
#1852=IFCCARTESIANPOINTLIST2D(((-200.,-200.),(200.,-200.),(200.,200.),(-200.,200.)));
#1853=IFCINDEXEDPOLYCURVE(#1852,(IFCLINEINDEX((1,2,3,4,1))),$);
#1854=IFCARBITRARYCLOSEDPROFILEDEF(.AREA.,'Arbitrary',#1853);
#1855=IFCCARTESIANPOINT((0.,0.,0.));
#1856=IFCDIRECTION((0.,0.,1.));
#1857=IFCDIRECTION((1.,0.,0.));
#1858=IFCAXIS2PLACEMENT3D(#1855,#1856,#1857);
#1859=IFCDIRECTION((0.,0.,1.));
#1860=IFCEXTRUDEDAREASOLID(#1854,#1858,#1859,3000.);
#1861=IFCSHAPEREPRESENTATION(#11,'Body','SweptSolid',(#1860));
#1862=IFCPRODUCTDEFINITIONSHAPE($,$,(#1861));
#1868=IFCCARTESIANPOINT((18000.,0.,9000.));
#1869=IFCDIRECTION((0.,0.,1.));
#1870=IFCDIRECTION((1.,0.,0.));
#1871=IFCAXIS2PLACEMENT3D(#1868,#1869,#1870);
#1872=IFCLOCALPLACEMENT($,#1871);
#1873=IFCPROPERTYSET('2LApIE3Tf0exPhZxR7SNaQ',$,'Other',$,(#1875,#1876));
#1874=IFCRELDEFINESBYPROPERTIES('24rj9pp9zAqv8GAuKS8mIC',$,$,$,(#1851),#1873);
#1875=IFCPROPERTYSINGLEVALUE('Ax',$,IFCLABEL('0.001'),$);
#1876=IFCPROPERTYSINGLEVALUE('Ay',$,IFCLABEL('0.001'),$);
#1877=IFCCOLUMN('2chRADzW96qQMSaXlmjTJK',$,$,$,$,#1898,#1888,$,$);
#1878=IFCCARTESIANPOINTLIST2D(((-200.,-200.),(200.,-200.),(200.,200.),(-200.,200.)));
#1879=IFCINDEXEDPOLYCURVE(#1878,(IFCLINEINDEX((1,2,3,4,1))),$);
#1880=IFCARBITRARYCLOSEDPROFILEDEF(.AREA.,'Arbitrary',#1879);
#1881=IFCCARTESIANPOINT((0.,0.,0.));
#1882=IFCDIRECTION((0.,0.,1.));
#1883=IFCDIRECTION((1.,0.,0.));
#1884=IFCAXIS2PLACEMENT3D(#1881,#1882,#1883);
#1885=IFCDIRECTION((0.,0.,1.));
#1886=IFCEXTRUDEDAREASOLID(#1880,#1884,#1885,3000.);
#1887=IFCSHAPEREPRESENTATION(#11,'Body','SweptSolid',(#1886));
#1888=IFCPRODUCTDEFINITIONSHAPE($,$,(#1887));
#1894=IFCCARTESIANPOINT((18000.,6000.,9000.));
#1895=IFCDIRECTION((0.,0.,1.));
#1896=IFCDIRECTION((1.,0.,0.));
#1897=IFCAXIS2PLACEMENT3D(#1894,#1895,#1896);
#1898=IFCLOCALPLACEMENT($,#1897);
#1899=IFCPROPERTYSET('1JY3OSJDb5Ae7godmGj$GC',$,'Other',$,(#1901,#1902));
#1900=IFCRELDEFINESBYPROPERTIES('27SYdhrKTFiQVzIAuchyca',$,$,$,(#1877),#1899);
#1901=IFCPROPERTYSINGLEVALUE('Ax',$,IFCLABEL('0.001'),$);
#1902=IFCPROPERTYSINGLEVALUE('Ay',$,IFCLABEL('0.001'),$);
#1903=IFCCOLUMN('00KZUb0DL6MRiphmz18W2d',$,$,$,$,#1924,#1914,$,$);
#1904=IFCCARTESIANPOINTLIST2D(((-200.,-200.),(200.,-200.),(200.,200.),(-200.,200.)));
#1905=IFCINDEXEDPOLYCURVE(#1904,(IFCLINEINDEX((1,2,3,4,1))),$);
#1906=IFCARBITRARYCLOSEDPROFILEDEF(.AREA.,'Arbitrary',#1905);
#1907=IFCCARTESIANPOINT((0.,0.,0.));
#1908=IFCDIRECTION((0.,0.,1.));
#1909=IFCDIRECTION((1.,0.,0.));
#1910=IFCAXIS2PLACEMENT3D(#1907,#1908,#1909);
#1911=IFCDIRECTION((0.,0.,1.));
#1912=IFCEXTRUDEDAREASOLID(#1906,#1910,#1911,3000.);
#1913=IFCSHAPEREPRESENTATION(#11,'Body','SweptSolid',(#1912));
#1914=IFCPRODUCTDEFINITIONSHAPE($,$,(#1913));
#1920=IFCCARTESIANPOINT((24000.,6000.,9000.));
#1921=IFCDIRECTION((0.,0.,1.));
#1922=IFCDIRECTION((1.,0.,0.));
#1923=IFCAXIS2PLACEMENT3D(#1920,#1921,#1922);
#1924=IFCLOCALPLACEMENT($,#1923);
#1925=IFCPROPERTYSET('2l_bd50jD4VeejE4KobB3E',$,'Other',$,(#1927,#1928));
#1926=IFCRELDEFINESBYPROPERTIES('2huUQS4zf1OeAQdfoHqIRl',$,$,$,(#1903),#1925);
#1927=IFCPROPERTYSINGLEVALUE('Ax',$,IFCLABEL('0.001'),$);
#1928=IFCPROPERTYSINGLEVALUE('Ay',$,IFCLABEL('0.001'),$);
#1929=IFCCOLUMN('0clE3Nd8L8VhQnql2IldTL',$,$,$,$,#1950,#1940,$,$);
#1930=IFCCARTESIANPOINTLIST2D(((-200.,-200.),(200.,-200.),(200.,200.),(-200.,200.)));
#1931=IFCINDEXEDPOLYCURVE(#1930,(IFCLINEINDEX((1,2,3,4,1))),$);
#1932=IFCARBITRARYCLOSEDPROFILEDEF(.AREA.,'Arbitrary',#1931);
#1933=IFCCARTESIANPOINT((0.,0.,0.));
#1934=IFCDIRECTION((0.,0.,1.));
#1935=IFCDIRECTION((1.,0.,0.));
#1936=IFCAXIS2PLACEMENT3D(#1933,#1934,#1935);
#1937=IFCDIRECTION((0.,0.,1.));
#1938=IFCEXTRUDEDAREASOLID(#1932,#1936,#1937,3000.);
#1939=IFCSHAPEREPRESENTATION(#11,'Body','SweptSolid',(#1938));
#1940=IFCPRODUCTDEFINITIONSHAPE($,$,(#1939));
#1946=IFCCARTESIANPOINT((12000.,0.,9000.));
#1947=IFCDIRECTION((0.,0.,1.));
#1948=IFCDIRECTION((1.,0.,0.));
#1949=IFCAXIS2PLACEMENT3D(#1946,#1947,#1948);
#1950=IFCLOCALPLACEMENT($,#1949);
#1951=IFCPROPERTYSET('2nEbbgebD90fBmuhmT23P4',$,'Other',$,(#1953,#1954));
#1952=IFCRELDEFINESBYPROPERTIES('3zieXj4xn8186A8T76O0su',$,$,$,(#1929),#1951);
#1953=IFCPROPERTYSINGLEVALUE('Ax',$,IFCLABEL('0.001'),$);
#1954=IFCPROPERTYSINGLEVALUE('Ay',$,IFCLABEL('0.001'),$);
#1955=IFCCOLUMN('0DtC39_bTF3v0vfm2lL83u',$,$,$,$,#1976,#1966,$,$);
#1956=IFCCARTESIANPOINTLIST2D(((-200.,-200.),(200.,-200.),(200.,200.),(-200.,200.)));
#1957=IFCINDEXEDPOLYCURVE(#1956,(IFCLINEINDEX((1,2,3,4,1))),$);
#1958=IFCARBITRARYCLOSEDPROFILEDEF(.AREA.,'Arbitrary',#1957);
#1959=IFCCARTESIANPOINT((0.,0.,0.));
#1960=IFCDIRECTION((0.,0.,1.));
#1961=IFCDIRECTION((1.,0.,0.));
#1962=IFCAXIS2PLACEMENT3D(#1959,#1960,#1961);
#1963=IFCDIRECTION((0.,0.,1.));
#1964=IFCEXTRUDEDAREASOLID(#1958,#1962,#1963,3000.);
#1965=IFCSHAPEREPRESENTATION(#11,'Body','SweptSolid',(#1964));
#1966=IFCPRODUCTDEFINITIONSHAPE($,$,(#1965));
#1972=IFCCARTESIANPOINT((12000.,6000.,9000.));
#1973=IFCDIRECTION((0.,0.,1.));
#1974=IFCDIRECTION((1.,0.,0.));
#1975=IFCAXIS2PLACEMENT3D(#1972,#1973,#1974);
#1976=IFCLOCALPLACEMENT($,#1975);
#1977=IFCPROPERTYSET('3qDgpgldLA2u2pcMI5vVPJ',$,'Other',$,(#1979,#1980));
#1978=IFCRELDEFINESBYPROPERTIES('1IT01fsrbDg8kUEZm1UVvr',$,$,$,(#1955),#1977);
#1979=IFCPROPERTYSINGLEVALUE('Ax',$,IFCLABEL('0.001'),$);
#1980=IFCPROPERTYSINGLEVALUE('Ay',$,IFCLABEL('0.001'),$);
#1981=IFCCOLUMN('1x5JsZPGH9uRUohPUMtWWe',$,$,$,$,#2002,#1992,$,$);
#1982=IFCCARTESIANPOINTLIST2D(((-200.,-200.),(200.,-200.),(200.,200.),(-200.,200.)));
#1983=IFCINDEXEDPOLYCURVE(#1982,(IFCLINEINDEX((1,2,3,4,1))),$);
#1984=IFCARBITRARYCLOSEDPROFILEDEF(.AREA.,'Arbitrary',#1983);
#1985=IFCCARTESIANPOINT((0.,0.,0.));
#1986=IFCDIRECTION((0.,0.,1.));
#1987=IFCDIRECTION((1.,0.,0.));
#1988=IFCAXIS2PLACEMENT3D(#1985,#1986,#1987);
#1989=IFCDIRECTION((0.,0.,1.));
#1990=IFCEXTRUDEDAREASOLID(#1984,#1988,#1989,3000.);
#1991=IFCSHAPEREPRESENTATION(#11,'Body','SweptSolid',(#1990));
#1992=IFCPRODUCTDEFINITIONSHAPE($,$,(#1991));
#1998=IFCCARTESIANPOINT((0.,12000.,6000.));
#1999=IFCDIRECTION((0.,0.,1.));
#2000=IFCDIRECTION((1.,0.,0.));
#2001=IFCAXIS2PLACEMENT3D(#1998,#1999,#2000);
#2002=IFCLOCALPLACEMENT($,#2001);
#2003=IFCPROPERTYSET('2vqKJF7v55z8m$nksWqTH$',$,'Other',$,(#2005,#2006));
#2004=IFCRELDEFINESBYPROPERTIES('30jX1w7Qj4KOaS3HXwGSIz',$,$,$,(#1981),#2003);
#2005=IFCPROPERTYSINGLEVALUE('Ax',$,IFCLABEL('0.001'),$);
#2006=IFCPROPERTYSINGLEVALUE('Ay',$,IFCLABEL('0.001'),$);
#2007=IFCCOLUMN('2sRxvFoEDFqOQcw28u1cNa',$,$,$,$,#2028,#2018,$,$);
#2008=IFCCARTESIANPOINTLIST2D(((-200.,-200.),(200.,-200.),(200.,200.),(-200.,200.)));
#2009=IFCINDEXEDPOLYCURVE(#2008,(IFCLINEINDEX((1,2,3,4,1))),$);
#2010=IFCARBITRARYCLOSEDPROFILEDEF(.AREA.,'Arbitrary',#2009);
#2011=IFCCARTESIANPOINT((0.,0.,0.));
#2012=IFCDIRECTION((0.,0.,1.));
#2013=IFCDIRECTION((1.,0.,0.));
#2014=IFCAXIS2PLACEMENT3D(#2011,#2012,#2013);
#2015=IFCDIRECTION((0.,0.,1.));
#2016=IFCEXTRUDEDAREASOLID(#2010,#2014,#2015,3000.);
#2017=IFCSHAPEREPRESENTATION(#11,'Body','SweptSolid',(#2016));
#2018=IFCPRODUCTDEFINITIONSHAPE($,$,(#2017));
#2024=IFCCARTESIANPOINT((0.,18000.,6000.));
#2025=IFCDIRECTION((0.,0.,1.));
#2026=IFCDIRECTION((1.,0.,0.));
#2027=IFCAXIS2PLACEMENT3D(#2024,#2025,#2026);
#2028=IFCLOCALPLACEMENT($,#2027);
#2029=IFCPROPERTYSET('0GXUwZFXf8efnpouHiGKKZ',$,'Other',$,(#2031,#2032));
#2030=IFCRELDEFINESBYPROPERTIES('15o7GUvqv1gPAk0DdJcb1V',$,$,$,(#2007),#2029);
#2031=IFCPROPERTYSINGLEVALUE('Ax',$,IFCLABEL('0.001'),$);
#2032=IFCPROPERTYSINGLEVALUE('Ay',$,IFCLABEL('0.001'),$);
#2033=IFCCOLUMN('2Ijz1OD7X01uRK_JfM3Ac1',$,$,$,$,#2054,#2044,$,$);
#2034=IFCCARTESIANPOINTLIST2D(((-200.,-200.),(200.,-200.),(200.,200.),(-200.,200.)));
#2035=IFCINDEXEDPOLYCURVE(#2034,(IFCLINEINDEX((1,2,3,4,1))),$);
#2036=IFCARBITRARYCLOSEDPROFILEDEF(.AREA.,'Arbitrary',#2035);
#2037=IFCCARTESIANPOINT((0.,0.,0.));
#2038=IFCDIRECTION((0.,0.,1.));
#2039=IFCDIRECTION((1.,0.,0.));
#2040=IFCAXIS2PLACEMENT3D(#2037,#2038,#2039);
#2041=IFCDIRECTION((0.,0.,1.));
#2042=IFCEXTRUDEDAREASOLID(#2036,#2040,#2041,3000.);
#2043=IFCSHAPEREPRESENTATION(#11,'Body','SweptSolid',(#2042));
#2044=IFCPRODUCTDEFINITIONSHAPE($,$,(#2043));
#2050=IFCCARTESIANPOINT((6000.,12000.,6000.));
#2051=IFCDIRECTION((0.,0.,1.));
#2052=IFCDIRECTION((1.,0.,0.));
#2053=IFCAXIS2PLACEMENT3D(#2050,#2051,#2052);
#2054=IFCLOCALPLACEMENT($,#2053);
#2055=IFCPROPERTYSET('0E5xUG5U1F8BFa0En2tmve',$,'Other',$,(#2057,#2058));
#2056=IFCRELDEFINESBYPROPERTIES('2IXe158xjDbvTC8nhSVrlh',$,$,$,(#2033),#2055);
#2057=IFCPROPERTYSINGLEVALUE('Ax',$,IFCLABEL('0.001'),$);
#2058=IFCPROPERTYSINGLEVALUE('Ay',$,IFCLABEL('0.001'),$);
#2059=IFCCOLUMN('3jHpORsRL7zxsEvmqzJRZe',$,$,$,$,#2080,#2070,$,$);
#2060=IFCCARTESIANPOINTLIST2D(((-200.,-200.),(200.,-200.),(200.,200.),(-200.,200.)));
#2061=IFCINDEXEDPOLYCURVE(#2060,(IFCLINEINDEX((1,2,3,4,1))),$);
#2062=IFCARBITRARYCLOSEDPROFILEDEF(.AREA.,'Arbitrary',#2061);
#2063=IFCCARTESIANPOINT((0.,0.,0.));
#2064=IFCDIRECTION((0.,0.,1.));
#2065=IFCDIRECTION((1.,0.,0.));
#2066=IFCAXIS2PLACEMENT3D(#2063,#2064,#2065);
#2067=IFCDIRECTION((0.,0.,1.));
#2068=IFCEXTRUDEDAREASOLID(#2062,#2066,#2067,3000.);
#2069=IFCSHAPEREPRESENTATION(#11,'Body','SweptSolid',(#2068));
#2070=IFCPRODUCTDEFINITIONSHAPE($,$,(#2069));
#2076=IFCCARTESIANPOINT((6000.,18000.,6000.));
#2077=IFCDIRECTION((0.,0.,1.));
#2078=IFCDIRECTION((1.,0.,0.));
#2079=IFCAXIS2PLACEMENT3D(#2076,#2077,#2078);
#2080=IFCLOCALPLACEMENT($,#2079);
#2081=IFCPROPERTYSET('3_sXN_QKz8ZvgW6$Sa1KCc',$,'Other',$,(#2083,#2084));
#2082=IFCRELDEFINESBYPROPERTIES('2JCx2Gr5fAegq14kAdOQJ3',$,$,$,(#2059),#2081);
#2083=IFCPROPERTYSINGLEVALUE('Ax',$,IFCLABEL('0.001'),$);
#2084=IFCPROPERTYSINGLEVALUE('Ay',$,IFCLABEL('0.001'),$);
#2085=IFCCOLUMN('16ZyN7RjTF790tIyDmBSdW',$,$,$,$,#2106,#2096,$,$);
#2086=IFCCARTESIANPOINTLIST2D(((-200.,-200.),(200.,-200.),(200.,200.),(-200.,200.)));
#2087=IFCINDEXEDPOLYCURVE(#2086,(IFCLINEINDEX((1,2,3,4,1))),$);
#2088=IFCARBITRARYCLOSEDPROFILEDEF(.AREA.,'Arbitrary',#2087);
#2089=IFCCARTESIANPOINT((0.,0.,0.));
#2090=IFCDIRECTION((0.,0.,1.));
#2091=IFCDIRECTION((1.,0.,0.));
#2092=IFCAXIS2PLACEMENT3D(#2089,#2090,#2091);
#2093=IFCDIRECTION((0.,0.,1.));
#2094=IFCEXTRUDEDAREASOLID(#2088,#2092,#2093,3000.);
#2095=IFCSHAPEREPRESENTATION(#11,'Body','SweptSolid',(#2094));
#2096=IFCPRODUCTDEFINITIONSHAPE($,$,(#2095));
#2102=IFCCARTESIANPOINT((12000.,12000.,6000.));
#2103=IFCDIRECTION((0.,0.,1.));
#2104=IFCDIRECTION((1.,0.,0.));
#2105=IFCAXIS2PLACEMENT3D(#2102,#2103,#2104);
#2106=IFCLOCALPLACEMENT($,#2105);
#2107=IFCPROPERTYSET('06P9_1llH56QehqRgE_EcZ',$,'Other',$,(#2109,#2110));
#2108=IFCRELDEFINESBYPROPERTIES('3u5tMh$U9FNBll_CAF3UO$',$,$,$,(#2085),#2107);
#2109=IFCPROPERTYSINGLEVALUE('Ax',$,IFCLABEL('0.001'),$);
#2110=IFCPROPERTYSINGLEVALUE('Ay',$,IFCLABEL('0.001'),$);
#2111=IFCCOLUMN('0rkJURndPERQP$c7CVOpci',$,$,$,$,#2132,#2122,$,$);
#2112=IFCCARTESIANPOINTLIST2D(((-200.,-200.),(200.,-200.),(200.,200.),(-200.,200.)));
#2113=IFCINDEXEDPOLYCURVE(#2112,(IFCLINEINDEX((1,2,3,4,1))),$);
#2114=IFCARBITRARYCLOSEDPROFILEDEF(.AREA.,'Arbitrary',#2113);
#2115=IFCCARTESIANPOINT((0.,0.,0.));
#2116=IFCDIRECTION((0.,0.,1.));
#2117=IFCDIRECTION((1.,0.,0.));
#2118=IFCAXIS2PLACEMENT3D(#2115,#2116,#2117);
#2119=IFCDIRECTION((0.,0.,1.));
#2120=IFCEXTRUDEDAREASOLID(#2114,#2118,#2119,3000.);
#2121=IFCSHAPEREPRESENTATION(#11,'Body','SweptSolid',(#2120));
#2122=IFCPRODUCTDEFINITIONSHAPE($,$,(#2121));
#2128=IFCCARTESIANPOINT((12000.,18000.,6000.));
#2129=IFCDIRECTION((0.,0.,1.));
#2130=IFCDIRECTION((1.,0.,0.));
#2131=IFCAXIS2PLACEMENT3D(#2128,#2129,#2130);
#2132=IFCLOCALPLACEMENT($,#2131);
#2133=IFCPROPERTYSET('3KQ9fiRKz1QxcSC6lBq3S_',$,'Other',$,(#2135,#2136));
#2134=IFCRELDEFINESBYPROPERTIES('22EiTCFnPEee749oN2zDbf',$,$,$,(#2111),#2133);
#2135=IFCPROPERTYSINGLEVALUE('Ax',$,IFCLABEL('0.001'),$);
#2136=IFCPROPERTYSINGLEVALUE('Ay',$,IFCLABEL('0.001'),$);
#2137=IFCCOLUMN('27Z8ROqg98WeqgO4EEsZrA',$,$,$,$,#2158,#2148,$,$);
#2138=IFCCARTESIANPOINTLIST2D(((-200.,-200.),(200.,-200.),(200.,200.),(-200.,200.)));
#2139=IFCINDEXEDPOLYCURVE(#2138,(IFCLINEINDEX((1,2,3,4,1))),$);
#2140=IFCARBITRARYCLOSEDPROFILEDEF(.AREA.,'Arbitrary',#2139);
#2141=IFCCARTESIANPOINT((0.,0.,0.));
#2142=IFCDIRECTION((0.,0.,1.));
#2143=IFCDIRECTION((1.,0.,0.));
#2144=IFCAXIS2PLACEMENT3D(#2141,#2142,#2143);
#2145=IFCDIRECTION((0.,0.,1.));
#2146=IFCEXTRUDEDAREASOLID(#2140,#2144,#2145,3000.);
#2147=IFCSHAPEREPRESENTATION(#11,'Body','SweptSolid',(#2146));
#2148=IFCPRODUCTDEFINITIONSHAPE($,$,(#2147));
#2154=IFCCARTESIANPOINT((18000.,12000.,6000.));
#2155=IFCDIRECTION((0.,0.,1.));
#2156=IFCDIRECTION((1.,0.,0.));
#2157=IFCAXIS2PLACEMENT3D(#2154,#2155,#2156);
#2158=IFCLOCALPLACEMENT($,#2157);
#2159=IFCPROPERTYSET('0v2Bvr0mzAOfMam4adJAv1',$,'Other',$,(#2161,#2162));
#2160=IFCRELDEFINESBYPROPERTIES('2kG7HwGa9ACh_j7fHOp$O0',$,$,$,(#2137),#2159);
#2161=IFCPROPERTYSINGLEVALUE('Ax',$,IFCLABEL('0.001'),$);
#2162=IFCPROPERTYSINGLEVALUE('Ay',$,IFCLABEL('0.001'),$);
#2163=IFCCOLUMN('0x87JrV0H66wDTI$r$4oxW',$,$,$,$,#2184,#2174,$,$);
#2164=IFCCARTESIANPOINTLIST2D(((-200.,-200.),(200.,-200.),(200.,200.),(-200.,200.)));
#2165=IFCINDEXEDPOLYCURVE(#2164,(IFCLINEINDEX((1,2,3,4,1))),$);
#2166=IFCARBITRARYCLOSEDPROFILEDEF(.AREA.,'Arbitrary',#2165);
#2167=IFCCARTESIANPOINT((0.,0.,0.));
#2168=IFCDIRECTION((0.,0.,1.));
#2169=IFCDIRECTION((1.,0.,0.));
#2170=IFCAXIS2PLACEMENT3D(#2167,#2168,#2169);
#2171=IFCDIRECTION((0.,0.,1.));
#2172=IFCEXTRUDEDAREASOLID(#2166,#2170,#2171,3000.);
#2173=IFCSHAPEREPRESENTATION(#11,'Body','SweptSolid',(#2172));
#2174=IFCPRODUCTDEFINITIONSHAPE($,$,(#2173));
#2180=IFCCARTESIANPOINT((18000.,18000.,6000.));
#2181=IFCDIRECTION((0.,0.,1.));
#2182=IFCDIRECTION((1.,0.,0.));
#2183=IFCAXIS2PLACEMENT3D(#2180,#2181,#2182);
#2184=IFCLOCALPLACEMENT($,#2183);
#2185=IFCPROPERTYSET('1QS09mOKn4hBhODmZOLSJ3',$,'Other',$,(#2187,#2188));
#2186=IFCRELDEFINESBYPROPERTIES('2eUYGL1qT3jgoo3f5R6EoR',$,$,$,(#2163),#2185);
#2187=IFCPROPERTYSINGLEVALUE('Ax',$,IFCLABEL('0.001'),$);
#2188=IFCPROPERTYSINGLEVALUE('Ay',$,IFCLABEL('0.001'),$);
#2189=IFCCOLUMN('0evSFQ_pv3QRPmVG0ODrEm',$,$,$,$,#2210,#2200,$,$);
#2190=IFCCARTESIANPOINTLIST2D(((-200.,-200.),(200.,-200.),(200.,200.),(-200.,200.)));
#2191=IFCINDEXEDPOLYCURVE(#2190,(IFCLINEINDEX((1,2,3,4,1))),$);
#2192=IFCARBITRARYCLOSEDPROFILEDEF(.AREA.,'Arbitrary',#2191);
#2193=IFCCARTESIANPOINT((0.,0.,0.));
#2194=IFCDIRECTION((0.,0.,1.));
#2195=IFCDIRECTION((1.,0.,0.));
#2196=IFCAXIS2PLACEMENT3D(#2193,#2194,#2195);
#2197=IFCDIRECTION((0.,0.,1.));
#2198=IFCEXTRUDEDAREASOLID(#2192,#2196,#2197,3000.);
#2199=IFCSHAPEREPRESENTATION(#11,'Body','SweptSolid',(#2198));
#2200=IFCPRODUCTDEFINITIONSHAPE($,$,(#2199));
#2206=IFCCARTESIANPOINT((24000.,18000.,6000.));
#2207=IFCDIRECTION((0.,0.,1.));
#2208=IFCDIRECTION((1.,0.,0.));
#2209=IFCAXIS2PLACEMENT3D(#2206,#2207,#2208);
#2210=IFCLOCALPLACEMENT($,#2209);
#2211=IFCPROPERTYSET('3eOpK1AY12dgjdxoQ5KSYl',$,'Other',$,(#2213,#2214));
#2212=IFCRELDEFINESBYPROPERTIES('02i$09YCDAbelna_weDmi6',$,$,$,(#2189),#2211);
#2213=IFCPROPERTYSINGLEVALUE('Ax',$,IFCLABEL('0.001'),$);
#2214=IFCPROPERTYSINGLEVALUE('Ay',$,IFCLABEL('0.001'),$);
#2215=IFCCOLUMN('3ByecMqWT8C9JG$hESx5ru',$,$,$,$,#2236,#2226,$,$);
#2216=IFCCARTESIANPOINTLIST2D(((-200.,-200.),(200.,-200.),(200.,200.),(-200.,200.)));
#2217=IFCINDEXEDPOLYCURVE(#2216,(IFCLINEINDEX((1,2,3,4,1))),$);
#2218=IFCARBITRARYCLOSEDPROFILEDEF(.AREA.,'Arbitrary',#2217);
#2219=IFCCARTESIANPOINT((0.,0.,0.));
#2220=IFCDIRECTION((0.,0.,1.));
#2221=IFCDIRECTION((1.,0.,0.));
#2222=IFCAXIS2PLACEMENT3D(#2219,#2220,#2221);
#2223=IFCDIRECTION((0.,0.,1.));
#2224=IFCEXTRUDEDAREASOLID(#2218,#2222,#2223,3000.);
#2225=IFCSHAPEREPRESENTATION(#11,'Body','SweptSolid',(#2224));
#2226=IFCPRODUCTDEFINITIONSHAPE($,$,(#2225));
#2232=IFCCARTESIANPOINT((30000.,18000.,6000.));
#2233=IFCDIRECTION((0.,0.,1.));
#2234=IFCDIRECTION((1.,0.,0.));
#2235=IFCAXIS2PLACEMENT3D(#2232,#2233,#2234);
#2236=IFCLOCALPLACEMENT($,#2235);
#2237=IFCPROPERTYSET('3nEHD9Z21C58BIf9UnsnlU',$,'Other',$,(#2239,#2240));
#2238=IFCRELDEFINESBYPROPERTIES('1yoHpwu$vBaAfXAhM2Z3TG',$,$,$,(#2215),#2237);
#2239=IFCPROPERTYSINGLEVALUE('Ax',$,IFCLABEL('0.001'),$);
#2240=IFCPROPERTYSINGLEVALUE('Ay',$,IFCLABEL('0.001'),$);
#2241=IFCCOLUMN('3bTcjbRrL7eRd4J54XUpiK',$,$,$,$,#2262,#2252,$,$);
#2242=IFCCARTESIANPOINTLIST2D(((-200.,-200.),(200.,-200.),(200.,200.),(-200.,200.)));
#2243=IFCINDEXEDPOLYCURVE(#2242,(IFCLINEINDEX((1,2,3,4,1))),$);
#2244=IFCARBITRARYCLOSEDPROFILEDEF(.AREA.,'Arbitrary',#2243);
#2245=IFCCARTESIANPOINT((0.,0.,0.));
#2246=IFCDIRECTION((0.,0.,1.));
#2247=IFCDIRECTION((1.,0.,0.));
#2248=IFCAXIS2PLACEMENT3D(#2245,#2246,#2247);
#2249=IFCDIRECTION((0.,0.,1.));
#2250=IFCEXTRUDEDAREASOLID(#2244,#2248,#2249,3000.);
#2251=IFCSHAPEREPRESENTATION(#11,'Body','SweptSolid',(#2250));
#2252=IFCPRODUCTDEFINITIONSHAPE($,$,(#2251));
#2258=IFCCARTESIANPOINT((18000.,0.,6000.));
#2259=IFCDIRECTION((0.,0.,1.));
#2260=IFCDIRECTION((1.,0.,0.));
#2261=IFCAXIS2PLACEMENT3D(#2258,#2259,#2260);
#2262=IFCLOCALPLACEMENT($,#2261);
#2263=IFCPROPERTYSET('2JgEkh4$9FiPK9FOBNThF8',$,'Other',$,(#2265,#2266));
#2264=IFCRELDEFINESBYPROPERTIES('0TYj8Vphn0l8CwDjAG28Kk',$,$,$,(#2241),#2263);
#2265=IFCPROPERTYSINGLEVALUE('Ax',$,IFCLABEL('0.001'),$);
#2266=IFCPROPERTYSINGLEVALUE('Ay',$,IFCLABEL('0.001'),$);
#2267=IFCCOLUMN('0hY513Sy9C6h374UyqqhOe',$,$,$,$,#2288,#2278,$,$);
#2268=IFCCARTESIANPOINTLIST2D(((-200.,-200.),(200.,-200.),(200.,200.),(-200.,200.)));
#2269=IFCINDEXEDPOLYCURVE(#2268,(IFCLINEINDEX((1,2,3,4,1))),$);
#2270=IFCARBITRARYCLOSEDPROFILEDEF(.AREA.,'Arbitrary',#2269);
#2271=IFCCARTESIANPOINT((0.,0.,0.));
#2272=IFCDIRECTION((0.,0.,1.));
#2273=IFCDIRECTION((1.,0.,0.));
#2274=IFCAXIS2PLACEMENT3D(#2271,#2272,#2273);
#2275=IFCDIRECTION((0.,0.,1.));
#2276=IFCEXTRUDEDAREASOLID(#2270,#2274,#2275,3000.);
#2277=IFCSHAPEREPRESENTATION(#11,'Body','SweptSolid',(#2276));
#2278=IFCPRODUCTDEFINITIONSHAPE($,$,(#2277));
#2284=IFCCARTESIANPOINT((18000.,6000.,6000.));
#2285=IFCDIRECTION((0.,0.,1.));
#2286=IFCDIRECTION((1.,0.,0.));
#2287=IFCAXIS2PLACEMENT3D(#2284,#2285,#2286);
#2288=IFCLOCALPLACEMENT($,#2287);
#2289=IFCPROPERTYSET('3nhmZTD315Ihn$GNifh_z$',$,'Other',$,(#2291,#2292));
#2290=IFCRELDEFINESBYPROPERTIES('2exp1xvE10gR73N4cu17CV',$,$,$,(#2267),#2289);
#2291=IFCPROPERTYSINGLEVALUE('Ax',$,IFCLABEL('0.001'),$);
#2292=IFCPROPERTYSINGLEVALUE('Ay',$,IFCLABEL('0.001'),$);
#2293=IFCCOLUMN('3zgcgg4pTE_OK5QVtWIX9a',$,$,$,$,#2314,#2304,$,$);
#2294=IFCCARTESIANPOINTLIST2D(((-200.,-200.),(200.,-200.),(200.,200.),(-200.,200.)));
#2295=IFCINDEXEDPOLYCURVE(#2294,(IFCLINEINDEX((1,2,3,4,1))),$);
#2296=IFCARBITRARYCLOSEDPROFILEDEF(.AREA.,'Arbitrary',#2295);
#2297=IFCCARTESIANPOINT((0.,0.,0.));
#2298=IFCDIRECTION((0.,0.,1.));
#2299=IFCDIRECTION((1.,0.,0.));
#2300=IFCAXIS2PLACEMENT3D(#2297,#2298,#2299);
#2301=IFCDIRECTION((0.,0.,1.));
#2302=IFCEXTRUDEDAREASOLID(#2296,#2300,#2301,3000.);
#2303=IFCSHAPEREPRESENTATION(#11,'Body','SweptSolid',(#2302));
#2304=IFCPRODUCTDEFINITIONSHAPE($,$,(#2303));
#2310=IFCCARTESIANPOINT((24000.,6000.,6000.));
#2311=IFCDIRECTION((0.,0.,1.));
#2312=IFCDIRECTION((1.,0.,0.));
#2313=IFCAXIS2PLACEMENT3D(#2310,#2311,#2312);
#2314=IFCLOCALPLACEMENT($,#2313);
#2315=IFCPROPERTYSET('3R98iNt419gRRiYDERqVsM',$,'Other',$,(#2317,#2318));
#2316=IFCRELDEFINESBYPROPERTIES('1LBr3Gq5L069ZGQFic5Mou',$,$,$,(#2293),#2315);
#2317=IFCPROPERTYSINGLEVALUE('Ax',$,IFCLABEL('0.001'),$);
#2318=IFCPROPERTYSINGLEVALUE('Ay',$,IFCLABEL('0.001'),$);
#2319=IFCCOLUMN('3fotdVAtz4yRmV0djXf$6j',$,$,$,$,#2340,#2330,$,$);
#2320=IFCCARTESIANPOINTLIST2D(((-200.,-200.),(200.,-200.),(200.,200.),(-200.,200.)));
#2321=IFCINDEXEDPOLYCURVE(#2320,(IFCLINEINDEX((1,2,3,4,1))),$);
#2322=IFCARBITRARYCLOSEDPROFILEDEF(.AREA.,'Arbitrary',#2321);
#2323=IFCCARTESIANPOINT((0.,0.,0.));
#2324=IFCDIRECTION((0.,0.,1.));
#2325=IFCDIRECTION((1.,0.,0.));
#2326=IFCAXIS2PLACEMENT3D(#2323,#2324,#2325);
#2327=IFCDIRECTION((0.,0.,1.));
#2328=IFCEXTRUDEDAREASOLID(#2322,#2326,#2327,3000.);
#2329=IFCSHAPEREPRESENTATION(#11,'Body','SweptSolid',(#2328));
#2330=IFCPRODUCTDEFINITIONSHAPE($,$,(#2329));
#2336=IFCCARTESIANPOINT((12000.,0.,6000.));
#2337=IFCDIRECTION((0.,0.,1.));
#2338=IFCDIRECTION((1.,0.,0.));
#2339=IFCAXIS2PLACEMENT3D(#2336,#2337,#2338);
#2340=IFCLOCALPLACEMENT($,#2339);
#2341=IFCPROPERTYSET('1uiNvoJFv3DAWJiFhZbLA0',$,'Other',$,(#2343,#2344));
#2342=IFCRELDEFINESBYPROPERTIES('23c384p5zDnwfWjS5qYbG8',$,$,$,(#2319),#2341);
#2343=IFCPROPERTYSINGLEVALUE('Ax',$,IFCLABEL('0.001'),$);
#2344=IFCPROPERTYSINGLEVALUE('Ay',$,IFCLABEL('0.001'),$);
#2345=IFCCOLUMN('3MFrrhHaL6zx$yj6T8KwQh',$,$,$,$,#2366,#2356,$,$);
#2346=IFCCARTESIANPOINTLIST2D(((-200.,-200.),(200.,-200.),(200.,200.),(-200.,200.)));
#2347=IFCINDEXEDPOLYCURVE(#2346,(IFCLINEINDEX((1,2,3,4,1))),$);
#2348=IFCARBITRARYCLOSEDPROFILEDEF(.AREA.,'Arbitrary',#2347);
#2349=IFCCARTESIANPOINT((0.,0.,0.));
#2350=IFCDIRECTION((0.,0.,1.));
#2351=IFCDIRECTION((1.,0.,0.));
#2352=IFCAXIS2PLACEMENT3D(#2349,#2350,#2351);
#2353=IFCDIRECTION((0.,0.,1.));
#2354=IFCEXTRUDEDAREASOLID(#2348,#2352,#2353,3000.);
#2355=IFCSHAPEREPRESENTATION(#11,'Body','SweptSolid',(#2354));
#2356=IFCPRODUCTDEFINITIONSHAPE($,$,(#2355));
#2362=IFCCARTESIANPOINT((12000.,6000.,6000.));
#2363=IFCDIRECTION((0.,0.,1.));
#2364=IFCDIRECTION((1.,0.,0.));
#2365=IFCAXIS2PLACEMENT3D(#2362,#2363,#2364);
#2366=IFCLOCALPLACEMENT($,#2365);
#2367=IFCPROPERTYSET('0bO6pUDDr6ceu1T55f0d2n',$,'Other',$,(#2369,#2370));
#2368=IFCRELDEFINESBYPROPERTIES('3Yn8lRrU53_ABqXiVJ9fTS',$,$,$,(#2345),#2367);
#2369=IFCPROPERTYSINGLEVALUE('Ax',$,IFCLABEL('0.001'),$);
#2370=IFCPROPERTYSINGLEVALUE('Ay',$,IFCLABEL('0.001'),$);
#2371=IFCCOLUMN('1JGWMUsq548Bm$t7x5MvDm',$,$,$,$,#2392,#2382,$,$);
#2372=IFCCARTESIANPOINTLIST2D(((-200.,-200.),(200.,-200.),(200.,200.),(-200.,200.)));
#2373=IFCINDEXEDPOLYCURVE(#2372,(IFCLINEINDEX((1,2,3,4,1))),$);
#2374=IFCARBITRARYCLOSEDPROFILEDEF(.AREA.,'Arbitrary',#2373);
#2375=IFCCARTESIANPOINT((0.,0.,0.));
#2376=IFCDIRECTION((0.,0.,1.));
#2377=IFCDIRECTION((1.,0.,0.));
#2378=IFCAXIS2PLACEMENT3D(#2375,#2376,#2377);
#2379=IFCDIRECTION((0.,0.,1.));
#2380=IFCEXTRUDEDAREASOLID(#2374,#2378,#2379,3000.);
#2381=IFCSHAPEREPRESENTATION(#11,'Body','SweptSolid',(#2380));
#2382=IFCPRODUCTDEFINITIONSHAPE($,$,(#2381));
#2388=IFCCARTESIANPOINT((0.,12000.,3000.));
#2389=IFCDIRECTION((0.,0.,1.));
#2390=IFCDIRECTION((1.,0.,0.));
#2391=IFCAXIS2PLACEMENT3D(#2388,#2389,#2390);
#2392=IFCLOCALPLACEMENT($,#2391);
#2393=IFCPROPERTYSET('1rTi$n1ZrDhvMbw0GcjWG_',$,'Other',$,(#2395,#2396));
#2394=IFCRELDEFINESBYPROPERTIES('2pxWlZRDb2UvYuuqtAAUT1',$,$,$,(#2371),#2393);
#2395=IFCPROPERTYSINGLEVALUE('Ax',$,IFCLABEL('0.001'),$);
#2396=IFCPROPERTYSINGLEVALUE('Ay',$,IFCLABEL('0.001'),$);
#2397=IFCCOLUMN('3pYMyA9jPBUxwMRQSlhGk7',$,$,$,$,#2418,#2408,$,$);
#2398=IFCCARTESIANPOINTLIST2D(((-200.,-200.),(200.,-200.),(200.,200.),(-200.,200.)));
#2399=IFCINDEXEDPOLYCURVE(#2398,(IFCLINEINDEX((1,2,3,4,1))),$);
#2400=IFCARBITRARYCLOSEDPROFILEDEF(.AREA.,'Arbitrary',#2399);
#2401=IFCCARTESIANPOINT((0.,0.,0.));
#2402=IFCDIRECTION((0.,0.,1.));
#2403=IFCDIRECTION((1.,0.,0.));
#2404=IFCAXIS2PLACEMENT3D(#2401,#2402,#2403);
#2405=IFCDIRECTION((0.,0.,1.));
#2406=IFCEXTRUDEDAREASOLID(#2400,#2404,#2405,3000.);
#2407=IFCSHAPEREPRESENTATION(#11,'Body','SweptSolid',(#2406));
#2408=IFCPRODUCTDEFINITIONSHAPE($,$,(#2407));
#2414=IFCCARTESIANPOINT((0.,18000.,3000.));
#2415=IFCDIRECTION((0.,0.,1.));
#2416=IFCDIRECTION((1.,0.,0.));
#2417=IFCAXIS2PLACEMENT3D(#2414,#2415,#2416);
#2418=IFCLOCALPLACEMENT($,#2417);
#2419=IFCPROPERTYSET('01vqAtnxf3FOsoNqIRc3q6',$,'Other',$,(#2421,#2422));
#2420=IFCRELDEFINESBYPROPERTIES('29dLEOSQP9$gHpI$DKeutx',$,$,$,(#2397),#2419);
#2421=IFCPROPERTYSINGLEVALUE('Ax',$,IFCLABEL('0.001'),$);
#2422=IFCPROPERTYSINGLEVALUE('Ay',$,IFCLABEL('0.001'),$);
#2423=IFCCOLUMN('2KVe_Wpp51nwHAEwjYsRUs',$,$,$,$,#2444,#2434,$,$);
#2424=IFCCARTESIANPOINTLIST2D(((-200.,-200.),(200.,-200.),(200.,200.),(-200.,200.)));
#2425=IFCINDEXEDPOLYCURVE(#2424,(IFCLINEINDEX((1,2,3,4,1))),$);
#2426=IFCARBITRARYCLOSEDPROFILEDEF(.AREA.,'Arbitrary',#2425);
#2427=IFCCARTESIANPOINT((0.,0.,0.));
#2428=IFCDIRECTION((0.,0.,1.));
#2429=IFCDIRECTION((1.,0.,0.));
#2430=IFCAXIS2PLACEMENT3D(#2427,#2428,#2429);
#2431=IFCDIRECTION((0.,0.,1.));
#2432=IFCEXTRUDEDAREASOLID(#2426,#2430,#2431,3000.);
#2433=IFCSHAPEREPRESENTATION(#11,'Body','SweptSolid',(#2432));
#2434=IFCPRODUCTDEFINITIONSHAPE($,$,(#2433));
#2440=IFCCARTESIANPOINT((6000.,12000.,3000.));
#2441=IFCDIRECTION((0.,0.,1.));
#2442=IFCDIRECTION((1.,0.,0.));
#2443=IFCAXIS2PLACEMENT3D(#2440,#2441,#2442);
#2444=IFCLOCALPLACEMENT($,#2443);
#2445=IFCPROPERTYSET('38lLplI6T9IAcfhlge_a7I',$,'Other',$,(#2447,#2448));
#2446=IFCRELDEFINESBYPROPERTIES('1OeKyDsFjEqPWffiT6J9qR',$,$,$,(#2423),#2445);
#2447=IFCPROPERTYSINGLEVALUE('Ax',$,IFCLABEL('0.001'),$);
#2448=IFCPROPERTYSINGLEVALUE('Ay',$,IFCLABEL('0.001'),$);
#2449=IFCCOLUMN('3lEytnXkn9TvDE8A94z8WF',$,$,$,$,#2470,#2460,$,$);
#2450=IFCCARTESIANPOINTLIST2D(((-200.,-200.),(200.,-200.),(200.,200.),(-200.,200.)));
#2451=IFCINDEXEDPOLYCURVE(#2450,(IFCLINEINDEX((1,2,3,4,1))),$);
#2452=IFCARBITRARYCLOSEDPROFILEDEF(.AREA.,'Arbitrary',#2451);
#2453=IFCCARTESIANPOINT((0.,0.,0.));
#2454=IFCDIRECTION((0.,0.,1.));
#2455=IFCDIRECTION((1.,0.,0.));
#2456=IFCAXIS2PLACEMENT3D(#2453,#2454,#2455);
#2457=IFCDIRECTION((0.,0.,1.));
#2458=IFCEXTRUDEDAREASOLID(#2452,#2456,#2457,3000.);
#2459=IFCSHAPEREPRESENTATION(#11,'Body','SweptSolid',(#2458));
#2460=IFCPRODUCTDEFINITIONSHAPE($,$,(#2459));
#2466=IFCCARTESIANPOINT((6000.,18000.,3000.));
#2467=IFCDIRECTION((0.,0.,1.));
#2468=IFCDIRECTION((1.,0.,0.));
#2469=IFCAXIS2PLACEMENT3D(#2466,#2467,#2468);
#2470=IFCLOCALPLACEMENT($,#2469);
#2471=IFCPROPERTYSET('0V3MDGNyf74AN6PXtJI4aY',$,'Other',$,(#2473,#2474));
#2472=IFCRELDEFINESBYPROPERTIES('2SlviipDv2KQTN3HCNodx$',$,$,$,(#2449),#2471);
#2473=IFCPROPERTYSINGLEVALUE('Ax',$,IFCLABEL('0.001'),$);
#2474=IFCPROPERTYSINGLEVALUE('Ay',$,IFCLABEL('0.001'),$);
#2475=IFCCOLUMN('0mfLSgm9H4DAzb1sgmfHsG',$,$,$,$,#2496,#2486,$,$);
#2476=IFCCARTESIANPOINTLIST2D(((-200.,-200.),(200.,-200.),(200.,200.),(-200.,200.)));
#2477=IFCINDEXEDPOLYCURVE(#2476,(IFCLINEINDEX((1,2,3,4,1))),$);
#2478=IFCARBITRARYCLOSEDPROFILEDEF(.AREA.,'Arbitrary',#2477);
#2479=IFCCARTESIANPOINT((0.,0.,0.));
#2480=IFCDIRECTION((0.,0.,1.));
#2481=IFCDIRECTION((1.,0.,0.));
#2482=IFCAXIS2PLACEMENT3D(#2479,#2480,#2481);
#2483=IFCDIRECTION((0.,0.,1.));
#2484=IFCEXTRUDEDAREASOLID(#2478,#2482,#2483,3000.);
#2485=IFCSHAPEREPRESENTATION(#11,'Body','SweptSolid',(#2484));
#2486=IFCPRODUCTDEFINITIONSHAPE($,$,(#2485));
#2492=IFCCARTESIANPOINT((12000.,12000.,3000.));
#2493=IFCDIRECTION((0.,0.,1.));
#2494=IFCDIRECTION((1.,0.,0.));
#2495=IFCAXIS2PLACEMENT3D(#2492,#2493,#2494);
#2496=IFCLOCALPLACEMENT($,#2495);
#2497=IFCPROPERTYSET('3F7jkXLJb7OOEcRFzb5$P2',$,'Other',$,(#2499,#2500));
#2498=IFCRELDEFINESBYPROPERTIES('1cH9lv88X2D8OHsENbAwxR',$,$,$,(#2475),#2497);
#2499=IFCPROPERTYSINGLEVALUE('Ax',$,IFCLABEL('0.001'),$);
#2500=IFCPROPERTYSINGLEVALUE('Ay',$,IFCLABEL('0.001'),$);
#2501=IFCCOLUMN('2bImj9hCT7juxdblS8XLAO',$,$,$,$,#2522,#2512,$,$);
#2502=IFCCARTESIANPOINTLIST2D(((-200.,-200.),(200.,-200.),(200.,200.),(-200.,200.)));
#2503=IFCINDEXEDPOLYCURVE(#2502,(IFCLINEINDEX((1,2,3,4,1))),$);
#2504=IFCARBITRARYCLOSEDPROFILEDEF(.AREA.,'Arbitrary',#2503);
#2505=IFCCARTESIANPOINT((0.,0.,0.));
#2506=IFCDIRECTION((0.,0.,1.));
#2507=IFCDIRECTION((1.,0.,0.));
#2508=IFCAXIS2PLACEMENT3D(#2505,#2506,#2507);
#2509=IFCDIRECTION((0.,0.,1.));
#2510=IFCEXTRUDEDAREASOLID(#2504,#2508,#2509,3000.);
#2511=IFCSHAPEREPRESENTATION(#11,'Body','SweptSolid',(#2510));
#2512=IFCPRODUCTDEFINITIONSHAPE($,$,(#2511));
#2518=IFCCARTESIANPOINT((12000.,18000.,3000.));
#2519=IFCDIRECTION((0.,0.,1.));
#2520=IFCDIRECTION((1.,0.,0.));
#2521=IFCAXIS2PLACEMENT3D(#2518,#2519,#2520);
#2522=IFCLOCALPLACEMENT($,#2521);
#2523=IFCPROPERTYSET('1b6k_wYqL7QQXOBuE5ZyqO',$,'Other',$,(#2525,#2526));
#2524=IFCRELDEFINESBYPROPERTIES('1qAAJNzGT39f3hKDexi967',$,$,$,(#2501),#2523);
#2525=IFCPROPERTYSINGLEVALUE('Ax',$,IFCLABEL('0.001'),$);
#2526=IFCPROPERTYSINGLEVALUE('Ay',$,IFCLABEL('0.001'),$);
#2527=IFCCOLUMN('1ImQBE$Sz3Bx7tVXYkXAmZ',$,$,$,$,#2548,#2538,$,$);
#2528=IFCCARTESIANPOINTLIST2D(((-200.,-200.),(200.,-200.),(200.,200.),(-200.,200.)));
#2529=IFCINDEXEDPOLYCURVE(#2528,(IFCLINEINDEX((1,2,3,4,1))),$);
#2530=IFCARBITRARYCLOSEDPROFILEDEF(.AREA.,'Arbitrary',#2529);
#2531=IFCCARTESIANPOINT((0.,0.,0.));
#2532=IFCDIRECTION((0.,0.,1.));
#2533=IFCDIRECTION((1.,0.,0.));
#2534=IFCAXIS2PLACEMENT3D(#2531,#2532,#2533);
#2535=IFCDIRECTION((0.,0.,1.));
#2536=IFCEXTRUDEDAREASOLID(#2530,#2534,#2535,3000.);
#2537=IFCSHAPEREPRESENTATION(#11,'Body','SweptSolid',(#2536));
#2538=IFCPRODUCTDEFINITIONSHAPE($,$,(#2537));
#2544=IFCCARTESIANPOINT((18000.,12000.,3000.));
#2545=IFCDIRECTION((0.,0.,1.));
#2546=IFCDIRECTION((1.,0.,0.));
#2547=IFCAXIS2PLACEMENT3D(#2544,#2545,#2546);
#2548=IFCLOCALPLACEMENT($,#2547);
#2549=IFCPROPERTYSET('1bVtMDTRD8MesSnE5SzQyT',$,'Other',$,(#2551,#2552));
#2550=IFCRELDEFINESBYPROPERTIES('1NkTPlSkD3TusyQTnxpRCQ',$,$,$,(#2527),#2549);
#2551=IFCPROPERTYSINGLEVALUE('Ax',$,IFCLABEL('0.001'),$);
#2552=IFCPROPERTYSINGLEVALUE('Ay',$,IFCLABEL('0.001'),$);
#2553=IFCCOLUMN('2Ra$HrtuD9KeFJnvLR$I_o',$,$,$,$,#2574,#2564,$,$);
#2554=IFCCARTESIANPOINTLIST2D(((-200.,-200.),(200.,-200.),(200.,200.),(-200.,200.)));
#2555=IFCINDEXEDPOLYCURVE(#2554,(IFCLINEINDEX((1,2,3,4,1))),$);
#2556=IFCARBITRARYCLOSEDPROFILEDEF(.AREA.,'Arbitrary',#2555);
#2557=IFCCARTESIANPOINT((0.,0.,0.));
#2558=IFCDIRECTION((0.,0.,1.));
#2559=IFCDIRECTION((1.,0.,0.));
#2560=IFCAXIS2PLACEMENT3D(#2557,#2558,#2559);
#2561=IFCDIRECTION((0.,0.,1.));
#2562=IFCEXTRUDEDAREASOLID(#2556,#2560,#2561,3000.);
#2563=IFCSHAPEREPRESENTATION(#11,'Body','SweptSolid',(#2562));
#2564=IFCPRODUCTDEFINITIONSHAPE($,$,(#2563));
#2570=IFCCARTESIANPOINT((18000.,18000.,3000.));
#2571=IFCDIRECTION((0.,0.,1.));
#2572=IFCDIRECTION((1.,0.,0.));
#2573=IFCAXIS2PLACEMENT3D(#2570,#2571,#2572);
#2574=IFCLOCALPLACEMENT($,#2573);
#2575=IFCPROPERTYSET('0ovqoWvdD17emxnWa1gy2y',$,'Other',$,(#2577,#2578));
#2576=IFCRELDEFINESBYPROPERTIES('3EJUEaX5fDVB8iAtcJmZbl',$,$,$,(#2553),#2575);
#2577=IFCPROPERTYSINGLEVALUE('Ax',$,IFCLABEL('0.001'),$);
#2578=IFCPROPERTYSINGLEVALUE('Ay',$,IFCLABEL('0.001'),$);
#2579=IFCCOLUMN('3a16uWevDFSAjWAjen64Ga',$,$,$,$,#2600,#2590,$,$);
#2580=IFCCARTESIANPOINTLIST2D(((-200.,-200.),(200.,-200.),(200.,200.),(-200.,200.)));
#2581=IFCINDEXEDPOLYCURVE(#2580,(IFCLINEINDEX((1,2,3,4,1))),$);
#2582=IFCARBITRARYCLOSEDPROFILEDEF(.AREA.,'Arbitrary',#2581);
#2583=IFCCARTESIANPOINT((0.,0.,0.));
#2584=IFCDIRECTION((0.,0.,1.));
#2585=IFCDIRECTION((1.,0.,0.));
#2586=IFCAXIS2PLACEMENT3D(#2583,#2584,#2585);
#2587=IFCDIRECTION((0.,0.,1.));
#2588=IFCEXTRUDEDAREASOLID(#2582,#2586,#2587,3000.);
#2589=IFCSHAPEREPRESENTATION(#11,'Body','SweptSolid',(#2588));
#2590=IFCPRODUCTDEFINITIONSHAPE($,$,(#2589));
#2596=IFCCARTESIANPOINT((24000.,18000.,3000.));
#2597=IFCDIRECTION((0.,0.,1.));
#2598=IFCDIRECTION((1.,0.,0.));
#2599=IFCAXIS2PLACEMENT3D(#2596,#2597,#2598);
#2600=IFCLOCALPLACEMENT($,#2599);
#2601=IFCPROPERTYSET('1ASl50Ry14YfCJqAzkTKRm',$,'Other',$,(#2603,#2604));
#2602=IFCRELDEFINESBYPROPERTIES('1lbnjdxSz49gJ7c_NRUKFU',$,$,$,(#2579),#2601);
#2603=IFCPROPERTYSINGLEVALUE('Ax',$,IFCLABEL('0.001'),$);
#2604=IFCPROPERTYSINGLEVALUE('Ay',$,IFCLABEL('0.001'),$);
#2605=IFCCOLUMN('1R1JHNagP90vvaAjcWd9gL',$,$,$,$,#2626,#2616,$,$);
#2606=IFCCARTESIANPOINTLIST2D(((-200.,-200.),(200.,-200.),(200.,200.),(-200.,200.)));
#2607=IFCINDEXEDPOLYCURVE(#2606,(IFCLINEINDEX((1,2,3,4,1))),$);
#2608=IFCARBITRARYCLOSEDPROFILEDEF(.AREA.,'Arbitrary',#2607);
#2609=IFCCARTESIANPOINT((0.,0.,0.));
#2610=IFCDIRECTION((0.,0.,1.));
#2611=IFCDIRECTION((1.,0.,0.));
#2612=IFCAXIS2PLACEMENT3D(#2609,#2610,#2611);
#2613=IFCDIRECTION((0.,0.,1.));
#2614=IFCEXTRUDEDAREASOLID(#2608,#2612,#2613,3000.);
#2615=IFCSHAPEREPRESENTATION(#11,'Body','SweptSolid',(#2614));
#2616=IFCPRODUCTDEFINITIONSHAPE($,$,(#2615));
#2622=IFCCARTESIANPOINT((30000.,18000.,3000.));
#2623=IFCDIRECTION((0.,0.,1.));
#2624=IFCDIRECTION((1.,0.,0.));
#2625=IFCAXIS2PLACEMENT3D(#2622,#2623,#2624);
#2626=IFCLOCALPLACEMENT($,#2625);
#2627=IFCPROPERTYSET('1iqNlSgBr4mwgdfkCB9MfV',$,'Other',$,(#2629,#2630));
#2628=IFCRELDEFINESBYPROPERTIES('0ZrqRThETCgvqBqH2CTKRU',$,$,$,(#2605),#2627);
#2629=IFCPROPERTYSINGLEVALUE('Ax',$,IFCLABEL('0.001'),$);
#2630=IFCPROPERTYSINGLEVALUE('Ay',$,IFCLABEL('0.001'),$);
#2631=IFCCOLUMN('2a5pyr9aL9yB34uM_zP9UE',$,$,$,$,#2652,#2642,$,$);
#2632=IFCCARTESIANPOINTLIST2D(((-200.,-200.),(200.,-200.),(200.,200.),(-200.,200.)));
#2633=IFCINDEXEDPOLYCURVE(#2632,(IFCLINEINDEX((1,2,3,4,1))),$);
#2634=IFCARBITRARYCLOSEDPROFILEDEF(.AREA.,'Arbitrary',#2633);
#2635=IFCCARTESIANPOINT((0.,0.,0.));
#2636=IFCDIRECTION((0.,0.,1.));
#2637=IFCDIRECTION((1.,0.,0.));
#2638=IFCAXIS2PLACEMENT3D(#2635,#2636,#2637);
#2639=IFCDIRECTION((0.,0.,1.));
#2640=IFCEXTRUDEDAREASOLID(#2634,#2638,#2639,3000.);
#2641=IFCSHAPEREPRESENTATION(#11,'Body','SweptSolid',(#2640));
#2642=IFCPRODUCTDEFINITIONSHAPE($,$,(#2641));
#2648=IFCCARTESIANPOINT((18000.,0.,3000.));
#2649=IFCDIRECTION((0.,0.,1.));
#2650=IFCDIRECTION((1.,0.,0.));
#2651=IFCAXIS2PLACEMENT3D(#2648,#2649,#2650);
#2652=IFCLOCALPLACEMENT($,#2651);
#2653=IFCPROPERTYSET('2$LH6cW4P6FvGy77DPLjAX',$,'Other',$,(#2655,#2656));
#2654=IFCRELDEFINESBYPROPERTIES('2MKdNMNvH5xxuJTgXH3$SD',$,$,$,(#2631),#2653);
#2655=IFCPROPERTYSINGLEVALUE('Ax',$,IFCLABEL('0.001'),$);
#2656=IFCPROPERTYSINGLEVALUE('Ay',$,IFCLABEL('0.001'),$);
#2657=IFCCOLUMN('1wqsQwmlLD7vsfQlBhvaQZ',$,$,$,$,#2678,#2668,$,$);
#2658=IFCCARTESIANPOINTLIST2D(((-200.,-200.),(200.,-200.),(200.,200.),(-200.,200.)));
#2659=IFCINDEXEDPOLYCURVE(#2658,(IFCLINEINDEX((1,2,3,4,1))),$);
#2660=IFCARBITRARYCLOSEDPROFILEDEF(.AREA.,'Arbitrary',#2659);
#2661=IFCCARTESIANPOINT((0.,0.,0.));
#2662=IFCDIRECTION((0.,0.,1.));
#2663=IFCDIRECTION((1.,0.,0.));
#2664=IFCAXIS2PLACEMENT3D(#2661,#2662,#2663);
#2665=IFCDIRECTION((0.,0.,1.));
#2666=IFCEXTRUDEDAREASOLID(#2660,#2664,#2665,3000.);
#2667=IFCSHAPEREPRESENTATION(#11,'Body','SweptSolid',(#2666));
#2668=IFCPRODUCTDEFINITIONSHAPE($,$,(#2667));
#2674=IFCCARTESIANPOINT((18000.,6000.,3000.));
#2675=IFCDIRECTION((0.,0.,1.));
#2676=IFCDIRECTION((1.,0.,0.));
#2677=IFCAXIS2PLACEMENT3D(#2674,#2675,#2676);
#2678=IFCLOCALPLACEMENT($,#2677);
#2679=IFCPROPERTYSET('15_6WZmdL9KfWKGq7bDtj$',$,'Other',$,(#2681,#2682));
#2680=IFCRELDEFINESBYPROPERTIES('1hX_qOaiTFSO3y3G9uoqq7',$,$,$,(#2657),#2679);
#2681=IFCPROPERTYSINGLEVALUE('Ax',$,IFCLABEL('0.001'),$);
#2682=IFCPROPERTYSINGLEVALUE('Ay',$,IFCLABEL('0.001'),$);
#2683=IFCCOLUMN('3I9ya67UL5K9zbLfNbTSAh',$,$,$,$,#2704,#2694,$,$);
#2684=IFCCARTESIANPOINTLIST2D(((-200.,-200.),(200.,-200.),(200.,200.),(-200.,200.)));
#2685=IFCINDEXEDPOLYCURVE(#2684,(IFCLINEINDEX((1,2,3,4,1))),$);
#2686=IFCARBITRARYCLOSEDPROFILEDEF(.AREA.,'Arbitrary',#2685);
#2687=IFCCARTESIANPOINT((0.,0.,0.));
#2688=IFCDIRECTION((0.,0.,1.));
#2689=IFCDIRECTION((1.,0.,0.));
#2690=IFCAXIS2PLACEMENT3D(#2687,#2688,#2689);
#2691=IFCDIRECTION((0.,0.,1.));
#2692=IFCEXTRUDEDAREASOLID(#2686,#2690,#2691,3000.);
#2693=IFCSHAPEREPRESENTATION(#11,'Body','SweptSolid',(#2692));
#2694=IFCPRODUCTDEFINITIONSHAPE($,$,(#2693));
#2700=IFCCARTESIANPOINT((24000.,6000.,3000.));
#2701=IFCDIRECTION((0.,0.,1.));
#2702=IFCDIRECTION((1.,0.,0.));
#2703=IFCAXIS2PLACEMENT3D(#2700,#2701,#2702);
#2704=IFCLOCALPLACEMENT($,#2703);
#2705=IFCPROPERTYSET('16ZR20X5L4SwgvWOswrZhD',$,'Other',$,(#2707,#2708));
#2706=IFCRELDEFINESBYPROPERTIES('1T2IdbmL94qwOESk6$attk',$,$,$,(#2683),#2705);
#2707=IFCPROPERTYSINGLEVALUE('Ax',$,IFCLABEL('0.001'),$);
#2708=IFCPROPERTYSINGLEVALUE('Ay',$,IFCLABEL('0.001'),$);
#2709=IFCCOLUMN('07Zdytsf1BAwLrrJScqdrS',$,$,$,$,#2730,#2720,$,$);
#2710=IFCCARTESIANPOINTLIST2D(((-200.,-200.),(200.,-200.),(200.,200.),(-200.,200.)));
#2711=IFCINDEXEDPOLYCURVE(#2710,(IFCLINEINDEX((1,2,3,4,1))),$);
#2712=IFCARBITRARYCLOSEDPROFILEDEF(.AREA.,'Arbitrary',#2711);
#2713=IFCCARTESIANPOINT((0.,0.,0.));
#2714=IFCDIRECTION((0.,0.,1.));
#2715=IFCDIRECTION((1.,0.,0.));
#2716=IFCAXIS2PLACEMENT3D(#2713,#2714,#2715);
#2717=IFCDIRECTION((0.,0.,1.));
#2718=IFCEXTRUDEDAREASOLID(#2712,#2716,#2717,3000.);
#2719=IFCSHAPEREPRESENTATION(#11,'Body','SweptSolid',(#2718));
#2720=IFCPRODUCTDEFINITIONSHAPE($,$,(#2719));
#2726=IFCCARTESIANPOINT((12000.,0.,3000.));
#2727=IFCDIRECTION((0.,0.,1.));
#2728=IFCDIRECTION((1.,0.,0.));
#2729=IFCAXIS2PLACEMENT3D(#2726,#2727,#2728);
#2730=IFCLOCALPLACEMENT($,#2729);
#2731=IFCPROPERTYSET('2cuKsECpb8puyr9cs_75si',$,'Other',$,(#2733,#2734));
#2732=IFCRELDEFINESBYPROPERTIES('0neqeiCfH708mKH5jAd_NC',$,$,$,(#2709),#2731);
#2733=IFCPROPERTYSINGLEVALUE('Ax',$,IFCLABEL('0.001'),$);
#2734=IFCPROPERTYSINGLEVALUE('Ay',$,IFCLABEL('0.001'),$);
#2735=IFCCOLUMN('06i2kfMQX6M8_YPTKassyR',$,$,$,$,#2756,#2746,$,$);
#2736=IFCCARTESIANPOINTLIST2D(((-200.,-200.),(200.,-200.),(200.,200.),(-200.,200.)));
#2737=IFCINDEXEDPOLYCURVE(#2736,(IFCLINEINDEX((1,2,3,4,1))),$);
#2738=IFCARBITRARYCLOSEDPROFILEDEF(.AREA.,'Arbitrary',#2737);
#2739=IFCCARTESIANPOINT((0.,0.,0.));
#2740=IFCDIRECTION((0.,0.,1.));
#2741=IFCDIRECTION((1.,0.,0.));
#2742=IFCAXIS2PLACEMENT3D(#2739,#2740,#2741);
#2743=IFCDIRECTION((0.,0.,1.));
#2744=IFCEXTRUDEDAREASOLID(#2738,#2742,#2743,3000.);
#2745=IFCSHAPEREPRESENTATION(#11,'Body','SweptSolid',(#2744));
#2746=IFCPRODUCTDEFINITIONSHAPE($,$,(#2745));
#2752=IFCCARTESIANPOINT((12000.,6000.,3000.));
#2753=IFCDIRECTION((0.,0.,1.));
#2754=IFCDIRECTION((1.,0.,0.));
#2755=IFCAXIS2PLACEMENT3D(#2752,#2753,#2754);
#2756=IFCLOCALPLACEMENT($,#2755);
#2757=IFCPROPERTYSET('1NfjmXlbv40uMofW37lGbU',$,'Other',$,(#2759,#2760));
#2758=IFCRELDEFINESBYPROPERTIES('2ANt6JxdLDlwPrbvCdJpum',$,$,$,(#2735),#2757);
#2759=IFCPROPERTYSINGLEVALUE('Ax',$,IFCLABEL('0.001'),$);
#2760=IFCPROPERTYSINGLEVALUE('Ay',$,IFCLABEL('0.001'),$);
#2761=IFCCOLUMN('35H4WWJmzCeOTw4XHPoWml',$,$,$,$,#2782,#2772,$,$);
#2762=IFCCARTESIANPOINTLIST2D(((-200.,-200.),(200.,-200.),(200.,200.),(-200.,200.)));
#2763=IFCINDEXEDPOLYCURVE(#2762,(IFCLINEINDEX((1,2,3,4,1))),$);
#2764=IFCARBITRARYCLOSEDPROFILEDEF(.AREA.,'Arbitrary',#2763);
#2765=IFCCARTESIANPOINT((0.,0.,0.));
#2766=IFCDIRECTION((0.,0.,1.));
#2767=IFCDIRECTION((1.,0.,0.));
#2768=IFCAXIS2PLACEMENT3D(#2765,#2766,#2767);
#2769=IFCDIRECTION((0.,0.,1.));
#2770=IFCEXTRUDEDAREASOLID(#2764,#2768,#2769,3000.);
#2771=IFCSHAPEREPRESENTATION(#11,'Body','SweptSolid',(#2770));
#2772=IFCPRODUCTDEFINITIONSHAPE($,$,(#2771));
#2778=IFCCARTESIANPOINT((0.,12000.,0.));
#2779=IFCDIRECTION((0.,0.,1.));
#2780=IFCDIRECTION((1.,0.,0.));
#2781=IFCAXIS2PLACEMENT3D(#2778,#2779,#2780);
#2782=IFCLOCALPLACEMENT($,#2781);
#2783=IFCPROPERTYSET('2_pFaBWB18qh2Qo$UFDBXS',$,'Other',$,(#2785,#2786));
#2784=IFCRELDEFINESBYPROPERTIES('0Sg3FHYFj9UOdPY9hZdg0U',$,$,$,(#2761),#2783);
#2785=IFCPROPERTYSINGLEVALUE('Ax',$,IFCLABEL('0.001'),$);
#2786=IFCPROPERTYSINGLEVALUE('Ay',$,IFCLABEL('0.001'),$);
#2787=IFCCOLUMN('3fbejdzx92JO0D0aWMx6V3',$,$,$,$,#2808,#2798,$,$);
#2788=IFCCARTESIANPOINTLIST2D(((-200.,-200.),(200.,-200.),(200.,200.),(-200.,200.)));
#2789=IFCINDEXEDPOLYCURVE(#2788,(IFCLINEINDEX((1,2,3,4,1))),$);
#2790=IFCARBITRARYCLOSEDPROFILEDEF(.AREA.,'Arbitrary',#2789);
#2791=IFCCARTESIANPOINT((0.,0.,0.));
#2792=IFCDIRECTION((0.,0.,1.));
#2793=IFCDIRECTION((1.,0.,0.));
#2794=IFCAXIS2PLACEMENT3D(#2791,#2792,#2793);
#2795=IFCDIRECTION((0.,0.,1.));
#2796=IFCEXTRUDEDAREASOLID(#2790,#2794,#2795,3000.);
#2797=IFCSHAPEREPRESENTATION(#11,'Body','SweptSolid',(#2796));
#2798=IFCPRODUCTDEFINITIONSHAPE($,$,(#2797));
#2804=IFCCARTESIANPOINT((0.,18000.,0.));
#2805=IFCDIRECTION((0.,0.,1.));
#2806=IFCDIRECTION((1.,0.,0.));
#2807=IFCAXIS2PLACEMENT3D(#2804,#2805,#2806);
#2808=IFCLOCALPLACEMENT($,#2807);
#2809=IFCPROPERTYSET('0AV7_28wj4EOuR9n14hRxl',$,'Other',$,(#2811,#2812));
#2810=IFCRELDEFINESBYPROPERTIES('1RE9PKyM14nPPNW6sYBoE6',$,$,$,(#2787),#2809);
#2811=IFCPROPERTYSINGLEVALUE('Ax',$,IFCLABEL('0.001'),$);
#2812=IFCPROPERTYSINGLEVALUE('Ay',$,IFCLABEL('0.001'),$);
#2813=IFCCOLUMN('3hF9HZjQj4qPoyDYzmYcxw',$,$,$,$,#2834,#2824,$,$);
#2814=IFCCARTESIANPOINTLIST2D(((-200.,-200.),(200.,-200.),(200.,200.),(-200.,200.)));
#2815=IFCINDEXEDPOLYCURVE(#2814,(IFCLINEINDEX((1,2,3,4,1))),$);
#2816=IFCARBITRARYCLOSEDPROFILEDEF(.AREA.,'Arbitrary',#2815);
#2817=IFCCARTESIANPOINT((0.,0.,0.));
#2818=IFCDIRECTION((0.,0.,1.));
#2819=IFCDIRECTION((1.,0.,0.));
#2820=IFCAXIS2PLACEMENT3D(#2817,#2818,#2819);
#2821=IFCDIRECTION((0.,0.,1.));
#2822=IFCEXTRUDEDAREASOLID(#2816,#2820,#2821,3000.);
#2823=IFCSHAPEREPRESENTATION(#11,'Body','SweptSolid',(#2822));
#2824=IFCPRODUCTDEFINITIONSHAPE($,$,(#2823));
#2830=IFCCARTESIANPOINT((6000.,12000.,0.));
#2831=IFCDIRECTION((0.,0.,1.));
#2832=IFCDIRECTION((1.,0.,0.));
#2833=IFCAXIS2PLACEMENT3D(#2830,#2831,#2832);
#2834=IFCLOCALPLACEMENT($,#2833);
#2835=IFCPROPERTYSET('03KBoI1AjFt8LlKnCUGYye',$,'Other',$,(#2837,#2838));
#2836=IFCRELDEFINESBYPROPERTIES('1dKKTk0xzFEwdD84g3qte_',$,$,$,(#2813),#2835);
#2837=IFCPROPERTYSINGLEVALUE('Ax',$,IFCLABEL('0.001'),$);
#2838=IFCPROPERTYSINGLEVALUE('Ay',$,IFCLABEL('0.001'),$);
#2839=IFCCOLUMN('19ZsQaYnz7BPI_SsY$Ru0l',$,$,$,$,#2860,#2850,$,$);
#2840=IFCCARTESIANPOINTLIST2D(((-200.,-200.),(200.,-200.),(200.,200.),(-200.,200.)));
#2841=IFCINDEXEDPOLYCURVE(#2840,(IFCLINEINDEX((1,2,3,4,1))),$);
#2842=IFCARBITRARYCLOSEDPROFILEDEF(.AREA.,'Arbitrary',#2841);
#2843=IFCCARTESIANPOINT((0.,0.,0.));
#2844=IFCDIRECTION((0.,0.,1.));
#2845=IFCDIRECTION((1.,0.,0.));
#2846=IFCAXIS2PLACEMENT3D(#2843,#2844,#2845);
#2847=IFCDIRECTION((0.,0.,1.));
#2848=IFCEXTRUDEDAREASOLID(#2842,#2846,#2847,3000.);
#2849=IFCSHAPEREPRESENTATION(#11,'Body','SweptSolid',(#2848));
#2850=IFCPRODUCTDEFINITIONSHAPE($,$,(#2849));
#2856=IFCCARTESIANPOINT((6000.,18000.,0.));
#2857=IFCDIRECTION((0.,0.,1.));
#2858=IFCDIRECTION((1.,0.,0.));
#2859=IFCAXIS2PLACEMENT3D(#2856,#2857,#2858);
#2860=IFCLOCALPLACEMENT($,#2859);
#2861=IFCPROPERTYSET('02hK$XNH95Tu0Xi9GHnxew',$,'Other',$,(#2863,#2864));
#2862=IFCRELDEFINESBYPROPERTIES('2RPWuRdFv4LPZBM6scXyIr',$,$,$,(#2839),#2861);
#2863=IFCPROPERTYSINGLEVALUE('Ax',$,IFCLABEL('0.001'),$);
#2864=IFCPROPERTYSINGLEVALUE('Ay',$,IFCLABEL('0.001'),$);
#2865=IFCCOLUMN('2RU72ljJf5hOaMzxtSmzP3',$,$,$,$,#2886,#2876,$,$);
#2866=IFCCARTESIANPOINTLIST2D(((-200.,-200.),(200.,-200.),(200.,200.),(-200.,200.)));
#2867=IFCINDEXEDPOLYCURVE(#2866,(IFCLINEINDEX((1,2,3,4,1))),$);
#2868=IFCARBITRARYCLOSEDPROFILEDEF(.AREA.,'Arbitrary',#2867);
#2869=IFCCARTESIANPOINT((0.,0.,0.));
#2870=IFCDIRECTION((0.,0.,1.));
#2871=IFCDIRECTION((1.,0.,0.));
#2872=IFCAXIS2PLACEMENT3D(#2869,#2870,#2871);
#2873=IFCDIRECTION((0.,0.,1.));
#2874=IFCEXTRUDEDAREASOLID(#2868,#2872,#2873,3000.);
#2875=IFCSHAPEREPRESENTATION(#11,'Body','SweptSolid',(#2874));
#2876=IFCPRODUCTDEFINITIONSHAPE($,$,(#2875));
#2882=IFCCARTESIANPOINT((12000.,12000.,0.));
#2883=IFCDIRECTION((0.,0.,1.));
#2884=IFCDIRECTION((1.,0.,0.));
#2885=IFCAXIS2PLACEMENT3D(#2882,#2883,#2884);
#2886=IFCLOCALPLACEMENT($,#2885);
#2887=IFCPROPERTYSET('0EHehjHTDDHPb_EF8Oli9G',$,'Other',$,(#2889,#2890));
#2888=IFCRELDEFINESBYPROPERTIES('0JQyibRrP8UQSfrNICFxcT',$,$,$,(#2865),#2887);
#2889=IFCPROPERTYSINGLEVALUE('Ax',$,IFCLABEL('0.001'),$);
#2890=IFCPROPERTYSINGLEVALUE('Ay',$,IFCLABEL('0.001'),$);
#2891=IFCCOLUMN('2$VH_0rYf5xwZCVLpnaxzI',$,$,$,$,#2912,#2902,$,$);
#2892=IFCCARTESIANPOINTLIST2D(((-200.,-200.),(200.,-200.),(200.,200.),(-200.,200.)));
#2893=IFCINDEXEDPOLYCURVE(#2892,(IFCLINEINDEX((1,2,3,4,1))),$);
#2894=IFCARBITRARYCLOSEDPROFILEDEF(.AREA.,'Arbitrary',#2893);
#2895=IFCCARTESIANPOINT((0.,0.,0.));
#2896=IFCDIRECTION((0.,0.,1.));
#2897=IFCDIRECTION((1.,0.,0.));
#2898=IFCAXIS2PLACEMENT3D(#2895,#2896,#2897);
#2899=IFCDIRECTION((0.,0.,1.));
#2900=IFCEXTRUDEDAREASOLID(#2894,#2898,#2899,3000.);
#2901=IFCSHAPEREPRESENTATION(#11,'Body','SweptSolid',(#2900));
#2902=IFCPRODUCTDEFINITIONSHAPE($,$,(#2901));
#2908=IFCCARTESIANPOINT((12000.,18000.,0.));
#2909=IFCDIRECTION((0.,0.,1.));
#2910=IFCDIRECTION((1.,0.,0.));
#2911=IFCAXIS2PLACEMENT3D(#2908,#2909,#2910);
#2912=IFCLOCALPLACEMENT($,#2911);
#2913=IFCPROPERTYSET('2Fg3Bnl759_RsNRfLk31XK',$,'Other',$,(#2915,#2916));
#2914=IFCRELDEFINESBYPROPERTIES('23ozEuUUD5EfohPGJzBSLc',$,$,$,(#2891),#2913);
#2915=IFCPROPERTYSINGLEVALUE('Ax',$,IFCLABEL('0.001'),$);
#2916=IFCPROPERTYSINGLEVALUE('Ay',$,IFCLABEL('0.001'),$);
#2917=IFCCOLUMN('2onettWtb4uPXxYDiP89$V',$,$,$,$,#2938,#2928,$,$);
#2918=IFCCARTESIANPOINTLIST2D(((-200.,-200.),(200.,-200.),(200.,200.),(-200.,200.)));
#2919=IFCINDEXEDPOLYCURVE(#2918,(IFCLINEINDEX((1,2,3,4,1))),$);
#2920=IFCARBITRARYCLOSEDPROFILEDEF(.AREA.,'Arbitrary',#2919);
#2921=IFCCARTESIANPOINT((0.,0.,0.));
#2922=IFCDIRECTION((0.,0.,1.));
#2923=IFCDIRECTION((1.,0.,0.));
#2924=IFCAXIS2PLACEMENT3D(#2921,#2922,#2923);
#2925=IFCDIRECTION((0.,0.,1.));
#2926=IFCEXTRUDEDAREASOLID(#2920,#2924,#2925,3000.);
#2927=IFCSHAPEREPRESENTATION(#11,'Body','SweptSolid',(#2926));
#2928=IFCPRODUCTDEFINITIONSHAPE($,$,(#2927));
#2934=IFCCARTESIANPOINT((18000.,12000.,0.));
#2935=IFCDIRECTION((0.,0.,1.));
#2936=IFCDIRECTION((1.,0.,0.));
#2937=IFCAXIS2PLACEMENT3D(#2934,#2935,#2936);
#2938=IFCLOCALPLACEMENT($,#2937);
#2939=IFCPROPERTYSET('2R09_f__P9TvogjU4EdtHU',$,'Other',$,(#2941,#2942));
#2940=IFCRELDEFINESBYPROPERTIES('2DLNQA1jT4JhHM0Vu51b8n',$,$,$,(#2917),#2939);
#2941=IFCPROPERTYSINGLEVALUE('Ax',$,IFCLABEL('0.001'),$);
#2942=IFCPROPERTYSINGLEVALUE('Ay',$,IFCLABEL('0.001'),$);
#2943=IFCCOLUMN('3j0fSlz9H2xgmd23fGhI_7',$,$,$,$,#2964,#2954,$,$);
#2944=IFCCARTESIANPOINTLIST2D(((-200.,-200.),(200.,-200.),(200.,200.),(-200.,200.)));
#2945=IFCINDEXEDPOLYCURVE(#2944,(IFCLINEINDEX((1,2,3,4,1))),$);
#2946=IFCARBITRARYCLOSEDPROFILEDEF(.AREA.,'Arbitrary',#2945);
#2947=IFCCARTESIANPOINT((0.,0.,0.));
#2948=IFCDIRECTION((0.,0.,1.));
#2949=IFCDIRECTION((1.,0.,0.));
#2950=IFCAXIS2PLACEMENT3D(#2947,#2948,#2949);
#2951=IFCDIRECTION((0.,0.,1.));
#2952=IFCEXTRUDEDAREASOLID(#2946,#2950,#2951,3000.);
#2953=IFCSHAPEREPRESENTATION(#11,'Body','SweptSolid',(#2952));
#2954=IFCPRODUCTDEFINITIONSHAPE($,$,(#2953));
#2960=IFCCARTESIANPOINT((18000.,18000.,0.));
#2961=IFCDIRECTION((0.,0.,1.));
#2962=IFCDIRECTION((1.,0.,0.));
#2963=IFCAXIS2PLACEMENT3D(#2960,#2961,#2962);
#2964=IFCLOCALPLACEMENT($,#2963);
#2965=IFCPROPERTYSET('1lnBDXh7f4V80UCA8m67tB',$,'Other',$,(#2967,#2968));
#2966=IFCRELDEFINESBYPROPERTIES('3mwxeOa4r5JPxgtYpykqDM',$,$,$,(#2943),#2965);
#2967=IFCPROPERTYSINGLEVALUE('Ax',$,IFCLABEL('0.001'),$);
#2968=IFCPROPERTYSINGLEVALUE('Ay',$,IFCLABEL('0.001'),$);
#2969=IFCCOLUMN('3TSu$p6VT3pRtEuOfDxtcJ',$,$,$,$,#2990,#2980,$,$);
#2970=IFCCARTESIANPOINTLIST2D(((-200.,-200.),(200.,-200.),(200.,200.),(-200.,200.)));
#2971=IFCINDEXEDPOLYCURVE(#2970,(IFCLINEINDEX((1,2,3,4,1))),$);
#2972=IFCARBITRARYCLOSEDPROFILEDEF(.AREA.,'Arbitrary',#2971);
#2973=IFCCARTESIANPOINT((0.,0.,0.));
#2974=IFCDIRECTION((0.,0.,1.));
#2975=IFCDIRECTION((1.,0.,0.));
#2976=IFCAXIS2PLACEMENT3D(#2973,#2974,#2975);
#2977=IFCDIRECTION((0.,0.,1.));
#2978=IFCEXTRUDEDAREASOLID(#2972,#2976,#2977,3000.);
#2979=IFCSHAPEREPRESENTATION(#11,'Body','SweptSolid',(#2978));
#2980=IFCPRODUCTDEFINITIONSHAPE($,$,(#2979));
#2986=IFCCARTESIANPOINT((24000.,18000.,0.));
#2987=IFCDIRECTION((0.,0.,1.));
#2988=IFCDIRECTION((1.,0.,0.));
#2989=IFCAXIS2PLACEMENT3D(#2986,#2987,#2988);
#2990=IFCLOCALPLACEMENT($,#2989);
#2991=IFCPROPERTYSET('2aXI94F5jB0Q5ySruTDG1s',$,'Other',$,(#2993,#2994));
#2992=IFCRELDEFINESBYPROPERTIES('1ccgs101v2jxpHYm$qlolp',$,$,$,(#2969),#2991);
#2993=IFCPROPERTYSINGLEVALUE('Ax',$,IFCLABEL('0.001'),$);
#2994=IFCPROPERTYSINGLEVALUE('Ay',$,IFCLABEL('0.001'),$);
#2995=IFCCOLUMN('3yreQuMxz2h8kEW2G60ykr',$,$,$,$,#3016,#3006,$,$);
#2996=IFCCARTESIANPOINTLIST2D(((-200.,-200.),(200.,-200.),(200.,200.),(-200.,200.)));
#2997=IFCINDEXEDPOLYCURVE(#2996,(IFCLINEINDEX((1,2,3,4,1))),$);
#2998=IFCARBITRARYCLOSEDPROFILEDEF(.AREA.,'Arbitrary',#2997);
#2999=IFCCARTESIANPOINT((0.,0.,0.));
#3000=IFCDIRECTION((0.,0.,1.));
#3001=IFCDIRECTION((1.,0.,0.));
#3002=IFCAXIS2PLACEMENT3D(#2999,#3000,#3001);
#3003=IFCDIRECTION((0.,0.,1.));
#3004=IFCEXTRUDEDAREASOLID(#2998,#3002,#3003,3000.);
#3005=IFCSHAPEREPRESENTATION(#11,'Body','SweptSolid',(#3004));
#3006=IFCPRODUCTDEFINITIONSHAPE($,$,(#3005));
#3012=IFCCARTESIANPOINT((30000.,18000.,0.));
#3013=IFCDIRECTION((0.,0.,1.));
#3014=IFCDIRECTION((1.,0.,0.));
#3015=IFCAXIS2PLACEMENT3D(#3012,#3013,#3014);
#3016=IFCLOCALPLACEMENT($,#3015);
#3017=IFCPROPERTYSET('3MEkgk7CL43B66kA0wJnHP',$,'Other',$,(#3019,#3020));
#3018=IFCRELDEFINESBYPROPERTIES('0IeYYiuBr5mhWq5JmrKSzo',$,$,$,(#2995),#3017);
#3019=IFCPROPERTYSINGLEVALUE('Ax',$,IFCLABEL('0.001'),$);
#3020=IFCPROPERTYSINGLEVALUE('Ay',$,IFCLABEL('0.001'),$);
#3021=IFCCOLUMN('3UyDvrU6z7awkwjZrLLpdf',$,$,$,$,#3042,#3032,$,$);
#3022=IFCCARTESIANPOINTLIST2D(((-200.,-200.),(200.,-200.),(200.,200.),(-200.,200.)));
#3023=IFCINDEXEDPOLYCURVE(#3022,(IFCLINEINDEX((1,2,3,4,1))),$);
#3024=IFCARBITRARYCLOSEDPROFILEDEF(.AREA.,'Arbitrary',#3023);
#3025=IFCCARTESIANPOINT((0.,0.,0.));
#3026=IFCDIRECTION((0.,0.,1.));
#3027=IFCDIRECTION((1.,0.,0.));
#3028=IFCAXIS2PLACEMENT3D(#3025,#3026,#3027);
#3029=IFCDIRECTION((0.,0.,1.));
#3030=IFCEXTRUDEDAREASOLID(#3024,#3028,#3029,3000.);
#3031=IFCSHAPEREPRESENTATION(#11,'Body','SweptSolid',(#3030));
#3032=IFCPRODUCTDEFINITIONSHAPE($,$,(#3031));
#3038=IFCCARTESIANPOINT((18000.,0.,0.));
#3039=IFCDIRECTION((0.,0.,1.));
#3040=IFCDIRECTION((1.,0.,0.));
#3041=IFCAXIS2PLACEMENT3D(#3038,#3039,#3040);
#3042=IFCLOCALPLACEMENT($,#3041);
#3043=IFCPROPERTYSET('2x8ATCyLr8yw0QK$0B_Yl9',$,'Other',$,(#3045,#3046));
#3044=IFCRELDEFINESBYPROPERTIES('1v97GePn57UeFsTlNG0Xyc',$,$,$,(#3021),#3043);
#3045=IFCPROPERTYSINGLEVALUE('Ax',$,IFCLABEL('0.001'),$);
#3046=IFCPROPERTYSINGLEVALUE('Ay',$,IFCLABEL('0.001'),$);
#3047=IFCCOLUMN('0tuJO3hx15JflMAARQiSMS',$,$,$,$,#3068,#3058,$,$);
#3048=IFCCARTESIANPOINTLIST2D(((-200.,-200.),(200.,-200.),(200.,200.),(-200.,200.)));
#3049=IFCINDEXEDPOLYCURVE(#3048,(IFCLINEINDEX((1,2,3,4,1))),$);
#3050=IFCARBITRARYCLOSEDPROFILEDEF(.AREA.,'Arbitrary',#3049);
#3051=IFCCARTESIANPOINT((0.,0.,0.));
#3052=IFCDIRECTION((0.,0.,1.));
#3053=IFCDIRECTION((1.,0.,0.));
#3054=IFCAXIS2PLACEMENT3D(#3051,#3052,#3053);
#3055=IFCDIRECTION((0.,0.,1.));
#3056=IFCEXTRUDEDAREASOLID(#3050,#3054,#3055,3000.);
#3057=IFCSHAPEREPRESENTATION(#11,'Body','SweptSolid',(#3056));
#3058=IFCPRODUCTDEFINITIONSHAPE($,$,(#3057));
#3064=IFCCARTESIANPOINT((18000.,6000.,0.));
#3065=IFCDIRECTION((0.,0.,1.));
#3066=IFCDIRECTION((1.,0.,0.));
#3067=IFCAXIS2PLACEMENT3D(#3064,#3065,#3066);
#3068=IFCLOCALPLACEMENT($,#3067);
#3069=IFCPROPERTYSET('0Q_vLpPVP2lRs67_iL5Kmn',$,'Other',$,(#3071,#3072));
#3070=IFCRELDEFINESBYPROPERTIES('2k8$puG7fDc9bdXdKZ539o',$,$,$,(#3047),#3069);
#3071=IFCPROPERTYSINGLEVALUE('Ax',$,IFCLABEL('0.001'),$);
#3072=IFCPROPERTYSINGLEVALUE('Ay',$,IFCLABEL('0.001'),$);
#3073=IFCCOLUMN('1QAWWNLXfFPASyrb_hJ2JK',$,$,$,$,#3094,#3084,$,$);
#3074=IFCCARTESIANPOINTLIST2D(((-200.,-200.),(200.,-200.),(200.,200.),(-200.,200.)));
#3075=IFCINDEXEDPOLYCURVE(#3074,(IFCLINEINDEX((1,2,3,4,1))),$);
#3076=IFCARBITRARYCLOSEDPROFILEDEF(.AREA.,'Arbitrary',#3075);
#3077=IFCCARTESIANPOINT((0.,0.,0.));
#3078=IFCDIRECTION((0.,0.,1.));
#3079=IFCDIRECTION((1.,0.,0.));
#3080=IFCAXIS2PLACEMENT3D(#3077,#3078,#3079);
#3081=IFCDIRECTION((0.,0.,1.));
#3082=IFCEXTRUDEDAREASOLID(#3076,#3080,#3081,3000.);
#3083=IFCSHAPEREPRESENTATION(#11,'Body','SweptSolid',(#3082));
#3084=IFCPRODUCTDEFINITIONSHAPE($,$,(#3083));
#3090=IFCCARTESIANPOINT((24000.,6000.,0.));
#3091=IFCDIRECTION((0.,0.,1.));
#3092=IFCDIRECTION((1.,0.,0.));
#3093=IFCAXIS2PLACEMENT3D(#3090,#3091,#3092);
#3094=IFCLOCALPLACEMENT($,#3093);
#3095=IFCPROPERTYSET('2LAAdKAWbFUxU_Z93h6PzR',$,'Other',$,(#3097,#3098));
#3096=IFCRELDEFINESBYPROPERTIES('1JVGm43N98zvsKBSH8rybi',$,$,$,(#3073),#3095);
#3097=IFCPROPERTYSINGLEVALUE('Ax',$,IFCLABEL('0.001'),$);
#3098=IFCPROPERTYSINGLEVALUE('Ay',$,IFCLABEL('0.001'),$);
#3099=IFCCOLUMN('17fxDcisXDoOalrD98RrN0',$,$,$,$,#3120,#3110,$,$);
#3100=IFCCARTESIANPOINTLIST2D(((-200.,-200.),(200.,-200.),(200.,200.),(-200.,200.)));
#3101=IFCINDEXEDPOLYCURVE(#3100,(IFCLINEINDEX((1,2,3,4,1))),$);
#3102=IFCARBITRARYCLOSEDPROFILEDEF(.AREA.,'Arbitrary',#3101);
#3103=IFCCARTESIANPOINT((0.,0.,0.));
#3104=IFCDIRECTION((0.,0.,1.));
#3105=IFCDIRECTION((1.,0.,0.));
#3106=IFCAXIS2PLACEMENT3D(#3103,#3104,#3105);
#3107=IFCDIRECTION((0.,0.,1.));
#3108=IFCEXTRUDEDAREASOLID(#3102,#3106,#3107,3000.);
#3109=IFCSHAPEREPRESENTATION(#11,'Body','SweptSolid',(#3108));
#3110=IFCPRODUCTDEFINITIONSHAPE($,$,(#3109));
#3116=IFCCARTESIANPOINT((12000.,0.,0.));
#3117=IFCDIRECTION((0.,0.,1.));
#3118=IFCDIRECTION((1.,0.,0.));
#3119=IFCAXIS2PLACEMENT3D(#3116,#3117,#3118);
#3120=IFCLOCALPLACEMENT($,#3119);
#3121=IFCPROPERTYSET('1GgbzUTwfAlQe1GPR3RrVm',$,'Other',$,(#3123,#3124));
#3122=IFCRELDEFINESBYPROPERTIES('3p394C5F1C3vJWa9sg$VzZ',$,$,$,(#3099),#3121);
#3123=IFCPROPERTYSINGLEVALUE('Ax',$,IFCLABEL('0.001'),$);
#3124=IFCPROPERTYSINGLEVALUE('Ay',$,IFCLABEL('0.001'),$);
#3125=IFCCOLUMN('3AMLWbNCP17Qwoh6I1Yn7A',$,$,$,$,#3146,#3136,$,$);
#3126=IFCCARTESIANPOINTLIST2D(((-200.,-200.),(200.,-200.),(200.,200.),(-200.,200.)));
#3127=IFCINDEXEDPOLYCURVE(#3126,(IFCLINEINDEX((1,2,3,4,1))),$);
#3128=IFCARBITRARYCLOSEDPROFILEDEF(.AREA.,'Arbitrary',#3127);
#3129=IFCCARTESIANPOINT((0.,0.,0.));
#3130=IFCDIRECTION((0.,0.,1.));
#3131=IFCDIRECTION((1.,0.,0.));
#3132=IFCAXIS2PLACEMENT3D(#3129,#3130,#3131);
#3133=IFCDIRECTION((0.,0.,1.));
#3134=IFCEXTRUDEDAREASOLID(#3128,#3132,#3133,3000.);
#3135=IFCSHAPEREPRESENTATION(#11,'Body','SweptSolid',(#3134));
#3136=IFCPRODUCTDEFINITIONSHAPE($,$,(#3135));
#3142=IFCCARTESIANPOINT((12000.,6000.,0.));
#3143=IFCDIRECTION((0.,0.,1.));
#3144=IFCDIRECTION((1.,0.,0.));
#3145=IFCAXIS2PLACEMENT3D(#3142,#3143,#3144);
#3146=IFCLOCALPLACEMENT($,#3145);
#3147=IFCPROPERTYSET('3gU6SQcXDEAfXkFdaqOcL1',$,'Other',$,(#3149,#3150));
#3148=IFCRELDEFINESBYPROPERTIES('20DEQtcsz1IAuVG_SQrXuS',$,$,$,(#3125),#3147);
#3149=IFCPROPERTYSINGLEVALUE('Ax',$,IFCLABEL('0.001'),$);
#3150=IFCPROPERTYSINGLEVALUE('Ay',$,IFCLABEL('0.001'),$);
#3151=IFCCOLUMN('3CCGaj2Ef0hh71mRAPGERr',$,$,$,$,#3172,#3162,$,$);
#3152=IFCCARTESIANPOINTLIST2D(((-200.,-200.),(200.,-200.),(200.,200.),(-200.,200.)));
#3153=IFCINDEXEDPOLYCURVE(#3152,(IFCLINEINDEX((1,2,3,4,1))),$);
#3154=IFCARBITRARYCLOSEDPROFILEDEF(.AREA.,'Arbitrary',#3153);
#3155=IFCCARTESIANPOINT((0.,0.,0.));
#3156=IFCDIRECTION((0.,0.,1.));
#3157=IFCDIRECTION((1.,0.,0.));
#3158=IFCAXIS2PLACEMENT3D(#3155,#3156,#3157);
#3159=IFCDIRECTION((0.,0.,1.));
#3160=IFCEXTRUDEDAREASOLID(#3154,#3158,#3159,3000.);
#3161=IFCSHAPEREPRESENTATION(#11,'Body','SweptSolid',(#3160));
#3162=IFCPRODUCTDEFINITIONSHAPE($,$,(#3161));
#3168=IFCCARTESIANPOINT((30000.,12000.,21000.));
#3169=IFCDIRECTION((0.,0.,1.));
#3170=IFCDIRECTION((1.,0.,0.));
#3171=IFCAXIS2PLACEMENT3D(#3168,#3169,#3170);
#3172=IFCLOCALPLACEMENT($,#3171);
#3173=IFCPROPERTYSET('1nxBR1OUfBABQfshiv7rJg',$,'Other',$,(#3175,#3176));
#3174=IFCRELDEFINESBYPROPERTIES('2PHbDJ61H22wL7lrmf1pGi',$,$,$,(#3151),#3173);
#3175=IFCPROPERTYSINGLEVALUE('Ax',$,IFCLABEL('0.001'),$);
#3176=IFCPROPERTYSINGLEVALUE('Ay',$,IFCLABEL('0.001'),$);
#3177=IFCCOLUMN('0Ht3hKYcr3Hx7U0da1nzOU',$,$,$,$,#3198,#3188,$,$);
#3178=IFCCARTESIANPOINTLIST2D(((-200.,-200.),(200.,-200.),(200.,200.),(-200.,200.)));
#3179=IFCINDEXEDPOLYCURVE(#3178,(IFCLINEINDEX((1,2,3,4,1))),$);
#3180=IFCARBITRARYCLOSEDPROFILEDEF(.AREA.,'Arbitrary',#3179);
#3181=IFCCARTESIANPOINT((0.,0.,0.));
#3182=IFCDIRECTION((0.,0.,1.));
#3183=IFCDIRECTION((1.,0.,0.));
#3184=IFCAXIS2PLACEMENT3D(#3181,#3182,#3183);
#3185=IFCDIRECTION((0.,0.,1.));
#3186=IFCEXTRUDEDAREASOLID(#3180,#3184,#3185,3000.);
#3187=IFCSHAPEREPRESENTATION(#11,'Body','SweptSolid',(#3186));
#3188=IFCPRODUCTDEFINITIONSHAPE($,$,(#3187));
#3194=IFCCARTESIANPOINT((30000.,12000.,18000.));
#3195=IFCDIRECTION((0.,0.,1.));
#3196=IFCDIRECTION((1.,0.,0.));
#3197=IFCAXIS2PLACEMENT3D(#3194,#3195,#3196);
#3198=IFCLOCALPLACEMENT($,#3197);
#3199=IFCPROPERTYSET('3uLE0QXBP9GxUoyY2XIJHl',$,'Other',$,(#3201,#3202));
#3200=IFCRELDEFINESBYPROPERTIES('3XGJ4i2wL9LhRe1tAzbvh8',$,$,$,(#3177),#3199);
#3201=IFCPROPERTYSINGLEVALUE('Ax',$,IFCLABEL('0.001'),$);
#3202=IFCPROPERTYSINGLEVALUE('Ay',$,IFCLABEL('0.001'),$);
#3203=IFCCOLUMN('3QPAC1fZX0pRyWzvSKCwfB',$,$,$,$,#3224,#3214,$,$);
#3204=IFCCARTESIANPOINTLIST2D(((-200.,-200.),(200.,-200.),(200.,200.),(-200.,200.)));
#3205=IFCINDEXEDPOLYCURVE(#3204,(IFCLINEINDEX((1,2,3,4,1))),$);
#3206=IFCARBITRARYCLOSEDPROFILEDEF(.AREA.,'Arbitrary',#3205);
#3207=IFCCARTESIANPOINT((0.,0.,0.));
#3208=IFCDIRECTION((0.,0.,1.));
#3209=IFCDIRECTION((1.,0.,0.));
#3210=IFCAXIS2PLACEMENT3D(#3207,#3208,#3209);
#3211=IFCDIRECTION((0.,0.,1.));
#3212=IFCEXTRUDEDAREASOLID(#3206,#3210,#3211,3000.);
#3213=IFCSHAPEREPRESENTATION(#11,'Body','SweptSolid',(#3212));
#3214=IFCPRODUCTDEFINITIONSHAPE($,$,(#3213));
#3220=IFCCARTESIANPOINT((30000.,12000.,15000.));
#3221=IFCDIRECTION((0.,0.,1.));
#3222=IFCDIRECTION((1.,0.,0.));
#3223=IFCAXIS2PLACEMENT3D(#3220,#3221,#3222);
#3224=IFCLOCALPLACEMENT($,#3223);
#3225=IFCPROPERTYSET('35NlCYOrD66A8kSM7ngOTi',$,'Other',$,(#3227,#3228));
#3226=IFCRELDEFINESBYPROPERTIES('1hn6WnGVH2KQWhh881_Alr',$,$,$,(#3203),#3225);
#3227=IFCPROPERTYSINGLEVALUE('Ax',$,IFCLABEL('0.001'),$);
#3228=IFCPROPERTYSINGLEVALUE('Ay',$,IFCLABEL('0.001'),$);
#3229=IFCCOLUMN('0Ozn65_Pv0LhXj6bu7Zq8m',$,$,$,$,#3250,#3240,$,$);
#3230=IFCCARTESIANPOINTLIST2D(((-200.,-200.),(200.,-200.),(200.,200.),(-200.,200.)));
#3231=IFCINDEXEDPOLYCURVE(#3230,(IFCLINEINDEX((1,2,3,4,1))),$);
#3232=IFCARBITRARYCLOSEDPROFILEDEF(.AREA.,'Arbitrary',#3231);
#3233=IFCCARTESIANPOINT((0.,0.,0.));
#3234=IFCDIRECTION((0.,0.,1.));
#3235=IFCDIRECTION((1.,0.,0.));
#3236=IFCAXIS2PLACEMENT3D(#3233,#3234,#3235);
#3237=IFCDIRECTION((0.,0.,1.));
#3238=IFCEXTRUDEDAREASOLID(#3232,#3236,#3237,3000.);
#3239=IFCSHAPEREPRESENTATION(#11,'Body','SweptSolid',(#3238));
#3240=IFCPRODUCTDEFINITIONSHAPE($,$,(#3239));
#3246=IFCCARTESIANPOINT((30000.,12000.,12000.));
#3247=IFCDIRECTION((0.,0.,1.));
#3248=IFCDIRECTION((1.,0.,0.));
#3249=IFCAXIS2PLACEMENT3D(#3246,#3247,#3248);
#3250=IFCLOCALPLACEMENT($,#3249);
#3251=IFCPROPERTYSET('2eMyd7roT2DBDyKpMS6G$L',$,'Other',$,(#3253,#3254));
#3252=IFCRELDEFINESBYPROPERTIES('3RlINJt3X5WuXkBZN7hSy$',$,$,$,(#3229),#3251);
#3253=IFCPROPERTYSINGLEVALUE('Ax',$,IFCLABEL('0.001'),$);
#3254=IFCPROPERTYSINGLEVALUE('Ay',$,IFCLABEL('0.001'),$);
#3255=IFCCOLUMN('29bvWdOyjB1hlQ7aHYBB9x',$,$,$,$,#3276,#3266,$,$);
#3256=IFCCARTESIANPOINTLIST2D(((-200.,-200.),(200.,-200.),(200.,200.),(-200.,200.)));
#3257=IFCINDEXEDPOLYCURVE(#3256,(IFCLINEINDEX((1,2,3,4,1))),$);
#3258=IFCARBITRARYCLOSEDPROFILEDEF(.AREA.,'Arbitrary',#3257);
#3259=IFCCARTESIANPOINT((0.,0.,0.));
#3260=IFCDIRECTION((0.,0.,1.));
#3261=IFCDIRECTION((1.,0.,0.));
#3262=IFCAXIS2PLACEMENT3D(#3259,#3260,#3261);
#3263=IFCDIRECTION((0.,0.,1.));
#3264=IFCEXTRUDEDAREASOLID(#3258,#3262,#3263,3000.);
#3265=IFCSHAPEREPRESENTATION(#11,'Body','SweptSolid',(#3264));
#3266=IFCPRODUCTDEFINITIONSHAPE($,$,(#3265));
#3272=IFCCARTESIANPOINT((30000.,12000.,9000.));
#3273=IFCDIRECTION((0.,0.,1.));
#3274=IFCDIRECTION((1.,0.,0.));
#3275=IFCAXIS2PLACEMENT3D(#3272,#3273,#3274);
#3276=IFCLOCALPLACEMENT($,#3275);
#3277=IFCPROPERTYSET('3y55wto5LC9e_mBK7O4mxT',$,'Other',$,(#3279,#3280));
#3278=IFCRELDEFINESBYPROPERTIES('0cqHdzTpv0EgK3CaCUa$Zp',$,$,$,(#3255),#3277);
#3279=IFCPROPERTYSINGLEVALUE('Ax',$,IFCLABEL('0.001'),$);
#3280=IFCPROPERTYSINGLEVALUE('Ay',$,IFCLABEL('0.001'),$);
#3281=IFCCOLUMN('3g23nAvez3KeNpG5tDUe1I',$,$,$,$,#3302,#3292,$,$);
#3282=IFCCARTESIANPOINTLIST2D(((-200.,-200.),(200.,-200.),(200.,200.),(-200.,200.)));
#3283=IFCINDEXEDPOLYCURVE(#3282,(IFCLINEINDEX((1,2,3,4,1))),$);
#3284=IFCARBITRARYCLOSEDPROFILEDEF(.AREA.,'Arbitrary',#3283);
#3285=IFCCARTESIANPOINT((0.,0.,0.));
#3286=IFCDIRECTION((0.,0.,1.));
#3287=IFCDIRECTION((1.,0.,0.));
#3288=IFCAXIS2PLACEMENT3D(#3285,#3286,#3287);
#3289=IFCDIRECTION((0.,0.,1.));
#3290=IFCEXTRUDEDAREASOLID(#3284,#3288,#3289,3000.);
#3291=IFCSHAPEREPRESENTATION(#11,'Body','SweptSolid',(#3290));
#3292=IFCPRODUCTDEFINITIONSHAPE($,$,(#3291));
#3298=IFCCARTESIANPOINT((30000.,12000.,6000.));
#3299=IFCDIRECTION((0.,0.,1.));
#3300=IFCDIRECTION((1.,0.,0.));
#3301=IFCAXIS2PLACEMENT3D(#3298,#3299,#3300);
#3302=IFCLOCALPLACEMENT($,#3301);
#3303=IFCPROPERTYSET('3oI4FMmEv9nOd3gD1L$aYT',$,'Other',$,(#3305,#3306));
#3304=IFCRELDEFINESBYPROPERTIES('2TJ$MH1Hf1HwuH4tM9rgdP',$,$,$,(#3281),#3303);
#3305=IFCPROPERTYSINGLEVALUE('Ax',$,IFCLABEL('0.001'),$);
#3306=IFCPROPERTYSINGLEVALUE('Ay',$,IFCLABEL('0.001'),$);
#3307=IFCCOLUMN('1$2GkA53P8xOntdrcidfKq',$,$,$,$,#3328,#3318,$,$);
#3308=IFCCARTESIANPOINTLIST2D(((-200.,-200.),(200.,-200.),(200.,200.),(-200.,200.)));
#3309=IFCINDEXEDPOLYCURVE(#3308,(IFCLINEINDEX((1,2,3,4,1))),$);
#3310=IFCARBITRARYCLOSEDPROFILEDEF(.AREA.,'Arbitrary',#3309);
#3311=IFCCARTESIANPOINT((0.,0.,0.));
#3312=IFCDIRECTION((0.,0.,1.));
#3313=IFCDIRECTION((1.,0.,0.));
#3314=IFCAXIS2PLACEMENT3D(#3311,#3312,#3313);
#3315=IFCDIRECTION((0.,0.,1.));
#3316=IFCEXTRUDEDAREASOLID(#3310,#3314,#3315,3000.);
#3317=IFCSHAPEREPRESENTATION(#11,'Body','SweptSolid',(#3316));
#3318=IFCPRODUCTDEFINITIONSHAPE($,$,(#3317));
#3324=IFCCARTESIANPOINT((30000.,12000.,3000.));
#3325=IFCDIRECTION((0.,0.,1.));
#3326=IFCDIRECTION((1.,0.,0.));
#3327=IFCAXIS2PLACEMENT3D(#3324,#3325,#3326);
#3328=IFCLOCALPLACEMENT($,#3327);
#3329=IFCPROPERTYSET('3UMaQsZ9z7GOj7M$ASpFKJ',$,'Other',$,(#3331,#3332));
#3330=IFCRELDEFINESBYPROPERTIES('3VnVg3wgP3vxRB6fMOUmVI',$,$,$,(#3307),#3329);
#3331=IFCPROPERTYSINGLEVALUE('Ax',$,IFCLABEL('0.001'),$);
#3332=IFCPROPERTYSINGLEVALUE('Ay',$,IFCLABEL('0.001'),$);
#3333=IFCCOLUMN('1$4P8rKynAJe3RZJGN8Nhv',$,$,$,$,#3354,#3344,$,$);
#3334=IFCCARTESIANPOINTLIST2D(((-200.,-200.),(200.,-200.),(200.,200.),(-200.,200.)));
#3335=IFCINDEXEDPOLYCURVE(#3334,(IFCLINEINDEX((1,2,3,4,1))),$);
#3336=IFCARBITRARYCLOSEDPROFILEDEF(.AREA.,'Arbitrary',#3335);
#3337=IFCCARTESIANPOINT((0.,0.,0.));
#3338=IFCDIRECTION((0.,0.,1.));
#3339=IFCDIRECTION((1.,0.,0.));
#3340=IFCAXIS2PLACEMENT3D(#3337,#3338,#3339);
#3341=IFCDIRECTION((0.,0.,1.));
#3342=IFCEXTRUDEDAREASOLID(#3336,#3340,#3341,3000.);
#3343=IFCSHAPEREPRESENTATION(#11,'Body','SweptSolid',(#3342));
#3344=IFCPRODUCTDEFINITIONSHAPE($,$,(#3343));
#3350=IFCCARTESIANPOINT((30000.,12000.,0.));
#3351=IFCDIRECTION((0.,0.,1.));
#3352=IFCDIRECTION((1.,0.,0.));
#3353=IFCAXIS2PLACEMENT3D(#3350,#3351,#3352);
#3354=IFCLOCALPLACEMENT($,#3353);
#3355=IFCPROPERTYSET('0OECJQsADDqv7Lj1jnCD1q',$,'Other',$,(#3357,#3358));
#3356=IFCRELDEFINESBYPROPERTIES('0bCyEyDj5EFhfNu5ZPPn5i',$,$,$,(#3333),#3355);
#3357=IFCPROPERTYSINGLEVALUE('Ax',$,IFCLABEL('0.001'),$);
#3358=IFCPROPERTYSINGLEVALUE('Ay',$,IFCLABEL('0.001'),$);
#3359=IFCCOLUMN('0YVGahFcf7KgMYGD5POjHv',$,$,$,$,#3380,#3370,$,$);
#3360=IFCCARTESIANPOINTLIST2D(((-200.,-200.),(200.,-200.),(200.,200.),(-200.,200.)));
#3361=IFCINDEXEDPOLYCURVE(#3360,(IFCLINEINDEX((1,2,3,4,1))),$);
#3362=IFCARBITRARYCLOSEDPROFILEDEF(.AREA.,'Arbitrary',#3361);
#3363=IFCCARTESIANPOINT((0.,0.,0.));
#3364=IFCDIRECTION((0.,0.,1.));
#3365=IFCDIRECTION((1.,0.,0.));
#3366=IFCAXIS2PLACEMENT3D(#3363,#3364,#3365);
#3367=IFCDIRECTION((0.,0.,1.));
#3368=IFCEXTRUDEDAREASOLID(#3362,#3366,#3367,3000.);
#3369=IFCSHAPEREPRESENTATION(#11,'Body','SweptSolid',(#3368));
#3370=IFCPRODUCTDEFINITIONSHAPE($,$,(#3369));
#3376=IFCCARTESIANPOINT((30000.,6000.,21000.));
#3377=IFCDIRECTION((0.,0.,1.));
#3378=IFCDIRECTION((1.,0.,0.));
#3379=IFCAXIS2PLACEMENT3D(#3376,#3377,#3378);
#3380=IFCLOCALPLACEMENT($,#3379);
#3381=IFCPROPERTYSET('2VDKZYZRzB$vzEPrh7zpZd',$,'Other',$,(#3383,#3384));
#3382=IFCRELDEFINESBYPROPERTIES('2s0MEtzgr2WePrW2U1Tnpt',$,$,$,(#3359),#3381);
#3383=IFCPROPERTYSINGLEVALUE('Ax',$,IFCLABEL('0.001'),$);
#3384=IFCPROPERTYSINGLEVALUE('Ay',$,IFCLABEL('0.001'),$);
#3385=IFCCOLUMN('3fm7v_LRnEbuJk_N8vOSiw',$,$,$,$,#3406,#3396,$,$);
#3386=IFCCARTESIANPOINTLIST2D(((-200.,-200.),(200.,-200.),(200.,200.),(-200.,200.)));
#3387=IFCINDEXEDPOLYCURVE(#3386,(IFCLINEINDEX((1,2,3,4,1))),$);
#3388=IFCARBITRARYCLOSEDPROFILEDEF(.AREA.,'Arbitrary',#3387);
#3389=IFCCARTESIANPOINT((0.,0.,0.));
#3390=IFCDIRECTION((0.,0.,1.));
#3391=IFCDIRECTION((1.,0.,0.));
#3392=IFCAXIS2PLACEMENT3D(#3389,#3390,#3391);
#3393=IFCDIRECTION((0.,0.,1.));
#3394=IFCEXTRUDEDAREASOLID(#3388,#3392,#3393,3000.);
#3395=IFCSHAPEREPRESENTATION(#11,'Body','SweptSolid',(#3394));
#3396=IFCPRODUCTDEFINITIONSHAPE($,$,(#3395));
#3402=IFCCARTESIANPOINT((30000.,6000.,18000.));
#3403=IFCDIRECTION((0.,0.,1.));
#3404=IFCDIRECTION((1.,0.,0.));
#3405=IFCAXIS2PLACEMENT3D(#3402,#3403,#3404);
#3406=IFCLOCALPLACEMENT($,#3405);
#3407=IFCPROPERTYSET('1UUvA_F49FiRP2sA5$OAl3',$,'Other',$,(#3409,#3410));
#3408=IFCRELDEFINESBYPROPERTIES('3kD55cuJH1SOhXCKTYibKl',$,$,$,(#3385),#3407);
#3409=IFCPROPERTYSINGLEVALUE('Ax',$,IFCLABEL('0.001'),$);
#3410=IFCPROPERTYSINGLEVALUE('Ay',$,IFCLABEL('0.001'),$);
#3411=IFCCOLUMN('1aN0U1Ol5BRgIqm6Br9i5w',$,$,$,$,#3432,#3422,$,$);
#3412=IFCCARTESIANPOINTLIST2D(((-200.,-200.),(200.,-200.),(200.,200.),(-200.,200.)));
#3413=IFCINDEXEDPOLYCURVE(#3412,(IFCLINEINDEX((1,2,3,4,1))),$);
#3414=IFCARBITRARYCLOSEDPROFILEDEF(.AREA.,'Arbitrary',#3413);
#3415=IFCCARTESIANPOINT((0.,0.,0.));
#3416=IFCDIRECTION((0.,0.,1.));
#3417=IFCDIRECTION((1.,0.,0.));
#3418=IFCAXIS2PLACEMENT3D(#3415,#3416,#3417);
#3419=IFCDIRECTION((0.,0.,1.));
#3420=IFCEXTRUDEDAREASOLID(#3414,#3418,#3419,3000.);
#3421=IFCSHAPEREPRESENTATION(#11,'Body','SweptSolid',(#3420));
#3422=IFCPRODUCTDEFINITIONSHAPE($,$,(#3421));
#3428=IFCCARTESIANPOINT((30000.,6000.,15000.));
#3429=IFCDIRECTION((0.,0.,1.));
#3430=IFCDIRECTION((1.,0.,0.));
#3431=IFCAXIS2PLACEMENT3D(#3428,#3429,#3430);
#3432=IFCLOCALPLACEMENT($,#3431);
#3433=IFCPROPERTYSET('3b$Y0DhWj0zwOCNho$CYPQ',$,'Other',$,(#3435,#3436));
#3434=IFCRELDEFINESBYPROPERTIES('2WyD$JrdT8vfZxNmq01uoL',$,$,$,(#3411),#3433);
#3435=IFCPROPERTYSINGLEVALUE('Ax',$,IFCLABEL('0.001'),$);
#3436=IFCPROPERTYSINGLEVALUE('Ay',$,IFCLABEL('0.001'),$);
#3437=IFCCOLUMN('2zR2Cb04r5eBzsg8e3jhEy',$,$,$,$,#3458,#3448,$,$);
#3438=IFCCARTESIANPOINTLIST2D(((-200.,-200.),(200.,-200.),(200.,200.),(-200.,200.)));
#3439=IFCINDEXEDPOLYCURVE(#3438,(IFCLINEINDEX((1,2,3,4,1))),$);
#3440=IFCARBITRARYCLOSEDPROFILEDEF(.AREA.,'Arbitrary',#3439);
#3441=IFCCARTESIANPOINT((0.,0.,0.));
#3442=IFCDIRECTION((0.,0.,1.));
#3443=IFCDIRECTION((1.,0.,0.));
#3444=IFCAXIS2PLACEMENT3D(#3441,#3442,#3443);
#3445=IFCDIRECTION((0.,0.,1.));
#3446=IFCEXTRUDEDAREASOLID(#3440,#3444,#3445,3000.);
#3447=IFCSHAPEREPRESENTATION(#11,'Body','SweptSolid',(#3446));
#3448=IFCPRODUCTDEFINITIONSHAPE($,$,(#3447));
#3454=IFCCARTESIANPOINT((30000.,6000.,12000.));
#3455=IFCDIRECTION((0.,0.,1.));
#3456=IFCDIRECTION((1.,0.,0.));
#3457=IFCAXIS2PLACEMENT3D(#3454,#3455,#3456);
#3458=IFCLOCALPLACEMENT($,#3457);
#3459=IFCPROPERTYSET('1H4CHNbdz6kwrdUBGEro9y',$,'Other',$,(#3461,#3462));
#3460=IFCRELDEFINESBYPROPERTIES('27p1qdcUz5SfWt0G$RA0_l',$,$,$,(#3437),#3459);
#3461=IFCPROPERTYSINGLEVALUE('Ax',$,IFCLABEL('0.001'),$);
#3462=IFCPROPERTYSINGLEVALUE('Ay',$,IFCLABEL('0.001'),$);
#3463=IFCCOLUMN('2MAXA5svDEM8LKmF0u$Zrw',$,$,$,$,#3484,#3474,$,$);
#3464=IFCCARTESIANPOINTLIST2D(((-200.,-200.),(200.,-200.),(200.,200.),(-200.,200.)));
#3465=IFCINDEXEDPOLYCURVE(#3464,(IFCLINEINDEX((1,2,3,4,1))),$);
#3466=IFCARBITRARYCLOSEDPROFILEDEF(.AREA.,'Arbitrary',#3465);
#3467=IFCCARTESIANPOINT((0.,0.,0.));
#3468=IFCDIRECTION((0.,0.,1.));
#3469=IFCDIRECTION((1.,0.,0.));
#3470=IFCAXIS2PLACEMENT3D(#3467,#3468,#3469);
#3471=IFCDIRECTION((0.,0.,1.));
#3472=IFCEXTRUDEDAREASOLID(#3466,#3470,#3471,3000.);
#3473=IFCSHAPEREPRESENTATION(#11,'Body','SweptSolid',(#3472));
#3474=IFCPRODUCTDEFINITIONSHAPE($,$,(#3473));
#3480=IFCCARTESIANPOINT((30000.,6000.,9000.));
#3481=IFCDIRECTION((0.,0.,1.));
#3482=IFCDIRECTION((1.,0.,0.));
#3483=IFCAXIS2PLACEMENT3D(#3480,#3481,#3482);
#3484=IFCLOCALPLACEMENT($,#3483);
#3485=IFCPROPERTYSET('33QOyeWrX7BBbfLHnEX1J2',$,'Other',$,(#3487,#3488));
#3486=IFCRELDEFINESBYPROPERTIES('0LF$X0LY9DMxBAUee1V0jw',$,$,$,(#3463),#3485);
#3487=IFCPROPERTYSINGLEVALUE('Ax',$,IFCLABEL('0.001'),$);
#3488=IFCPROPERTYSINGLEVALUE('Ay',$,IFCLABEL('0.001'),$);
#3489=IFCCOLUMN('1SUg1pJB1E$xPMksWCImpI',$,$,$,$,#3510,#3500,$,$);
#3490=IFCCARTESIANPOINTLIST2D(((-200.,-200.),(200.,-200.),(200.,200.),(-200.,200.)));
#3491=IFCINDEXEDPOLYCURVE(#3490,(IFCLINEINDEX((1,2,3,4,1))),$);
#3492=IFCARBITRARYCLOSEDPROFILEDEF(.AREA.,'Arbitrary',#3491);
#3493=IFCCARTESIANPOINT((0.,0.,0.));
#3494=IFCDIRECTION((0.,0.,1.));
#3495=IFCDIRECTION((1.,0.,0.));
#3496=IFCAXIS2PLACEMENT3D(#3493,#3494,#3495);
#3497=IFCDIRECTION((0.,0.,1.));
#3498=IFCEXTRUDEDAREASOLID(#3492,#3496,#3497,3000.);
#3499=IFCSHAPEREPRESENTATION(#11,'Body','SweptSolid',(#3498));
#3500=IFCPRODUCTDEFINITIONSHAPE($,$,(#3499));
#3506=IFCCARTESIANPOINT((30000.,6000.,6000.));
#3507=IFCDIRECTION((0.,0.,1.));
#3508=IFCDIRECTION((1.,0.,0.));
#3509=IFCAXIS2PLACEMENT3D(#3506,#3507,#3508);
#3510=IFCLOCALPLACEMENT($,#3509);
#3511=IFCPROPERTYSET('1DpZPlZDz2JAEX_DcD2MlI',$,'Other',$,(#3513,#3514));
#3512=IFCRELDEFINESBYPROPERTIES('20y_yjD415KgNKXH59l_qO',$,$,$,(#3489),#3511);
#3513=IFCPROPERTYSINGLEVALUE('Ax',$,IFCLABEL('0.001'),$);
#3514=IFCPROPERTYSINGLEVALUE('Ay',$,IFCLABEL('0.001'),$);
#3515=IFCCOLUMN('1z1yxCeE9DkPCON5555blp',$,$,$,$,#3536,#3526,$,$);
#3516=IFCCARTESIANPOINTLIST2D(((-200.,-200.),(200.,-200.),(200.,200.),(-200.,200.)));
#3517=IFCINDEXEDPOLYCURVE(#3516,(IFCLINEINDEX((1,2,3,4,1))),$);
#3518=IFCARBITRARYCLOSEDPROFILEDEF(.AREA.,'Arbitrary',#3517);
#3519=IFCCARTESIANPOINT((0.,0.,0.));
#3520=IFCDIRECTION((0.,0.,1.));
#3521=IFCDIRECTION((1.,0.,0.));
#3522=IFCAXIS2PLACEMENT3D(#3519,#3520,#3521);
#3523=IFCDIRECTION((0.,0.,1.));
#3524=IFCEXTRUDEDAREASOLID(#3518,#3522,#3523,3000.);
#3525=IFCSHAPEREPRESENTATION(#11,'Body','SweptSolid',(#3524));
#3526=IFCPRODUCTDEFINITIONSHAPE($,$,(#3525));
#3532=IFCCARTESIANPOINT((30000.,6000.,3000.));
#3533=IFCDIRECTION((0.,0.,1.));
#3534=IFCDIRECTION((1.,0.,0.));
#3535=IFCAXIS2PLACEMENT3D(#3532,#3533,#3534);
#3536=IFCLOCALPLACEMENT($,#3535);
#3537=IFCPROPERTYSET('0FCh$CjuL9egBYUoESGj97',$,'Other',$,(#3539,#3540));
#3538=IFCRELDEFINESBYPROPERTIES('2KhWpXj4nA_BgiKvB7Qs4a',$,$,$,(#3515),#3537);
#3539=IFCPROPERTYSINGLEVALUE('Ax',$,IFCLABEL('0.001'),$);
#3540=IFCPROPERTYSINGLEVALUE('Ay',$,IFCLABEL('0.001'),$);
#3541=IFCCOLUMN('0ZAVoy1TXFSeIpFZ2M$W9X',$,$,$,$,#3562,#3552,$,$);
#3542=IFCCARTESIANPOINTLIST2D(((-200.,-200.),(200.,-200.),(200.,200.),(-200.,200.)));
#3543=IFCINDEXEDPOLYCURVE(#3542,(IFCLINEINDEX((1,2,3,4,1))),$);
#3544=IFCARBITRARYCLOSEDPROFILEDEF(.AREA.,'Arbitrary',#3543);
#3545=IFCCARTESIANPOINT((0.,0.,0.));
#3546=IFCDIRECTION((0.,0.,1.));
#3547=IFCDIRECTION((1.,0.,0.));
#3548=IFCAXIS2PLACEMENT3D(#3545,#3546,#3547);
#3549=IFCDIRECTION((0.,0.,1.));
#3550=IFCEXTRUDEDAREASOLID(#3544,#3548,#3549,3000.);
#3551=IFCSHAPEREPRESENTATION(#11,'Body','SweptSolid',(#3550));
#3552=IFCPRODUCTDEFINITIONSHAPE($,$,(#3551));
#3558=IFCCARTESIANPOINT((30000.,6000.,0.));
#3559=IFCDIRECTION((0.,0.,1.));
#3560=IFCDIRECTION((1.,0.,0.));
#3561=IFCAXIS2PLACEMENT3D(#3558,#3559,#3560);
#3562=IFCLOCALPLACEMENT($,#3561);
#3563=IFCPROPERTYSET('1QyGGyFuTEyxA1EkJS_9vY',$,'Other',$,(#3565,#3566));
#3564=IFCRELDEFINESBYPROPERTIES('3eBiMNcInBrg1DBhleg_RS',$,$,$,(#3541),#3563);
#3565=IFCPROPERTYSINGLEVALUE('Ax',$,IFCLABEL('0.001'),$);
#3566=IFCPROPERTYSINGLEVALUE('Ay',$,IFCLABEL('0.001'),$);
#3567=IFCCOLUMN('08ZUE_LOHFd8BcswO2ZbY4',$,$,$,$,#3588,#3578,$,$);
#3568=IFCCARTESIANPOINTLIST2D(((-200.,-200.),(200.,-200.),(200.,200.),(-200.,200.)));
#3569=IFCINDEXEDPOLYCURVE(#3568,(IFCLINEINDEX((1,2,3,4,1))),$);
#3570=IFCARBITRARYCLOSEDPROFILEDEF(.AREA.,'Arbitrary',#3569);
#3571=IFCCARTESIANPOINT((0.,0.,0.));
#3572=IFCDIRECTION((0.,0.,1.));
#3573=IFCDIRECTION((1.,0.,0.));
#3574=IFCAXIS2PLACEMENT3D(#3571,#3572,#3573);
#3575=IFCDIRECTION((0.,0.,1.));
#3576=IFCEXTRUDEDAREASOLID(#3570,#3574,#3575,3000.);
#3577=IFCSHAPEREPRESENTATION(#11,'Body','SweptSolid',(#3576));
#3578=IFCPRODUCTDEFINITIONSHAPE($,$,(#3577));
#3584=IFCCARTESIANPOINT((30000.,0.,21000.));
#3585=IFCDIRECTION((0.,0.,1.));
#3586=IFCDIRECTION((1.,0.,0.));
#3587=IFCAXIS2PLACEMENT3D(#3584,#3585,#3586);
#3588=IFCLOCALPLACEMENT($,#3587);
#3589=IFCPROPERTYSET('2l60GmdRHBXAMuJDVCSnVU',$,'Other',$,(#3591,#3592));
#3590=IFCRELDEFINESBYPROPERTIES('1n0C$LVA5EFu7pe0V1b6Kg',$,$,$,(#3567),#3589);
#3591=IFCPROPERTYSINGLEVALUE('Ax',$,IFCLABEL('0.001'),$);
#3592=IFCPROPERTYSINGLEVALUE('Ay',$,IFCLABEL('0.001'),$);
#3593=IFCCOLUMN('0iG6X4uQTE_OIsqHPY1YQQ',$,$,$,$,#3614,#3604,$,$);
#3594=IFCCARTESIANPOINTLIST2D(((-200.,-200.),(200.,-200.),(200.,200.),(-200.,200.)));
#3595=IFCINDEXEDPOLYCURVE(#3594,(IFCLINEINDEX((1,2,3,4,1))),$);
#3596=IFCARBITRARYCLOSEDPROFILEDEF(.AREA.,'Arbitrary',#3595);
#3597=IFCCARTESIANPOINT((0.,0.,0.));
#3598=IFCDIRECTION((0.,0.,1.));
#3599=IFCDIRECTION((1.,0.,0.));
#3600=IFCAXIS2PLACEMENT3D(#3597,#3598,#3599);
#3601=IFCDIRECTION((0.,0.,1.));
#3602=IFCEXTRUDEDAREASOLID(#3596,#3600,#3601,3000.);
#3603=IFCSHAPEREPRESENTATION(#11,'Body','SweptSolid',(#3602));
#3604=IFCPRODUCTDEFINITIONSHAPE($,$,(#3603));
#3610=IFCCARTESIANPOINT((30000.,0.,18000.));
#3611=IFCDIRECTION((0.,0.,1.));
#3612=IFCDIRECTION((1.,0.,0.));
#3613=IFCAXIS2PLACEMENT3D(#3610,#3611,#3612);
#3614=IFCLOCALPLACEMENT($,#3613);
#3615=IFCPROPERTYSET('3ytsQbFR5AVvOJdvZ9hL69',$,'Other',$,(#3617,#3618));
#3616=IFCRELDEFINESBYPROPERTIES('1UktUwcsv9Qg5qpXCnMkPX',$,$,$,(#3593),#3615);
#3617=IFCPROPERTYSINGLEVALUE('Ax',$,IFCLABEL('0.001'),$);
#3618=IFCPROPERTYSINGLEVALUE('Ay',$,IFCLABEL('0.001'),$);
#3619=IFCCOLUMN('0b6YjKQwjBDBD6reUn17cy',$,$,$,$,#3640,#3630,$,$);
#3620=IFCCARTESIANPOINTLIST2D(((-200.,-200.),(200.,-200.),(200.,200.),(-200.,200.)));
#3621=IFCINDEXEDPOLYCURVE(#3620,(IFCLINEINDEX((1,2,3,4,1))),$);
#3622=IFCARBITRARYCLOSEDPROFILEDEF(.AREA.,'Arbitrary',#3621);
#3623=IFCCARTESIANPOINT((0.,0.,0.));
#3624=IFCDIRECTION((0.,0.,1.));
#3625=IFCDIRECTION((1.,0.,0.));
#3626=IFCAXIS2PLACEMENT3D(#3623,#3624,#3625);
#3627=IFCDIRECTION((0.,0.,1.));
#3628=IFCEXTRUDEDAREASOLID(#3622,#3626,#3627,3000.);
#3629=IFCSHAPEREPRESENTATION(#11,'Body','SweptSolid',(#3628));
#3630=IFCPRODUCTDEFINITIONSHAPE($,$,(#3629));
#3636=IFCCARTESIANPOINT((30000.,0.,15000.));
#3637=IFCDIRECTION((0.,0.,1.));
#3638=IFCDIRECTION((1.,0.,0.));
#3639=IFCAXIS2PLACEMENT3D(#3636,#3637,#3638);
#3640=IFCLOCALPLACEMENT($,#3639);
#3641=IFCPROPERTYSET('1orwl6fuP11OuUDmWW71uD',$,'Other',$,(#3643,#3644));
#3642=IFCRELDEFINESBYPROPERTIES('0Avdrx2XD499EcUkjPbuoD',$,$,$,(#3619),#3641);
#3643=IFCPROPERTYSINGLEVALUE('Ax',$,IFCLABEL('0.001'),$);
#3644=IFCPROPERTYSINGLEVALUE('Ay',$,IFCLABEL('0.001'),$);
#3645=IFCCOLUMN('1xTryqMwf3DRhRHeO6JtCD',$,$,$,$,#3666,#3656,$,$);
#3646=IFCCARTESIANPOINTLIST2D(((-200.,-200.),(200.,-200.),(200.,200.),(-200.,200.)));
#3647=IFCINDEXEDPOLYCURVE(#3646,(IFCLINEINDEX((1,2,3,4,1))),$);
#3648=IFCARBITRARYCLOSEDPROFILEDEF(.AREA.,'Arbitrary',#3647);
#3649=IFCCARTESIANPOINT((0.,0.,0.));
#3650=IFCDIRECTION((0.,0.,1.));
#3651=IFCDIRECTION((1.,0.,0.));
#3652=IFCAXIS2PLACEMENT3D(#3649,#3650,#3651);
#3653=IFCDIRECTION((0.,0.,1.));
#3654=IFCEXTRUDEDAREASOLID(#3648,#3652,#3653,3000.);
#3655=IFCSHAPEREPRESENTATION(#11,'Body','SweptSolid',(#3654));
#3656=IFCPRODUCTDEFINITIONSHAPE($,$,(#3655));
#3662=IFCCARTESIANPOINT((30000.,0.,12000.));
#3663=IFCDIRECTION((0.,0.,1.));
#3664=IFCDIRECTION((1.,0.,0.));
#3665=IFCAXIS2PLACEMENT3D(#3662,#3663,#3664);
#3666=IFCLOCALPLACEMENT($,#3665);
#3667=IFCPROPERTYSET('31VzvCbJv3ExTWAv5q2pL5',$,'Other',$,(#3669,#3670));
#3668=IFCRELDEFINESBYPROPERTIES('1YIhbJZQ94NQ6LNtlgLVPw',$,$,$,(#3645),#3667);
#3669=IFCPROPERTYSINGLEVALUE('Ax',$,IFCLABEL('0.001'),$);
#3670=IFCPROPERTYSINGLEVALUE('Ay',$,IFCLABEL('0.001'),$);
#3671=IFCCOLUMN('2vjhNrN017B901H$36reva',$,$,$,$,#3692,#3682,$,$);
#3672=IFCCARTESIANPOINTLIST2D(((-200.,-200.),(200.,-200.),(200.,200.),(-200.,200.)));
#3673=IFCINDEXEDPOLYCURVE(#3672,(IFCLINEINDEX((1,2,3,4,1))),$);
#3674=IFCARBITRARYCLOSEDPROFILEDEF(.AREA.,'Arbitrary',#3673);
#3675=IFCCARTESIANPOINT((0.,0.,0.));
#3676=IFCDIRECTION((0.,0.,1.));
#3677=IFCDIRECTION((1.,0.,0.));
#3678=IFCAXIS2PLACEMENT3D(#3675,#3676,#3677);
#3679=IFCDIRECTION((0.,0.,1.));
#3680=IFCEXTRUDEDAREASOLID(#3674,#3678,#3679,3000.);
#3681=IFCSHAPEREPRESENTATION(#11,'Body','SweptSolid',(#3680));
#3682=IFCPRODUCTDEFINITIONSHAPE($,$,(#3681));
#3688=IFCCARTESIANPOINT((30000.,0.,9000.));
#3689=IFCDIRECTION((0.,0.,1.));
#3690=IFCDIRECTION((1.,0.,0.));
#3691=IFCAXIS2PLACEMENT3D(#3688,#3689,#3690);
#3692=IFCLOCALPLACEMENT($,#3691);
#3693=IFCPROPERTYSET('3CWwb9YWb99uRl9th1KuFr',$,'Other',$,(#3695,#3696));
#3694=IFCRELDEFINESBYPROPERTIES('3P3iGQoHfDK8KTYofGZwTT',$,$,$,(#3671),#3693);
#3695=IFCPROPERTYSINGLEVALUE('Ax',$,IFCLABEL('0.001'),$);
#3696=IFCPROPERTYSINGLEVALUE('Ay',$,IFCLABEL('0.001'),$);
#3697=IFCCOLUMN('2B7w8iUDD8K9M7AkVFPaFK',$,$,$,$,#3718,#3708,$,$);
#3698=IFCCARTESIANPOINTLIST2D(((-200.,-200.),(200.,-200.),(200.,200.),(-200.,200.)));
#3699=IFCINDEXEDPOLYCURVE(#3698,(IFCLINEINDEX((1,2,3,4,1))),$);
#3700=IFCARBITRARYCLOSEDPROFILEDEF(.AREA.,'Arbitrary',#3699);
#3701=IFCCARTESIANPOINT((0.,0.,0.));
#3702=IFCDIRECTION((0.,0.,1.));
#3703=IFCDIRECTION((1.,0.,0.));
#3704=IFCAXIS2PLACEMENT3D(#3701,#3702,#3703);
#3705=IFCDIRECTION((0.,0.,1.));
#3706=IFCEXTRUDEDAREASOLID(#3700,#3704,#3705,3000.);
#3707=IFCSHAPEREPRESENTATION(#11,'Body','SweptSolid',(#3706));
#3708=IFCPRODUCTDEFINITIONSHAPE($,$,(#3707));
#3714=IFCCARTESIANPOINT((30000.,0.,6000.));
#3715=IFCDIRECTION((0.,0.,1.));
#3716=IFCDIRECTION((1.,0.,0.));
#3717=IFCAXIS2PLACEMENT3D(#3714,#3715,#3716);
#3718=IFCLOCALPLACEMENT($,#3717);
#3719=IFCPROPERTYSET('1yNxzQkKzEohme3DhdWnf$',$,'Other',$,(#3721,#3722));
#3720=IFCRELDEFINESBYPROPERTIES('1HcLTEaAn6wQ27Gx7wnTuP',$,$,$,(#3697),#3719);
#3721=IFCPROPERTYSINGLEVALUE('Ax',$,IFCLABEL('0.001'),$);
#3722=IFCPROPERTYSINGLEVALUE('Ay',$,IFCLABEL('0.001'),$);
#3723=IFCCOLUMN('3CpePpyZPDwhUXaF3tPwHD',$,$,$,$,#3744,#3734,$,$);
#3724=IFCCARTESIANPOINTLIST2D(((-200.,-200.),(200.,-200.),(200.,200.),(-200.,200.)));
#3725=IFCINDEXEDPOLYCURVE(#3724,(IFCLINEINDEX((1,2,3,4,1))),$);
#3726=IFCARBITRARYCLOSEDPROFILEDEF(.AREA.,'Arbitrary',#3725);
#3727=IFCCARTESIANPOINT((0.,0.,0.));
#3728=IFCDIRECTION((0.,0.,1.));
#3729=IFCDIRECTION((1.,0.,0.));
#3730=IFCAXIS2PLACEMENT3D(#3727,#3728,#3729);
#3731=IFCDIRECTION((0.,0.,1.));
#3732=IFCEXTRUDEDAREASOLID(#3726,#3730,#3731,3000.);
#3733=IFCSHAPEREPRESENTATION(#11,'Body','SweptSolid',(#3732));
#3734=IFCPRODUCTDEFINITIONSHAPE($,$,(#3733));
#3740=IFCCARTESIANPOINT((30000.,0.,3000.));
#3741=IFCDIRECTION((0.,0.,1.));
#3742=IFCDIRECTION((1.,0.,0.));
#3743=IFCAXIS2PLACEMENT3D(#3740,#3741,#3742);
#3744=IFCLOCALPLACEMENT($,#3743);
#3745=IFCPROPERTYSET('3FlRS5y$r1l8u9mmdNVPvz',$,'Other',$,(#3747,#3748));
#3746=IFCRELDEFINESBYPROPERTIES('2Y36I3dTX9NggXJyxuY0c_',$,$,$,(#3723),#3745);
#3747=IFCPROPERTYSINGLEVALUE('Ax',$,IFCLABEL('0.001'),$);
#3748=IFCPROPERTYSINGLEVALUE('Ay',$,IFCLABEL('0.001'),$);
#3749=IFCCOLUMN('1ui5sMsz1EdARaRAocsAoq',$,$,$,$,#3770,#3760,$,$);
#3750=IFCCARTESIANPOINTLIST2D(((-200.,-200.),(200.,-200.),(200.,200.),(-200.,200.)));
#3751=IFCINDEXEDPOLYCURVE(#3750,(IFCLINEINDEX((1,2,3,4,1))),$);
#3752=IFCARBITRARYCLOSEDPROFILEDEF(.AREA.,'Arbitrary',#3751);
#3753=IFCCARTESIANPOINT((0.,0.,0.));
#3754=IFCDIRECTION((0.,0.,1.));
#3755=IFCDIRECTION((1.,0.,0.));
#3756=IFCAXIS2PLACEMENT3D(#3753,#3754,#3755);
#3757=IFCDIRECTION((0.,0.,1.));
#3758=IFCEXTRUDEDAREASOLID(#3752,#3756,#3757,3000.);
#3759=IFCSHAPEREPRESENTATION(#11,'Body','SweptSolid',(#3758));
#3760=IFCPRODUCTDEFINITIONSHAPE($,$,(#3759));
#3766=IFCCARTESIANPOINT((30000.,0.,0.));
#3767=IFCDIRECTION((0.,0.,1.));
#3768=IFCDIRECTION((1.,0.,0.));
#3769=IFCAXIS2PLACEMENT3D(#3766,#3767,#3768);
#3770=IFCLOCALPLACEMENT($,#3769);
#3771=IFCPROPERTYSET('3Q3dNwXUXCahrCGrcYjEWv',$,'Other',$,(#3773,#3774));
#3772=IFCRELDEFINESBYPROPERTIES('3CtRfJPADBXwV_t3njgN_P',$,$,$,(#3749),#3771);
#3773=IFCPROPERTYSINGLEVALUE('Ax',$,IFCLABEL('0.001'),$);
#3774=IFCPROPERTYSINGLEVALUE('Ay',$,IFCLABEL('0.001'),$);
#3775=IFCCOLUMN('1BlRb9tKv0WhBPkCjDmnK1',$,$,$,$,#3796,#3786,$,$);
#3776=IFCCARTESIANPOINTLIST2D(((-200.,-200.),(200.,-200.),(200.,200.),(-200.,200.)));
#3777=IFCINDEXEDPOLYCURVE(#3776,(IFCLINEINDEX((1,2,3,4,1))),$);
#3778=IFCARBITRARYCLOSEDPROFILEDEF(.AREA.,'Arbitrary',#3777);
#3779=IFCCARTESIANPOINT((0.,0.,0.));
#3780=IFCDIRECTION((0.,0.,1.));
#3781=IFCDIRECTION((1.,0.,0.));
#3782=IFCAXIS2PLACEMENT3D(#3779,#3780,#3781);
#3783=IFCDIRECTION((0.,0.,1.));
#3784=IFCEXTRUDEDAREASOLID(#3778,#3782,#3783,3000.);
#3785=IFCSHAPEREPRESENTATION(#11,'Body','SweptSolid',(#3784));
#3786=IFCPRODUCTDEFINITIONSHAPE($,$,(#3785));
#3792=IFCCARTESIANPOINT((0.,6000.,21000.));
#3793=IFCDIRECTION((0.,0.,1.));
#3794=IFCDIRECTION((1.,0.,0.));
#3795=IFCAXIS2PLACEMENT3D(#3792,#3793,#3794);
#3796=IFCLOCALPLACEMENT($,#3795);
#3797=IFCPROPERTYSET('1wpFab23j48RuXlxsUqxvH',$,'Other',$,(#3799,#3800));
#3798=IFCRELDEFINESBYPROPERTIES('36QPiZRHz02gR0d_FcDg11',$,$,$,(#3775),#3797);
#3799=IFCPROPERTYSINGLEVALUE('Ax',$,IFCLABEL('0.001'),$);
#3800=IFCPROPERTYSINGLEVALUE('Ay',$,IFCLABEL('0.001'),$);
#3801=IFCCOLUMN('1OLPBMN5TBuPARGoAu$$gF',$,$,$,$,#3822,#3812,$,$);
#3802=IFCCARTESIANPOINTLIST2D(((-200.,-200.),(200.,-200.),(200.,200.),(-200.,200.)));
#3803=IFCINDEXEDPOLYCURVE(#3802,(IFCLINEINDEX((1,2,3,4,1))),$);
#3804=IFCARBITRARYCLOSEDPROFILEDEF(.AREA.,'Arbitrary',#3803);
#3805=IFCCARTESIANPOINT((0.,0.,0.));
#3806=IFCDIRECTION((0.,0.,1.));
#3807=IFCDIRECTION((1.,0.,0.));
#3808=IFCAXIS2PLACEMENT3D(#3805,#3806,#3807);
#3809=IFCDIRECTION((0.,0.,1.));
#3810=IFCEXTRUDEDAREASOLID(#3804,#3808,#3809,3000.);
#3811=IFCSHAPEREPRESENTATION(#11,'Body','SweptSolid',(#3810));
#3812=IFCPRODUCTDEFINITIONSHAPE($,$,(#3811));
#3818=IFCCARTESIANPOINT((0.,6000.,18000.));
#3819=IFCDIRECTION((0.,0.,1.));
#3820=IFCDIRECTION((1.,0.,0.));
#3821=IFCAXIS2PLACEMENT3D(#3818,#3819,#3820);
#3822=IFCLOCALPLACEMENT($,#3821);
#3823=IFCPROPERTYSET('2KEe0u3EP4Xv0jRxZNeXUl',$,'Other',$,(#3825,#3826));
#3824=IFCRELDEFINESBYPROPERTIES('061uC8gGz82hfOmVuNb3Ot',$,$,$,(#3801),#3823);
#3825=IFCPROPERTYSINGLEVALUE('Ax',$,IFCLABEL('0.001'),$);
#3826=IFCPROPERTYSINGLEVALUE('Ay',$,IFCLABEL('0.001'),$);
#3827=IFCCOLUMN('19BtVxRIP8iPCR6jlicoqd',$,$,$,$,#3848,#3838,$,$);
#3828=IFCCARTESIANPOINTLIST2D(((-200.,-200.),(200.,-200.),(200.,200.),(-200.,200.)));
#3829=IFCINDEXEDPOLYCURVE(#3828,(IFCLINEINDEX((1,2,3,4,1))),$);
#3830=IFCARBITRARYCLOSEDPROFILEDEF(.AREA.,'Arbitrary',#3829);
#3831=IFCCARTESIANPOINT((0.,0.,0.));
#3832=IFCDIRECTION((0.,0.,1.));
#3833=IFCDIRECTION((1.,0.,0.));
#3834=IFCAXIS2PLACEMENT3D(#3831,#3832,#3833);
#3835=IFCDIRECTION((0.,0.,1.));
#3836=IFCEXTRUDEDAREASOLID(#3830,#3834,#3835,3000.);
#3837=IFCSHAPEREPRESENTATION(#11,'Body','SweptSolid',(#3836));
#3838=IFCPRODUCTDEFINITIONSHAPE($,$,(#3837));
#3844=IFCCARTESIANPOINT((0.,6000.,15000.));
#3845=IFCDIRECTION((0.,0.,1.));
#3846=IFCDIRECTION((1.,0.,0.));
#3847=IFCAXIS2PLACEMENT3D(#3844,#3845,#3846);
#3848=IFCLOCALPLACEMENT($,#3847);
#3849=IFCPROPERTYSET('2ih1_dANP3FeK1eBieeBwq',$,'Other',$,(#3851,#3852));
#3850=IFCRELDEFINESBYPROPERTIES('1hRIrJk2fBTf7PD3tJlSLS',$,$,$,(#3827),#3849);
#3851=IFCPROPERTYSINGLEVALUE('Ax',$,IFCLABEL('0.001'),$);
#3852=IFCPROPERTYSINGLEVALUE('Ay',$,IFCLABEL('0.001'),$);
#3853=IFCCOLUMN('3lIqjHQG5EhumjXRr5O97f',$,$,$,$,#3874,#3864,$,$);
#3854=IFCCARTESIANPOINTLIST2D(((-200.,-200.),(200.,-200.),(200.,200.),(-200.,200.)));
#3855=IFCINDEXEDPOLYCURVE(#3854,(IFCLINEINDEX((1,2,3,4,1))),$);
#3856=IFCARBITRARYCLOSEDPROFILEDEF(.AREA.,'Arbitrary',#3855);
#3857=IFCCARTESIANPOINT((0.,0.,0.));
#3858=IFCDIRECTION((0.,0.,1.));
#3859=IFCDIRECTION((1.,0.,0.));
#3860=IFCAXIS2PLACEMENT3D(#3857,#3858,#3859);
#3861=IFCDIRECTION((0.,0.,1.));
#3862=IFCEXTRUDEDAREASOLID(#3856,#3860,#3861,3000.);
#3863=IFCSHAPEREPRESENTATION(#11,'Body','SweptSolid',(#3862));
#3864=IFCPRODUCTDEFINITIONSHAPE($,$,(#3863));
#3870=IFCCARTESIANPOINT((0.,6000.,12000.));
#3871=IFCDIRECTION((0.,0.,1.));
#3872=IFCDIRECTION((1.,0.,0.));
#3873=IFCAXIS2PLACEMENT3D(#3870,#3871,#3872);
#3874=IFCLOCALPLACEMENT($,#3873);
#3875=IFCPROPERTYSET('0hhSLl65DBIR9MXW2_yAg5',$,'Other',$,(#3877,#3878));
#3876=IFCRELDEFINESBYPROPERTIES('2dLRd1Ya97OgrFwssJcFTU',$,$,$,(#3853),#3875);
#3877=IFCPROPERTYSINGLEVALUE('Ax',$,IFCLABEL('0.001'),$);
#3878=IFCPROPERTYSINGLEVALUE('Ay',$,IFCLABEL('0.001'),$);
#3879=IFCCOLUMN('2Kk2fKthb1bwZcyHhs97$H',$,$,$,$,#3900,#3890,$,$);
#3880=IFCCARTESIANPOINTLIST2D(((-200.,-200.),(200.,-200.),(200.,200.),(-200.,200.)));
#3881=IFCINDEXEDPOLYCURVE(#3880,(IFCLINEINDEX((1,2,3,4,1))),$);
#3882=IFCARBITRARYCLOSEDPROFILEDEF(.AREA.,'Arbitrary',#3881);
#3883=IFCCARTESIANPOINT((0.,0.,0.));
#3884=IFCDIRECTION((0.,0.,1.));
#3885=IFCDIRECTION((1.,0.,0.));
#3886=IFCAXIS2PLACEMENT3D(#3883,#3884,#3885);
#3887=IFCDIRECTION((0.,0.,1.));
#3888=IFCEXTRUDEDAREASOLID(#3882,#3886,#3887,3000.);
#3889=IFCSHAPEREPRESENTATION(#11,'Body','SweptSolid',(#3888));
#3890=IFCPRODUCTDEFINITIONSHAPE($,$,(#3889));
#3896=IFCCARTESIANPOINT((0.,6000.,9000.));
#3897=IFCDIRECTION((0.,0.,1.));
#3898=IFCDIRECTION((1.,0.,0.));
#3899=IFCAXIS2PLACEMENT3D(#3896,#3897,#3898);
#3900=IFCLOCALPLACEMENT($,#3899);
#3901=IFCPROPERTYSET('2pNDe2gAHEWgHTgPUuEHqZ',$,'Other',$,(#3903,#3904));
#3902=IFCRELDEFINESBYPROPERTIES('0yY5qgR5X1A9EuUFCWa2$Y',$,$,$,(#3879),#3901);
#3903=IFCPROPERTYSINGLEVALUE('Ax',$,IFCLABEL('0.001'),$);
#3904=IFCPROPERTYSINGLEVALUE('Ay',$,IFCLABEL('0.001'),$);
#3905=IFCCOLUMN('3x_gHox9X5Kuoa5f3oPYmo',$,$,$,$,#3926,#3916,$,$);
#3906=IFCCARTESIANPOINTLIST2D(((-200.,-200.),(200.,-200.),(200.,200.),(-200.,200.)));
#3907=IFCINDEXEDPOLYCURVE(#3906,(IFCLINEINDEX((1,2,3,4,1))),$);
#3908=IFCARBITRARYCLOSEDPROFILEDEF(.AREA.,'Arbitrary',#3907);
#3909=IFCCARTESIANPOINT((0.,0.,0.));
#3910=IFCDIRECTION((0.,0.,1.));
#3911=IFCDIRECTION((1.,0.,0.));
#3912=IFCAXIS2PLACEMENT3D(#3909,#3910,#3911);
#3913=IFCDIRECTION((0.,0.,1.));
#3914=IFCEXTRUDEDAREASOLID(#3908,#3912,#3913,3000.);
#3915=IFCSHAPEREPRESENTATION(#11,'Body','SweptSolid',(#3914));
#3916=IFCPRODUCTDEFINITIONSHAPE($,$,(#3915));
#3922=IFCCARTESIANPOINT((0.,6000.,6000.));
#3923=IFCDIRECTION((0.,0.,1.));
#3924=IFCDIRECTION((1.,0.,0.));
#3925=IFCAXIS2PLACEMENT3D(#3922,#3923,#3924);
#3926=IFCLOCALPLACEMENT($,#3925);
#3927=IFCPROPERTYSET('3eOi8fwUX0$x28F_iraSCu',$,'Other',$,(#3929,#3930));
#3928=IFCRELDEFINESBYPROPERTIES('1mnEUj4bL3_AcUUtRyvbIZ',$,$,$,(#3905),#3927);
#3929=IFCPROPERTYSINGLEVALUE('Ax',$,IFCLABEL('0.001'),$);
#3930=IFCPROPERTYSINGLEVALUE('Ay',$,IFCLABEL('0.001'),$);
#3931=IFCCOLUMN('10fs6w3ojDLvAJKBfoLC7v',$,$,$,$,#3952,#3942,$,$);
#3932=IFCCARTESIANPOINTLIST2D(((-200.,-200.),(200.,-200.),(200.,200.),(-200.,200.)));
#3933=IFCINDEXEDPOLYCURVE(#3932,(IFCLINEINDEX((1,2,3,4,1))),$);
#3934=IFCARBITRARYCLOSEDPROFILEDEF(.AREA.,'Arbitrary',#3933);
#3935=IFCCARTESIANPOINT((0.,0.,0.));
#3936=IFCDIRECTION((0.,0.,1.));
#3937=IFCDIRECTION((1.,0.,0.));
#3938=IFCAXIS2PLACEMENT3D(#3935,#3936,#3937);
#3939=IFCDIRECTION((0.,0.,1.));
#3940=IFCEXTRUDEDAREASOLID(#3934,#3938,#3939,3000.);
#3941=IFCSHAPEREPRESENTATION(#11,'Body','SweptSolid',(#3940));
#3942=IFCPRODUCTDEFINITIONSHAPE($,$,(#3941));
#3948=IFCCARTESIANPOINT((0.,6000.,3000.));
#3949=IFCDIRECTION((0.,0.,1.));
#3950=IFCDIRECTION((1.,0.,0.));
#3951=IFCAXIS2PLACEMENT3D(#3948,#3949,#3950);
#3952=IFCLOCALPLACEMENT($,#3951);
#3953=IFCPROPERTYSET('0LndA$HNL2ogDX7aAVnYKa',$,'Other',$,(#3955,#3956));
#3954=IFCRELDEFINESBYPROPERTIES('0yVMwubLP5y9sXNVQjYqRM',$,$,$,(#3931),#3953);
#3955=IFCPROPERTYSINGLEVALUE('Ax',$,IFCLABEL('0.001'),$);
#3956=IFCPROPERTYSINGLEVALUE('Ay',$,IFCLABEL('0.001'),$);
#3957=IFCCOLUMN('3D2OkUv_D0hupZ3$mL4oDC',$,$,$,$,#3978,#3968,$,$);
#3958=IFCCARTESIANPOINTLIST2D(((-200.,-200.),(200.,-200.),(200.,200.),(-200.,200.)));
#3959=IFCINDEXEDPOLYCURVE(#3958,(IFCLINEINDEX((1,2,3,4,1))),$);
#3960=IFCARBITRARYCLOSEDPROFILEDEF(.AREA.,'Arbitrary',#3959);
#3961=IFCCARTESIANPOINT((0.,0.,0.));
#3962=IFCDIRECTION((0.,0.,1.));
#3963=IFCDIRECTION((1.,0.,0.));
#3964=IFCAXIS2PLACEMENT3D(#3961,#3962,#3963);
#3965=IFCDIRECTION((0.,0.,1.));
#3966=IFCEXTRUDEDAREASOLID(#3960,#3964,#3965,3000.);
#3967=IFCSHAPEREPRESENTATION(#11,'Body','SweptSolid',(#3966));
#3968=IFCPRODUCTDEFINITIONSHAPE($,$,(#3967));
#3974=IFCCARTESIANPOINT((0.,6000.,0.));
#3975=IFCDIRECTION((0.,0.,1.));
#3976=IFCDIRECTION((1.,0.,0.));
#3977=IFCAXIS2PLACEMENT3D(#3974,#3975,#3976);
#3978=IFCLOCALPLACEMENT($,#3977);
#3979=IFCPROPERTYSET('2GqpQolZjDwxy2muM5mhZo',$,'Other',$,(#3981,#3982));
#3980=IFCRELDEFINESBYPROPERTIES('3EnLFLEaL55uyX6hXqV9Dn',$,$,$,(#3957),#3979);
#3981=IFCPROPERTYSINGLEVALUE('Ax',$,IFCLABEL('0.001'),$);
#3982=IFCPROPERTYSINGLEVALUE('Ay',$,IFCLABEL('0.001'),$);
#3983=IFCCOLUMN('0l7J6keJr9Uf_4VJZtWZPg',$,$,$,$,#4004,#3994,$,$);
#3984=IFCCARTESIANPOINTLIST2D(((-200.,-200.),(200.,-200.),(200.,200.),(-200.,200.)));
#3985=IFCINDEXEDPOLYCURVE(#3984,(IFCLINEINDEX((1,2,3,4,1))),$);
#3986=IFCARBITRARYCLOSEDPROFILEDEF(.AREA.,'Arbitrary',#3985);
#3987=IFCCARTESIANPOINT((0.,0.,0.));
#3988=IFCDIRECTION((0.,0.,1.));
#3989=IFCDIRECTION((1.,0.,0.));
#3990=IFCAXIS2PLACEMENT3D(#3987,#3988,#3989);
#3991=IFCDIRECTION((0.,0.,1.));
#3992=IFCEXTRUDEDAREASOLID(#3986,#3990,#3991,3000.);
#3993=IFCSHAPEREPRESENTATION(#11,'Body','SweptSolid',(#3992));
#3994=IFCPRODUCTDEFINITIONSHAPE($,$,(#3993));
#4000=IFCCARTESIANPOINT((6000.,6000.,21000.));
#4001=IFCDIRECTION((0.,0.,1.));
#4002=IFCDIRECTION((1.,0.,0.));
#4003=IFCAXIS2PLACEMENT3D(#4000,#4001,#4002);
#4004=IFCLOCALPLACEMENT($,#4003);
#4005=IFCPROPERTYSET('0MO6VHa1T3ZPvZtcdpe57K',$,'Other',$,(#4007,#4008));
#4006=IFCRELDEFINESBYPROPERTIES('0bg8s_J6z3KP12l2rA5iVL',$,$,$,(#3983),#4005);
#4007=IFCPROPERTYSINGLEVALUE('Ax',$,IFCLABEL('0.001'),$);
#4008=IFCPROPERTYSINGLEVALUE('Ay',$,IFCLABEL('0.001'),$);
#4009=IFCCOLUMN('3_DeLNuRnDD8XXWrcYA0eo',$,$,$,$,#4030,#4020,$,$);
#4010=IFCCARTESIANPOINTLIST2D(((-200.,-200.),(200.,-200.),(200.,200.),(-200.,200.)));
#4011=IFCINDEXEDPOLYCURVE(#4010,(IFCLINEINDEX((1,2,3,4,1))),$);
#4012=IFCARBITRARYCLOSEDPROFILEDEF(.AREA.,'Arbitrary',#4011);
#4013=IFCCARTESIANPOINT((0.,0.,0.));
#4014=IFCDIRECTION((0.,0.,1.));
#4015=IFCDIRECTION((1.,0.,0.));
#4016=IFCAXIS2PLACEMENT3D(#4013,#4014,#4015);
#4017=IFCDIRECTION((0.,0.,1.));
#4018=IFCEXTRUDEDAREASOLID(#4012,#4016,#4017,3000.);
#4019=IFCSHAPEREPRESENTATION(#11,'Body','SweptSolid',(#4018));
#4020=IFCPRODUCTDEFINITIONSHAPE($,$,(#4019));
#4026=IFCCARTESIANPOINT((6000.,6000.,18000.));
#4027=IFCDIRECTION((0.,0.,1.));
#4028=IFCDIRECTION((1.,0.,0.));
#4029=IFCAXIS2PLACEMENT3D(#4026,#4027,#4028);
#4030=IFCLOCALPLACEMENT($,#4029);
#4031=IFCPROPERTYSET('1f3WuPMuH7Fe_MMP9gwuiq',$,'Other',$,(#4033,#4034));
#4032=IFCRELDEFINESBYPROPERTIES('19AB8yAAv849xti11QXbkc',$,$,$,(#4009),#4031);
#4033=IFCPROPERTYSINGLEVALUE('Ax',$,IFCLABEL('0.001'),$);
#4034=IFCPROPERTYSINGLEVALUE('Ay',$,IFCLABEL('0.001'),$);
#4035=IFCCOLUMN('2uwy1yjB98DRqbHszBJRdJ',$,$,$,$,#4056,#4046,$,$);
#4036=IFCCARTESIANPOINTLIST2D(((-200.,-200.),(200.,-200.),(200.,200.),(-200.,200.)));
#4037=IFCINDEXEDPOLYCURVE(#4036,(IFCLINEINDEX((1,2,3,4,1))),$);
#4038=IFCARBITRARYCLOSEDPROFILEDEF(.AREA.,'Arbitrary',#4037);
#4039=IFCCARTESIANPOINT((0.,0.,0.));
#4040=IFCDIRECTION((0.,0.,1.));
#4041=IFCDIRECTION((1.,0.,0.));
#4042=IFCAXIS2PLACEMENT3D(#4039,#4040,#4041);
#4043=IFCDIRECTION((0.,0.,1.));
#4044=IFCEXTRUDEDAREASOLID(#4038,#4042,#4043,3000.);
#4045=IFCSHAPEREPRESENTATION(#11,'Body','SweptSolid',(#4044));
#4046=IFCPRODUCTDEFINITIONSHAPE($,$,(#4045));
#4052=IFCCARTESIANPOINT((6000.,6000.,15000.));
#4053=IFCDIRECTION((0.,0.,1.));
#4054=IFCDIRECTION((1.,0.,0.));
#4055=IFCAXIS2PLACEMENT3D(#4052,#4053,#4054);
#4056=IFCLOCALPLACEMENT($,#4055);
#4057=IFCPROPERTYSET('3f46fxuoX3xvGNOGm85UQJ',$,'Other',$,(#4059,#4060));
#4058=IFCRELDEFINESBYPROPERTIES('1QKKsNhHLFJfw2a$AVVnP4',$,$,$,(#4035),#4057);
#4059=IFCPROPERTYSINGLEVALUE('Ax',$,IFCLABEL('0.001'),$);
#4060=IFCPROPERTYSINGLEVALUE('Ay',$,IFCLABEL('0.001'),$);
#4061=IFCCOLUMN('1NLoHSFN16XeXwQE0FOBxm',$,$,$,$,#4082,#4072,$,$);
#4062=IFCCARTESIANPOINTLIST2D(((-200.,-200.),(200.,-200.),(200.,200.),(-200.,200.)));
#4063=IFCINDEXEDPOLYCURVE(#4062,(IFCLINEINDEX((1,2,3,4,1))),$);
#4064=IFCARBITRARYCLOSEDPROFILEDEF(.AREA.,'Arbitrary',#4063);
#4065=IFCCARTESIANPOINT((0.,0.,0.));
#4066=IFCDIRECTION((0.,0.,1.));
#4067=IFCDIRECTION((1.,0.,0.));
#4068=IFCAXIS2PLACEMENT3D(#4065,#4066,#4067);
#4069=IFCDIRECTION((0.,0.,1.));
#4070=IFCEXTRUDEDAREASOLID(#4064,#4068,#4069,3000.);
#4071=IFCSHAPEREPRESENTATION(#11,'Body','SweptSolid',(#4070));
#4072=IFCPRODUCTDEFINITIONSHAPE($,$,(#4071));
#4078=IFCCARTESIANPOINT((6000.,6000.,12000.));
#4079=IFCDIRECTION((0.,0.,1.));
#4080=IFCDIRECTION((1.,0.,0.));
#4081=IFCAXIS2PLACEMENT3D(#4078,#4079,#4080);
#4082=IFCLOCALPLACEMENT($,#4081);
#4083=IFCPROPERTYSET('2mytXjbJzD78XcVu$2Y_92',$,'Other',$,(#4085,#4086));
#4084=IFCRELDEFINESBYPROPERTIES('3pxQRyOgX5B9GKt68IWOd_',$,$,$,(#4061),#4083);
#4085=IFCPROPERTYSINGLEVALUE('Ax',$,IFCLABEL('0.001'),$);
#4086=IFCPROPERTYSINGLEVALUE('Ay',$,IFCLABEL('0.001'),$);
#4087=IFCCOLUMN('2BCgzTCBL05wBNZqsf$eaM',$,$,$,$,#4108,#4098,$,$);
#4088=IFCCARTESIANPOINTLIST2D(((-200.,-200.),(200.,-200.),(200.,200.),(-200.,200.)));
#4089=IFCINDEXEDPOLYCURVE(#4088,(IFCLINEINDEX((1,2,3,4,1))),$);
#4090=IFCARBITRARYCLOSEDPROFILEDEF(.AREA.,'Arbitrary',#4089);
#4091=IFCCARTESIANPOINT((0.,0.,0.));
#4092=IFCDIRECTION((0.,0.,1.));
#4093=IFCDIRECTION((1.,0.,0.));
#4094=IFCAXIS2PLACEMENT3D(#4091,#4092,#4093);
#4095=IFCDIRECTION((0.,0.,1.));
#4096=IFCEXTRUDEDAREASOLID(#4090,#4094,#4095,3000.);
#4097=IFCSHAPEREPRESENTATION(#11,'Body','SweptSolid',(#4096));
#4098=IFCPRODUCTDEFINITIONSHAPE($,$,(#4097));
#4104=IFCCARTESIANPOINT((6000.,6000.,9000.));
#4105=IFCDIRECTION((0.,0.,1.));
#4106=IFCDIRECTION((1.,0.,0.));
#4107=IFCAXIS2PLACEMENT3D(#4104,#4105,#4106);
#4108=IFCLOCALPLACEMENT($,#4107);
#4109=IFCPROPERTYSET('0ZCdijY7z0yATRNRKTYtgZ',$,'Other',$,(#4111,#4112));
#4110=IFCRELDEFINESBYPROPERTIES('2Wf0i79W1EhOAodL43hq_L',$,$,$,(#4087),#4109);
#4111=IFCPROPERTYSINGLEVALUE('Ax',$,IFCLABEL('0.001'),$);
#4112=IFCPROPERTYSINGLEVALUE('Ay',$,IFCLABEL('0.001'),$);
#4113=IFCCOLUMN('3FYENjiNbFxvg_W0LRyr_F',$,$,$,$,#4134,#4124,$,$);
#4114=IFCCARTESIANPOINTLIST2D(((-200.,-200.),(200.,-200.),(200.,200.),(-200.,200.)));
#4115=IFCINDEXEDPOLYCURVE(#4114,(IFCLINEINDEX((1,2,3,4,1))),$);
#4116=IFCARBITRARYCLOSEDPROFILEDEF(.AREA.,'Arbitrary',#4115);
#4117=IFCCARTESIANPOINT((0.,0.,0.));
#4118=IFCDIRECTION((0.,0.,1.));
#4119=IFCDIRECTION((1.,0.,0.));
#4120=IFCAXIS2PLACEMENT3D(#4117,#4118,#4119);
#4121=IFCDIRECTION((0.,0.,1.));
#4122=IFCEXTRUDEDAREASOLID(#4116,#4120,#4121,3000.);
#4123=IFCSHAPEREPRESENTATION(#11,'Body','SweptSolid',(#4122));
#4124=IFCPRODUCTDEFINITIONSHAPE($,$,(#4123));
#4130=IFCCARTESIANPOINT((6000.,6000.,6000.));
#4131=IFCDIRECTION((0.,0.,1.));
#4132=IFCDIRECTION((1.,0.,0.));
#4133=IFCAXIS2PLACEMENT3D(#4130,#4131,#4132);
#4134=IFCLOCALPLACEMENT($,#4133);
#4135=IFCPROPERTYSET('3wvHZ5KvnE$fpsIfZ5I9cp',$,'Other',$,(#4137,#4138));
#4136=IFCRELDEFINESBYPROPERTIES('03GNEe6nj7IA18qvwwirbN',$,$,$,(#4113),#4135);
#4137=IFCPROPERTYSINGLEVALUE('Ax',$,IFCLABEL('0.001'),$);
#4138=IFCPROPERTYSINGLEVALUE('Ay',$,IFCLABEL('0.001'),$);
#4139=IFCCOLUMN('1Io8cV5xf22fLBP7rp4O1j',$,$,$,$,#4160,#4150,$,$);
#4140=IFCCARTESIANPOINTLIST2D(((-200.,-200.),(200.,-200.),(200.,200.),(-200.,200.)));
#4141=IFCINDEXEDPOLYCURVE(#4140,(IFCLINEINDEX((1,2,3,4,1))),$);
#4142=IFCARBITRARYCLOSEDPROFILEDEF(.AREA.,'Arbitrary',#4141);
#4143=IFCCARTESIANPOINT((0.,0.,0.));
#4144=IFCDIRECTION((0.,0.,1.));
#4145=IFCDIRECTION((1.,0.,0.));
#4146=IFCAXIS2PLACEMENT3D(#4143,#4144,#4145);
#4147=IFCDIRECTION((0.,0.,1.));
#4148=IFCEXTRUDEDAREASOLID(#4142,#4146,#4147,3000.);
#4149=IFCSHAPEREPRESENTATION(#11,'Body','SweptSolid',(#4148));
#4150=IFCPRODUCTDEFINITIONSHAPE($,$,(#4149));
#4156=IFCCARTESIANPOINT((6000.,6000.,3000.));
#4157=IFCDIRECTION((0.,0.,1.));
#4158=IFCDIRECTION((1.,0.,0.));
#4159=IFCAXIS2PLACEMENT3D(#4156,#4157,#4158);
#4160=IFCLOCALPLACEMENT($,#4159);
#4161=IFCPROPERTYSET('3MSa0rsRfAveqPy3RBixOU',$,'Other',$,(#4163,#4164));
#4162=IFCRELDEFINESBYPROPERTIES('2lDqUr$$186ufUby$azsl1',$,$,$,(#4139),#4161);
#4163=IFCPROPERTYSINGLEVALUE('Ax',$,IFCLABEL('0.001'),$);
#4164=IFCPROPERTYSINGLEVALUE('Ay',$,IFCLABEL('0.001'),$);
#4165=IFCCOLUMN('0HFG6yGA13t9ujEDhGe_cE',$,$,$,$,#4186,#4176,$,$);
#4166=IFCCARTESIANPOINTLIST2D(((-200.,-200.),(200.,-200.),(200.,200.),(-200.,200.)));
#4167=IFCINDEXEDPOLYCURVE(#4166,(IFCLINEINDEX((1,2,3,4,1))),$);
#4168=IFCARBITRARYCLOSEDPROFILEDEF(.AREA.,'Arbitrary',#4167);
#4169=IFCCARTESIANPOINT((0.,0.,0.));
#4170=IFCDIRECTION((0.,0.,1.));
#4171=IFCDIRECTION((1.,0.,0.));
#4172=IFCAXIS2PLACEMENT3D(#4169,#4170,#4171);
#4173=IFCDIRECTION((0.,0.,1.));
#4174=IFCEXTRUDEDAREASOLID(#4168,#4172,#4173,3000.);
#4175=IFCSHAPEREPRESENTATION(#11,'Body','SweptSolid',(#4174));
#4176=IFCPRODUCTDEFINITIONSHAPE($,$,(#4175));
#4182=IFCCARTESIANPOINT((6000.,6000.,0.));
#4183=IFCDIRECTION((0.,0.,1.));
#4184=IFCDIRECTION((1.,0.,0.));
#4185=IFCAXIS2PLACEMENT3D(#4182,#4183,#4184);
#4186=IFCLOCALPLACEMENT($,#4185);
#4187=IFCPROPERTYSET('0BBahG8HnDihBAseEL77Zf',$,'Other',$,(#4189,#4190));
#4188=IFCRELDEFINESBYPROPERTIES('2x5zoCoLH4HeyovknAilK4',$,$,$,(#4165),#4187);
#4189=IFCPROPERTYSINGLEVALUE('Ax',$,IFCLABEL('0.001'),$);
#4190=IFCPROPERTYSINGLEVALUE('Ay',$,IFCLABEL('0.001'),$);
#4191=IFCCOLUMN('3ya2FnRk14EPWVoq9$Avxt',$,$,$,$,#4212,#4202,$,$);
#4192=IFCCARTESIANPOINTLIST2D(((-200.,-200.),(200.,-200.),(200.,200.),(-200.,200.)));
#4193=IFCINDEXEDPOLYCURVE(#4192,(IFCLINEINDEX((1,2,3,4,1))),$);
#4194=IFCARBITRARYCLOSEDPROFILEDEF(.AREA.,'Arbitrary',#4193);
#4195=IFCCARTESIANPOINT((0.,0.,0.));
#4196=IFCDIRECTION((0.,0.,1.));
#4197=IFCDIRECTION((1.,0.,0.));
#4198=IFCAXIS2PLACEMENT3D(#4195,#4196,#4197);
#4199=IFCDIRECTION((0.,0.,1.));
#4200=IFCEXTRUDEDAREASOLID(#4194,#4198,#4199,3000.);
#4201=IFCSHAPEREPRESENTATION(#11,'Body','SweptSolid',(#4200));
#4202=IFCPRODUCTDEFINITIONSHAPE($,$,(#4201));
#4208=IFCCARTESIANPOINT((6000.,0.,21000.));
#4209=IFCDIRECTION((0.,0.,1.));
#4210=IFCDIRECTION((1.,0.,0.));
#4211=IFCAXIS2PLACEMENT3D(#4208,#4209,#4210);
#4212=IFCLOCALPLACEMENT($,#4211);
#4213=IFCPROPERTYSET('1C14OnJLfFMABQruYRx3vn',$,'Other',$,(#4215,#4216));
#4214=IFCRELDEFINESBYPROPERTIES('1ZXEjaK4vDLe03r2kZI8G5',$,$,$,(#4191),#4213);
#4215=IFCPROPERTYSINGLEVALUE('Ax',$,IFCLABEL('0.001'),$);
#4216=IFCPROPERTYSINGLEVALUE('Ay',$,IFCLABEL('0.001'),$);
#4217=IFCCOLUMN('2e044tZvj7Cx1VJkLqAjSL',$,$,$,$,#4238,#4228,$,$);
#4218=IFCCARTESIANPOINTLIST2D(((-200.,-200.),(200.,-200.),(200.,200.),(-200.,200.)));
#4219=IFCINDEXEDPOLYCURVE(#4218,(IFCLINEINDEX((1,2,3,4,1))),$);
#4220=IFCARBITRARYCLOSEDPROFILEDEF(.AREA.,'Arbitrary',#4219);
#4221=IFCCARTESIANPOINT((0.,0.,0.));
#4222=IFCDIRECTION((0.,0.,1.));
#4223=IFCDIRECTION((1.,0.,0.));
#4224=IFCAXIS2PLACEMENT3D(#4221,#4222,#4223);
#4225=IFCDIRECTION((0.,0.,1.));
#4226=IFCEXTRUDEDAREASOLID(#4220,#4224,#4225,3000.);
#4227=IFCSHAPEREPRESENTATION(#11,'Body','SweptSolid',(#4226));
#4228=IFCPRODUCTDEFINITIONSHAPE($,$,(#4227));
#4234=IFCCARTESIANPOINT((6000.,0.,18000.));
#4235=IFCDIRECTION((0.,0.,1.));
#4236=IFCDIRECTION((1.,0.,0.));
#4237=IFCAXIS2PLACEMENT3D(#4234,#4235,#4236);
#4238=IFCLOCALPLACEMENT($,#4237);
#4239=IFCPROPERTYSET('0AOvLqyLXDU8AAwp$EkbAj',$,'Other',$,(#4241,#4242));
#4240=IFCRELDEFINESBYPROPERTIES('0NRhz$a2nDrewbiwt3tq9u',$,$,$,(#4217),#4239);
#4241=IFCPROPERTYSINGLEVALUE('Ax',$,IFCLABEL('0.001'),$);
#4242=IFCPROPERTYSINGLEVALUE('Ay',$,IFCLABEL('0.001'),$);
#4243=IFCCOLUMN('0qF75wblTAzOlklcu_8MeV',$,$,$,$,#4264,#4254,$,$);
#4244=IFCCARTESIANPOINTLIST2D(((-200.,-200.),(200.,-200.),(200.,200.),(-200.,200.)));
#4245=IFCINDEXEDPOLYCURVE(#4244,(IFCLINEINDEX((1,2,3,4,1))),$);
#4246=IFCARBITRARYCLOSEDPROFILEDEF(.AREA.,'Arbitrary',#4245);
#4247=IFCCARTESIANPOINT((0.,0.,0.));
#4248=IFCDIRECTION((0.,0.,1.));
#4249=IFCDIRECTION((1.,0.,0.));
#4250=IFCAXIS2PLACEMENT3D(#4247,#4248,#4249);
#4251=IFCDIRECTION((0.,0.,1.));
#4252=IFCEXTRUDEDAREASOLID(#4246,#4250,#4251,3000.);
#4253=IFCSHAPEREPRESENTATION(#11,'Body','SweptSolid',(#4252));
#4254=IFCPRODUCTDEFINITIONSHAPE($,$,(#4253));
#4260=IFCCARTESIANPOINT((6000.,0.,15000.));
#4261=IFCDIRECTION((0.,0.,1.));
#4262=IFCDIRECTION((1.,0.,0.));
#4263=IFCAXIS2PLACEMENT3D(#4260,#4261,#4262);
#4264=IFCLOCALPLACEMENT($,#4263);
#4265=IFCPROPERTYSET('0u8$rvuP92FhE33mDDupYe',$,'Other',$,(#4267,#4268));
#4266=IFCRELDEFINESBYPROPERTIES('3IgglKQ0nCaBfCdF193Mel',$,$,$,(#4243),#4265);
#4267=IFCPROPERTYSINGLEVALUE('Ax',$,IFCLABEL('0.001'),$);
#4268=IFCPROPERTYSINGLEVALUE('Ay',$,IFCLABEL('0.001'),$);
#4269=IFCCOLUMN('2q9RPVF2rF$faAcgyvL3G2',$,$,$,$,#4290,#4280,$,$);
#4270=IFCCARTESIANPOINTLIST2D(((-200.,-200.),(200.,-200.),(200.,200.),(-200.,200.)));
#4271=IFCINDEXEDPOLYCURVE(#4270,(IFCLINEINDEX((1,2,3,4,1))),$);
#4272=IFCARBITRARYCLOSEDPROFILEDEF(.AREA.,'Arbitrary',#4271);
#4273=IFCCARTESIANPOINT((0.,0.,0.));
#4274=IFCDIRECTION((0.,0.,1.));
#4275=IFCDIRECTION((1.,0.,0.));
#4276=IFCAXIS2PLACEMENT3D(#4273,#4274,#4275);
#4277=IFCDIRECTION((0.,0.,1.));
#4278=IFCEXTRUDEDAREASOLID(#4272,#4276,#4277,3000.);
#4279=IFCSHAPEREPRESENTATION(#11,'Body','SweptSolid',(#4278));
#4280=IFCPRODUCTDEFINITIONSHAPE($,$,(#4279));
#4286=IFCCARTESIANPOINT((6000.,0.,12000.));
#4287=IFCDIRECTION((0.,0.,1.));
#4288=IFCDIRECTION((1.,0.,0.));
#4289=IFCAXIS2PLACEMENT3D(#4286,#4287,#4288);
#4290=IFCLOCALPLACEMENT($,#4289);
#4291=IFCPROPERTYSET('3dwaLFnGLFXO5r4DHZBoDJ',$,'Other',$,(#4293,#4294));
#4292=IFCRELDEFINESBYPROPERTIES('2fBNSL2K9BaxkvDM_ueL45',$,$,$,(#4269),#4291);
#4293=IFCPROPERTYSINGLEVALUE('Ax',$,IFCLABEL('0.001'),$);
#4294=IFCPROPERTYSINGLEVALUE('Ay',$,IFCLABEL('0.001'),$);
#4295=IFCCOLUMN('3jwqS$JW93ZQQLNvbAhV9M',$,$,$,$,#4316,#4306,$,$);
#4296=IFCCARTESIANPOINTLIST2D(((-200.,-200.),(200.,-200.),(200.,200.),(-200.,200.)));
#4297=IFCINDEXEDPOLYCURVE(#4296,(IFCLINEINDEX((1,2,3,4,1))),$);
#4298=IFCARBITRARYCLOSEDPROFILEDEF(.AREA.,'Arbitrary',#4297);
#4299=IFCCARTESIANPOINT((0.,0.,0.));
#4300=IFCDIRECTION((0.,0.,1.));
#4301=IFCDIRECTION((1.,0.,0.));
#4302=IFCAXIS2PLACEMENT3D(#4299,#4300,#4301);
#4303=IFCDIRECTION((0.,0.,1.));
#4304=IFCEXTRUDEDAREASOLID(#4298,#4302,#4303,3000.);
#4305=IFCSHAPEREPRESENTATION(#11,'Body','SweptSolid',(#4304));
#4306=IFCPRODUCTDEFINITIONSHAPE($,$,(#4305));
#4312=IFCCARTESIANPOINT((6000.,0.,9000.));
#4313=IFCDIRECTION((0.,0.,1.));
#4314=IFCDIRECTION((1.,0.,0.));
#4315=IFCAXIS2PLACEMENT3D(#4312,#4313,#4314);
#4316=IFCLOCALPLACEMENT($,#4315);
#4317=IFCPROPERTYSET('2HHvkCsHbDu9121d$SPrMD',$,'Other',$,(#4319,#4320));
#4318=IFCRELDEFINESBYPROPERTIES('2__uhkfUDFu8cZk5SnbBbH',$,$,$,(#4295),#4317);
#4319=IFCPROPERTYSINGLEVALUE('Ax',$,IFCLABEL('0.001'),$);
#4320=IFCPROPERTYSINGLEVALUE('Ay',$,IFCLABEL('0.001'),$);
#4321=IFCCOLUMN('1BzFf1ENr4DuI5kWsqOx7c',$,$,$,$,#4342,#4332,$,$);
#4322=IFCCARTESIANPOINTLIST2D(((-200.,-200.),(200.,-200.),(200.,200.),(-200.,200.)));
#4323=IFCINDEXEDPOLYCURVE(#4322,(IFCLINEINDEX((1,2,3,4,1))),$);
#4324=IFCARBITRARYCLOSEDPROFILEDEF(.AREA.,'Arbitrary',#4323);
#4325=IFCCARTESIANPOINT((0.,0.,0.));
#4326=IFCDIRECTION((0.,0.,1.));
#4327=IFCDIRECTION((1.,0.,0.));
#4328=IFCAXIS2PLACEMENT3D(#4325,#4326,#4327);
#4329=IFCDIRECTION((0.,0.,1.));
#4330=IFCEXTRUDEDAREASOLID(#4324,#4328,#4329,3000.);
#4331=IFCSHAPEREPRESENTATION(#11,'Body','SweptSolid',(#4330));
#4332=IFCPRODUCTDEFINITIONSHAPE($,$,(#4331));
#4338=IFCCARTESIANPOINT((6000.,0.,6000.));
#4339=IFCDIRECTION((0.,0.,1.));
#4340=IFCDIRECTION((1.,0.,0.));
#4341=IFCAXIS2PLACEMENT3D(#4338,#4339,#4340);
#4342=IFCLOCALPLACEMENT($,#4341);
#4343=IFCPROPERTYSET('3eA6T6rdD6pwJRoLx35EHx',$,'Other',$,(#4345,#4346));
#4344=IFCRELDEFINESBYPROPERTIES('1eeXpTXzHBK8BR7EU1VZpZ',$,$,$,(#4321),#4343);
#4345=IFCPROPERTYSINGLEVALUE('Ax',$,IFCLABEL('0.001'),$);
#4346=IFCPROPERTYSINGLEVALUE('Ay',$,IFCLABEL('0.001'),$);
#4347=IFCCOLUMN('0JUC_uaLP3PAxfi0$34wq1',$,$,$,$,#4368,#4358,$,$);
#4348=IFCCARTESIANPOINTLIST2D(((-200.,-200.),(200.,-200.),(200.,200.),(-200.,200.)));
#4349=IFCINDEXEDPOLYCURVE(#4348,(IFCLINEINDEX((1,2,3,4,1))),$);
#4350=IFCARBITRARYCLOSEDPROFILEDEF(.AREA.,'Arbitrary',#4349);
#4351=IFCCARTESIANPOINT((0.,0.,0.));
#4352=IFCDIRECTION((0.,0.,1.));
#4353=IFCDIRECTION((1.,0.,0.));
#4354=IFCAXIS2PLACEMENT3D(#4351,#4352,#4353);
#4355=IFCDIRECTION((0.,0.,1.));
#4356=IFCEXTRUDEDAREASOLID(#4350,#4354,#4355,3000.);
#4357=IFCSHAPEREPRESENTATION(#11,'Body','SweptSolid',(#4356));
#4358=IFCPRODUCTDEFINITIONSHAPE($,$,(#4357));
#4364=IFCCARTESIANPOINT((6000.,0.,3000.));
#4365=IFCDIRECTION((0.,0.,1.));
#4366=IFCDIRECTION((1.,0.,0.));
#4367=IFCAXIS2PLACEMENT3D(#4364,#4365,#4366);
#4368=IFCLOCALPLACEMENT($,#4367);
#4369=IFCPROPERTYSET('33uZNoL9r6Mg4cyABvYzf5',$,'Other',$,(#4371,#4372));
#4370=IFCRELDEFINESBYPROPERTIES('2rKraAmpbFUOB$rSBxYiWK',$,$,$,(#4347),#4369);
#4371=IFCPROPERTYSINGLEVALUE('Ax',$,IFCLABEL('0.001'),$);
#4372=IFCPROPERTYSINGLEVALUE('Ay',$,IFCLABEL('0.001'),$);
#4373=IFCCOLUMN('3J7AE7MJf8tQSP_KE6Afw8',$,$,$,$,#4394,#4384,$,$);
#4374=IFCCARTESIANPOINTLIST2D(((-200.,-200.),(200.,-200.),(200.,200.),(-200.,200.)));
#4375=IFCINDEXEDPOLYCURVE(#4374,(IFCLINEINDEX((1,2,3,4,1))),$);
#4376=IFCARBITRARYCLOSEDPROFILEDEF(.AREA.,'Arbitrary',#4375);
#4377=IFCCARTESIANPOINT((0.,0.,0.));
#4378=IFCDIRECTION((0.,0.,1.));
#4379=IFCDIRECTION((1.,0.,0.));
#4380=IFCAXIS2PLACEMENT3D(#4377,#4378,#4379);
#4381=IFCDIRECTION((0.,0.,1.));
#4382=IFCEXTRUDEDAREASOLID(#4376,#4380,#4381,3000.);
#4383=IFCSHAPEREPRESENTATION(#11,'Body','SweptSolid',(#4382));
#4384=IFCPRODUCTDEFINITIONSHAPE($,$,(#4383));
#4390=IFCCARTESIANPOINT((6000.,0.,0.));
#4391=IFCDIRECTION((0.,0.,1.));
#4392=IFCDIRECTION((1.,0.,0.));
#4393=IFCAXIS2PLACEMENT3D(#4390,#4391,#4392);
#4394=IFCLOCALPLACEMENT($,#4393);
#4395=IFCPROPERTYSET('3buxqWMr165uapOJRHl5i9',$,'Other',$,(#4397,#4398));
#4396=IFCRELDEFINESBYPROPERTIES('1ZI92cinz3RhSpu2UXKrmU',$,$,$,(#4373),#4395);
#4397=IFCPROPERTYSINGLEVALUE('Ax',$,IFCLABEL('0.001'),$);
#4398=IFCPROPERTYSINGLEVALUE('Ay',$,IFCLABEL('0.001'),$);
#4399=IFCCOLUMN('2pJAwhofLCaBdbbe$GkwkK',$,$,$,$,#4420,#4410,$,$);
#4400=IFCCARTESIANPOINTLIST2D(((-200.,-200.),(200.,-200.),(200.,200.),(-200.,200.)));
#4401=IFCINDEXEDPOLYCURVE(#4400,(IFCLINEINDEX((1,2,3,4,1))),$);
#4402=IFCARBITRARYCLOSEDPROFILEDEF(.AREA.,'Arbitrary',#4401);
#4403=IFCCARTESIANPOINT((0.,0.,0.));
#4404=IFCDIRECTION((0.,0.,1.));
#4405=IFCDIRECTION((1.,0.,0.));
#4406=IFCAXIS2PLACEMENT3D(#4403,#4404,#4405);
#4407=IFCDIRECTION((0.,0.,1.));
#4408=IFCEXTRUDEDAREASOLID(#4402,#4406,#4407,3000.);
#4409=IFCSHAPEREPRESENTATION(#11,'Body','SweptSolid',(#4408));
#4410=IFCPRODUCTDEFINITIONSHAPE($,$,(#4409));
#4416=IFCCARTESIANPOINT((0.,0.,21000.));
#4417=IFCDIRECTION((0.,0.,1.));
#4418=IFCDIRECTION((1.,0.,0.));
#4419=IFCAXIS2PLACEMENT3D(#4416,#4417,#4418);
#4420=IFCLOCALPLACEMENT($,#4419);
#4421=IFCPROPERTYSET('1E5iB91vH5VhioRiAprAPj',$,'Other',$,(#4423,#4424));
#4422=IFCRELDEFINESBYPROPERTIES('0wSzHkgVDFlRUGQ$Lxu1b6',$,$,$,(#4399),#4421);
#4423=IFCPROPERTYSINGLEVALUE('Ax',$,IFCLABEL('0.001'),$);
#4424=IFCPROPERTYSINGLEVALUE('Ay',$,IFCLABEL('0.001'),$);
#4425=IFCCOLUMN('2DnY3IzkTCSwH61f22IdBM',$,$,$,$,#4446,#4436,$,$);
#4426=IFCCARTESIANPOINTLIST2D(((-200.,-200.),(200.,-200.),(200.,200.),(-200.,200.)));
#4427=IFCINDEXEDPOLYCURVE(#4426,(IFCLINEINDEX((1,2,3,4,1))),$);
#4428=IFCARBITRARYCLOSEDPROFILEDEF(.AREA.,'Arbitrary',#4427);
#4429=IFCCARTESIANPOINT((0.,0.,0.));
#4430=IFCDIRECTION((0.,0.,1.));
#4431=IFCDIRECTION((1.,0.,0.));
#4432=IFCAXIS2PLACEMENT3D(#4429,#4430,#4431);
#4433=IFCDIRECTION((0.,0.,1.));
#4434=IFCEXTRUDEDAREASOLID(#4428,#4432,#4433,3000.);
#4435=IFCSHAPEREPRESENTATION(#11,'Body','SweptSolid',(#4434));
#4436=IFCPRODUCTDEFINITIONSHAPE($,$,(#4435));
#4442=IFCCARTESIANPOINT((0.,0.,18000.));
#4443=IFCDIRECTION((0.,0.,1.));
#4444=IFCDIRECTION((1.,0.,0.));
#4445=IFCAXIS2PLACEMENT3D(#4442,#4443,#4444);
#4446=IFCLOCALPLACEMENT($,#4445);
#4447=IFCPROPERTYSET('1HKTFBi9n0rOmEQwg7vnxh',$,'Other',$,(#4449,#4450));
#4448=IFCRELDEFINESBYPROPERTIES('1irjJyppb7nhvyt3Kqg41D',$,$,$,(#4425),#4447);
#4449=IFCPROPERTYSINGLEVALUE('Ax',$,IFCLABEL('0.001'),$);
#4450=IFCPROPERTYSINGLEVALUE('Ay',$,IFCLABEL('0.001'),$);
#4451=IFCCOLUMN('3zCv9Dd9z1v9X7owjOWTjK',$,$,$,$,#4472,#4462,$,$);
#4452=IFCCARTESIANPOINTLIST2D(((-200.,-200.),(200.,-200.),(200.,200.),(-200.,200.)));
#4453=IFCINDEXEDPOLYCURVE(#4452,(IFCLINEINDEX((1,2,3,4,1))),$);
#4454=IFCARBITRARYCLOSEDPROFILEDEF(.AREA.,'Arbitrary',#4453);
#4455=IFCCARTESIANPOINT((0.,0.,0.));
#4456=IFCDIRECTION((0.,0.,1.));
#4457=IFCDIRECTION((1.,0.,0.));
#4458=IFCAXIS2PLACEMENT3D(#4455,#4456,#4457);
#4459=IFCDIRECTION((0.,0.,1.));
#4460=IFCEXTRUDEDAREASOLID(#4454,#4458,#4459,3000.);
#4461=IFCSHAPEREPRESENTATION(#11,'Body','SweptSolid',(#4460));
#4462=IFCPRODUCTDEFINITIONSHAPE($,$,(#4461));
#4468=IFCCARTESIANPOINT((0.,0.,15000.));
#4469=IFCDIRECTION((0.,0.,1.));
#4470=IFCDIRECTION((1.,0.,0.));
#4471=IFCAXIS2PLACEMENT3D(#4468,#4469,#4470);
#4472=IFCLOCALPLACEMENT($,#4471);
#4473=IFCPROPERTYSET('08WhrVWf1ACwz3DKVdia4N',$,'Other',$,(#4475,#4476));
#4474=IFCRELDEFINESBYPROPERTIES('18z$qwJzz4h8u0VImy1mDB',$,$,$,(#4451),#4473);
#4475=IFCPROPERTYSINGLEVALUE('Ax',$,IFCLABEL('0.001'),$);
#4476=IFCPROPERTYSINGLEVALUE('Ay',$,IFCLABEL('0.001'),$);
#4477=IFCCOLUMN('06rkjngBjFxBOoMTiadq_e',$,$,$,$,#4498,#4488,$,$);
#4478=IFCCARTESIANPOINTLIST2D(((-200.,-200.),(200.,-200.),(200.,200.),(-200.,200.)));
#4479=IFCINDEXEDPOLYCURVE(#4478,(IFCLINEINDEX((1,2,3,4,1))),$);
#4480=IFCARBITRARYCLOSEDPROFILEDEF(.AREA.,'Arbitrary',#4479);
#4481=IFCCARTESIANPOINT((0.,0.,0.));
#4482=IFCDIRECTION((0.,0.,1.));
#4483=IFCDIRECTION((1.,0.,0.));
#4484=IFCAXIS2PLACEMENT3D(#4481,#4482,#4483);
#4485=IFCDIRECTION((0.,0.,1.));
#4486=IFCEXTRUDEDAREASOLID(#4480,#4484,#4485,3000.);
#4487=IFCSHAPEREPRESENTATION(#11,'Body','SweptSolid',(#4486));
#4488=IFCPRODUCTDEFINITIONSHAPE($,$,(#4487));
#4494=IFCCARTESIANPOINT((0.,0.,12000.));
#4495=IFCDIRECTION((0.,0.,1.));
#4496=IFCDIRECTION((1.,0.,0.));
#4497=IFCAXIS2PLACEMENT3D(#4494,#4495,#4496);
#4498=IFCLOCALPLACEMENT($,#4497);
#4499=IFCPROPERTYSET('2GGyznJ85C2QrFFLFaglnP',$,'Other',$,(#4501,#4502));
#4500=IFCRELDEFINESBYPROPERTIES('2iHxVRKlH4TBkRqUwPXyeL',$,$,$,(#4477),#4499);
#4501=IFCPROPERTYSINGLEVALUE('Ax',$,IFCLABEL('0.001'),$);
#4502=IFCPROPERTYSINGLEVALUE('Ay',$,IFCLABEL('0.001'),$);
#4503=IFCCOLUMN('2WnZt9_Wf3jQITeHmGwkJV',$,$,$,$,#4524,#4514,$,$);
#4504=IFCCARTESIANPOINTLIST2D(((-200.,-200.),(200.,-200.),(200.,200.),(-200.,200.)));
#4505=IFCINDEXEDPOLYCURVE(#4504,(IFCLINEINDEX((1,2,3,4,1))),$);
#4506=IFCARBITRARYCLOSEDPROFILEDEF(.AREA.,'Arbitrary',#4505);
#4507=IFCCARTESIANPOINT((0.,0.,0.));
#4508=IFCDIRECTION((0.,0.,1.));
#4509=IFCDIRECTION((1.,0.,0.));
#4510=IFCAXIS2PLACEMENT3D(#4507,#4508,#4509);
#4511=IFCDIRECTION((0.,0.,1.));
#4512=IFCEXTRUDEDAREASOLID(#4506,#4510,#4511,3000.);
#4513=IFCSHAPEREPRESENTATION(#11,'Body','SweptSolid',(#4512));
#4514=IFCPRODUCTDEFINITIONSHAPE($,$,(#4513));
#4520=IFCCARTESIANPOINT((0.,0.,9000.));
#4521=IFCDIRECTION((0.,0.,1.));
#4522=IFCDIRECTION((1.,0.,0.));
#4523=IFCAXIS2PLACEMENT3D(#4520,#4521,#4522);
#4524=IFCLOCALPLACEMENT($,#4523);
#4525=IFCPROPERTYSET('045WNl$1PEkx9lEvJrUirP',$,'Other',$,(#4527,#4528));
#4526=IFCRELDEFINESBYPROPERTIES('3r3V$MLvnEce6tXivYDf8R',$,$,$,(#4503),#4525);
#4527=IFCPROPERTYSINGLEVALUE('Ax',$,IFCLABEL('0.001'),$);
#4528=IFCPROPERTYSINGLEVALUE('Ay',$,IFCLABEL('0.001'),$);
#4529=IFCCOLUMN('24otKZJF5FUB1WwPAEttNo',$,$,$,$,#4550,#4540,$,$);
#4530=IFCCARTESIANPOINTLIST2D(((-200.,-200.),(200.,-200.),(200.,200.),(-200.,200.)));
#4531=IFCINDEXEDPOLYCURVE(#4530,(IFCLINEINDEX((1,2,3,4,1))),$);
#4532=IFCARBITRARYCLOSEDPROFILEDEF(.AREA.,'Arbitrary',#4531);
#4533=IFCCARTESIANPOINT((0.,0.,0.));
#4534=IFCDIRECTION((0.,0.,1.));
#4535=IFCDIRECTION((1.,0.,0.));
#4536=IFCAXIS2PLACEMENT3D(#4533,#4534,#4535);
#4537=IFCDIRECTION((0.,0.,1.));
#4538=IFCEXTRUDEDAREASOLID(#4532,#4536,#4537,3000.);
#4539=IFCSHAPEREPRESENTATION(#11,'Body','SweptSolid',(#4538));
#4540=IFCPRODUCTDEFINITIONSHAPE($,$,(#4539));
#4546=IFCCARTESIANPOINT((0.,0.,6000.));
#4547=IFCDIRECTION((0.,0.,1.));
#4548=IFCDIRECTION((1.,0.,0.));
#4549=IFCAXIS2PLACEMENT3D(#4546,#4547,#4548);
#4550=IFCLOCALPLACEMENT($,#4549);
#4551=IFCPROPERTYSET('04RjuL9L58vvLAW$$ztvn3',$,'Other',$,(#4553,#4554));
#4552=IFCRELDEFINESBYPROPERTIES('3nopiRVjvBvOY7mFoqUaXW',$,$,$,(#4529),#4551);
#4553=IFCPROPERTYSINGLEVALUE('Ax',$,IFCLABEL('0.001'),$);
#4554=IFCPROPERTYSINGLEVALUE('Ay',$,IFCLABEL('0.001'),$);
#4555=IFCCOLUMN('1DDmoDiWT95PMBjJ59$cEL',$,$,$,$,#4576,#4566,$,$);
#4556=IFCCARTESIANPOINTLIST2D(((-200.,-200.),(200.,-200.),(200.,200.),(-200.,200.)));
#4557=IFCINDEXEDPOLYCURVE(#4556,(IFCLINEINDEX((1,2,3,4,1))),$);
#4558=IFCARBITRARYCLOSEDPROFILEDEF(.AREA.,'Arbitrary',#4557);
#4559=IFCCARTESIANPOINT((0.,0.,0.));
#4560=IFCDIRECTION((0.,0.,1.));
#4561=IFCDIRECTION((1.,0.,0.));
#4562=IFCAXIS2PLACEMENT3D(#4559,#4560,#4561);
#4563=IFCDIRECTION((0.,0.,1.));
#4564=IFCEXTRUDEDAREASOLID(#4558,#4562,#4563,3000.);
#4565=IFCSHAPEREPRESENTATION(#11,'Body','SweptSolid',(#4564));
#4566=IFCPRODUCTDEFINITIONSHAPE($,$,(#4565));
#4572=IFCCARTESIANPOINT((0.,0.,3000.));
#4573=IFCDIRECTION((0.,0.,1.));
#4574=IFCDIRECTION((1.,0.,0.));
#4575=IFCAXIS2PLACEMENT3D(#4572,#4573,#4574);
#4576=IFCLOCALPLACEMENT($,#4575);
#4577=IFCPROPERTYSET('2jcjXFNSrFhuY8p5VbUlbg',$,'Other',$,(#4579,#4580));
#4578=IFCRELDEFINESBYPROPERTIES('2AmJ8zn4r9thN9psYwdj1w',$,$,$,(#4555),#4577);
#4579=IFCPROPERTYSINGLEVALUE('Ax',$,IFCLABEL('0.001'),$);
#4580=IFCPROPERTYSINGLEVALUE('Ay',$,IFCLABEL('0.001'),$);
#4581=IFCCOLUMN('11xYW0DY15FAyWjFYFYSMc',$,$,$,$,#4602,#4592,$,$);
#4582=IFCCARTESIANPOINTLIST2D(((-200.,-200.),(200.,-200.),(200.,200.),(-200.,200.)));
#4583=IFCINDEXEDPOLYCURVE(#4582,(IFCLINEINDEX((1,2,3,4,1))),$);
#4584=IFCARBITRARYCLOSEDPROFILEDEF(.AREA.,'Arbitrary',#4583);
#4585=IFCCARTESIANPOINT((0.,0.,0.));
#4586=IFCDIRECTION((0.,0.,1.));
#4587=IFCDIRECTION((1.,0.,0.));
#4588=IFCAXIS2PLACEMENT3D(#4585,#4586,#4587);
#4589=IFCDIRECTION((0.,0.,1.));
#4590=IFCEXTRUDEDAREASOLID(#4584,#4588,#4589,3000.);
#4591=IFCSHAPEREPRESENTATION(#11,'Body','SweptSolid',(#4590));
#4592=IFCPRODUCTDEFINITIONSHAPE($,$,(#4591));
#4598=IFCCARTESIANPOINT((0.,0.,0.));
#4599=IFCDIRECTION((0.,0.,1.));
#4600=IFCDIRECTION((1.,0.,0.));
#4601=IFCAXIS2PLACEMENT3D(#4598,#4599,#4600);
#4602=IFCLOCALPLACEMENT($,#4601);
#4603=IFCPROPERTYSET('2dZuvsD1X9zB9umKj9XGb1',$,'Other',$,(#4605,#4606));
#4604=IFCRELDEFINESBYPROPERTIES('3anY5gC3j82h$uCvkT9ZP$',$,$,$,(#4581),#4603);
#4605=IFCPROPERTYSINGLEVALUE('Ax',$,IFCLABEL('0.001'),$);
#4606=IFCPROPERTYSINGLEVALUE('Ay',$,IFCLABEL('0.001'),$);
ENDSEC;
END-ISO-10303-21;
