ISO-10303-21;
HEADER;
FILE_DESCRIPTION(('ViewDefinition [CoordinationView]'),'2;1');
FILE_NAME('','2026-09-02T13:41:20',(''),(''),'IfcOpenShell 0.8.5-1c5b825','IfcOpenShell 0.8.5-1c5b825','');
FILE_SCHEMA(('IFC4'));
ENDSEC;
DATA;
#1=IFCPROJECT('16Dq4oFIP9EB9x_ZtWOy9E',$,'My Project',$,$,$,$,(#10),#5);
#2=IFCSIUNIT(*,.LENGTHUNIT.,.MILLI.,.METRE.);
#3=IFCSIUNIT(*,.AREAUNIT.,$,.SQUARE_METRE.);
#4=IFCSIUNIT(*,.VOLUMEUNIT.,$,.CUBIC_METRE.);
#5=IFCUNITASSIGNMENT((#4,#2,#3));
#6=IFCCARTESIANPOINT((0.,0.,0.));
#7=IFCDIRECTION((0.,0.,1.));
#8=IFCDIRECTION((1.,0.,0.));
#9=IFCAXIS2PLACEMENT3D(#6,#7,#8);
#10=IFCGEOMETRICREPRESENTATIONCONTEXT($,'Model',3,1.0000000000000001E-05,#9,$);
#11=IFCGEOMETRICREPRESENTATIONSUBCONTEXT('Body','Model',*,*,*,*,#10,$,.MODEL_VIEW.,$);
#12=IFCSITE('1FPG31VFv73PoPjiVchof8',$,'My Site',$,$,$,$,$,$,$,$,$,$,$);
#13=IFCBUILDING('1DM$fET3vFfe4UbE0mshub',$,'Building A',$,$,$,$,$,$,$,$,$);
#14=IFCBUILDINGSTOREY('1oWhxa8X98qfBFMsv$$Ams',$,'Ground Floor',$,$,$,$,$,$,$);
#15=IFCRELAGGREGATES('2pEyVKzw50UAP0zRlh6j5G',$,$,$,#1,(#12));
#16=IFCRELAGGREGATES('27fOiU13n6mP8K$51WT2pz',$,$,$,#12,(#13));
#17=IFCRELAGGREGATES('0iDNc6oobD5P5RkYP0WxMm',$,$,$,#13,(#25,#21,#28,#23,#18,#29,#24,#19,#14,#20,#26,#27,#22));
#18=IFCBUILDINGSTOREY('3Ac$TYkl9BHuFsU2H2a_uT',$,'Floor0',$,$,$,$,$,$,$);
#19=IFCBUILDINGSTOREY('1Kxu9x0CDEj8Zd4CylfTpM',$,'Floor1',$,$,$,$,$,$,$);
#20=IFCBUILDINGSTOREY('3ebRwfeGXDt8eJEnnr7gn8',$,'Floor2',$,$,$,$,$,$,$);
#21=IFCBUILDINGSTOREY('1L1HpxOUT5KgmbhxEVVyrV',$,'Floor3',$,$,$,$,$,$,$);
#22=IFCBUILDINGSTOREY('05Fd6hHKH4vvf3BMdPfHPn',$,'Floor4',$,$,$,$,$,$,$);
#23=IFCBUILDINGSTOREY('0DtsdK_oX9KwAiq6amXHdx',$,'Floor5',$,$,$,$,$,$,$);
#24=IFCBUILDINGSTOREY('0O0tCEnEXB9B3Uu1k03Bch',$,'Floor6',$,$,$,$,$,$,$);
#25=IFCBUILDINGSTOREY('2kzOZpkfPCtwIz85G7Ire0',$,'Floor7',$,$,$,$,$,$,$);
#26=IFCBUILDINGSTOREY('0Z1LCneR10K8yJBtJkbWj0',$,'Floor8',$,$,$,$,$,$,$);
#27=IFCBUILDINGSTOREY('3WIV8QtGPDJQhjri6nvcHh',$,'Floor9',$,$,$,$,$,$,$);
#28=IFCBUILDINGSTOREY('1LztsKhmz6n8xpbRnNqkQn',$,'Floor10',$,$,$,$,$,$,$);
#29=IFCBUILDINGSTOREY('3BqoQ6Lwv7thyne96bWkCz',$,'Floor11',$,$,$,$,$,$,$);
#30=IFCBEAM('0vhDBmg5T5Yg4HsDGFE2mL',$,$,$,$,#52,#41,$,$);
#31=IFCCARTESIANPOINTLIST2D(((0.,0.),(0.,250.),(6000.,250.),(6000.,0.),(0.,0.)));
#32=IFCINDEXEDPOLYCURVE(#31,$,.F.);
#33=IFCDIRECTION((0.,0.,1.));
#34=IFCARBITRARYCLOSEDPROFILEDEF(.AREA.,$,#32);
#35=IFCCARTESIANPOINT((0.,0.,0.));
#36=IFCDIRECTION((0.,0.,1.));
#37=IFCDIRECTION((1.,0.,0.));
#38=IFCAXIS2PLACEMENT3D(#35,#36,#37);
#39=IFCEXTRUDEDAREASOLID(#34,#38,#33,-500.);
#40=IFCSHAPEREPRESENTATION(#11,'Body','SweptSolid',(#39));
#41=IFCPRODUCTDEFINITIONSHAPE($,$,(#40));
#47=IFCRELCONTAINEDINSPATIALSTRUCTURE('1lPjWBfQT6qA_Il$ILp7xf',$,$,$,(#3697,#21267,#7311,#15100,#18329,#2033,#19603,#2189,#11563,#19759,#5803,#16821,#16977,#2865,#4139,#10821,#12346,#13777,#1357,#9157,#15073,#1513,#20331,#14560,#6375,#7649,#18823,#4867,#8481,#8637,#16041,#3203,#17315,#3359,#20929,#6973,#17991,#577,#18147,#1851,#16483,#15343,#2527,#10327,#16639,#2683,#10483,#1019,#8819,#8975,#19993,#6037,#9651,#12076,#9807,#18485,#4529,#22099,#8143,#14803,#1747,#19317,#3021,#14290,#11266,#6635,#15586,#83,#239,#17809,#12049,#3853,#16145,#11536,#9989,#10145,#21163,#12967,#7207,#14263,#681,#19655,#5699,#9313,#16873,#2917,#15856,#4191,#20487,#20643,#7805,#1409,#18979,#5023,#11806,#11159,#17471,#3515,#14533,#15829,#8377,#8533,#15316,#20825,#6869,#7025,#11779,#18043,#4087,#21657,#5361,#16535,#2579,#20149,#6193,#13993,#915,#13480,#1071,#14776,#18641,#4685,#11239,#9703,#10977,#21995,#8039,#395,#8195,#19213,#13453,#6531,#6687,#17705,#3749,#21319,#15559,#7363,#21475,#7519,#16197,#15046,#2241,#19811,#5855,#11509,#17029,#733,#10873,#15532,#1565,#9365,#13723,#15019,#20539,#7701,#21813,#7857,#14506,#18875,#4919,#19031,#5075,#17367,#3411,#20981,#3567,#629,#18199,#1903,#13183,#14479,#5517,#18355,#13966,#16691,#2735,#10535,#15289,#21709,#5413,#9027,#20045,#6089,#20201,#6245,#18537,#4581,#18693,#4737,#15262,#1799,#14749,#3073,#19369,#3229,#14236,#291,#17861,#3905,#6583,#16353,#2397,#10197,#14722,#21371,#7415,#8689,#14209,#19707,#5751,#19863,#5907,#13696,#16925,#17081,#4243,#4399,#1461,#1617,#17523,#13669,#14992,#8585,#9859,#15775,#10015,#17419,#3463,#21033,#7077,#10691,#18251,#19525,#5569,#16587,#2631,#16743,#14452,#2787,#10587,#20357,#13939,#1123,#15235,#1279,#13426,#9755,#11029,#11185,#447,#8247,#8403,#13912,#19421,#3125,#20695,#6739,#13399,#17757,#17913,#3957,#21527,#15505,#16249,#2293,#16405,#2449,#10249,#785,#10925,#941,#12859,#9417,#14182,#9573,#15478,#20591,#4295,#21865,#7909,#14965,#22021,#8065,#19083,#5127,#6401,#17575,#3619,#13642,#1955,#2111,#9911,#13129,#14425,#12616,#10743,#21761,#5465,#9079,#9235,#20253,#6297,#20409,#7571,#13102,#1175,#18745,#4789,#12589,#15963,#17237,#3281,#11081,#14695,#343,#499,#8299,#6791,#10405,#21423,#7467,#13372,#8741,#14668,#21579,#8897,#16301,#2345,#19915,#14155,#5959,#20071,#6115,#17133,#837,#18407,#4451,#4607,#1669,#9469,#19239,#12832,#21917,#161,#7961,#12319,#13615,#5179,#6453,#10067,#21085,#7129,#21241,#7285,#18303,#2007,#19577,#5621,#12292,#19733,#5777,#16795,#2839,#10639,#4113,#14398,#1331,#9131,#13885,#15181,#20305,#6349,#7623,#4841,#8455,#19473,#3177,#12562,#20747,#13858,#20903,#6947,#17965,#13345,#4009,#18121,#5283,#16457,#2501,#10301,#16613,#2657,#993,#8793,#12022,#19967,#6011,#9625,#12805,#9781,#4347,#14128,#18459,#4503,#22073,#8117,#14911,#19135,#19291,#2995,#57,#17627,#3671,#11482,#17783,#3827,#16119,#2163,#9963,#13588,#21137,#7181,#13075,#655,#10795,#14371,#10951,#30,#19629,#5673,#15802,#9287,#16847,#2891,#20461,#4165,#7779,#1227,#11752,#13048,#1383,#18797,#18953,#4997,#12535,#16015,#17289,#3333,#11133,#17445,#3489,#551,#8351,#1825,#14641,#20799,#6843,#10457,#11212,#12508,#18017,#4061,#21631,#5335,#11995,#8949,#13318,#16509,#14614,#2553,#20123,#6167,#14101,#17185,#889,#1045,#18615,#4659,#9521,#1721,#9677,#21969,#213,#8013,#12778,#369,#8169,#14074,#19187,#5231,#12265,#6505,#13561,#10119,#17679,#3723,#21293,#7337,#2059,#16171,#2215,#19785,#5829,#12238,#17003,#707,#10847,#11725,#9183,#1539,#9339,#13831,#7675,#7831,#18849,#4893,#8507,#11698,#8663,#16067,#17341,#3385,#20955,#6999,#13804,#603,#18173,#1877,#13291,#10353,#16665,#2709,#10509,#21683,#8845,#9001,#20019,#6063,#11968,#6219,#13264,#11455,#18511,#12751,#4555,#1773,#19343,#3047,#19499,#6661,#109,#265,#17835,#3879,#11428,#16327,#2371,#10171,#21189,#7233,#13534,#21345,#7389,#13021,#19681,#5725,#19837,#5881,#16899,#15748,#2943,#20513,#4217,#4373,#13507,#1435,#19005,#5049,#12994,#7727,#17497,#12481,#3541,#8559,#15208,#9833,#20851,#6895,#21007,#7051,#10665,#18069,#18225,#5387,#12454,#5543,#16561,#11941,#2605,#20175,#1097,#18667,#4711,#9729,#11003,#13237,#421,#8221,#12724,#19395,#14020,#6557,#20669,#6713,#12211,#17731,#3775,#17887,#3931,#21501,#14938,#16223,#2267,#2423,#11401,#15721,#12697,#17055,#759,#10899,#17211,#12184,#11671,#1591,#9391,#20565,#4269,#21839,#7883,#18901,#4945,#19057,#5101,#17393,#11644,#3437,#17549,#3593,#1929,#13750,#2085,#16717,#2761,#10561,#10717,#21735,#5439,#1253,#9053,#9209,#15451,#12427,#20227,#6271,#7545,#11914,#18563,#13210,#18719,#4763,#15937,#3099,#3255,#11055,#15424,#317,#473,#11887,#6609,#16379,#11374,#10223,#10379,#21397,#7441,#8715,#8871,#16275,#2319,#19889,#5933,#9547,#16951,#17107,#811,#11347,#18381,#4425,#15694,#1487,#1643,#9443,#12157,#12940,#135,#8611,#15667,#9885,#10041,#15154,#21059,#7103,#21215,#7259,#11617,#18277,#12913,#1981,#19551,#5595,#12400,#16769,#2813,#10613,#20383,#15127,#1149,#1305,#9105,#7597,#8273,#8429,#19447,#3151,#20721,#6765,#12670,#20877,#6921,#17939,#3983,#21553,#5257,#15397,#16431,#14884,#2475,#10275,#21449,#7493,#12643,#967,#8767,#12130,#5985,#9599,#20617,#4321,#14857,#21891,#7935,#22047,#8091,#14344,#15640,#19109,#5153,#19265,#6427,#12103,#17601,#3645,#3801,#11590,#16093,#2137,#9937,#14317,#21111,#7155,#10769,#21787,#5491,#5647,#9261,#15910,#20279,#6323,#20435,#12373,#7753,#1201,#18771,#4815,#11860,#13156,#4971,#18927,#15989,#17263,#3307,#11107,#14587,#15883,#525,#8325,#15370,#18095,#20773,#11833,#6817,#10431,#11320,#4035,#21605,#5309,#8923,#14047,#19941,#20097,#6141,#14830,#17159,#863,#18433,#4477,#18589,#4633,#11293,#1695,#9495,#2969,#21943,#187,#7987,#12886,#19161,#5205,#6479,#10093,#15613,#17653),#20);
#48=IFCCARTESIANPOINT((125.,6000.,24000.));
#49=IFCDIRECTION((0.,0.,1.));
#50=IFCDIRECTION((6.123233995736766E-17,1.,0.));
#51=IFCAXIS2PLACEMENT3D(#48,#49,#50);
#52=IFCLOCALPLACEMENT($,#51);
#53=IFCPROPERTYSET('2z8wu$nxn62hZPpgo0szCk',$,'Other',$,(#55,#56));
#54=IFCRELDEFINESBYPROPERTIES('2jLYCoSXTFGP6$siUuhTjN',$,$,$,(#30),#53);
#55=IFCPROPERTYSINGLEVALUE('Ax',$,IFCLABEL('0.001'),$);
#56=IFCPROPERTYSINGLEVALUE('Ay',$,IFCLABEL('0.001'),$);
#57=IFCBEAM('0trhuOipr4KAylsfUaFxUE',$,$,$,$,#78,#68,$,$);
#58=IFCCARTESIANPOINTLIST2D(((0.,0.),(0.,250.),(6000.,250.),(6000.,0.),(0.,0.)));
#59=IFCINDEXEDPOLYCURVE(#58,$,.F.);
#60=IFCDIRECTION((0.,0.,1.));
#61=IFCARBITRARYCLOSEDPROFILEDEF(.AREA.,$,#59);
#62=IFCCARTESIANPOINT((0.,0.,0.));
#63=IFCDIRECTION((0.,0.,1.));
#64=IFCDIRECTION((1.,0.,0.));
#65=IFCAXIS2PLACEMENT3D(#62,#63,#64);
#66=IFCEXTRUDEDAREASOLID(#61,#65,#60,-500.);
#67=IFCSHAPEREPRESENTATION(#11,'Body','SweptSolid',(#66));
#68=IFCPRODUCTDEFINITIONSHAPE($,$,(#67));
#74=IFCCARTESIANPOINT((125.,12000.,24000.));
#75=IFCDIRECTION((0.,0.,1.));
#76=IFCDIRECTION((6.123233995736766E-17,1.,0.));
#77=IFCAXIS2PLACEMENT3D(#74,#75,#76);
#78=IFCLOCALPLACEMENT($,#77);
#79=IFCPROPERTYSET('1Fbscd5_DD99GhGhcmuP3P',$,'Other',$,(#81,#82));
#80=IFCRELDEFINESBYPROPERTIES('0PFIqkMd50mw2yBRiecH0$',$,$,$,(#57),#79);
#81=IFCPROPERTYSINGLEVALUE('Ax',$,IFCLABEL('0.001'),$);
#82=IFCPROPERTYSINGLEVALUE('Ay',$,IFCLABEL('0.001'),$);
#83=IFCBEAM('1yuJIEObn0LB7ZeYwtUJJe',$,$,$,$,#104,#94,$,$);
#84=IFCCARTESIANPOINTLIST2D(((0.,0.),(0.,250.),(6000.,250.),(6000.,0.),(0.,0.)));
#85=IFCINDEXEDPOLYCURVE(#84,$,.F.);
#86=IFCDIRECTION((0.,0.,1.));
#87=IFCARBITRARYCLOSEDPROFILEDEF(.AREA.,$,#85);
#88=IFCCARTESIANPOINT((0.,0.,0.));
#89=IFCDIRECTION((0.,0.,1.));
#90=IFCDIRECTION((1.,0.,0.));
#91=IFCAXIS2PLACEMENT3D(#88,#89,#90);
#92=IFCEXTRUDEDAREASOLID(#87,#91,#86,-500.);
#93=IFCSHAPEREPRESENTATION(#11,'Body','SweptSolid',(#92));
#94=IFCPRODUCTDEFINITIONSHAPE($,$,(#93));
#100=IFCCARTESIANPOINT((6125.,6000.,24000.));
#101=IFCDIRECTION((0.,0.,1.));
#102=IFCDIRECTION((6.123233995736766E-17,1.,0.));
#103=IFCAXIS2PLACEMENT3D(#100,#101,#102);
#104=IFCLOCALPLACEMENT($,#103);
#105=IFCPROPERTYSET('12ISrnCxbCef97I5NhuCZ4',$,'Other',$,(#107,#108));
#106=IFCRELDEFINESBYPROPERTIES('0CJbdCLwX0TfJknudPaucR',$,$,$,(#83),#105);
#107=IFCPROPERTYSINGLEVALUE('Ax',$,IFCLABEL('0.001'),$);
#108=IFCPROPERTYSINGLEVALUE('Ay',$,IFCLABEL('0.001'),$);
#109=IFCBEAM('1Ne3oRjsv9P8Wp1xJb1OKc',$,$,$,$,#130,#120,$,$);
#110=IFCCARTESIANPOINTLIST2D(((0.,0.),(0.,250.),(6000.,250.),(6000.,0.),(0.,0.)));
#111=IFCINDEXEDPOLYCURVE(#110,$,.F.);
#112=IFCDIRECTION((0.,0.,1.));
#113=IFCARBITRARYCLOSEDPROFILEDEF(.AREA.,$,#111);
#114=IFCCARTESIANPOINT((0.,0.,0.));
#115=IFCDIRECTION((0.,0.,1.));
#116=IFCDIRECTION((1.,0.,0.));
#117=IFCAXIS2PLACEMENT3D(#114,#115,#116);
#118=IFCEXTRUDEDAREASOLID(#113,#117,#112,-500.);
#119=IFCSHAPEREPRESENTATION(#11,'Body','SweptSolid',(#118));
#120=IFCPRODUCTDEFINITIONSHAPE($,$,(#119));
#126=IFCCARTESIANPOINT((6125.,12000.,24000.));
#127=IFCDIRECTION((0.,0.,1.));
#128=IFCDIRECTION((6.123233995736766E-17,1.,0.));
#129=IFCAXIS2PLACEMENT3D(#126,#127,#128);
#130=IFCLOCALPLACEMENT($,#129);
#131=IFCPROPERTYSET('05hk9DY4T4mffiUPA2aU7s',$,'Other',$,(#133,#134));
#132=IFCRELDEFINESBYPROPERTIES('39xMkfVZr3Dx2FmnkTozAs',$,$,$,(#109),#131);
#133=IFCPROPERTYSINGLEVALUE('Ax',$,IFCLABEL('0.001'),$);
#134=IFCPROPERTYSINGLEVALUE('Ay',$,IFCLABEL('0.001'),$);
#135=IFCBEAM('1p71I4eqn4zukl5Sg5cqn9',$,$,$,$,#156,#146,$,$);
#136=IFCCARTESIANPOINTLIST2D(((0.,0.),(0.,250.),(6000.,250.),(6000.,0.),(0.,0.)));
#137=IFCINDEXEDPOLYCURVE(#136,$,.F.);
#138=IFCDIRECTION((0.,0.,1.));
#139=IFCARBITRARYCLOSEDPROFILEDEF(.AREA.,$,#137);
#140=IFCCARTESIANPOINT((0.,0.,0.));
#141=IFCDIRECTION((0.,0.,1.));
#142=IFCDIRECTION((1.,0.,0.));
#143=IFCAXIS2PLACEMENT3D(#140,#141,#142);
#144=IFCEXTRUDEDAREASOLID(#139,#143,#138,-500.);
#145=IFCSHAPEREPRESENTATION(#11,'Body','SweptSolid',(#144));
#146=IFCPRODUCTDEFINITIONSHAPE($,$,(#145));
#152=IFCCARTESIANPOINT((12125.,-7.6540424946709578E-15,24000.));
#153=IFCDIRECTION((0.,0.,1.));
#154=IFCDIRECTION((6.123233995736766E-17,1.,0.));
#155=IFCAXIS2PLACEMENT3D(#152,#153,#154);
#156=IFCLOCALPLACEMENT($,#155);
#157=IFCPROPERTYSET('0o6F2rJZPAugJ2SnW$MVYH',$,'Other',$,(#159,#160));
#158=IFCRELDEFINESBYPROPERTIES('3b7uj1Z2L2w8c9KdzF$3Xo',$,$,$,(#135),#157);
#159=IFCPROPERTYSINGLEVALUE('Ax',$,IFCLABEL('0.001'),$);
#160=IFCPROPERTYSINGLEVALUE('Ay',$,IFCLABEL('0.001'),$);
#161=IFCBEAM('2XqnGVEsf2sxL0DvZizG2A',$,$,$,$,#182,#172,$,$);
#162=IFCCARTESIANPOINTLIST2D(((0.,0.),(0.,250.),(6000.,250.),(6000.,0.),(0.,0.)));
#163=IFCINDEXEDPOLYCURVE(#162,$,.F.);
#164=IFCDIRECTION((0.,0.,1.));
#165=IFCARBITRARYCLOSEDPROFILEDEF(.AREA.,$,#163);
#166=IFCCARTESIANPOINT((0.,0.,0.));
#167=IFCDIRECTION((0.,0.,1.));
#168=IFCDIRECTION((1.,0.,0.));
#169=IFCAXIS2PLACEMENT3D(#166,#167,#168);
#170=IFCEXTRUDEDAREASOLID(#165,#169,#164,-500.);
#171=IFCSHAPEREPRESENTATION(#11,'Body','SweptSolid',(#170));
#172=IFCPRODUCTDEFINITIONSHAPE($,$,(#171));
#178=IFCCARTESIANPOINT((12125.,6000.,24000.));
#179=IFCDIRECTION((0.,0.,1.));
#180=IFCDIRECTION((6.123233995736766E-17,1.,0.));
#181=IFCAXIS2PLACEMENT3D(#178,#179,#180);
#182=IFCLOCALPLACEMENT($,#181);
#183=IFCPROPERTYSET('0jvDMeEzz7rgRLAwYNRJET',$,'Other',$,(#185,#186));
#184=IFCRELDEFINESBYPROPERTIES('188eRnUWfDFf7zL3_MAGOV',$,$,$,(#161),#183);
#185=IFCPROPERTYSINGLEVALUE('Ax',$,IFCLABEL('0.001'),$);
#186=IFCPROPERTYSINGLEVALUE('Ay',$,IFCLABEL('0.001'),$);
#187=IFCBEAM('0SpMe051D8q9gMya1zKWsi',$,$,$,$,#208,#198,$,$);
#188=IFCCARTESIANPOINTLIST2D(((0.,0.),(0.,250.),(6000.,250.),(6000.,0.),(0.,0.)));
#189=IFCINDEXEDPOLYCURVE(#188,$,.F.);
#190=IFCDIRECTION((0.,0.,1.));
#191=IFCARBITRARYCLOSEDPROFILEDEF(.AREA.,$,#189);
#192=IFCCARTESIANPOINT((0.,0.,0.));
#193=IFCDIRECTION((0.,0.,1.));
#194=IFCDIRECTION((1.,0.,0.));
#195=IFCAXIS2PLACEMENT3D(#192,#193,#194);
#196=IFCEXTRUDEDAREASOLID(#191,#195,#190,-500.);
#197=IFCSHAPEREPRESENTATION(#11,'Body','SweptSolid',(#196));
#198=IFCPRODUCTDEFINITIONSHAPE($,$,(#197));
#204=IFCCARTESIANPOINT((12125.,12000.,24000.));
#205=IFCDIRECTION((0.,0.,1.));
#206=IFCDIRECTION((6.123233995736766E-17,1.,0.));
#207=IFCAXIS2PLACEMENT3D(#204,#205,#206);
#208=IFCLOCALPLACEMENT($,#207);
#209=IFCPROPERTYSET('3jj8fSSd5AYutZ$kDB51JH',$,'Other',$,(#211,#212));
#210=IFCRELDEFINESBYPROPERTIES('2HhDiTGOP4C8HJlHqH1R0S',$,$,$,(#187),#209);
#211=IFCPROPERTYSINGLEVALUE('Ax',$,IFCLABEL('0.001'),$);
#212=IFCPROPERTYSINGLEVALUE('Ay',$,IFCLABEL('0.001'),$);
#213=IFCBEAM('3xppr9eAPC2hGTzcbupumV',$,$,$,$,#234,#224,$,$);
#214=IFCCARTESIANPOINTLIST2D(((0.,0.),(0.,250.),(6000.,250.),(6000.,0.),(0.,0.)));
#215=IFCINDEXEDPOLYCURVE(#214,$,.F.);
#216=IFCDIRECTION((0.,0.,1.));
#217=IFCARBITRARYCLOSEDPROFILEDEF(.AREA.,$,#215);
#218=IFCCARTESIANPOINT((0.,0.,0.));
#219=IFCDIRECTION((0.,0.,1.));
#220=IFCDIRECTION((1.,0.,0.));
#221=IFCAXIS2PLACEMENT3D(#218,#219,#220);
#222=IFCEXTRUDEDAREASOLID(#217,#221,#216,-500.);
#223=IFCSHAPEREPRESENTATION(#11,'Body','SweptSolid',(#222));
#224=IFCPRODUCTDEFINITIONSHAPE($,$,(#223));
#230=IFCCARTESIANPOINT((18125.,-7.6540424946709578E-15,24000.));
#231=IFCDIRECTION((0.,0.,1.));
#232=IFCDIRECTION((6.123233995736766E-17,1.,0.));
#233=IFCAXIS2PLACEMENT3D(#230,#231,#232);
#234=IFCLOCALPLACEMENT($,#233);
#235=IFCPROPERTYSET('2qiTbAsIjEbes56A$0bo6q',$,'Other',$,(#237,#238));
#236=IFCRELDEFINESBYPROPERTIES('0jRCAfaEf3aApjLcaTVdxO',$,$,$,(#213),#235);
#237=IFCPROPERTYSINGLEVALUE('Ax',$,IFCLABEL('0.001'),$);
#238=IFCPROPERTYSINGLEVALUE('Ay',$,IFCLABEL('0.001'),$);
#239=IFCBEAM('1WKLw6BWH4wh5KPJwHLCrw',$,$,$,$,#260,#250,$,$);
#240=IFCCARTESIANPOINTLIST2D(((0.,0.),(0.,250.),(6000.,250.),(6000.,0.),(0.,0.)));
#241=IFCINDEXEDPOLYCURVE(#240,$,.F.);
#242=IFCDIRECTION((0.,0.,1.));
#243=IFCARBITRARYCLOSEDPROFILEDEF(.AREA.,$,#241);
#244=IFCCARTESIANPOINT((0.,0.,0.));
#245=IFCDIRECTION((0.,0.,1.));
#246=IFCDIRECTION((1.,0.,0.));
#247=IFCAXIS2PLACEMENT3D(#244,#245,#246);
#248=IFCEXTRUDEDAREASOLID(#243,#247,#242,-500.);
#249=IFCSHAPEREPRESENTATION(#11,'Body','SweptSolid',(#248));
#250=IFCPRODUCTDEFINITIONSHAPE($,$,(#249));
#256=IFCCARTESIANPOINT((18125.,6000.,24000.));
#257=IFCDIRECTION((0.,0.,1.));
#258=IFCDIRECTION((6.123233995736766E-17,1.,0.));
#259=IFCAXIS2PLACEMENT3D(#256,#257,#258);
#260=IFCLOCALPLACEMENT($,#259);
#261=IFCPROPERTYSET('2rf6N0WwvBfAIMPnGRD0uy',$,'Other',$,(#263,#264));
#262=IFCRELDEFINESBYPROPERTIES('0uSxg16953k9XI9_bCSJJk',$,$,$,(#239),#261);
#263=IFCPROPERTYSINGLEVALUE('Ax',$,IFCLABEL('0.001'),$);
#264=IFCPROPERTYSINGLEVALUE('Ay',$,IFCLABEL('0.001'),$);
#265=IFCBEAM('0kkauEv_55Xw6LJa0M30aE',$,$,$,$,#286,#276,$,$);
#266=IFCCARTESIANPOINTLIST2D(((0.,0.),(0.,250.),(6000.,250.),(6000.,0.),(0.,0.)));
#267=IFCINDEXEDPOLYCURVE(#266,$,.F.);
#268=IFCDIRECTION((0.,0.,1.));
#269=IFCARBITRARYCLOSEDPROFILEDEF(.AREA.,$,#267);
#270=IFCCARTESIANPOINT((0.,0.,0.));
#271=IFCDIRECTION((0.,0.,1.));
#272=IFCDIRECTION((1.,0.,0.));
#273=IFCAXIS2PLACEMENT3D(#270,#271,#272);
#274=IFCEXTRUDEDAREASOLID(#269,#273,#268,-500.);
#275=IFCSHAPEREPRESENTATION(#11,'Body','SweptSolid',(#274));
#276=IFCPRODUCTDEFINITIONSHAPE($,$,(#275));
#282=IFCCARTESIANPOINT((18125.,12000.,24000.));
#283=IFCDIRECTION((0.,0.,1.));
#284=IFCDIRECTION((6.123233995736766E-17,1.,0.));
#285=IFCAXIS2PLACEMENT3D(#282,#283,#284);
#286=IFCLOCALPLACEMENT($,#285);
#287=IFCPROPERTYSET('3qlygNPr58i8TNukpjcFrW',$,'Other',$,(#289,#290));
#288=IFCRELDEFINESBYPROPERTIES('3WulPvytf1t92oEZbQpmTB',$,$,$,(#265),#287);
#289=IFCPROPERTYSINGLEVALUE('Ax',$,IFCLABEL('0.001'),$);
#290=IFCPROPERTYSINGLEVALUE('Ay',$,IFCLABEL('0.001'),$);
#291=IFCBEAM('25pNPB78X8OAps5SyRftB2',$,$,$,$,#312,#302,$,$);
#292=IFCCARTESIANPOINTLIST2D(((0.,0.),(0.,250.),(6000.,250.),(6000.,0.),(0.,0.)));
#293=IFCINDEXEDPOLYCURVE(#292,$,.F.);
#294=IFCDIRECTION((0.,0.,1.));
#295=IFCARBITRARYCLOSEDPROFILEDEF(.AREA.,$,#293);
#296=IFCCARTESIANPOINT((0.,0.,0.));
#297=IFCDIRECTION((0.,0.,1.));
#298=IFCDIRECTION((1.,0.,0.));
#299=IFCAXIS2PLACEMENT3D(#296,#297,#298);
#300=IFCEXTRUDEDAREASOLID(#295,#299,#294,-500.);
#301=IFCSHAPEREPRESENTATION(#11,'Body','SweptSolid',(#300));
#302=IFCPRODUCTDEFINITIONSHAPE($,$,(#301));
#308=IFCCARTESIANPOINT((24125.,-7.6540424946709578E-15,24000.));
#309=IFCDIRECTION((0.,0.,1.));
#310=IFCDIRECTION((6.123233995736766E-17,1.,0.));
#311=IFCAXIS2PLACEMENT3D(#308,#309,#310);
#312=IFCLOCALPLACEMENT($,#311);
#313=IFCPROPERTYSET('0qOP7JcBj7Z9mUgyqCPOcR',$,'Other',$,(#315,#316));
#314=IFCRELDEFINESBYPROPERTIES('2MMHvjgDbCuvXKPd6$UUJI',$,$,$,(#291),#313);
#315=IFCPROPERTYSINGLEVALUE('Ax',$,IFCLABEL('0.001'),$);
#316=IFCPROPERTYSINGLEVALUE('Ay',$,IFCLABEL('0.001'),$);
#317=IFCBEAM('1YIJY16Dv99eTipKtk8vrw',$,$,$,$,#338,#328,$,$);
#318=IFCCARTESIANPOINTLIST2D(((0.,0.),(0.,250.),(6000.,250.),(6000.,0.),(0.,0.)));
#319=IFCINDEXEDPOLYCURVE(#318,$,.F.);
#320=IFCDIRECTION((0.,0.,1.));
#321=IFCARBITRARYCLOSEDPROFILEDEF(.AREA.,$,#319);
#322=IFCCARTESIANPOINT((0.,0.,0.));
#323=IFCDIRECTION((0.,0.,1.));
#324=IFCDIRECTION((1.,0.,0.));
#325=IFCAXIS2PLACEMENT3D(#322,#323,#324);
#326=IFCEXTRUDEDAREASOLID(#321,#325,#320,-500.);
#327=IFCSHAPEREPRESENTATION(#11,'Body','SweptSolid',(#326));
#328=IFCPRODUCTDEFINITIONSHAPE($,$,(#327));
#334=IFCCARTESIANPOINT((24125.,6000.,24000.));
#335=IFCDIRECTION((0.,0.,1.));
#336=IFCDIRECTION((6.123233995736766E-17,1.,0.));
#337=IFCAXIS2PLACEMENT3D(#334,#335,#336);
#338=IFCLOCALPLACEMENT($,#337);
#339=IFCPROPERTYSET('0al03Shfb7IgaWdE$K0XGY',$,'Other',$,(#341,#342));
#340=IFCRELDEFINESBYPROPERTIES('358XCSHJ14xPaFiabc7nnQ',$,$,$,(#317),#339);
#341=IFCPROPERTYSINGLEVALUE('Ax',$,IFCLABEL('0.001'),$);
#342=IFCPROPERTYSINGLEVALUE('Ay',$,IFCLABEL('0.001'),$);
#343=IFCBEAM('2sQqndOq55I8lpj$JYDrsJ',$,$,$,$,#364,#354,$,$);
#344=IFCCARTESIANPOINTLIST2D(((0.,0.),(0.,250.),(6000.,250.),(6000.,0.),(0.,0.)));
#345=IFCINDEXEDPOLYCURVE(#344,$,.F.);
#346=IFCDIRECTION((0.,0.,1.));
#347=IFCARBITRARYCLOSEDPROFILEDEF(.AREA.,$,#345);
#348=IFCCARTESIANPOINT((0.,0.,0.));
#349=IFCDIRECTION((0.,0.,1.));
#350=IFCDIRECTION((1.,0.,0.));
#351=IFCAXIS2PLACEMENT3D(#348,#349,#350);
#352=IFCEXTRUDEDAREASOLID(#347,#351,#346,-500.);
#353=IFCSHAPEREPRESENTATION(#11,'Body','SweptSolid',(#352));
#354=IFCPRODUCTDEFINITIONSHAPE($,$,(#353));
#360=IFCCARTESIANPOINT((24125.,12000.,24000.));
#361=IFCDIRECTION((0.,0.,1.));
#362=IFCDIRECTION((6.123233995736766E-17,1.,0.));
#363=IFCAXIS2PLACEMENT3D(#360,#361,#362);
#364=IFCLOCALPLACEMENT($,#363);
#365=IFCPROPERTYSET('13MVKWF1X52u8UpphEblNo',$,'Other',$,(#367,#368));
#366=IFCRELDEFINESBYPROPERTIES('0n2ZBON2TDJx7WK11n2aEM',$,$,$,(#343),#365);
#367=IFCPROPERTYSINGLEVALUE('Ax',$,IFCLABEL('0.001'),$);
#368=IFCPROPERTYSINGLEVALUE('Ay',$,IFCLABEL('0.001'),$);
#369=IFCBEAM('0BNleGr891U8pyg8dUmb2p',$,$,$,$,#390,#380,$,$);
#370=IFCCARTESIANPOINTLIST2D(((0.,0.),(0.,250.),(6000.,250.),(6000.,0.),(0.,0.)));
#371=IFCINDEXEDPOLYCURVE(#370,$,.F.);
#372=IFCDIRECTION((0.,0.,1.));
#373=IFCARBITRARYCLOSEDPROFILEDEF(.AREA.,$,#371);
#374=IFCCARTESIANPOINT((0.,0.,0.));
#375=IFCDIRECTION((0.,0.,1.));
#376=IFCDIRECTION((1.,0.,0.));
#377=IFCAXIS2PLACEMENT3D(#374,#375,#376);
#378=IFCEXTRUDEDAREASOLID(#373,#377,#372,-400.);
#379=IFCSHAPEREPRESENTATION(#11,'Body','SweptSolid',(#378));
#380=IFCPRODUCTDEFINITIONSHAPE($,$,(#379));
#386=IFCCARTESIANPOINT((30125.,12000.,24000.));
#387=IFCDIRECTION((0.,0.,1.));
#388=IFCDIRECTION((6.123233995736766E-17,1.,0.));
#389=IFCAXIS2PLACEMENT3D(#386,#387,#388);
#390=IFCLOCALPLACEMENT($,#389);
#391=IFCPROPERTYSET('3Sb9DbM8rBCuccb9RUJhBQ',$,'Other',$,(#393,#394));
#392=IFCRELDEFINESBYPROPERTIES('3B25gPgzLFzONqKImxQiwJ',$,$,$,(#369),#391);
#393=IFCPROPERTYSINGLEVALUE('Ax',$,IFCLABEL('0.001'),$);
#394=IFCPROPERTYSINGLEVALUE('Ay',$,IFCLABEL('0.001'),$);
#395=IFCBEAM('1A3HmSDjr2wPlQUB1KYC$o',$,$,$,$,#416,#406,$,$);
#396=IFCCARTESIANPOINTLIST2D(((0.,0.),(0.,250.),(6000.,250.),(6000.,0.),(0.,0.)));
#397=IFCINDEXEDPOLYCURVE(#396,$,.F.);
#398=IFCDIRECTION((0.,0.,1.));
#399=IFCARBITRARYCLOSEDPROFILEDEF(.AREA.,$,#397);
#400=IFCCARTESIANPOINT((0.,0.,0.));
#401=IFCDIRECTION((0.,0.,1.));
#402=IFCDIRECTION((1.,0.,0.));
#403=IFCAXIS2PLACEMENT3D(#400,#401,#402);
#404=IFCEXTRUDEDAREASOLID(#399,#403,#398,-500.);
#405=IFCSHAPEREPRESENTATION(#11,'Body','SweptSolid',(#404));
#406=IFCPRODUCTDEFINITIONSHAPE($,$,(#405));
#412=IFCCARTESIANPOINT((0.,-125.,24000.));
#413=IFCDIRECTION((0.,0.,1.));
#414=IFCDIRECTION((1.,0.,0.));
#415=IFCAXIS2PLACEMENT3D(#412,#413,#414);
#416=IFCLOCALPLACEMENT($,#415);
#417=IFCPROPERTYSET('34NfFKEYH1XAkO_MzskO5m',$,'Other',$,(#419,#420));
#418=IFCRELDEFINESBYPROPERTIES('2vRzJzq1bEJhj4zDA15IRg',$,$,$,(#395),#417);
#419=IFCPROPERTYSINGLEVALUE('Ax',$,IFCLABEL('0.001'),$);
#420=IFCPROPERTYSINGLEVALUE('Ay',$,IFCLABEL('0.001'),$);
#421=IFCBEAM('3CfLElbnDCeQUardOXxSd2',$,$,$,$,#442,#432,$,$);
#422=IFCCARTESIANPOINTLIST2D(((0.,0.),(0.,250.),(6000.,250.),(6000.,0.),(0.,0.)));
#423=IFCINDEXEDPOLYCURVE(#422,$,.F.);
#424=IFCDIRECTION((0.,0.,1.));
#425=IFCARBITRARYCLOSEDPROFILEDEF(.AREA.,$,#423);
#426=IFCCARTESIANPOINT((0.,0.,0.));
#427=IFCDIRECTION((0.,0.,1.));
#428=IFCDIRECTION((1.,0.,0.));
#429=IFCAXIS2PLACEMENT3D(#426,#427,#428);
#430=IFCEXTRUDEDAREASOLID(#425,#429,#424,-500.);
#431=IFCSHAPEREPRESENTATION(#11,'Body','SweptSolid',(#430));
#432=IFCPRODUCTDEFINITIONSHAPE($,$,(#431));
#438=IFCCARTESIANPOINT((6000.,-125.,24000.));
#439=IFCDIRECTION((0.,0.,1.));
#440=IFCDIRECTION((1.,0.,0.));
#441=IFCAXIS2PLACEMENT3D(#438,#439,#440);
#442=IFCLOCALPLACEMENT($,#441);
#443=IFCPROPERTYSET('3Fz4DcK0z3E9nngU$b1uoN',$,'Other',$,(#445,#446));
#444=IFCRELDEFINESBYPROPERTIES('3tb6EdnErB$hzGcc$BdIr5',$,$,$,(#421),#443);
#445=IFCPROPERTYSINGLEVALUE('Ax',$,IFCLABEL('0.001'),$);
#446=IFCPROPERTYSINGLEVALUE('Ay',$,IFCLABEL('0.001'),$);
#447=IFCBEAM('10eYO5QuLB2w3PnS4KpQ1J',$,$,$,$,#468,#458,$,$);
#448=IFCCARTESIANPOINTLIST2D(((0.,0.),(0.,250.),(6000.,250.),(6000.,0.),(0.,0.)));
#449=IFCINDEXEDPOLYCURVE(#448,$,.F.);
#450=IFCDIRECTION((0.,0.,1.));
#451=IFCARBITRARYCLOSEDPROFILEDEF(.AREA.,$,#449);
#452=IFCCARTESIANPOINT((0.,0.,0.));
#453=IFCDIRECTION((0.,0.,1.));
#454=IFCDIRECTION((1.,0.,0.));
#455=IFCAXIS2PLACEMENT3D(#452,#453,#454);
#456=IFCEXTRUDEDAREASOLID(#451,#455,#450,-500.);
#457=IFCSHAPEREPRESENTATION(#11,'Body','SweptSolid',(#456));
#458=IFCPRODUCTDEFINITIONSHAPE($,$,(#457));
#464=IFCCARTESIANPOINT((12000.,-125.,24000.));
#465=IFCDIRECTION((0.,0.,1.));
#466=IFCDIRECTION((1.,0.,0.));
#467=IFCAXIS2PLACEMENT3D(#464,#465,#466);
#468=IFCLOCALPLACEMENT($,#467);
#469=IFCPROPERTYSET('0XWJG4AC5BqPJAqjZR23ja',$,'Other',$,(#471,#472));
#470=IFCRELDEFINESBYPROPERTIES('2qBdEQ$hn4DP0vbRx807QR',$,$,$,(#447),#469);
#471=IFCPROPERTYSINGLEVALUE('Ax',$,IFCLABEL('0.001'),$);
#472=IFCPROPERTYSINGLEVALUE('Ay',$,IFCLABEL('0.001'),$);
#473=IFCBEAM('1sRMJBVOX22Qs6wsRQxboj',$,$,$,$,#494,#484,$,$);
#474=IFCCARTESIANPOINTLIST2D(((0.,0.),(0.,250.),(6000.,250.),(6000.,0.),(0.,0.)));
#475=IFCINDEXEDPOLYCURVE(#474,$,.F.);
#476=IFCDIRECTION((0.,0.,1.));
#477=IFCARBITRARYCLOSEDPROFILEDEF(.AREA.,$,#475);
#478=IFCCARTESIANPOINT((0.,0.,0.));
#479=IFCDIRECTION((0.,0.,1.));
#480=IFCDIRECTION((1.,0.,0.));
#481=IFCAXIS2PLACEMENT3D(#478,#479,#480);
#482=IFCEXTRUDEDAREASOLID(#477,#481,#476,-500.);
#483=IFCSHAPEREPRESENTATION(#11,'Body','SweptSolid',(#482));
#484=IFCPRODUCTDEFINITIONSHAPE($,$,(#483));
#490=IFCCARTESIANPOINT((18000.,-125.,24000.));
#491=IFCDIRECTION((0.,0.,1.));
#492=IFCDIRECTION((1.,0.,0.));
#493=IFCAXIS2PLACEMENT3D(#490,#491,#492);
#494=IFCLOCALPLACEMENT($,#493);
#495=IFCPROPERTYSET('3lRXDacAzEjevIqQAMXRJN',$,'Other',$,(#497,#498));
#496=IFCRELDEFINESBYPROPERTIES('1oOQKFBtnD8Ab2V8mqk9a9',$,$,$,(#473),#495);
#497=IFCPROPERTYSINGLEVALUE('Ax',$,IFCLABEL('0.001'),$);
#498=IFCPROPERTYSINGLEVALUE('Ay',$,IFCLABEL('0.001'),$);
#499=IFCBEAM('0w_$u_NtT0PgKeJtChVGLo',$,$,$,$,#520,#510,$,$);
#500=IFCCARTESIANPOINTLIST2D(((0.,0.),(0.,250.),(6000.,250.),(6000.,0.),(0.,0.)));
#501=IFCINDEXEDPOLYCURVE(#500,$,.F.);
#502=IFCDIRECTION((0.,0.,1.));
#503=IFCARBITRARYCLOSEDPROFILEDEF(.AREA.,$,#501);
#504=IFCCARTESIANPOINT((0.,0.,0.));
#505=IFCDIRECTION((0.,0.,1.));
#506=IFCDIRECTION((1.,0.,0.));
#507=IFCAXIS2PLACEMENT3D(#504,#505,#506);
#508=IFCEXTRUDEDAREASOLID(#503,#507,#502,-500.);
#509=IFCSHAPEREPRESENTATION(#11,'Body','SweptSolid',(#508));
#510=IFCPRODUCTDEFINITIONSHAPE($,$,(#509));
#516=IFCCARTESIANPOINT((0.,5875.,24000.));
#517=IFCDIRECTION((0.,0.,1.));
#518=IFCDIRECTION((1.,0.,0.));
#519=IFCAXIS2PLACEMENT3D(#516,#517,#518);
#520=IFCLOCALPLACEMENT($,#519);
#521=IFCPROPERTYSET('3VX3JbazP5EwYnOMPUN_j1',$,'Other',$,(#523,#524));
#522=IFCRELDEFINESBYPROPERTIES('0y1o5KFgXDv8DdqGmrZHYS',$,$,$,(#499),#521);
#523=IFCPROPERTYSINGLEVALUE('Ax',$,IFCLABEL('0.001'),$);
#524=IFCPROPERTYSINGLEVALUE('Ay',$,IFCLABEL('0.001'),$);
#525=IFCBEAM('1KqdRFRdb8wOpQAp0Cz42H',$,$,$,$,#546,#536,$,$);
#526=IFCCARTESIANPOINTLIST2D(((0.,0.),(0.,250.),(6000.,250.),(6000.,0.),(0.,0.)));
#527=IFCINDEXEDPOLYCURVE(#526,$,.F.);
#528=IFCDIRECTION((0.,0.,1.));
#529=IFCARBITRARYCLOSEDPROFILEDEF(.AREA.,$,#527);
#530=IFCCARTESIANPOINT((0.,0.,0.));
#531=IFCDIRECTION((0.,0.,1.));
#532=IFCDIRECTION((1.,0.,0.));
#533=IFCAXIS2PLACEMENT3D(#530,#531,#532);
#534=IFCEXTRUDEDAREASOLID(#529,#533,#528,-500.);
#535=IFCSHAPEREPRESENTATION(#11,'Body','SweptSolid',(#534));
#536=IFCPRODUCTDEFINITIONSHAPE($,$,(#535));
#542=IFCCARTESIANPOINT((6000.,5875.,24000.));
#543=IFCDIRECTION((0.,0.,1.));
#544=IFCDIRECTION((1.,0.,0.));
#545=IFCAXIS2PLACEMENT3D(#542,#543,#544);
#546=IFCLOCALPLACEMENT($,#545);
#547=IFCPROPERTYSET('3g7GsLbrT7vfrHMOL0yoO8',$,'Other',$,(#549,#550));
#548=IFCRELDEFINESBYPROPERTIES('1Op15_NCb8AOLtjf5aNs1A',$,$,$,(#525),#547);
#549=IFCPROPERTYSINGLEVALUE('Ax',$,IFCLABEL('0.001'),$);
#550=IFCPROPERTYSINGLEVALUE('Ay',$,IFCLABEL('0.001'),$);
#551=IFCBEAM('15nsO20Pj2re0MMz$FivJs',$,$,$,$,#572,#562,$,$);
#552=IFCCARTESIANPOINTLIST2D(((0.,0.),(0.,250.),(6000.,250.),(6000.,0.),(0.,0.)));
#553=IFCINDEXEDPOLYCURVE(#552,$,.F.);
#554=IFCDIRECTION((0.,0.,1.));
#555=IFCARBITRARYCLOSEDPROFILEDEF(.AREA.,$,#553);
#556=IFCCARTESIANPOINT((0.,0.,0.));
#557=IFCDIRECTION((0.,0.,1.));
#558=IFCDIRECTION((1.,0.,0.));
#559=IFCAXIS2PLACEMENT3D(#556,#557,#558);
#560=IFCEXTRUDEDAREASOLID(#555,#559,#554,-500.);
#561=IFCSHAPEREPRESENTATION(#11,'Body','SweptSolid',(#560));
#562=IFCPRODUCTDEFINITIONSHAPE($,$,(#561));
#568=IFCCARTESIANPOINT((12000.,5875.,24000.));
#569=IFCDIRECTION((0.,0.,1.));
#570=IFCDIRECTION((1.,0.,0.));
#571=IFCAXIS2PLACEMENT3D(#568,#569,#570);
#572=IFCLOCALPLACEMENT($,#571);
#573=IFCPROPERTYSET('20JDqErg5DwBVaTUw1R$vT',$,'Other',$,(#575,#576));
#574=IFCRELDEFINESBYPROPERTIES('3v4HgfIyXB2gy5V7zqIIh2',$,$,$,(#551),#573);
#575=IFCPROPERTYSINGLEVALUE('Ax',$,IFCLABEL('0.001'),$);
#576=IFCPROPERTYSINGLEVALUE('Ay',$,IFCLABEL('0.001'),$);
#577=IFCBEAM('3UHu$tDkz4QepQROdXH9iQ',$,$,$,$,#598,#588,$,$);
#578=IFCCARTESIANPOINTLIST2D(((0.,0.),(0.,250.),(6000.,250.),(6000.,0.),(0.,0.)));
#579=IFCINDEXEDPOLYCURVE(#578,$,.F.);
#580=IFCDIRECTION((0.,0.,1.));
#581=IFCARBITRARYCLOSEDPROFILEDEF(.AREA.,$,#579);
#582=IFCCARTESIANPOINT((0.,0.,0.));
#583=IFCDIRECTION((0.,0.,1.));
#584=IFCDIRECTION((1.,0.,0.));
#585=IFCAXIS2PLACEMENT3D(#582,#583,#584);
#586=IFCEXTRUDEDAREASOLID(#581,#585,#580,-500.);
#587=IFCSHAPEREPRESENTATION(#11,'Body','SweptSolid',(#586));
#588=IFCPRODUCTDEFINITIONSHAPE($,$,(#587));
#594=IFCCARTESIANPOINT((18000.,5875.,24000.));
#595=IFCDIRECTION((0.,0.,1.));
#596=IFCDIRECTION((1.,0.,0.));
#597=IFCAXIS2PLACEMENT3D(#594,#595,#596);
#598=IFCLOCALPLACEMENT($,#597);
#599=IFCPROPERTYSET('3bRJBQac9BNhOq8$2OMd86',$,'Other',$,(#601,#602));
#600=IFCRELDEFINESBYPROPERTIES('1HLbh_XKT2Jh7KzKYNy833',$,$,$,(#577),#599);
#601=IFCPROPERTYSINGLEVALUE('Ax',$,IFCLABEL('0.001'),$);
#602=IFCPROPERTYSINGLEVALUE('Ay',$,IFCLABEL('0.001'),$);
#603=IFCBEAM('0oCK4JFLDFCv_u9TjSgG_G',$,$,$,$,#624,#614,$,$);
#604=IFCCARTESIANPOINTLIST2D(((0.,0.),(0.,250.),(6000.,250.),(6000.,0.),(0.,0.)));
#605=IFCINDEXEDPOLYCURVE(#604,$,.F.);
#606=IFCDIRECTION((0.,0.,1.));
#607=IFCARBITRARYCLOSEDPROFILEDEF(.AREA.,$,#605);
#608=IFCCARTESIANPOINT((0.,0.,0.));
#609=IFCDIRECTION((0.,0.,1.));
#610=IFCDIRECTION((1.,0.,0.));
#611=IFCAXIS2PLACEMENT3D(#608,#609,#610);
#612=IFCEXTRUDEDAREASOLID(#607,#611,#606,-500.);
#613=IFCSHAPEREPRESENTATION(#11,'Body','SweptSolid',(#612));
#614=IFCPRODUCTDEFINITIONSHAPE($,$,(#613));
#620=IFCCARTESIANPOINT((24000.,5875.,24000.));
#621=IFCDIRECTION((0.,0.,1.));
#622=IFCDIRECTION((1.,0.,0.));
#623=IFCAXIS2PLACEMENT3D(#620,#621,#622);
#624=IFCLOCALPLACEMENT($,#623);
#625=IFCPROPERTYSET('0TQO1hHi57UvU4UXSYdOjG',$,'Other',$,(#627,#628));
#626=IFCRELDEFINESBYPROPERTIES('27sI8ayz56h9d3dad3rSHO',$,$,$,(#603),#625);
#627=IFCPROPERTYSINGLEVALUE('Ax',$,IFCLABEL('0.001'),$);
#628=IFCPROPERTYSINGLEVALUE('Ay',$,IFCLABEL('0.001'),$);
#629=IFCBEAM('0Y8d_JZQL1WhzLWGq8jDG0',$,$,$,$,#650,#640,$,$);
#630=IFCCARTESIANPOINTLIST2D(((0.,0.),(0.,250.),(6000.,250.),(6000.,0.),(0.,0.)));
#631=IFCINDEXEDPOLYCURVE(#630,$,.F.);
#632=IFCDIRECTION((0.,0.,1.));
#633=IFCARBITRARYCLOSEDPROFILEDEF(.AREA.,$,#631);
#634=IFCCARTESIANPOINT((0.,0.,0.));
#635=IFCDIRECTION((0.,0.,1.));
#636=IFCDIRECTION((1.,0.,0.));
#637=IFCAXIS2PLACEMENT3D(#634,#635,#636);
#638=IFCEXTRUDEDAREASOLID(#633,#637,#632,-500.);
#639=IFCSHAPEREPRESENTATION(#11,'Body','SweptSolid',(#638));
#640=IFCPRODUCTDEFINITIONSHAPE($,$,(#639));
#646=IFCCARTESIANPOINT((0.,11875.,24000.));
#647=IFCDIRECTION((0.,0.,1.));
#648=IFCDIRECTION((1.,0.,0.));
#649=IFCAXIS2PLACEMENT3D(#646,#647,#648);
#650=IFCLOCALPLACEMENT($,#649);
#651=IFCPROPERTYSET('1DFsmjSYL9eO9WF_FY3zJ6',$,'Other',$,(#653,#654));
#652=IFCRELDEFINESBYPROPERTIES('3YuPWtSr95jA$1$fyrZiXK',$,$,$,(#629),#651);
#653=IFCPROPERTYSINGLEVALUE('Ax',$,IFCLABEL('0.001'),$);
#654=IFCPROPERTYSINGLEVALUE('Ay',$,IFCLABEL('0.001'),$);
#655=IFCBEAM('1YXdCYeabDhuEVlz9IMPgr',$,$,$,$,#676,#666,$,$);
#656=IFCCARTESIANPOINTLIST2D(((0.,0.),(0.,250.),(6000.,250.),(6000.,0.),(0.,0.)));
#657=IFCINDEXEDPOLYCURVE(#656,$,.F.);
#658=IFCDIRECTION((0.,0.,1.));
#659=IFCARBITRARYCLOSEDPROFILEDEF(.AREA.,$,#657);
#660=IFCCARTESIANPOINT((0.,0.,0.));
#661=IFCDIRECTION((0.,0.,1.));
#662=IFCDIRECTION((1.,0.,0.));
#663=IFCAXIS2PLACEMENT3D(#660,#661,#662);
#664=IFCEXTRUDEDAREASOLID(#659,#663,#658,-500.);
#665=IFCSHAPEREPRESENTATION(#11,'Body','SweptSolid',(#664));
#666=IFCPRODUCTDEFINITIONSHAPE($,$,(#665));
#672=IFCCARTESIANPOINT((6000.,11875.,24000.));
#673=IFCDIRECTION((0.,0.,1.));
#674=IFCDIRECTION((1.,0.,0.));
#675=IFCAXIS2PLACEMENT3D(#672,#673,#674);
#676=IFCLOCALPLACEMENT($,#675);
#677=IFCPROPERTYSET('2n0aYpuvHCVPVIEyc2ukrl',$,'Other',$,(#679,#680));
#678=IFCRELDEFINESBYPROPERTIES('1drgihIln8rufD23rncJyU',$,$,$,(#655),#677);
#679=IFCPROPERTYSINGLEVALUE('Ax',$,IFCLABEL('0.001'),$);
#680=IFCPROPERTYSINGLEVALUE('Ay',$,IFCLABEL('0.001'),$);
#681=IFCBEAM('1i3_fEEMf4rQWFD4TT3XKj',$,$,$,$,#702,#692,$,$);
#682=IFCCARTESIANPOINTLIST2D(((0.,0.),(0.,250.),(6000.,250.),(6000.,0.),(0.,0.)));
#683=IFCINDEXEDPOLYCURVE(#682,$,.F.);
#684=IFCDIRECTION((0.,0.,1.));
#685=IFCARBITRARYCLOSEDPROFILEDEF(.AREA.,$,#683);
#686=IFCCARTESIANPOINT((0.,0.,0.));
#687=IFCDIRECTION((0.,0.,1.));
#688=IFCDIRECTION((1.,0.,0.));
#689=IFCAXIS2PLACEMENT3D(#686,#687,#688);
#690=IFCEXTRUDEDAREASOLID(#685,#689,#684,-500.);
#691=IFCSHAPEREPRESENTATION(#11,'Body','SweptSolid',(#690));
#692=IFCPRODUCTDEFINITIONSHAPE($,$,(#691));
#698=IFCCARTESIANPOINT((12000.,11875.,24000.));
#699=IFCDIRECTION((0.,0.,1.));
#700=IFCDIRECTION((1.,0.,0.));
#701=IFCAXIS2PLACEMENT3D(#698,#699,#700);
#702=IFCLOCALPLACEMENT($,#701);
#703=IFCPROPERTYSET('1DhQbZUvzEGBQ2gkvOFgJI',$,'Other',$,(#705,#706));
#704=IFCRELDEFINESBYPROPERTIES('3czpbA8ND8u8uUUEoOalv0',$,$,$,(#681),#703);
#705=IFCPROPERTYSINGLEVALUE('Ax',$,IFCLABEL('0.001'),$);
#706=IFCPROPERTYSINGLEVALUE('Ay',$,IFCLABEL('0.001'),$);
#707=IFCBEAM('3$H4ozQ_XDmg4uRWZptFjB',$,$,$,$,#728,#718,$,$);
#708=IFCCARTESIANPOINTLIST2D(((0.,0.),(0.,250.),(6000.,250.),(6000.,0.),(0.,0.)));
#709=IFCINDEXEDPOLYCURVE(#708,$,.F.);
#710=IFCDIRECTION((0.,0.,1.));
#711=IFCARBITRARYCLOSEDPROFILEDEF(.AREA.,$,#709);
#712=IFCCARTESIANPOINT((0.,0.,0.));
#713=IFCDIRECTION((0.,0.,1.));
#714=IFCDIRECTION((1.,0.,0.));
#715=IFCAXIS2PLACEMENT3D(#712,#713,#714);
#716=IFCEXTRUDEDAREASOLID(#711,#715,#710,-500.);
#717=IFCSHAPEREPRESENTATION(#11,'Body','SweptSolid',(#716));
#718=IFCPRODUCTDEFINITIONSHAPE($,$,(#717));
#724=IFCCARTESIANPOINT((18000.,11875.,24000.));
#725=IFCDIRECTION((0.,0.,1.));
#726=IFCDIRECTION((1.,0.,0.));
#727=IFCAXIS2PLACEMENT3D(#724,#725,#726);
#728=IFCLOCALPLACEMENT($,#727);
#729=IFCPROPERTYSET('2bfWAedMf76hcxKp9DvgVR',$,'Other',$,(#731,#732));
#730=IFCRELDEFINESBYPROPERTIES('3LeRj8FbjArAe8VCaMjNG7',$,$,$,(#707),#729);
#731=IFCPROPERTYSINGLEVALUE('Ax',$,IFCLABEL('0.001'),$);
#732=IFCPROPERTYSINGLEVALUE('Ay',$,IFCLABEL('0.001'),$);
#733=IFCBEAM('3yjEZeAWzAqwX_o1rKHU67',$,$,$,$,#754,#744,$,$);
#734=IFCCARTESIANPOINTLIST2D(((0.,0.),(0.,250.),(6000.,250.),(6000.,0.),(0.,0.)));
#735=IFCINDEXEDPOLYCURVE(#734,$,.F.);
#736=IFCDIRECTION((0.,0.,1.));
#737=IFCARBITRARYCLOSEDPROFILEDEF(.AREA.,$,#735);
#738=IFCCARTESIANPOINT((0.,0.,0.));
#739=IFCDIRECTION((0.,0.,1.));
#740=IFCDIRECTION((1.,0.,0.));
#741=IFCAXIS2PLACEMENT3D(#738,#739,#740);
#742=IFCEXTRUDEDAREASOLID(#737,#741,#736,-500.);
#743=IFCSHAPEREPRESENTATION(#11,'Body','SweptSolid',(#742));
#744=IFCPRODUCTDEFINITIONSHAPE($,$,(#743));
#750=IFCCARTESIANPOINT((0.,17875.,24000.));
#751=IFCDIRECTION((0.,0.,1.));
#752=IFCDIRECTION((1.,0.,0.));
#753=IFCAXIS2PLACEMENT3D(#750,#751,#752);
#754=IFCLOCALPLACEMENT($,#753);
#755=IFCPROPERTYSET('3b9AkG3cf6cgyuuhpncrX7',$,'Other',$,(#757,#758));
#756=IFCRELDEFINESBYPROPERTIES('1hROepAhj8e886EJxZJ6Fz',$,$,$,(#733),#755);
#757=IFCPROPERTYSINGLEVALUE('Ax',$,IFCLABEL('0.001'),$);
#758=IFCPROPERTYSINGLEVALUE('Ay',$,IFCLABEL('0.001'),$);
#759=IFCBEAM('1NfxOl5bX8DxEBy5uTlkBp',$,$,$,$,#780,#770,$,$);
#760=IFCCARTESIANPOINTLIST2D(((0.,0.),(0.,250.),(6000.,250.),(6000.,0.),(0.,0.)));
#761=IFCINDEXEDPOLYCURVE(#760,$,.F.);
#762=IFCDIRECTION((0.,0.,1.));
#763=IFCARBITRARYCLOSEDPROFILEDEF(.AREA.,$,#761);
#764=IFCCARTESIANPOINT((0.,0.,0.));
#765=IFCDIRECTION((0.,0.,1.));
#766=IFCDIRECTION((1.,0.,0.));
#767=IFCAXIS2PLACEMENT3D(#764,#765,#766);
#768=IFCEXTRUDEDAREASOLID(#763,#767,#762,-500.);
#769=IFCSHAPEREPRESENTATION(#11,'Body','SweptSolid',(#768));
#770=IFCPRODUCTDEFINITIONSHAPE($,$,(#769));
#776=IFCCARTESIANPOINT((6000.,17875.,24000.));
#777=IFCDIRECTION((0.,0.,1.));
#778=IFCDIRECTION((1.,0.,0.));
#779=IFCAXIS2PLACEMENT3D(#776,#777,#778);
#780=IFCLOCALPLACEMENT($,#779);
#781=IFCPROPERTYSET('0tlbHRK715fPAxWWEgc$SW',$,'Other',$,(#783,#784));
#782=IFCRELDEFINESBYPROPERTIES('10ul8vQ2T4yfe86BUcRVhq',$,$,$,(#759),#781);
#783=IFCPROPERTYSINGLEVALUE('Ax',$,IFCLABEL('0.001'),$);
#784=IFCPROPERTYSINGLEVALUE('Ay',$,IFCLABEL('0.001'),$);
#785=IFCBEAM('3uidP_Jof8FxJuVie1DYmo',$,$,$,$,#806,#796,$,$);
#786=IFCCARTESIANPOINTLIST2D(((0.,0.),(0.,250.),(6000.,250.),(6000.,0.),(0.,0.)));
#787=IFCINDEXEDPOLYCURVE(#786,$,.F.);
#788=IFCDIRECTION((0.,0.,1.));
#789=IFCARBITRARYCLOSEDPROFILEDEF(.AREA.,$,#787);
#790=IFCCARTESIANPOINT((0.,0.,0.));
#791=IFCDIRECTION((0.,0.,1.));
#792=IFCDIRECTION((1.,0.,0.));
#793=IFCAXIS2PLACEMENT3D(#790,#791,#792);
#794=IFCEXTRUDEDAREASOLID(#789,#793,#788,-500.);
#795=IFCSHAPEREPRESENTATION(#11,'Body','SweptSolid',(#794));
#796=IFCPRODUCTDEFINITIONSHAPE($,$,(#795));
#802=IFCCARTESIANPOINT((12000.,17875.,24000.));
#803=IFCDIRECTION((0.,0.,1.));
#804=IFCDIRECTION((1.,0.,0.));
#805=IFCAXIS2PLACEMENT3D(#802,#803,#804);
#806=IFCLOCALPLACEMENT($,#805);
#807=IFCPROPERTYSET('1uTMQMecbBNuJheUFlrfPN',$,'Other',$,(#809,#810));
#808=IFCRELDEFINESBYPROPERTIES('3lHHgO9mnFjwYOfxqPf_dn',$,$,$,(#785),#807);
#809=IFCPROPERTYSINGLEVALUE('Ax',$,IFCLABEL('0.001'),$);
#810=IFCPROPERTYSINGLEVALUE('Ay',$,IFCLABEL('0.001'),$);
#811=IFCBEAM('2iEpIn9w1FUBOxJTWVJtUj',$,$,$,$,#832,#822,$,$);
#812=IFCCARTESIANPOINTLIST2D(((0.,0.),(0.,250.),(6000.,250.),(6000.,0.),(0.,0.)));
#813=IFCINDEXEDPOLYCURVE(#812,$,.F.);
#814=IFCDIRECTION((0.,0.,1.));
#815=IFCARBITRARYCLOSEDPROFILEDEF(.AREA.,$,#813);
#816=IFCCARTESIANPOINT((0.,0.,0.));
#817=IFCDIRECTION((0.,0.,1.));
#818=IFCDIRECTION((1.,0.,0.));
#819=IFCAXIS2PLACEMENT3D(#816,#817,#818);
#820=IFCEXTRUDEDAREASOLID(#815,#819,#814,-500.);
#821=IFCSHAPEREPRESENTATION(#11,'Body','SweptSolid',(#820));
#822=IFCPRODUCTDEFINITIONSHAPE($,$,(#821));
#828=IFCCARTESIANPOINT((18000.,17875.,24000.));
#829=IFCDIRECTION((0.,0.,1.));
#830=IFCDIRECTION((1.,0.,0.));
#831=IFCAXIS2PLACEMENT3D(#828,#829,#830);
#832=IFCLOCALPLACEMENT($,#831);
#833=IFCPROPERTYSET('3GaCd4VIrEFB_Q_jeYSWBc',$,'Other',$,(#835,#836));
#834=IFCRELDEFINESBYPROPERTIES('2OqyYXDTP0TBYnIwTRWlW$',$,$,$,(#811),#833);
#835=IFCPROPERTYSINGLEVALUE('Ax',$,IFCLABEL('0.001'),$);
#836=IFCPROPERTYSINGLEVALUE('Ay',$,IFCLABEL('0.001'),$);
#837=IFCBEAM('2JJpWrR2j85vMaTML6RrYC',$,$,$,$,#858,#848,$,$);
#838=IFCCARTESIANPOINTLIST2D(((0.,0.),(0.,250.),(6000.,250.),(6000.,0.),(0.,0.)));
#839=IFCINDEXEDPOLYCURVE(#838,$,.F.);
#840=IFCDIRECTION((0.,0.,1.));
#841=IFCARBITRARYCLOSEDPROFILEDEF(.AREA.,$,#839);
#842=IFCCARTESIANPOINT((0.,0.,0.));
#843=IFCDIRECTION((0.,0.,1.));
#844=IFCDIRECTION((1.,0.,0.));
#845=IFCAXIS2PLACEMENT3D(#842,#843,#844);
#846=IFCEXTRUDEDAREASOLID(#841,#845,#840,-500.);
#847=IFCSHAPEREPRESENTATION(#11,'Body','SweptSolid',(#846));
#848=IFCPRODUCTDEFINITIONSHAPE($,$,(#847));
#854=IFCCARTESIANPOINT((24000.,17875.,24000.));
#855=IFCDIRECTION((0.,0.,1.));
#856=IFCDIRECTION((1.,0.,0.));
#857=IFCAXIS2PLACEMENT3D(#854,#855,#856);
#858=IFCLOCALPLACEMENT($,#857);
#859=IFCPROPERTYSET('1i7DqybFz25BusqU972m_o',$,'Other',$,(#861,#862));
#860=IFCRELDEFINESBYPROPERTIES('3qiTuzMpH4zuIhlHpSxvVI',$,$,$,(#837),#859);
#861=IFCPROPERTYSINGLEVALUE('Ax',$,IFCLABEL('0.001'),$);
#862=IFCPROPERTYSINGLEVALUE('Ay',$,IFCLABEL('0.001'),$);
#863=IFCBEAM('3eifg$e8D08uD$uJgPj_4o',$,$,$,$,#884,#874,$,$);
#864=IFCCARTESIANPOINTLIST2D(((0.,0.),(0.,250.),(6000.,250.),(6000.,0.),(0.,0.)));
#865=IFCINDEXEDPOLYCURVE(#864,$,.F.);
#866=IFCDIRECTION((0.,0.,1.));
#867=IFCARBITRARYCLOSEDPROFILEDEF(.AREA.,$,#865);
#868=IFCCARTESIANPOINT((0.,0.,0.));
#869=IFCDIRECTION((0.,0.,1.));
#870=IFCDIRECTION((1.,0.,0.));
#871=IFCAXIS2PLACEMENT3D(#868,#869,#870);
#872=IFCEXTRUDEDAREASOLID(#867,#871,#866,-400.);
#873=IFCSHAPEREPRESENTATION(#11,'Body','SweptSolid',(#872));
#874=IFCPRODUCTDEFINITIONSHAPE($,$,(#873));
#880=IFCCARTESIANPOINT((2875.,18000.,24000.));
#881=IFCDIRECTION((0.,0.,1.));
#882=IFCDIRECTION((-1.8369701987210297E-16,-1.,0.));
#883=IFCAXIS2PLACEMENT3D(#880,#881,#882);
#884=IFCLOCALPLACEMENT($,#883);
#885=IFCPROPERTYSET('0gxZFP$t10tAGMg5JzquDL',$,'Other',$,(#887,#888));
#886=IFCRELDEFINESBYPROPERTIES('1xIH1evZD23Q8dsEv1eFC_',$,$,$,(#863),#885);
#887=IFCPROPERTYSINGLEVALUE('Ax',$,IFCLABEL('0.001'),$);
#888=IFCPROPERTYSINGLEVALUE('Ay',$,IFCLABEL('0.001'),$);
#889=IFCBEAM('14dBVncP50l8wE$gcRmFLT',$,$,$,$,#910,#900,$,$);
#890=IFCCARTESIANPOINTLIST2D(((0.,0.),(0.,250.),(6000.,250.),(6000.,0.),(0.,0.)));
#891=IFCINDEXEDPOLYCURVE(#890,$,.F.);
#892=IFCDIRECTION((0.,0.,1.));
#893=IFCARBITRARYCLOSEDPROFILEDEF(.AREA.,$,#891);
#894=IFCCARTESIANPOINT((0.,0.,0.));
#895=IFCDIRECTION((0.,0.,1.));
#896=IFCDIRECTION((1.,0.,0.));
#897=IFCAXIS2PLACEMENT3D(#894,#895,#896);
#898=IFCEXTRUDEDAREASOLID(#893,#897,#892,-400.);
#899=IFCSHAPEREPRESENTATION(#11,'Body','SweptSolid',(#898));
#900=IFCPRODUCTDEFINITIONSHAPE($,$,(#899));
#906=IFCCARTESIANPOINT((2875.,12000.,24000.));
#907=IFCDIRECTION((0.,0.,1.));
#908=IFCDIRECTION((-1.8369701987210297E-16,-1.,0.));
#909=IFCAXIS2PLACEMENT3D(#906,#907,#908);
#910=IFCLOCALPLACEMENT($,#909);
#911=IFCPROPERTYSET('3M1H4yqOzBtfslaEfLVjRO',$,'Other',$,(#913,#914));
#912=IFCRELDEFINESBYPROPERTIES('0so3mFZxT1yvf7UGKDcryp',$,$,$,(#889),#911);
#913=IFCPROPERTYSINGLEVALUE('Ax',$,IFCLABEL('0.001'),$);
#914=IFCPROPERTYSINGLEVALUE('Ay',$,IFCLABEL('0.001'),$);
#915=IFCBEAM('39WFohyuL43BmvjCgI4O1k',$,$,$,$,#936,#926,$,$);
#916=IFCCARTESIANPOINTLIST2D(((0.,0.),(0.,250.),(6000.,250.),(6000.,0.),(0.,0.)));
#917=IFCINDEXEDPOLYCURVE(#916,$,.F.);
#918=IFCDIRECTION((0.,0.,1.));
#919=IFCARBITRARYCLOSEDPROFILEDEF(.AREA.,$,#917);
#920=IFCCARTESIANPOINT((0.,0.,0.));
#921=IFCDIRECTION((0.,0.,1.));
#922=IFCDIRECTION((1.,0.,0.));
#923=IFCAXIS2PLACEMENT3D(#920,#921,#922);
#924=IFCEXTRUDEDAREASOLID(#919,#923,#918,-400.);
#925=IFCSHAPEREPRESENTATION(#11,'Body','SweptSolid',(#924));
#926=IFCPRODUCTDEFINITIONSHAPE($,$,(#925));
#932=IFCCARTESIANPOINT((8875.,18000.,24000.));
#933=IFCDIRECTION((0.,0.,1.));
#934=IFCDIRECTION((-1.8369701987210297E-16,-1.,0.));
#935=IFCAXIS2PLACEMENT3D(#932,#933,#934);
#936=IFCLOCALPLACEMENT($,#935);
#937=IFCPROPERTYSET('3Xh0_yIUbDqOGRZnkh1HwE',$,'Other',$,(#939,#940));
#938=IFCRELDEFINESBYPROPERTIES('3MXB_g$Gb1KRkM9ChEDyvz',$,$,$,(#915),#937);
#939=IFCPROPERTYSINGLEVALUE('Ax',$,IFCLABEL('0.001'),$);
#940=IFCPROPERTYSINGLEVALUE('Ay',$,IFCLABEL('0.001'),$);
#941=IFCBEAM('26ExL1zWj4OxmsghaCZqCM',$,$,$,$,#962,#952,$,$);
#942=IFCCARTESIANPOINTLIST2D(((0.,0.),(0.,250.),(6000.,250.),(6000.,0.),(0.,0.)));
#943=IFCINDEXEDPOLYCURVE(#942,$,.F.);
#944=IFCDIRECTION((0.,0.,1.));
#945=IFCARBITRARYCLOSEDPROFILEDEF(.AREA.,$,#943);
#946=IFCCARTESIANPOINT((0.,0.,0.));
#947=IFCDIRECTION((0.,0.,1.));
#948=IFCDIRECTION((1.,0.,0.));
#949=IFCAXIS2PLACEMENT3D(#946,#947,#948);
#950=IFCEXTRUDEDAREASOLID(#945,#949,#944,-400.);
#951=IFCSHAPEREPRESENTATION(#11,'Body','SweptSolid',(#950));
#952=IFCPRODUCTDEFINITIONSHAPE($,$,(#951));
#958=IFCCARTESIANPOINT((8875.,12000.,24000.));
#959=IFCDIRECTION((0.,0.,1.));
#960=IFCDIRECTION((-1.8369701987210297E-16,-1.,0.));
#961=IFCAXIS2PLACEMENT3D(#958,#959,#960);
#962=IFCLOCALPLACEMENT($,#961);
#963=IFCPROPERTYSET('2Y6ed1WEP9chMuB9kfLtLS',$,'Other',$,(#965,#966));
#964=IFCRELDEFINESBYPROPERTIES('0iKn2A0JzAcRJ5vUij$qOT',$,$,$,(#941),#963);
#965=IFCPROPERTYSINGLEVALUE('Ax',$,IFCLABEL('0.001'),$);
#966=IFCPROPERTYSINGLEVALUE('Ay',$,IFCLABEL('0.001'),$);
#967=IFCBEAM('2n0up2w1P6uBGlJA8UmCAt',$,$,$,$,#988,#978,$,$);
#968=IFCCARTESIANPOINTLIST2D(((0.,0.),(0.,250.),(6000.,250.),(6000.,0.),(0.,0.)));
#969=IFCINDEXEDPOLYCURVE(#968,$,.F.);
#970=IFCDIRECTION((0.,0.,1.));
#971=IFCARBITRARYCLOSEDPROFILEDEF(.AREA.,$,#969);
#972=IFCCARTESIANPOINT((0.,0.,0.));
#973=IFCDIRECTION((0.,0.,1.));
#974=IFCDIRECTION((1.,0.,0.));
#975=IFCAXIS2PLACEMENT3D(#972,#973,#974);
#976=IFCEXTRUDEDAREASOLID(#971,#975,#970,-400.);
#977=IFCSHAPEREPRESENTATION(#11,'Body','SweptSolid',(#976));
#978=IFCPRODUCTDEFINITIONSHAPE($,$,(#977));
#984=IFCCARTESIANPOINT((14875.,18000.,24000.));
#985=IFCDIRECTION((0.,0.,1.));
#986=IFCDIRECTION((-1.8369701987210297E-16,-1.,0.));
#987=IFCAXIS2PLACEMENT3D(#984,#985,#986);
#988=IFCLOCALPLACEMENT($,#987);
#989=IFCPROPERTYSET('3ThiCsxYP3Nx6f1MsMXvRb',$,'Other',$,(#991,#992));
#990=IFCRELDEFINESBYPROPERTIES('06cGkqLY982ussPmPCZ21G',$,$,$,(#967),#989);
#991=IFCPROPERTYSINGLEVALUE('Ax',$,IFCLABEL('0.001'),$);
#992=IFCPROPERTYSINGLEVALUE('Ay',$,IFCLABEL('0.001'),$);
#993=IFCBEAM('3Ko6wwcCnCSBxkkGA77Db6',$,$,$,$,#1014,#1004,$,$);
#994=IFCCARTESIANPOINTLIST2D(((0.,0.),(0.,250.),(6000.,250.),(6000.,0.),(0.,0.)));
#995=IFCINDEXEDPOLYCURVE(#994,$,.F.);
#996=IFCDIRECTION((0.,0.,1.));
#997=IFCARBITRARYCLOSEDPROFILEDEF(.AREA.,$,#995);
#998=IFCCARTESIANPOINT((0.,0.,0.));
#999=IFCDIRECTION((0.,0.,1.));
#1000=IFCDIRECTION((1.,0.,0.));
#1001=IFCAXIS2PLACEMENT3D(#998,#999,#1000);
#1002=IFCEXTRUDEDAREASOLID(#997,#1001,#996,-400.);
#1003=IFCSHAPEREPRESENTATION(#11,'Body','SweptSolid',(#1002));
#1004=IFCPRODUCTDEFINITIONSHAPE($,$,(#1003));
#1010=IFCCARTESIANPOINT((14875.,12000.,24000.));
#1011=IFCDIRECTION((0.,0.,1.));
#1012=IFCDIRECTION((-1.8369701987210297E-16,-1.,0.));
#1013=IFCAXIS2PLACEMENT3D(#1010,#1011,#1012);
#1014=IFCLOCALPLACEMENT($,#1013);
#1015=IFCPROPERTYSET('0ofNR0Uf9CB8jlqLSaNfpU',$,'Other',$,(#1017,#1018));
#1016=IFCRELDEFINESBYPROPERTIES('1hJbwY5wv2CflMfIQuvmfX',$,$,$,(#993),#1015);
#1017=IFCPROPERTYSINGLEVALUE('Ax',$,IFCLABEL('0.001'),$);
#1018=IFCPROPERTYSINGLEVALUE('Ay',$,IFCLABEL('0.001'),$);
#1019=IFCBEAM('3LTJtpkQDCLv$wlp7IvB4$',$,$,$,$,#1040,#1030,$,$);
#1020=IFCCARTESIANPOINTLIST2D(((0.,0.),(0.,250.),(6000.,250.),(6000.,0.),(0.,0.)));
#1021=IFCINDEXEDPOLYCURVE(#1020,$,.F.);
#1022=IFCDIRECTION((0.,0.,1.));
#1023=IFCARBITRARYCLOSEDPROFILEDEF(.AREA.,$,#1021);
#1024=IFCCARTESIANPOINT((0.,0.,0.));
#1025=IFCDIRECTION((0.,0.,1.));
#1026=IFCDIRECTION((1.,0.,0.));
#1027=IFCAXIS2PLACEMENT3D(#1024,#1025,#1026);
#1028=IFCEXTRUDEDAREASOLID(#1023,#1027,#1022,-400.);
#1029=IFCSHAPEREPRESENTATION(#11,'Body','SweptSolid',(#1028));
#1030=IFCPRODUCTDEFINITIONSHAPE($,$,(#1029));
#1036=IFCCARTESIANPOINT((14875.,6000.,24000.));
#1037=IFCDIRECTION((0.,0.,1.));
#1038=IFCDIRECTION((-1.8369701987210297E-16,-1.,0.));
#1039=IFCAXIS2PLACEMENT3D(#1036,#1037,#1038);
#1040=IFCLOCALPLACEMENT($,#1039);
#1041=IFCPROPERTYSET('2G8_YL8KHAqPjbcgimcJMq',$,'Other',$,(#1043,#1044));
#1042=IFCRELDEFINESBYPROPERTIES('1aWwHdGff5MQnXMM_1vU2c',$,$,$,(#1019),#1041);
#1043=IFCPROPERTYSINGLEVALUE('Ax',$,IFCLABEL('0.001'),$);
#1044=IFCPROPERTYSINGLEVALUE('Ay',$,IFCLABEL('0.001'),$);
#1045=IFCBEAM('2ttaYF5kb1f8aHC$FzpB5T',$,$,$,$,#1066,#1056,$,$);
#1046=IFCCARTESIANPOINTLIST2D(((0.,0.),(0.,250.),(6000.,250.),(6000.,0.),(0.,0.)));
#1047=IFCINDEXEDPOLYCURVE(#1046,$,.F.);
#1048=IFCDIRECTION((0.,0.,1.));
#1049=IFCARBITRARYCLOSEDPROFILEDEF(.AREA.,$,#1047);
#1050=IFCCARTESIANPOINT((0.,0.,0.));
#1051=IFCDIRECTION((0.,0.,1.));
#1052=IFCDIRECTION((1.,0.,0.));
#1053=IFCAXIS2PLACEMENT3D(#1050,#1051,#1052);
#1054=IFCEXTRUDEDAREASOLID(#1049,#1053,#1048,-400.);
#1055=IFCSHAPEREPRESENTATION(#11,'Body','SweptSolid',(#1054));
#1056=IFCPRODUCTDEFINITIONSHAPE($,$,(#1055));
#1062=IFCCARTESIANPOINT((20875.,18000.,24000.));
#1063=IFCDIRECTION((0.,0.,1.));
#1064=IFCDIRECTION((-1.8369701987210297E-16,-1.,0.));
#1065=IFCAXIS2PLACEMENT3D(#1062,#1063,#1064);
#1066=IFCLOCALPLACEMENT($,#1065);
#1067=IFCPROPERTYSET('1LFDHhPlPDIf2NUupfW9G2',$,'Other',$,(#1069,#1070));
#1068=IFCRELDEFINESBYPROPERTIES('2hE9b3lwz2ruP9Dk1rU6Vq',$,$,$,(#1045),#1067);
#1069=IFCPROPERTYSINGLEVALUE('Ax',$,IFCLABEL('0.001'),$);
#1070=IFCPROPERTYSINGLEVALUE('Ay',$,IFCLABEL('0.001'),$);
#1071=IFCBEAM('1vr_mVHX5EIwZDG1yms2Uo',$,$,$,$,#1092,#1082,$,$);
#1072=IFCCARTESIANPOINTLIST2D(((0.,0.),(0.,250.),(6000.,250.),(6000.,0.),(0.,0.)));
#1073=IFCINDEXEDPOLYCURVE(#1072,$,.F.);
#1074=IFCDIRECTION((0.,0.,1.));
#1075=IFCARBITRARYCLOSEDPROFILEDEF(.AREA.,$,#1073);
#1076=IFCCARTESIANPOINT((0.,0.,0.));
#1077=IFCDIRECTION((0.,0.,1.));
#1078=IFCDIRECTION((1.,0.,0.));
#1079=IFCAXIS2PLACEMENT3D(#1076,#1077,#1078);
#1080=IFCEXTRUDEDAREASOLID(#1075,#1079,#1074,-400.);
#1081=IFCSHAPEREPRESENTATION(#11,'Body','SweptSolid',(#1080));
#1082=IFCPRODUCTDEFINITIONSHAPE($,$,(#1081));
#1088=IFCCARTESIANPOINT((20875.,12000.,24000.));
#1089=IFCDIRECTION((0.,0.,1.));
#1090=IFCDIRECTION((-1.8369701987210297E-16,-1.,0.));
#1091=IFCAXIS2PLACEMENT3D(#1088,#1089,#1090);
#1092=IFCLOCALPLACEMENT($,#1091);
#1093=IFCPROPERTYSET('0ENy3RgD1A4vSy6EYj4kTc',$,'Other',$,(#1095,#1096));
#1094=IFCRELDEFINESBYPROPERTIES('1yfkFWQXT4OwmVVvjgYOLi',$,$,$,(#1071),#1093);
#1095=IFCPROPERTYSINGLEVALUE('Ax',$,IFCLABEL('0.001'),$);
#1096=IFCPROPERTYSINGLEVALUE('Ay',$,IFCLABEL('0.001'),$);
#1097=IFCBEAM('2ziS$xlxb86eCnxLXWq9Kf',$,$,$,$,#1118,#1108,$,$);
#1098=IFCCARTESIANPOINTLIST2D(((0.,0.),(0.,250.),(6000.,250.),(6000.,0.),(0.,0.)));
#1099=IFCINDEXEDPOLYCURVE(#1098,$,.F.);
#1100=IFCDIRECTION((0.,0.,1.));
#1101=IFCARBITRARYCLOSEDPROFILEDEF(.AREA.,$,#1099);
#1102=IFCCARTESIANPOINT((0.,0.,0.));
#1103=IFCDIRECTION((0.,0.,1.));
#1104=IFCDIRECTION((1.,0.,0.));
#1105=IFCAXIS2PLACEMENT3D(#1102,#1103,#1104);
#1106=IFCEXTRUDEDAREASOLID(#1101,#1105,#1100,-400.);
#1107=IFCSHAPEREPRESENTATION(#11,'Body','SweptSolid',(#1106));
#1108=IFCPRODUCTDEFINITIONSHAPE($,$,(#1107));
#1114=IFCCARTESIANPOINT((20875.,6000.,24000.));
#1115=IFCDIRECTION((0.,0.,1.));
#1116=IFCDIRECTION((-1.8369701987210297E-16,-1.,0.));
#1117=IFCAXIS2PLACEMENT3D(#1114,#1115,#1116);
#1118=IFCLOCALPLACEMENT($,#1117);
#1119=IFCPROPERTYSET('1WT5bix6v8_8tQUXPeKnKN',$,'Other',$,(#1121,#1122));
#1120=IFCRELDEFINESBYPROPERTIES('1xVeEnBZv0Xult2$nUNJn8',$,$,$,(#1097),#1119);
#1121=IFCPROPERTYSINGLEVALUE('Ax',$,IFCLABEL('0.001'),$);
#1122=IFCPROPERTYSINGLEVALUE('Ay',$,IFCLABEL('0.001'),$);
#1123=IFCBEAM('3if_fU28TEj9X63hMAk04$',$,$,$,$,#1144,#1134,$,$);
#1124=IFCCARTESIANPOINTLIST2D(((0.,0.),(0.,250.),(6000.,250.),(6000.,0.),(0.,0.)));
#1125=IFCINDEXEDPOLYCURVE(#1124,$,.F.);
#1126=IFCDIRECTION((0.,0.,1.));
#1127=IFCARBITRARYCLOSEDPROFILEDEF(.AREA.,$,#1125);
#1128=IFCCARTESIANPOINT((0.,0.,0.));
#1129=IFCDIRECTION((0.,0.,1.));
#1130=IFCDIRECTION((1.,0.,0.));
#1131=IFCAXIS2PLACEMENT3D(#1128,#1129,#1130);
#1132=IFCEXTRUDEDAREASOLID(#1127,#1131,#1126,-400.);
#1133=IFCSHAPEREPRESENTATION(#11,'Body','SweptSolid',(#1132));
#1134=IFCPRODUCTDEFINITIONSHAPE($,$,(#1133));
#1140=IFCCARTESIANPOINT((26875.,18000.,24000.));
#1141=IFCDIRECTION((0.,0.,1.));
#1142=IFCDIRECTION((-1.8369701987210297E-16,-1.,0.));
#1143=IFCAXIS2PLACEMENT3D(#1140,#1141,#1142);
#1144=IFCLOCALPLACEMENT($,#1143);
#1145=IFCPROPERTYSET('1hFIRKwSnFqgG2nDxaM__x',$,'Other',$,(#1147,#1148));
#1146=IFCRELDEFINESBYPROPERTIES('2eqeE3AK9DmgNMbL9qGcjG',$,$,$,(#1123),#1145);
#1147=IFCPROPERTYSINGLEVALUE('Ax',$,IFCLABEL('0.001'),$);
#1148=IFCPROPERTYSINGLEVALUE('Ay',$,IFCLABEL('0.001'),$);
#1149=IFCBEAM('1Z81PhZF96ZQpQGlnBwhZl',$,$,$,$,#1170,#1160,$,$);
#1150=IFCCARTESIANPOINTLIST2D(((0.,0.),(0.,250.),(6000.,250.),(6000.,0.),(0.,0.)));
#1151=IFCINDEXEDPOLYCURVE(#1150,$,.F.);
#1152=IFCDIRECTION((0.,0.,1.));
#1153=IFCARBITRARYCLOSEDPROFILEDEF(.AREA.,$,#1151);
#1154=IFCCARTESIANPOINT((0.,0.,0.));
#1155=IFCDIRECTION((0.,0.,1.));
#1156=IFCDIRECTION((1.,0.,0.));
#1157=IFCAXIS2PLACEMENT3D(#1154,#1155,#1156);
#1158=IFCEXTRUDEDAREASOLID(#1153,#1157,#1152,-400.);
#1159=IFCSHAPEREPRESENTATION(#11,'Body','SweptSolid',(#1158));
#1160=IFCPRODUCTDEFINITIONSHAPE($,$,(#1159));
#1166=IFCCARTESIANPOINT((8875.,6000.,24000.));
#1167=IFCDIRECTION((0.,0.,1.));
#1168=IFCDIRECTION((-1.8369701987210297E-16,-1.,0.));
#1169=IFCAXIS2PLACEMENT3D(#1166,#1167,#1168);
#1170=IFCLOCALPLACEMENT($,#1169);
#1171=IFCPROPERTYSET('2SNVpKGA55avoITSIybc2Q',$,'Other',$,(#1173,#1174));
#1172=IFCRELDEFINESBYPROPERTIES('2M_H1s9GXF39UFgSLigORb',$,$,$,(#1149),#1171);
#1173=IFCPROPERTYSINGLEVALUE('Ax',$,IFCLABEL('0.001'),$);
#1174=IFCPROPERTYSINGLEVALUE('Ay',$,IFCLABEL('0.001'),$);
#1175=IFCBEAM('2V$8IZQxD3xO54uaaUX2gb',$,$,$,$,#1196,#1186,$,$);
#1176=IFCCARTESIANPOINTLIST2D(((0.,0.),(0.,250.),(6000.,250.),(6000.,0.),(0.,0.)));
#1177=IFCINDEXEDPOLYCURVE(#1176,$,.F.);
#1178=IFCDIRECTION((0.,0.,1.));
#1179=IFCARBITRARYCLOSEDPROFILEDEF(.AREA.,$,#1177);
#1180=IFCCARTESIANPOINT((0.,0.,0.));
#1181=IFCDIRECTION((0.,0.,1.));
#1182=IFCDIRECTION((1.,0.,0.));
#1183=IFCAXIS2PLACEMENT3D(#1180,#1181,#1182);
#1184=IFCEXTRUDEDAREASOLID(#1179,#1183,#1178,-400.);
#1185=IFCSHAPEREPRESENTATION(#11,'Body','SweptSolid',(#1184));
#1186=IFCPRODUCTDEFINITIONSHAPE($,$,(#1185));
#1192=IFCCARTESIANPOINT((2875.,6000.,24000.));
#1193=IFCDIRECTION((0.,0.,1.));
#1194=IFCDIRECTION((-1.8369701987210297E-16,-1.,0.));
#1195=IFCAXIS2PLACEMENT3D(#1192,#1193,#1194);
#1196=IFCLOCALPLACEMENT($,#1195);
#1197=IFCPROPERTYSET('2cneOL$XD8EQh3YY9GnMS8',$,'Other',$,(#1199,#1200));
#1198=IFCRELDEFINESBYPROPERTIES('0dEncZPnbDPeoXk_g0t$q8',$,$,$,(#1175),#1197);
#1199=IFCPROPERTYSINGLEVALUE('Ax',$,IFCLABEL('0.001'),$);
#1200=IFCPROPERTYSINGLEVALUE('Ay',$,IFCLABEL('0.001'),$);
#1201=IFCBEAM('3$tto$UE12_ht$G0JH4IZe',$,$,$,$,#1222,#1212,$,$);
#1202=IFCCARTESIANPOINTLIST2D(((0.,0.),(0.,250.),(6000.,250.),(6000.,0.),(0.,0.)));
#1203=IFCINDEXEDPOLYCURVE(#1202,$,.F.);
#1204=IFCDIRECTION((0.,0.,1.));
#1205=IFCARBITRARYCLOSEDPROFILEDEF(.AREA.,$,#1203);
#1206=IFCCARTESIANPOINT((0.,0.,0.));
#1207=IFCDIRECTION((0.,0.,1.));
#1208=IFCDIRECTION((1.,0.,0.));
#1209=IFCAXIS2PLACEMENT3D(#1206,#1207,#1208);
#1210=IFCEXTRUDEDAREASOLID(#1205,#1209,#1204,-400.);
#1211=IFCSHAPEREPRESENTATION(#11,'Body','SweptSolid',(#1210));
#1212=IFCPRODUCTDEFINITIONSHAPE($,$,(#1211));
#1218=IFCCARTESIANPOINT((26875.,12000.,24000.));
#1219=IFCDIRECTION((0.,0.,1.));
#1220=IFCDIRECTION((-1.8369701987210297E-16,-1.,0.));
#1221=IFCAXIS2PLACEMENT3D(#1218,#1219,#1220);
#1222=IFCLOCALPLACEMENT($,#1221);
#1223=IFCPROPERTYSET('2Ij4oHQzD7$Q5epLgrfQVq',$,'Other',$,(#1225,#1226));
#1224=IFCRELDEFINESBYPROPERTIES('0btNdT3Iz14B6SjtyKjNE2',$,$,$,(#1201),#1223);
#1225=IFCPROPERTYSINGLEVALUE('Ax',$,IFCLABEL('0.001'),$);
#1226=IFCPROPERTYSINGLEVALUE('Ay',$,IFCLABEL('0.001'),$);
#1227=IFCBEAM('28QJBKUpD6xQTg34iAp4uq',$,$,$,$,#1248,#1238,$,$);
#1228=IFCCARTESIANPOINTLIST2D(((0.,0.),(0.,250.),(6000.,250.),(6000.,0.),(0.,0.)));
#1229=IFCINDEXEDPOLYCURVE(#1228,$,.F.);
#1230=IFCDIRECTION((0.,0.,1.));
#1231=IFCARBITRARYCLOSEDPROFILEDEF(.AREA.,$,#1229);
#1232=IFCCARTESIANPOINT((0.,0.,0.));
#1233=IFCDIRECTION((0.,0.,1.));
#1234=IFCDIRECTION((1.,0.,0.));
#1235=IFCAXIS2PLACEMENT3D(#1232,#1233,#1234);
#1236=IFCEXTRUDEDAREASOLID(#1231,#1235,#1230,-400.);
#1237=IFCSHAPEREPRESENTATION(#11,'Body','SweptSolid',(#1236));
#1238=IFCPRODUCTDEFINITIONSHAPE($,$,(#1237));
#1244=IFCCARTESIANPOINT((26875.,6000.,24000.));
#1245=IFCDIRECTION((0.,0.,1.));
#1246=IFCDIRECTION((-1.8369701987210297E-16,-1.,0.));
#1247=IFCAXIS2PLACEMENT3D(#1244,#1245,#1246);
#1248=IFCLOCALPLACEMENT($,#1247);
#1249=IFCPROPERTYSET('22_9Bl6L1B0xaGNdnO0uNY',$,'Other',$,(#1251,#1252));
#1250=IFCRELDEFINESBYPROPERTIES('1mKtRv01X2ifMLuxS1Z0do',$,$,$,(#1227),#1249);
#1251=IFCPROPERTYSINGLEVALUE('Ax',$,IFCLABEL('0.001'),$);
#1252=IFCPROPERTYSINGLEVALUE('Ay',$,IFCLABEL('0.001'),$);
#1253=IFCBEAM('13gpRztRP7yhAAvyf4FEQ6',$,$,$,$,#1274,#1264,$,$);
#1254=IFCCARTESIANPOINTLIST2D(((0.,0.),(0.,250.),(6000.,250.),(6000.,0.),(0.,0.)));
#1255=IFCINDEXEDPOLYCURVE(#1254,$,.F.);
#1256=IFCDIRECTION((0.,0.,1.));
#1257=IFCARBITRARYCLOSEDPROFILEDEF(.AREA.,$,#1255);
#1258=IFCCARTESIANPOINT((0.,0.,0.));
#1259=IFCDIRECTION((0.,0.,1.));
#1260=IFCDIRECTION((1.,0.,0.));
#1261=IFCAXIS2PLACEMENT3D(#1258,#1259,#1260);
#1262=IFCEXTRUDEDAREASOLID(#1257,#1261,#1256,-500.);
#1263=IFCSHAPEREPRESENTATION(#11,'Body','SweptSolid',(#1262));
#1264=IFCPRODUCTDEFINITIONSHAPE($,$,(#1263));
#1270=IFCCARTESIANPOINT((125.,6000.,21000.));
#1271=IFCDIRECTION((0.,0.,1.));
#1272=IFCDIRECTION((6.123233995736766E-17,1.,0.));
#1273=IFCAXIS2PLACEMENT3D(#1270,#1271,#1272);
#1274=IFCLOCALPLACEMENT($,#1273);
#1275=IFCPROPERTYSET('0_qVb9GEf0LPEL0lzV1d27',$,'Other',$,(#1277,#1278));
#1276=IFCRELDEFINESBYPROPERTIES('0ED6bhcVL0VQTi1tJXiPhK',$,$,$,(#1253),#1275);
#1277=IFCPROPERTYSINGLEVALUE('Ax',$,IFCLABEL('0.001'),$);
#1278=IFCPROPERTYSINGLEVALUE('Ay',$,IFCLABEL('0.001'),$);
#1279=IFCBEAM('3fYBapREb3w9hiR9a35W09',$,$,$,$,#1300,#1290,$,$);
#1280=IFCCARTESIANPOINTLIST2D(((0.,0.),(0.,250.),(6000.,250.),(6000.,0.),(0.,0.)));
#1281=IFCINDEXEDPOLYCURVE(#1280,$,.F.);
#1282=IFCDIRECTION((0.,0.,1.));
#1283=IFCARBITRARYCLOSEDPROFILEDEF(.AREA.,$,#1281);
#1284=IFCCARTESIANPOINT((0.,0.,0.));
#1285=IFCDIRECTION((0.,0.,1.));
#1286=IFCDIRECTION((1.,0.,0.));
#1287=IFCAXIS2PLACEMENT3D(#1284,#1285,#1286);
#1288=IFCEXTRUDEDAREASOLID(#1283,#1287,#1282,-500.);
#1289=IFCSHAPEREPRESENTATION(#11,'Body','SweptSolid',(#1288));
#1290=IFCPRODUCTDEFINITIONSHAPE($,$,(#1289));
#1296=IFCCARTESIANPOINT((125.,12000.,21000.));
#1297=IFCDIRECTION((0.,0.,1.));
#1298=IFCDIRECTION((6.123233995736766E-17,1.,0.));
#1299=IFCAXIS2PLACEMENT3D(#1296,#1297,#1298);
#1300=IFCLOCALPLACEMENT($,#1299);
#1301=IFCPROPERTYSET('2Al48jJTL0kxFdpGa6mYAY',$,'Other',$,(#1303,#1304));
#1302=IFCRELDEFINESBYPROPERTIES('3MeldUksnE9xx$Z8ZlAdtv',$,$,$,(#1279),#1301);
#1303=IFCPROPERTYSINGLEVALUE('Ax',$,IFCLABEL('0.001'),$);
#1304=IFCPROPERTYSINGLEVALUE('Ay',$,IFCLABEL('0.001'),$);
#1305=IFCBEAM('3lEUNGijXAeB$73JVy7HtD',$,$,$,$,#1326,#1316,$,$);
#1306=IFCCARTESIANPOINTLIST2D(((0.,0.),(0.,250.),(6000.,250.),(6000.,0.),(0.,0.)));
#1307=IFCINDEXEDPOLYCURVE(#1306,$,.F.);
#1308=IFCDIRECTION((0.,0.,1.));
#1309=IFCARBITRARYCLOSEDPROFILEDEF(.AREA.,$,#1307);
#1310=IFCCARTESIANPOINT((0.,0.,0.));
#1311=IFCDIRECTION((0.,0.,1.));
#1312=IFCDIRECTION((1.,0.,0.));
#1313=IFCAXIS2PLACEMENT3D(#1310,#1311,#1312);
#1314=IFCEXTRUDEDAREASOLID(#1309,#1313,#1308,-500.);
#1315=IFCSHAPEREPRESENTATION(#11,'Body','SweptSolid',(#1314));
#1316=IFCPRODUCTDEFINITIONSHAPE($,$,(#1315));
#1322=IFCCARTESIANPOINT((6125.,6000.,21000.));
#1323=IFCDIRECTION((0.,0.,1.));
#1324=IFCDIRECTION((6.123233995736766E-17,1.,0.));
#1325=IFCAXIS2PLACEMENT3D(#1322,#1323,#1324);
#1326=IFCLOCALPLACEMENT($,#1325);
#1327=IFCPROPERTYSET('3E1U1_ok512vVN8OwDSl4K',$,'Other',$,(#1329,#1330));
#1328=IFCRELDEFINESBYPROPERTIES('3afdc9eZj0lBBpz$v0Rqto',$,$,$,(#1305),#1327);
#1329=IFCPROPERTYSINGLEVALUE('Ax',$,IFCLABEL('0.001'),$);
#1330=IFCPROPERTYSINGLEVALUE('Ay',$,IFCLABEL('0.001'),$);
#1331=IFCBEAM('1b59BzHhr7Ih1Q156eXAfG',$,$,$,$,#1352,#1342,$,$);
#1332=IFCCARTESIANPOINTLIST2D(((0.,0.),(0.,250.),(6000.,250.),(6000.,0.),(0.,0.)));
#1333=IFCINDEXEDPOLYCURVE(#1332,$,.F.);
#1334=IFCDIRECTION((0.,0.,1.));
#1335=IFCARBITRARYCLOSEDPROFILEDEF(.AREA.,$,#1333);
#1336=IFCCARTESIANPOINT((0.,0.,0.));
#1337=IFCDIRECTION((0.,0.,1.));
#1338=IFCDIRECTION((1.,0.,0.));
#1339=IFCAXIS2PLACEMENT3D(#1336,#1337,#1338);
#1340=IFCEXTRUDEDAREASOLID(#1335,#1339,#1334,-500.);
#1341=IFCSHAPEREPRESENTATION(#11,'Body','SweptSolid',(#1340));
#1342=IFCPRODUCTDEFINITIONSHAPE($,$,(#1341));
#1348=IFCCARTESIANPOINT((6125.,12000.,21000.));
#1349=IFCDIRECTION((0.,0.,1.));
#1350=IFCDIRECTION((6.123233995736766E-17,1.,0.));
#1351=IFCAXIS2PLACEMENT3D(#1348,#1349,#1350);
#1352=IFCLOCALPLACEMENT($,#1351);
#1353=IFCPROPERTYSET('2J2DnpVIH7KAqjkr79NQrY',$,'Other',$,(#1355,#1356));
#1354=IFCRELDEFINESBYPROPERTIES('2Irs5pkXb2rg$_2TqbeXSk',$,$,$,(#1331),#1353);
#1355=IFCPROPERTYSINGLEVALUE('Ax',$,IFCLABEL('0.001'),$);
#1356=IFCPROPERTYSINGLEVALUE('Ay',$,IFCLABEL('0.001'),$);
#1357=IFCBEAM('035hV5ZznBpwwYabDGD7bQ',$,$,$,$,#1378,#1368,$,$);
#1358=IFCCARTESIANPOINTLIST2D(((0.,0.),(0.,250.),(6000.,250.),(6000.,0.),(0.,0.)));
#1359=IFCINDEXEDPOLYCURVE(#1358,$,.F.);
#1360=IFCDIRECTION((0.,0.,1.));
#1361=IFCARBITRARYCLOSEDPROFILEDEF(.AREA.,$,#1359);
#1362=IFCCARTESIANPOINT((0.,0.,0.));
#1363=IFCDIRECTION((0.,0.,1.));
#1364=IFCDIRECTION((1.,0.,0.));
#1365=IFCAXIS2PLACEMENT3D(#1362,#1363,#1364);
#1366=IFCEXTRUDEDAREASOLID(#1361,#1365,#1360,-500.);
#1367=IFCSHAPEREPRESENTATION(#11,'Body','SweptSolid',(#1366));
#1368=IFCPRODUCTDEFINITIONSHAPE($,$,(#1367));
#1374=IFCCARTESIANPOINT((12125.,-7.6540424946709578E-15,21000.));
#1375=IFCDIRECTION((0.,0.,1.));
#1376=IFCDIRECTION((6.123233995736766E-17,1.,0.));
#1377=IFCAXIS2PLACEMENT3D(#1374,#1375,#1376);
#1378=IFCLOCALPLACEMENT($,#1377);
#1379=IFCPROPERTYSET('3Un9aze41DyR_9olBnp_Vd',$,'Other',$,(#1381,#1382));
#1380=IFCRELDEFINESBYPROPERTIES('3E2FV55HLFjQ9yXnwS9erg',$,$,$,(#1357),#1379);
#1381=IFCPROPERTYSINGLEVALUE('Ax',$,IFCLABEL('0.001'),$);
#1382=IFCPROPERTYSINGLEVALUE('Ay',$,IFCLABEL('0.001'),$);
#1383=IFCBEAM('2do8RRb9DFuxI3Lty3Oje5',$,$,$,$,#1404,#1394,$,$);
#1384=IFCCARTESIANPOINTLIST2D(((0.,0.),(0.,250.),(6000.,250.),(6000.,0.),(0.,0.)));
#1385=IFCINDEXEDPOLYCURVE(#1384,$,.F.);
#1386=IFCDIRECTION((0.,0.,1.));
#1387=IFCARBITRARYCLOSEDPROFILEDEF(.AREA.,$,#1385);
#1388=IFCCARTESIANPOINT((0.,0.,0.));
#1389=IFCDIRECTION((0.,0.,1.));
#1390=IFCDIRECTION((1.,0.,0.));
#1391=IFCAXIS2PLACEMENT3D(#1388,#1389,#1390);
#1392=IFCEXTRUDEDAREASOLID(#1387,#1391,#1386,-500.);
#1393=IFCSHAPEREPRESENTATION(#11,'Body','SweptSolid',(#1392));
#1394=IFCPRODUCTDEFINITIONSHAPE($,$,(#1393));
#1400=IFCCARTESIANPOINT((12125.,6000.,21000.));
#1401=IFCDIRECTION((0.,0.,1.));
#1402=IFCDIRECTION((6.123233995736766E-17,1.,0.));
#1403=IFCAXIS2PLACEMENT3D(#1400,#1401,#1402);
#1404=IFCLOCALPLACEMENT($,#1403);
#1405=IFCPROPERTYSET('0AST6QLxnDFxb0MtqBI457',$,'Other',$,(#1407,#1408));
#1406=IFCRELDEFINESBYPROPERTIES('0O0VgBquDAYfJE$$KczGwt',$,$,$,(#1383),#1405);
#1407=IFCPROPERTYSINGLEVALUE('Ax',$,IFCLABEL('0.001'),$);
#1408=IFCPROPERTYSINGLEVALUE('Ay',$,IFCLABEL('0.001'),$);
#1409=IFCBEAM('0UZW6RKvv7gAwBkwPqKOzk',$,$,$,$,#1430,#1420,$,$);
#1410=IFCCARTESIANPOINTLIST2D(((0.,0.),(0.,250.),(6000.,250.),(6000.,0.),(0.,0.)));
#1411=IFCINDEXEDPOLYCURVE(#1410,$,.F.);
#1412=IFCDIRECTION((0.,0.,1.));
#1413=IFCARBITRARYCLOSEDPROFILEDEF(.AREA.,$,#1411);
#1414=IFCCARTESIANPOINT((0.,0.,0.));
#1415=IFCDIRECTION((0.,0.,1.));
#1416=IFCDIRECTION((1.,0.,0.));
#1417=IFCAXIS2PLACEMENT3D(#1414,#1415,#1416);
#1418=IFCEXTRUDEDAREASOLID(#1413,#1417,#1412,-500.);
#1419=IFCSHAPEREPRESENTATION(#11,'Body','SweptSolid',(#1418));
#1420=IFCPRODUCTDEFINITIONSHAPE($,$,(#1419));
#1426=IFCCARTESIANPOINT((12125.,12000.,21000.));
#1427=IFCDIRECTION((0.,0.,1.));
#1428=IFCDIRECTION((6.123233995736766E-17,1.,0.));
#1429=IFCAXIS2PLACEMENT3D(#1426,#1427,#1428);
#1430=IFCLOCALPLACEMENT($,#1429);
#1431=IFCPROPERTYSET('0xHxu_JOn3iO8$ZZ5B34x$',$,'Other',$,(#1433,#1434));
#1432=IFCRELDEFINESBYPROPERTIES('3tjlfHFa96ffsFZmvK03Qr',$,$,$,(#1409),#1431);
#1433=IFCPROPERTYSINGLEVALUE('Ax',$,IFCLABEL('0.001'),$);
#1434=IFCPROPERTYSINGLEVALUE('Ay',$,IFCLABEL('0.001'),$);
#1435=IFCBEAM('3u_76DyNb9F9VuQ1x0P1S_',$,$,$,$,#1456,#1446,$,$);
#1436=IFCCARTESIANPOINTLIST2D(((0.,0.),(0.,250.),(6000.,250.),(6000.,0.),(0.,0.)));
#1437=IFCINDEXEDPOLYCURVE(#1436,$,.F.);
#1438=IFCDIRECTION((0.,0.,1.));
#1439=IFCARBITRARYCLOSEDPROFILEDEF(.AREA.,$,#1437);
#1440=IFCCARTESIANPOINT((0.,0.,0.));
#1441=IFCDIRECTION((0.,0.,1.));
#1442=IFCDIRECTION((1.,0.,0.));
#1443=IFCAXIS2PLACEMENT3D(#1440,#1441,#1442);
#1444=IFCEXTRUDEDAREASOLID(#1439,#1443,#1438,-500.);
#1445=IFCSHAPEREPRESENTATION(#11,'Body','SweptSolid',(#1444));
#1446=IFCPRODUCTDEFINITIONSHAPE($,$,(#1445));
#1452=IFCCARTESIANPOINT((18125.,-7.6540424946709578E-15,21000.));
#1453=IFCDIRECTION((0.,0.,1.));
#1454=IFCDIRECTION((6.123233995736766E-17,1.,0.));
#1455=IFCAXIS2PLACEMENT3D(#1452,#1453,#1454);
#1456=IFCLOCALPLACEMENT($,#1455);
#1457=IFCPROPERTYSET('2HgcUwrKjAIBf6OXbNfjzC',$,'Other',$,(#1459,#1460));
#1458=IFCRELDEFINESBYPROPERTIES('1b8kiOdCr19wy9tvyM27v3',$,$,$,(#1435),#1457);
#1459=IFCPROPERTYSINGLEVALUE('Ax',$,IFCLABEL('0.001'),$);
#1460=IFCPROPERTYSINGLEVALUE('Ay',$,IFCLABEL('0.001'),$);
#1461=IFCBEAM('3$QS5EH2f3Ue8qyrAX4rXE',$,$,$,$,#1482,#1472,$,$);
#1462=IFCCARTESIANPOINTLIST2D(((0.,0.),(0.,250.),(6000.,250.),(6000.,0.),(0.,0.)));
#1463=IFCINDEXEDPOLYCURVE(#1462,$,.F.);
#1464=IFCDIRECTION((0.,0.,1.));
#1465=IFCARBITRARYCLOSEDPROFILEDEF(.AREA.,$,#1463);
#1466=IFCCARTESIANPOINT((0.,0.,0.));
#1467=IFCDIRECTION((0.,0.,1.));
#1468=IFCDIRECTION((1.,0.,0.));
#1469=IFCAXIS2PLACEMENT3D(#1466,#1467,#1468);
#1470=IFCEXTRUDEDAREASOLID(#1465,#1469,#1464,-500.);
#1471=IFCSHAPEREPRESENTATION(#11,'Body','SweptSolid',(#1470));
#1472=IFCPRODUCTDEFINITIONSHAPE($,$,(#1471));
#1478=IFCCARTESIANPOINT((18125.,6000.,21000.));
#1479=IFCDIRECTION((0.,0.,1.));
#1480=IFCDIRECTION((6.123233995736766E-17,1.,0.));
#1481=IFCAXIS2PLACEMENT3D(#1478,#1479,#1480);
#1482=IFCLOCALPLACEMENT($,#1481);
#1483=IFCPROPERTYSET('0Ph0rgD$b9UPI1WtG7v$$b',$,'Other',$,(#1485,#1486));
#1484=IFCRELDEFINESBYPROPERTIES('0JrSIOVd9FXgYUDNq1dYR6',$,$,$,(#1461),#1483);
#1485=IFCPROPERTYSINGLEVALUE('Ax',$,IFCLABEL('0.001'),$);
#1486=IFCPROPERTYSINGLEVALUE('Ay',$,IFCLABEL('0.001'),$);
#1487=IFCBEAM('2Pw0Lhd5zCPwxYOJDWR97w',$,$,$,$,#1508,#1498,$,$);
#1488=IFCCARTESIANPOINTLIST2D(((0.,0.),(0.,250.),(6000.,250.),(6000.,0.),(0.,0.)));
#1489=IFCINDEXEDPOLYCURVE(#1488,$,.F.);
#1490=IFCDIRECTION((0.,0.,1.));
#1491=IFCARBITRARYCLOSEDPROFILEDEF(.AREA.,$,#1489);
#1492=IFCCARTESIANPOINT((0.,0.,0.));
#1493=IFCDIRECTION((0.,0.,1.));
#1494=IFCDIRECTION((1.,0.,0.));
#1495=IFCAXIS2PLACEMENT3D(#1492,#1493,#1494);
#1496=IFCEXTRUDEDAREASOLID(#1491,#1495,#1490,-500.);
#1497=IFCSHAPEREPRESENTATION(#11,'Body','SweptSolid',(#1496));
#1498=IFCPRODUCTDEFINITIONSHAPE($,$,(#1497));
#1504=IFCCARTESIANPOINT((18125.,12000.,21000.));
#1505=IFCDIRECTION((0.,0.,1.));
#1506=IFCDIRECTION((6.123233995736766E-17,1.,0.));
#1507=IFCAXIS2PLACEMENT3D(#1504,#1505,#1506);
#1508=IFCLOCALPLACEMENT($,#1507);
#1509=IFCPROPERTYSET('3wVozcqQb8CggG3qJQ9ylR',$,'Other',$,(#1511,#1512));
#1510=IFCRELDEFINESBYPROPERTIES('19BSHXpnH0xxxkj$1U2XzL',$,$,$,(#1487),#1509);
#1511=IFCPROPERTYSINGLEVALUE('Ax',$,IFCLABEL('0.001'),$);
#1512=IFCPROPERTYSINGLEVALUE('Ay',$,IFCLABEL('0.001'),$);
#1513=IFCBEAM('3eVlRFyyj04QB296PNYSPV',$,$,$,$,#1534,#1524,$,$);
#1514=IFCCARTESIANPOINTLIST2D(((0.,0.),(0.,250.),(6000.,250.),(6000.,0.),(0.,0.)));
#1515=IFCINDEXEDPOLYCURVE(#1514,$,.F.);
#1516=IFCDIRECTION((0.,0.,1.));
#1517=IFCARBITRARYCLOSEDPROFILEDEF(.AREA.,$,#1515);
#1518=IFCCARTESIANPOINT((0.,0.,0.));
#1519=IFCDIRECTION((0.,0.,1.));
#1520=IFCDIRECTION((1.,0.,0.));
#1521=IFCAXIS2PLACEMENT3D(#1518,#1519,#1520);
#1522=IFCEXTRUDEDAREASOLID(#1517,#1521,#1516,-500.);
#1523=IFCSHAPEREPRESENTATION(#11,'Body','SweptSolid',(#1522));
#1524=IFCPRODUCTDEFINITIONSHAPE($,$,(#1523));
#1530=IFCCARTESIANPOINT((24125.,-7.6540424946709578E-15,21000.));
#1531=IFCDIRECTION((0.,0.,1.));
#1532=IFCDIRECTION((6.123233995736766E-17,1.,0.));
#1533=IFCAXIS2PLACEMENT3D(#1530,#1531,#1532);
#1534=IFCLOCALPLACEMENT($,#1533);
#1535=IFCPROPERTYSET('2qEkU5Xiz6JgYzVLvdY6Mm',$,'Other',$,(#1537,#1538));
#1536=IFCRELDEFINESBYPROPERTIES('1Fj5WDR6D8NB8TLIdyT7OU',$,$,$,(#1513),#1535);
#1537=IFCPROPERTYSINGLEVALUE('Ax',$,IFCLABEL('0.001'),$);
#1538=IFCPROPERTYSINGLEVALUE('Ay',$,IFCLABEL('0.001'),$);
#1539=IFCBEAM('2MjKWyNV55qeVkNLcdiZLq',$,$,$,$,#1560,#1550,$,$);
#1540=IFCCARTESIANPOINTLIST2D(((0.,0.),(0.,250.),(6000.,250.),(6000.,0.),(0.,0.)));
#1541=IFCINDEXEDPOLYCURVE(#1540,$,.F.);
#1542=IFCDIRECTION((0.,0.,1.));
#1543=IFCARBITRARYCLOSEDPROFILEDEF(.AREA.,$,#1541);
#1544=IFCCARTESIANPOINT((0.,0.,0.));
#1545=IFCDIRECTION((0.,0.,1.));
#1546=IFCDIRECTION((1.,0.,0.));
#1547=IFCAXIS2PLACEMENT3D(#1544,#1545,#1546);
#1548=IFCEXTRUDEDAREASOLID(#1543,#1547,#1542,-500.);
#1549=IFCSHAPEREPRESENTATION(#11,'Body','SweptSolid',(#1548));
#1550=IFCPRODUCTDEFINITIONSHAPE($,$,(#1549));
#1556=IFCCARTESIANPOINT((24125.,6000.,21000.));
#1557=IFCDIRECTION((0.,0.,1.));
#1558=IFCDIRECTION((6.123233995736766E-17,1.,0.));
#1559=IFCAXIS2PLACEMENT3D(#1556,#1557,#1558);
#1560=IFCLOCALPLACEMENT($,#1559);
#1561=IFCPROPERTYSET('1m6gukacHDJwOp2fjSdv6i',$,'Other',$,(#1563,#1564));
#1562=IFCRELDEFINESBYPROPERTIES('1OaKhket1FOBcfK4dQpQgx',$,$,$,(#1539),#1561);
#1563=IFCPROPERTYSINGLEVALUE('Ax',$,IFCLABEL('0.001'),$);
#1564=IFCPROPERTYSINGLEVALUE('Ay',$,IFCLABEL('0.001'),$);
#1565=IFCBEAM('1GKMkTJBT2aR8oihO3_QXq',$,$,$,$,#1586,#1576,$,$);
#1566=IFCCARTESIANPOINTLIST2D(((0.,0.),(0.,250.),(6000.,250.),(6000.,0.),(0.,0.)));
#1567=IFCINDEXEDPOLYCURVE(#1566,$,.F.);
#1568=IFCDIRECTION((0.,0.,1.));
#1569=IFCARBITRARYCLOSEDPROFILEDEF(.AREA.,$,#1567);
#1570=IFCCARTESIANPOINT((0.,0.,0.));
#1571=IFCDIRECTION((0.,0.,1.));
#1572=IFCDIRECTION((1.,0.,0.));
#1573=IFCAXIS2PLACEMENT3D(#1570,#1571,#1572);
#1574=IFCEXTRUDEDAREASOLID(#1569,#1573,#1568,-500.);
#1575=IFCSHAPEREPRESENTATION(#11,'Body','SweptSolid',(#1574));
#1576=IFCPRODUCTDEFINITIONSHAPE($,$,(#1575));
#1582=IFCCARTESIANPOINT((24125.,12000.,21000.));
#1583=IFCDIRECTION((0.,0.,1.));
#1584=IFCDIRECTION((6.123233995736766E-17,1.,0.));
#1585=IFCAXIS2PLACEMENT3D(#1582,#1583,#1584);
#1586=IFCLOCALPLACEMENT($,#1585);
#1587=IFCPROPERTYSET('0h9VyEQMLBpRgqEKG1aukH',$,'Other',$,(#1589,#1590));
#1588=IFCRELDEFINESBYPROPERTIES('2BxPvW4en08w7wR0labfKN',$,$,$,(#1565),#1587);
#1589=IFCPROPERTYSINGLEVALUE('Ax',$,IFCLABEL('0.001'),$);
#1590=IFCPROPERTYSINGLEVALUE('Ay',$,IFCLABEL('0.001'),$);
#1591=IFCBEAM('2iHxryePPBtf2vq9068$Fm',$,$,$,$,#1612,#1602,$,$);
#1592=IFCCARTESIANPOINTLIST2D(((0.,0.),(0.,250.),(6000.,250.),(6000.,0.),(0.,0.)));
#1593=IFCINDEXEDPOLYCURVE(#1592,$,.F.);
#1594=IFCDIRECTION((0.,0.,1.));
#1595=IFCARBITRARYCLOSEDPROFILEDEF(.AREA.,$,#1593);
#1596=IFCCARTESIANPOINT((0.,0.,0.));
#1597=IFCDIRECTION((0.,0.,1.));
#1598=IFCDIRECTION((1.,0.,0.));
#1599=IFCAXIS2PLACEMENT3D(#1596,#1597,#1598);
#1600=IFCEXTRUDEDAREASOLID(#1595,#1599,#1594,-400.);
#1601=IFCSHAPEREPRESENTATION(#11,'Body','SweptSolid',(#1600));
#1602=IFCPRODUCTDEFINITIONSHAPE($,$,(#1601));
#1608=IFCCARTESIANPOINT((30125.,12000.,21000.));
#1609=IFCDIRECTION((0.,0.,1.));
#1610=IFCDIRECTION((6.123233995736766E-17,1.,0.));
#1611=IFCAXIS2PLACEMENT3D(#1608,#1609,#1610);
#1612=IFCLOCALPLACEMENT($,#1611);
#1613=IFCPROPERTYSET('2MBb4eGWj9DQMDDDE06rVh',$,'Other',$,(#1615,#1616));
#1614=IFCRELDEFINESBYPROPERTIES('3TB8yWiMv9Fx4ds$gYIB2E',$,$,$,(#1591),#1613);
#1615=IFCPROPERTYSINGLEVALUE('Ax',$,IFCLABEL('0.001'),$);
#1616=IFCPROPERTYSINGLEVALUE('Ay',$,IFCLABEL('0.001'),$);
#1617=IFCBEAM('17xB0tXWj2f8gHS6p7OwdH',$,$,$,$,#1638,#1628,$,$);
#1618=IFCCARTESIANPOINTLIST2D(((0.,0.),(0.,250.),(6000.,250.),(6000.,0.),(0.,0.)));
#1619=IFCINDEXEDPOLYCURVE(#1618,$,.F.);
#1620=IFCDIRECTION((0.,0.,1.));
#1621=IFCARBITRARYCLOSEDPROFILEDEF(.AREA.,$,#1619);
#1622=IFCCARTESIANPOINT((0.,0.,0.));
#1623=IFCDIRECTION((0.,0.,1.));
#1624=IFCDIRECTION((1.,0.,0.));
#1625=IFCAXIS2PLACEMENT3D(#1622,#1623,#1624);
#1626=IFCEXTRUDEDAREASOLID(#1621,#1625,#1620,-500.);
#1627=IFCSHAPEREPRESENTATION(#11,'Body','SweptSolid',(#1626));
#1628=IFCPRODUCTDEFINITIONSHAPE($,$,(#1627));
#1634=IFCCARTESIANPOINT((0.,-125.,21000.));
#1635=IFCDIRECTION((0.,0.,1.));
#1636=IFCDIRECTION((1.,0.,0.));
#1637=IFCAXIS2PLACEMENT3D(#1634,#1635,#1636);
#1638=IFCLOCALPLACEMENT($,#1637);
#1639=IFCPROPERTYSET('0DKts2H$nFsgi1JFMRnQwq',$,'Other',$,(#1641,#1642));
#1640=IFCRELDEFINESBYPROPERTIES('0_8CfV$Kz77vax$aIEhPbb',$,$,$,(#1617),#1639);
#1641=IFCPROPERTYSINGLEVALUE('Ax',$,IFCLABEL('0.001'),$);
#1642=IFCPROPERTYSINGLEVALUE('Ay',$,IFCLABEL('0.001'),$);
#1643=IFCBEAM('0Q7F0VZYHDD94ZQ0T5nIJw',$,$,$,$,#1664,#1654,$,$);
#1644=IFCCARTESIANPOINTLIST2D(((0.,0.),(0.,250.),(6000.,250.),(6000.,0.),(0.,0.)));
#1645=IFCINDEXEDPOLYCURVE(#1644,$,.F.);
#1646=IFCDIRECTION((0.,0.,1.));
#1647=IFCARBITRARYCLOSEDPROFILEDEF(.AREA.,$,#1645);
#1648=IFCCARTESIANPOINT((0.,0.,0.));
#1649=IFCDIRECTION((0.,0.,1.));
#1650=IFCDIRECTION((1.,0.,0.));
#1651=IFCAXIS2PLACEMENT3D(#1648,#1649,#1650);
#1652=IFCEXTRUDEDAREASOLID(#1647,#1651,#1646,-500.);
#1653=IFCSHAPEREPRESENTATION(#11,'Body','SweptSolid',(#1652));
#1654=IFCPRODUCTDEFINITIONSHAPE($,$,(#1653));
#1660=IFCCARTESIANPOINT((6000.,-125.,21000.));
#1661=IFCDIRECTION((0.,0.,1.));
#1662=IFCDIRECTION((1.,0.,0.));
#1663=IFCAXIS2PLACEMENT3D(#1660,#1661,#1662);
#1664=IFCLOCALPLACEMENT($,#1663);
#1665=IFCPROPERTYSET('2$7UnBqzzFhvGKMDJga2vS',$,'Other',$,(#1667,#1668));
#1666=IFCRELDEFINESBYPROPERTIES('35Det4o315NPM65it$k1MV',$,$,$,(#1643),#1665);
#1667=IFCPROPERTYSINGLEVALUE('Ax',$,IFCLABEL('0.001'),$);
#1668=IFCPROPERTYSINGLEVALUE('Ay',$,IFCLABEL('0.001'),$);
#1669=IFCBEAM('0lc1YNvWH6rgDbB$r2psv0',$,$,$,$,#1690,#1680,$,$);
#1670=IFCCARTESIANPOINTLIST2D(((0.,0.),(0.,250.),(6000.,250.),(6000.,0.),(0.,0.)));
#1671=IFCINDEXEDPOLYCURVE(#1670,$,.F.);
#1672=IFCDIRECTION((0.,0.,1.));
#1673=IFCARBITRARYCLOSEDPROFILEDEF(.AREA.,$,#1671);
#1674=IFCCARTESIANPOINT((0.,0.,0.));
#1675=IFCDIRECTION((0.,0.,1.));
#1676=IFCDIRECTION((1.,0.,0.));
#1677=IFCAXIS2PLACEMENT3D(#1674,#1675,#1676);
#1678=IFCEXTRUDEDAREASOLID(#1673,#1677,#1672,-500.);
#1679=IFCSHAPEREPRESENTATION(#11,'Body','SweptSolid',(#1678));
#1680=IFCPRODUCTDEFINITIONSHAPE($,$,(#1679));
#1686=IFCCARTESIANPOINT((12000.,-125.,21000.));
#1687=IFCDIRECTION((0.,0.,1.));
#1688=IFCDIRECTION((1.,0.,0.));
#1689=IFCAXIS2PLACEMENT3D(#1686,#1687,#1688);
#1690=IFCLOCALPLACEMENT($,#1689);
#1691=IFCPROPERTYSET('1$X1tqT6bCVfflsUjUEH8k',$,'Other',$,(#1693,#1694));
#1692=IFCRELDEFINESBYPROPERTIES('3nga01Tyn3O8MBEU7iGKql',$,$,$,(#1669),#1691);
#1693=IFCPROPERTYSINGLEVALUE('Ax',$,IFCLABEL('0.001'),$);
#1694=IFCPROPERTYSINGLEVALUE('Ay',$,IFCLABEL('0.001'),$);
#1695=IFCBEAM('2Zh_sEg9TBzuLd6C1Y_GXE',$,$,$,$,#1716,#1706,$,$);
#1696=IFCCARTESIANPOINTLIST2D(((0.,0.),(0.,250.),(6000.,250.),(6000.,0.),(0.,0.)));
#1697=IFCINDEXEDPOLYCURVE(#1696,$,.F.);
#1698=IFCDIRECTION((0.,0.,1.));
#1699=IFCARBITRARYCLOSEDPROFILEDEF(.AREA.,$,#1697);
#1700=IFCCARTESIANPOINT((0.,0.,0.));
#1701=IFCDIRECTION((0.,0.,1.));
#1702=IFCDIRECTION((1.,0.,0.));
#1703=IFCAXIS2PLACEMENT3D(#1700,#1701,#1702);
#1704=IFCEXTRUDEDAREASOLID(#1699,#1703,#1698,-500.);
#1705=IFCSHAPEREPRESENTATION(#11,'Body','SweptSolid',(#1704));
#1706=IFCPRODUCTDEFINITIONSHAPE($,$,(#1705));
#1712=IFCCARTESIANPOINT((18000.,-125.,21000.));
#1713=IFCDIRECTION((0.,0.,1.));
#1714=IFCDIRECTION((1.,0.,0.));
#1715=IFCAXIS2PLACEMENT3D(#1712,#1713,#1714);
#1716=IFCLOCALPLACEMENT($,#1715);
#1717=IFCPROPERTYSET('3Q$kZhFe59Wue2b$jadQnF',$,'Other',$,(#1719,#1720));
#1718=IFCRELDEFINESBYPROPERTIES('3oirCoxeT95fAdY2WpFgMt',$,$,$,(#1695),#1717);
#1719=IFCPROPERTYSINGLEVALUE('Ax',$,IFCLABEL('0.001'),$);
#1720=IFCPROPERTYSINGLEVALUE('Ay',$,IFCLABEL('0.001'),$);
#1721=IFCBEAM('2$57dwCRH08uaglX327vfO',$,$,$,$,#1742,#1732,$,$);
#1722=IFCCARTESIANPOINTLIST2D(((0.,0.),(0.,250.),(6000.,250.),(6000.,0.),(0.,0.)));
#1723=IFCINDEXEDPOLYCURVE(#1722,$,.F.);
#1724=IFCDIRECTION((0.,0.,1.));
#1725=IFCARBITRARYCLOSEDPROFILEDEF(.AREA.,$,#1723);
#1726=IFCCARTESIANPOINT((0.,0.,0.));
#1727=IFCDIRECTION((0.,0.,1.));
#1728=IFCDIRECTION((1.,0.,0.));
#1729=IFCAXIS2PLACEMENT3D(#1726,#1727,#1728);
#1730=IFCEXTRUDEDAREASOLID(#1725,#1729,#1724,-500.);
#1731=IFCSHAPEREPRESENTATION(#11,'Body','SweptSolid',(#1730));
#1732=IFCPRODUCTDEFINITIONSHAPE($,$,(#1731));
#1738=IFCCARTESIANPOINT((0.,5875.,21000.));
#1739=IFCDIRECTION((0.,0.,1.));
#1740=IFCDIRECTION((1.,0.,0.));
#1741=IFCAXIS2PLACEMENT3D(#1738,#1739,#1740);
#1742=IFCLOCALPLACEMENT($,#1741);
#1743=IFCPROPERTYSET('2G0TIqoYnD0vbCF1eetnYS',$,'Other',$,(#1745,#1746));
#1744=IFCRELDEFINESBYPROPERTIES('32D0Cfv2P8SeOXuBdOrk0y',$,$,$,(#1721),#1743);
#1745=IFCPROPERTYSINGLEVALUE('Ax',$,IFCLABEL('0.001'),$);
#1746=IFCPROPERTYSINGLEVALUE('Ay',$,IFCLABEL('0.001'),$);
#1747=IFCBEAM('2ocxqzCvz4gPVtzgZSwOqg',$,$,$,$,#1768,#1758,$,$);
#1748=IFCCARTESIANPOINTLIST2D(((0.,0.),(0.,250.),(6000.,250.),(6000.,0.),(0.,0.)));
#1749=IFCINDEXEDPOLYCURVE(#1748,$,.F.);
#1750=IFCDIRECTION((0.,0.,1.));
#1751=IFCARBITRARYCLOSEDPROFILEDEF(.AREA.,$,#1749);
#1752=IFCCARTESIANPOINT((0.,0.,0.));
#1753=IFCDIRECTION((0.,0.,1.));
#1754=IFCDIRECTION((1.,0.,0.));
#1755=IFCAXIS2PLACEMENT3D(#1752,#1753,#1754);
#1756=IFCEXTRUDEDAREASOLID(#1751,#1755,#1750,-500.);
#1757=IFCSHAPEREPRESENTATION(#11,'Body','SweptSolid',(#1756));
#1758=IFCPRODUCTDEFINITIONSHAPE($,$,(#1757));
#1764=IFCCARTESIANPOINT((6000.,5875.,21000.));
#1765=IFCDIRECTION((0.,0.,1.));
#1766=IFCDIRECTION((1.,0.,0.));
#1767=IFCAXIS2PLACEMENT3D(#1764,#1765,#1766);
#1768=IFCLOCALPLACEMENT($,#1767);
#1769=IFCPROPERTYSET('3GSVjVCDj2uuTFnfyBMbuC',$,'Other',$,(#1771,#1772));
#1770=IFCRELDEFINESBYPROPERTIES('0RrU3drA534PvmzcHmvImA',$,$,$,(#1747),#1769);
#1771=IFCPROPERTYSINGLEVALUE('Ax',$,IFCLABEL('0.001'),$);
#1772=IFCPROPERTYSINGLEVALUE('Ay',$,IFCLABEL('0.001'),$);
#1773=IFCBEAM('2gGK_DMnj7_xkwslbdePdF',$,$,$,$,#1794,#1784,$,$);
#1774=IFCCARTESIANPOINTLIST2D(((0.,0.),(0.,250.),(6000.,250.),(6000.,0.),(0.,0.)));
#1775=IFCINDEXEDPOLYCURVE(#1774,$,.F.);
#1776=IFCDIRECTION((0.,0.,1.));
#1777=IFCARBITRARYCLOSEDPROFILEDEF(.AREA.,$,#1775);
#1778=IFCCARTESIANPOINT((0.,0.,0.));
#1779=IFCDIRECTION((0.,0.,1.));
#1780=IFCDIRECTION((1.,0.,0.));
#1781=IFCAXIS2PLACEMENT3D(#1778,#1779,#1780);
#1782=IFCEXTRUDEDAREASOLID(#1777,#1781,#1776,-500.);
#1783=IFCSHAPEREPRESENTATION(#11,'Body','SweptSolid',(#1782));
#1784=IFCPRODUCTDEFINITIONSHAPE($,$,(#1783));
#1790=IFCCARTESIANPOINT((12000.,5875.,21000.));
#1791=IFCDIRECTION((0.,0.,1.));
#1792=IFCDIRECTION((1.,0.,0.));
#1793=IFCAXIS2PLACEMENT3D(#1790,#1791,#1792);
#1794=IFCLOCALPLACEMENT($,#1793);
#1795=IFCPROPERTYSET('3RqiyjFOj80wwOCEQ4pTym',$,'Other',$,(#1797,#1798));
#1796=IFCRELDEFINESBYPROPERTIES('17inBPxnj3E8G_sK1g3RJP',$,$,$,(#1773),#1795);
#1797=IFCPROPERTYSINGLEVALUE('Ax',$,IFCLABEL('0.001'),$);
#1798=IFCPROPERTYSINGLEVALUE('Ay',$,IFCLABEL('0.001'),$);
#1799=IFCBEAM('3iA9b0GqD8dBoc0mUPve84',$,$,$,$,#1820,#1810,$,$);
#1800=IFCCARTESIANPOINTLIST2D(((0.,0.),(0.,250.),(6000.,250.),(6000.,0.),(0.,0.)));
#1801=IFCINDEXEDPOLYCURVE(#1800,$,.F.);
#1802=IFCDIRECTION((0.,0.,1.));
#1803=IFCARBITRARYCLOSEDPROFILEDEF(.AREA.,$,#1801);
#1804=IFCCARTESIANPOINT((0.,0.,0.));
#1805=IFCDIRECTION((0.,0.,1.));
#1806=IFCDIRECTION((1.,0.,0.));
#1807=IFCAXIS2PLACEMENT3D(#1804,#1805,#1806);
#1808=IFCEXTRUDEDAREASOLID(#1803,#1807,#1802,-500.);
#1809=IFCSHAPEREPRESENTATION(#11,'Body','SweptSolid',(#1808));
#1810=IFCPRODUCTDEFINITIONSHAPE($,$,(#1809));
#1816=IFCCARTESIANPOINT((18000.,5875.,21000.));
#1817=IFCDIRECTION((0.,0.,1.));
#1818=IFCDIRECTION((1.,0.,0.));
#1819=IFCAXIS2PLACEMENT3D(#1816,#1817,#1818);
#1820=IFCLOCALPLACEMENT($,#1819);
#1821=IFCPROPERTYSET('1pUSpONxD1aB_gC$V8OMfg',$,'Other',$,(#1823,#1824));
#1822=IFCRELDEFINESBYPROPERTIES('28mcqoUXb5JediAH7XL3VS',$,$,$,(#1799),#1821);
#1823=IFCPROPERTYSINGLEVALUE('Ax',$,IFCLABEL('0.001'),$);
#1824=IFCPROPERTYSINGLEVALUE('Ay',$,IFCLABEL('0.001'),$);
#1825=IFCBEAM('2w7RbeYenD4eU4Pmk9zhy9',$,$,$,$,#1846,#1836,$,$);
#1826=IFCCARTESIANPOINTLIST2D(((0.,0.),(0.,250.),(6000.,250.),(6000.,0.),(0.,0.)));
#1827=IFCINDEXEDPOLYCURVE(#1826,$,.F.);
#1828=IFCDIRECTION((0.,0.,1.));
#1829=IFCARBITRARYCLOSEDPROFILEDEF(.AREA.,$,#1827);
#1830=IFCCARTESIANPOINT((0.,0.,0.));
#1831=IFCDIRECTION((0.,0.,1.));
#1832=IFCDIRECTION((1.,0.,0.));
#1833=IFCAXIS2PLACEMENT3D(#1830,#1831,#1832);
#1834=IFCEXTRUDEDAREASOLID(#1829,#1833,#1828,-500.);
#1835=IFCSHAPEREPRESENTATION(#11,'Body','SweptSolid',(#1834));
#1836=IFCPRODUCTDEFINITIONSHAPE($,$,(#1835));
#1842=IFCCARTESIANPOINT((24000.,5875.,21000.));
#1843=IFCDIRECTION((0.,0.,1.));
#1844=IFCDIRECTION((1.,0.,0.));
#1845=IFCAXIS2PLACEMENT3D(#1842,#1843,#1844);
#1846=IFCLOCALPLACEMENT($,#1845);
#1847=IFCPROPERTYSET('0P3YrrCTXD_BJHHvb4XwdQ',$,'Other',$,(#1849,#1850));
#1848=IFCRELDEFINESBYPROPERTIES('2EVUL4XjP0CRxM_PFtE52R',$,$,$,(#1825),#1847);
#1849=IFCPROPERTYSINGLEVALUE('Ax',$,IFCLABEL('0.001'),$);
#1850=IFCPROPERTYSINGLEVALUE('Ay',$,IFCLABEL('0.001'),$);
#1851=IFCBEAM('3VyW8PZTPELP1wW9T0wxsU',$,$,$,$,#1872,#1862,$,$);
#1852=IFCCARTESIANPOINTLIST2D(((0.,0.),(0.,250.),(6000.,250.),(6000.,0.),(0.,0.)));
#1853=IFCINDEXEDPOLYCURVE(#1852,$,.F.);
#1854=IFCDIRECTION((0.,0.,1.));
#1855=IFCARBITRARYCLOSEDPROFILEDEF(.AREA.,$,#1853);
#1856=IFCCARTESIANPOINT((0.,0.,0.));
#1857=IFCDIRECTION((0.,0.,1.));
#1858=IFCDIRECTION((1.,0.,0.));
#1859=IFCAXIS2PLACEMENT3D(#1856,#1857,#1858);
#1860=IFCEXTRUDEDAREASOLID(#1855,#1859,#1854,-500.);
#1861=IFCSHAPEREPRESENTATION(#11,'Body','SweptSolid',(#1860));
#1862=IFCPRODUCTDEFINITIONSHAPE($,$,(#1861));
#1868=IFCCARTESIANPOINT((0.,11875.,21000.));
#1869=IFCDIRECTION((0.,0.,1.));
#1870=IFCDIRECTION((1.,0.,0.));
#1871=IFCAXIS2PLACEMENT3D(#1868,#1869,#1870);
#1872=IFCLOCALPLACEMENT($,#1871);
#1873=IFCPROPERTYSET('0JkwpoSEjCHPcswV8PrNAx',$,'Other',$,(#1875,#1876));
#1874=IFCRELDEFINESBYPROPERTIES('0YXIkv92f3ognihPoDGUgW',$,$,$,(#1851),#1873);
#1875=IFCPROPERTYSINGLEVALUE('Ax',$,IFCLABEL('0.001'),$);
#1876=IFCPROPERTYSINGLEVALUE('Ay',$,IFCLABEL('0.001'),$);
#1877=IFCBEAM('1vKzXSWA12lQITr1BDW91U',$,$,$,$,#1898,#1888,$,$);
#1878=IFCCARTESIANPOINTLIST2D(((0.,0.),(0.,250.),(6000.,250.),(6000.,0.),(0.,0.)));
#1879=IFCINDEXEDPOLYCURVE(#1878,$,.F.);
#1880=IFCDIRECTION((0.,0.,1.));
#1881=IFCARBITRARYCLOSEDPROFILEDEF(.AREA.,$,#1879);
#1882=IFCCARTESIANPOINT((0.,0.,0.));
#1883=IFCDIRECTION((0.,0.,1.));
#1884=IFCDIRECTION((1.,0.,0.));
#1885=IFCAXIS2PLACEMENT3D(#1882,#1883,#1884);
#1886=IFCEXTRUDEDAREASOLID(#1881,#1885,#1880,-500.);
#1887=IFCSHAPEREPRESENTATION(#11,'Body','SweptSolid',(#1886));
#1888=IFCPRODUCTDEFINITIONSHAPE($,$,(#1887));
#1894=IFCCARTESIANPOINT((6000.,11875.,21000.));
#1895=IFCDIRECTION((0.,0.,1.));
#1896=IFCDIRECTION((1.,0.,0.));
#1897=IFCAXIS2PLACEMENT3D(#1894,#1895,#1896);
#1898=IFCLOCALPLACEMENT($,#1897);
#1899=IFCPROPERTYSET('3UDHksE652e8f8wxGPp_zK',$,'Other',$,(#1901,#1902));
#1900=IFCRELDEFINESBYPROPERTIES('2JOUcfgNHFRRNDRMm5pzjO',$,$,$,(#1877),#1899);
#1901=IFCPROPERTYSINGLEVALUE('Ax',$,IFCLABEL('0.001'),$);
#1902=IFCPROPERTYSINGLEVALUE('Ay',$,IFCLABEL('0.001'),$);
#1903=IFCBEAM('0p7GYhmB9EcOAMiJDo74t3',$,$,$,$,#1924,#1914,$,$);
#1904=IFCCARTESIANPOINTLIST2D(((0.,0.),(0.,250.),(6000.,250.),(6000.,0.),(0.,0.)));
#1905=IFCINDEXEDPOLYCURVE(#1904,$,.F.);
#1906=IFCDIRECTION((0.,0.,1.));
#1907=IFCARBITRARYCLOSEDPROFILEDEF(.AREA.,$,#1905);
#1908=IFCCARTESIANPOINT((0.,0.,0.));
#1909=IFCDIRECTION((0.,0.,1.));
#1910=IFCDIRECTION((1.,0.,0.));
#1911=IFCAXIS2PLACEMENT3D(#1908,#1909,#1910);
#1912=IFCEXTRUDEDAREASOLID(#1907,#1911,#1906,-500.);
#1913=IFCSHAPEREPRESENTATION(#11,'Body','SweptSolid',(#1912));
#1914=IFCPRODUCTDEFINITIONSHAPE($,$,(#1913));
#1920=IFCCARTESIANPOINT((12000.,11875.,21000.));
#1921=IFCDIRECTION((0.,0.,1.));
#1922=IFCDIRECTION((1.,0.,0.));
#1923=IFCAXIS2PLACEMENT3D(#1920,#1921,#1922);
#1924=IFCLOCALPLACEMENT($,#1923);
#1925=IFCPROPERTYSET('0IuQduWpr3yhADKbhE1O4C',$,'Other',$,(#1927,#1928));
#1926=IFCRELDEFINESBYPROPERTIES('3hKoj3RIj5SPGKP8ZMj1q5',$,$,$,(#1903),#1925);
#1927=IFCPROPERTYSINGLEVALUE('Ax',$,IFCLABEL('0.001'),$);
#1928=IFCPROPERTYSINGLEVALUE('Ay',$,IFCLABEL('0.001'),$);
#1929=IFCBEAM('1GiGIfwK99GAhbRiVnms7I',$,$,$,$,#1950,#1940,$,$);
#1930=IFCCARTESIANPOINTLIST2D(((0.,0.),(0.,250.),(6000.,250.),(6000.,0.),(0.,0.)));
#1931=IFCINDEXEDPOLYCURVE(#1930,$,.F.);
#1932=IFCDIRECTION((0.,0.,1.));
#1933=IFCARBITRARYCLOSEDPROFILEDEF(.AREA.,$,#1931);
#1934=IFCCARTESIANPOINT((0.,0.,0.));
#1935=IFCDIRECTION((0.,0.,1.));
#1936=IFCDIRECTION((1.,0.,0.));
#1937=IFCAXIS2PLACEMENT3D(#1934,#1935,#1936);
#1938=IFCEXTRUDEDAREASOLID(#1933,#1937,#1932,-500.);
#1939=IFCSHAPEREPRESENTATION(#11,'Body','SweptSolid',(#1938));
#1940=IFCPRODUCTDEFINITIONSHAPE($,$,(#1939));
#1946=IFCCARTESIANPOINT((18000.,11875.,21000.));
#1947=IFCDIRECTION((0.,0.,1.));
#1948=IFCDIRECTION((1.,0.,0.));
#1949=IFCAXIS2PLACEMENT3D(#1946,#1947,#1948);
#1950=IFCLOCALPLACEMENT($,#1949);
#1951=IFCPROPERTYSET('0NU9afDIn9HwW1xo7yqCGZ',$,'Other',$,(#1953,#1954));
#1952=IFCRELDEFINESBYPROPERTIES('2nmOdZd1L8UvJ$Bkqx7z1r',$,$,$,(#1929),#1951);
#1953=IFCPROPERTYSINGLEVALUE('Ax',$,IFCLABEL('0.001'),$);
#1954=IFCPROPERTYSINGLEVALUE('Ay',$,IFCLABEL('0.001'),$);
#1955=IFCBEAM('0e5TBjn$1DIuR4tNJAYp67',$,$,$,$,#1976,#1966,$,$);
#1956=IFCCARTESIANPOINTLIST2D(((0.,0.),(0.,250.),(6000.,250.),(6000.,0.),(0.,0.)));
#1957=IFCINDEXEDPOLYCURVE(#1956,$,.F.);
#1958=IFCDIRECTION((0.,0.,1.));
#1959=IFCARBITRARYCLOSEDPROFILEDEF(.AREA.,$,#1957);
#1960=IFCCARTESIANPOINT((0.,0.,0.));
#1961=IFCDIRECTION((0.,0.,1.));
#1962=IFCDIRECTION((1.,0.,0.));
#1963=IFCAXIS2PLACEMENT3D(#1960,#1961,#1962);
#1964=IFCEXTRUDEDAREASOLID(#1959,#1963,#1958,-500.);
#1965=IFCSHAPEREPRESENTATION(#11,'Body','SweptSolid',(#1964));
#1966=IFCPRODUCTDEFINITIONSHAPE($,$,(#1965));
#1972=IFCCARTESIANPOINT((0.,17875.,21000.));
#1973=IFCDIRECTION((0.,0.,1.));
#1974=IFCDIRECTION((1.,0.,0.));
#1975=IFCAXIS2PLACEMENT3D(#1972,#1973,#1974);
#1976=IFCLOCALPLACEMENT($,#1975);
#1977=IFCPROPERTYSET('3BL6AV_mzAShxW7BWcKeVn',$,'Other',$,(#1979,#1980));
#1978=IFCRELDEFINESBYPROPERTIES('2fRSUALWn0ZekgNu5DWlxe',$,$,$,(#1955),#1977);
#1979=IFCPROPERTYSINGLEVALUE('Ax',$,IFCLABEL('0.001'),$);
#1980=IFCPROPERTYSINGLEVALUE('Ay',$,IFCLABEL('0.001'),$);
#1981=IFCBEAM('1vTlVD$az1TecPnqnGOqXm',$,$,$,$,#2002,#1992,$,$);
#1982=IFCCARTESIANPOINTLIST2D(((0.,0.),(0.,250.),(6000.,250.),(6000.,0.),(0.,0.)));
#1983=IFCINDEXEDPOLYCURVE(#1982,$,.F.);
#1984=IFCDIRECTION((0.,0.,1.));
#1985=IFCARBITRARYCLOSEDPROFILEDEF(.AREA.,$,#1983);
#1986=IFCCARTESIANPOINT((0.,0.,0.));
#1987=IFCDIRECTION((0.,0.,1.));
#1988=IFCDIRECTION((1.,0.,0.));
#1989=IFCAXIS2PLACEMENT3D(#1986,#1987,#1988);
#1990=IFCEXTRUDEDAREASOLID(#1985,#1989,#1984,-500.);
#1991=IFCSHAPEREPRESENTATION(#11,'Body','SweptSolid',(#1990));
#1992=IFCPRODUCTDEFINITIONSHAPE($,$,(#1991));
#1998=IFCCARTESIANPOINT((6000.,17875.,21000.));
#1999=IFCDIRECTION((0.,0.,1.));
#2000=IFCDIRECTION((1.,0.,0.));
#2001=IFCAXIS2PLACEMENT3D(#1998,#1999,#2000);
#2002=IFCLOCALPLACEMENT($,#2001);
#2003=IFCPROPERTYSET('0cyuw4zaf6Sx_MpeAk6URb',$,'Other',$,(#2005,#2006));
#2004=IFCRELDEFINESBYPROPERTIES('217sBPb9rFTeFnT0WuJgw0',$,$,$,(#1981),#2003);
#2005=IFCPROPERTYSINGLEVALUE('Ax',$,IFCLABEL('0.001'),$);
#2006=IFCPROPERTYSINGLEVALUE('Ay',$,IFCLABEL('0.001'),$);
#2007=IFCBEAM('1j4oiBfv18JQEQSoKqUq6W',$,$,$,$,#2028,#2018,$,$);
#2008=IFCCARTESIANPOINTLIST2D(((0.,0.),(0.,250.),(6000.,250.),(6000.,0.),(0.,0.)));
#2009=IFCINDEXEDPOLYCURVE(#2008,$,.F.);
#2010=IFCDIRECTION((0.,0.,1.));
#2011=IFCARBITRARYCLOSEDPROFILEDEF(.AREA.,$,#2009);
#2012=IFCCARTESIANPOINT((0.,0.,0.));
#2013=IFCDIRECTION((0.,0.,1.));
#2014=IFCDIRECTION((1.,0.,0.));
#2015=IFCAXIS2PLACEMENT3D(#2012,#2013,#2014);
#2016=IFCEXTRUDEDAREASOLID(#2011,#2015,#2010,-500.);
#2017=IFCSHAPEREPRESENTATION(#11,'Body','SweptSolid',(#2016));
#2018=IFCPRODUCTDEFINITIONSHAPE($,$,(#2017));
#2024=IFCCARTESIANPOINT((12000.,17875.,21000.));
#2025=IFCDIRECTION((0.,0.,1.));
#2026=IFCDIRECTION((1.,0.,0.));
#2027=IFCAXIS2PLACEMENT3D(#2024,#2025,#2026);
#2028=IFCLOCALPLACEMENT($,#2027);
#2029=IFCPROPERTYSET('0L1nKfFyH1Jvsjg1GoSRGn',$,'Other',$,(#2031,#2032));
#2030=IFCRELDEFINESBYPROPERTIES('22x70DnH1EWfCuqj_3t_WI',$,$,$,(#2007),#2029);
#2031=IFCPROPERTYSINGLEVALUE('Ax',$,IFCLABEL('0.001'),$);
#2032=IFCPROPERTYSINGLEVALUE('Ay',$,IFCLABEL('0.001'),$);
#2033=IFCBEAM('30xADpn4X1Q8zl7FEo3u2N',$,$,$,$,#2054,#2044,$,$);
#2034=IFCCARTESIANPOINTLIST2D(((0.,0.),(0.,250.),(6000.,250.),(6000.,0.),(0.,0.)));
#2035=IFCINDEXEDPOLYCURVE(#2034,$,.F.);
#2036=IFCDIRECTION((0.,0.,1.));
#2037=IFCARBITRARYCLOSEDPROFILEDEF(.AREA.,$,#2035);
#2038=IFCCARTESIANPOINT((0.,0.,0.));
#2039=IFCDIRECTION((0.,0.,1.));
#2040=IFCDIRECTION((1.,0.,0.));
#2041=IFCAXIS2PLACEMENT3D(#2038,#2039,#2040);
#2042=IFCEXTRUDEDAREASOLID(#2037,#2041,#2036,-500.);
#2043=IFCSHAPEREPRESENTATION(#11,'Body','SweptSolid',(#2042));
#2044=IFCPRODUCTDEFINITIONSHAPE($,$,(#2043));
#2050=IFCCARTESIANPOINT((18000.,17875.,21000.));
#2051=IFCDIRECTION((0.,0.,1.));
#2052=IFCDIRECTION((1.,0.,0.));
#2053=IFCAXIS2PLACEMENT3D(#2050,#2051,#2052);
#2054=IFCLOCALPLACEMENT($,#2053);
#2055=IFCPROPERTYSET('3A60WZyMX8TvLIq6384mwX',$,'Other',$,(#2057,#2058));
#2056=IFCRELDEFINESBYPROPERTIES('2SJtlZw1P0ThvevgzJyizn',$,$,$,(#2033),#2055);
#2057=IFCPROPERTYSINGLEVALUE('Ax',$,IFCLABEL('0.001'),$);
#2058=IFCPROPERTYSINGLEVALUE('Ay',$,IFCLABEL('0.001'),$);
#2059=IFCBEAM('0XpxXwA4T0QBb80bPuYCLj',$,$,$,$,#2080,#2070,$,$);
#2060=IFCCARTESIANPOINTLIST2D(((0.,0.),(0.,250.),(6000.,250.),(6000.,0.),(0.,0.)));
#2061=IFCINDEXEDPOLYCURVE(#2060,$,.F.);
#2062=IFCDIRECTION((0.,0.,1.));
#2063=IFCARBITRARYCLOSEDPROFILEDEF(.AREA.,$,#2061);
#2064=IFCCARTESIANPOINT((0.,0.,0.));
#2065=IFCDIRECTION((0.,0.,1.));
#2066=IFCDIRECTION((1.,0.,0.));
#2067=IFCAXIS2PLACEMENT3D(#2064,#2065,#2066);
#2068=IFCEXTRUDEDAREASOLID(#2063,#2067,#2062,-500.);
#2069=IFCSHAPEREPRESENTATION(#11,'Body','SweptSolid',(#2068));
#2070=IFCPRODUCTDEFINITIONSHAPE($,$,(#2069));
#2076=IFCCARTESIANPOINT((24000.,17875.,21000.));
#2077=IFCDIRECTION((0.,0.,1.));
#2078=IFCDIRECTION((1.,0.,0.));
#2079=IFCAXIS2PLACEMENT3D(#2076,#2077,#2078);
#2080=IFCLOCALPLACEMENT($,#2079);
#2081=IFCPROPERTYSET('19pOhfqXbFCQWsSBEYVlnH',$,'Other',$,(#2083,#2084));
#2082=IFCRELDEFINESBYPROPERTIES('3zbxFWoEv8ah115tAxyD00',$,$,$,(#2059),#2081);
#2083=IFCPROPERTYSINGLEVALUE('Ax',$,IFCLABEL('0.001'),$);
#2084=IFCPROPERTYSINGLEVALUE('Ay',$,IFCLABEL('0.001'),$);
#2085=IFCBEAM('0ayWu__m55lPsJgM0spA$a',$,$,$,$,#2106,#2096,$,$);
#2086=IFCCARTESIANPOINTLIST2D(((0.,0.),(0.,250.),(6000.,250.),(6000.,0.),(0.,0.)));
#2087=IFCINDEXEDPOLYCURVE(#2086,$,.F.);
#2088=IFCDIRECTION((0.,0.,1.));
#2089=IFCARBITRARYCLOSEDPROFILEDEF(.AREA.,$,#2087);
#2090=IFCCARTESIANPOINT((0.,0.,0.));
#2091=IFCDIRECTION((0.,0.,1.));
#2092=IFCDIRECTION((1.,0.,0.));
#2093=IFCAXIS2PLACEMENT3D(#2090,#2091,#2092);
#2094=IFCEXTRUDEDAREASOLID(#2089,#2093,#2088,-400.);
#2095=IFCSHAPEREPRESENTATION(#11,'Body','SweptSolid',(#2094));
#2096=IFCPRODUCTDEFINITIONSHAPE($,$,(#2095));
#2102=IFCCARTESIANPOINT((2875.,18000.,21000.));
#2103=IFCDIRECTION((0.,0.,1.));
#2104=IFCDIRECTION((-1.8369701987210297E-16,-1.,0.));
#2105=IFCAXIS2PLACEMENT3D(#2102,#2103,#2104);
#2106=IFCLOCALPLACEMENT($,#2105);
#2107=IFCPROPERTYSET('2HVzOLJpTDCABLm7uUdofi',$,'Other',$,(#2109,#2110));
#2108=IFCRELDEFINESBYPROPERTIES('2B74eYs7b9mPwOPVCygjey',$,$,$,(#2085),#2107);
#2109=IFCPROPERTYSINGLEVALUE('Ax',$,IFCLABEL('0.001'),$);
#2110=IFCPROPERTYSINGLEVALUE('Ay',$,IFCLABEL('0.001'),$);
#2111=IFCBEAM('1OJAyGGA9ENhYmOg6IJD0I',$,$,$,$,#2132,#2122,$,$);
#2112=IFCCARTESIANPOINTLIST2D(((0.,0.),(0.,250.),(6000.,250.),(6000.,0.),(0.,0.)));
#2113=IFCINDEXEDPOLYCURVE(#2112,$,.F.);
#2114=IFCDIRECTION((0.,0.,1.));
#2115=IFCARBITRARYCLOSEDPROFILEDEF(.AREA.,$,#2113);
#2116=IFCCARTESIANPOINT((0.,0.,0.));
#2117=IFCDIRECTION((0.,0.,1.));
#2118=IFCDIRECTION((1.,0.,0.));
#2119=IFCAXIS2PLACEMENT3D(#2116,#2117,#2118);
#2120=IFCEXTRUDEDAREASOLID(#2115,#2119,#2114,-400.);
#2121=IFCSHAPEREPRESENTATION(#11,'Body','SweptSolid',(#2120));
#2122=IFCPRODUCTDEFINITIONSHAPE($,$,(#2121));
#2128=IFCCARTESIANPOINT((2875.,12000.,21000.));
#2129=IFCDIRECTION((0.,0.,1.));
#2130=IFCDIRECTION((-1.8369701987210297E-16,-1.,0.));
#2131=IFCAXIS2PLACEMENT3D(#2128,#2129,#2130);
#2132=IFCLOCALPLACEMENT($,#2131);
#2133=IFCPROPERTYSET('2FFcxC6gL0398AUC6eTa7R',$,'Other',$,(#2135,#2136));
#2134=IFCRELDEFINESBYPROPERTIES('0i_QdMoB95OOHV6BVPwkWO',$,$,$,(#2111),#2133);
#2135=IFCPROPERTYSINGLEVALUE('Ax',$,IFCLABEL('0.001'),$);
#2136=IFCPROPERTYSINGLEVALUE('Ay',$,IFCLABEL('0.001'),$);
#2137=IFCBEAM('0Bz1CwPRLFOgrda6nGeHE5',$,$,$,$,#2158,#2148,$,$);
#2138=IFCCARTESIANPOINTLIST2D(((0.,0.),(0.,250.),(6000.,250.),(6000.,0.),(0.,0.)));
#2139=IFCINDEXEDPOLYCURVE(#2138,$,.F.);
#2140=IFCDIRECTION((0.,0.,1.));
#2141=IFCARBITRARYCLOSEDPROFILEDEF(.AREA.,$,#2139);
#2142=IFCCARTESIANPOINT((0.,0.,0.));
#2143=IFCDIRECTION((0.,0.,1.));
#2144=IFCDIRECTION((1.,0.,0.));
#2145=IFCAXIS2PLACEMENT3D(#2142,#2143,#2144);
#2146=IFCEXTRUDEDAREASOLID(#2141,#2145,#2140,-400.);
#2147=IFCSHAPEREPRESENTATION(#11,'Body','SweptSolid',(#2146));
#2148=IFCPRODUCTDEFINITIONSHAPE($,$,(#2147));
#2154=IFCCARTESIANPOINT((8875.,18000.,21000.));
#2155=IFCDIRECTION((0.,0.,1.));
#2156=IFCDIRECTION((-1.8369701987210297E-16,-1.,0.));
#2157=IFCAXIS2PLACEMENT3D(#2154,#2155,#2156);
#2158=IFCLOCALPLACEMENT($,#2157);
#2159=IFCPROPERTYSET('2gGdHDxPvEAwh6sOIjnwTM',$,'Other',$,(#2161,#2162));
#2160=IFCRELDEFINESBYPROPERTIES('1wF6BRJZv9rRNkoef6S6zc',$,$,$,(#2137),#2159);
#2161=IFCPROPERTYSINGLEVALUE('Ax',$,IFCLABEL('0.001'),$);
#2162=IFCPROPERTYSINGLEVALUE('Ay',$,IFCLABEL('0.001'),$);
#2163=IFCBEAM('38IJtDY0n1U8qtcOBQgQZJ',$,$,$,$,#2184,#2174,$,$);
#2164=IFCCARTESIANPOINTLIST2D(((0.,0.),(0.,250.),(6000.,250.),(6000.,0.),(0.,0.)));
#2165=IFCINDEXEDPOLYCURVE(#2164,$,.F.);
#2166=IFCDIRECTION((0.,0.,1.));
#2167=IFCARBITRARYCLOSEDPROFILEDEF(.AREA.,$,#2165);
#2168=IFCCARTESIANPOINT((0.,0.,0.));
#2169=IFCDIRECTION((0.,0.,1.));
#2170=IFCDIRECTION((1.,0.,0.));
#2171=IFCAXIS2PLACEMENT3D(#2168,#2169,#2170);
#2172=IFCEXTRUDEDAREASOLID(#2167,#2171,#2166,-400.);
#2173=IFCSHAPEREPRESENTATION(#11,'Body','SweptSolid',(#2172));
#2174=IFCPRODUCTDEFINITIONSHAPE($,$,(#2173));
#2180=IFCCARTESIANPOINT((8875.,12000.,21000.));
#2181=IFCDIRECTION((0.,0.,1.));
#2182=IFCDIRECTION((-1.8369701987210297E-16,-1.,0.));
#2183=IFCAXIS2PLACEMENT3D(#2180,#2181,#2182);
#2184=IFCLOCALPLACEMENT($,#2183);
#2185=IFCPROPERTYSET('0Ia9izVzXFPvELSvaM2vG_',$,'Other',$,(#2187,#2188));
#2186=IFCRELDEFINESBYPROPERTIES('1$PBo2UAX3uwUSBfV24Mqu',$,$,$,(#2163),#2185);
#2187=IFCPROPERTYSINGLEVALUE('Ax',$,IFCLABEL('0.001'),$);
#2188=IFCPROPERTYSINGLEVALUE('Ay',$,IFCLABEL('0.001'),$);
#2189=IFCBEAM('2wegySUsP8kANCwMnMisNp',$,$,$,$,#2210,#2200,$,$);
#2190=IFCCARTESIANPOINTLIST2D(((0.,0.),(0.,250.),(6000.,250.),(6000.,0.),(0.,0.)));
#2191=IFCINDEXEDPOLYCURVE(#2190,$,.F.);
#2192=IFCDIRECTION((0.,0.,1.));
#2193=IFCARBITRARYCLOSEDPROFILEDEF(.AREA.,$,#2191);
#2194=IFCCARTESIANPOINT((0.,0.,0.));
#2195=IFCDIRECTION((0.,0.,1.));
#2196=IFCDIRECTION((1.,0.,0.));
#2197=IFCAXIS2PLACEMENT3D(#2194,#2195,#2196);
#2198=IFCEXTRUDEDAREASOLID(#2193,#2197,#2192,-400.);
#2199=IFCSHAPEREPRESENTATION(#11,'Body','SweptSolid',(#2198));
#2200=IFCPRODUCTDEFINITIONSHAPE($,$,(#2199));
#2206=IFCCARTESIANPOINT((14875.,18000.,21000.));
#2207=IFCDIRECTION((0.,0.,1.));
#2208=IFCDIRECTION((-1.8369701987210297E-16,-1.,0.));
#2209=IFCAXIS2PLACEMENT3D(#2206,#2207,#2208);
#2210=IFCLOCALPLACEMENT($,#2209);
#2211=IFCPROPERTYSET('1xIZ3TOH1F0f6cg6YEcqsn',$,'Other',$,(#2213,#2214));
#2212=IFCRELDEFINESBYPROPERTIES('1BMiJXMFH9eRDQatT_k7Oj',$,$,$,(#2189),#2211);
#2213=IFCPROPERTYSINGLEVALUE('Ax',$,IFCLABEL('0.001'),$);
#2214=IFCPROPERTYSINGLEVALUE('Ay',$,IFCLABEL('0.001'),$);
#2215=IFCBEAM('0z7LmKTrPEgeklW5Q1C$e1',$,$,$,$,#2236,#2226,$,$);
#2216=IFCCARTESIANPOINTLIST2D(((0.,0.),(0.,250.),(6000.,250.),(6000.,0.),(0.,0.)));
#2217=IFCINDEXEDPOLYCURVE(#2216,$,.F.);
#2218=IFCDIRECTION((0.,0.,1.));
#2219=IFCARBITRARYCLOSEDPROFILEDEF(.AREA.,$,#2217);
#2220=IFCCARTESIANPOINT((0.,0.,0.));
#2221=IFCDIRECTION((0.,0.,1.));
#2222=IFCDIRECTION((1.,0.,0.));
#2223=IFCAXIS2PLACEMENT3D(#2220,#2221,#2222);
#2224=IFCEXTRUDEDAREASOLID(#2219,#2223,#2218,-400.);
#2225=IFCSHAPEREPRESENTATION(#11,'Body','SweptSolid',(#2224));
#2226=IFCPRODUCTDEFINITIONSHAPE($,$,(#2225));
#2232=IFCCARTESIANPOINT((14875.,12000.,21000.));
#2233=IFCDIRECTION((0.,0.,1.));
#2234=IFCDIRECTION((-1.8369701987210297E-16,-1.,0.));
#2235=IFCAXIS2PLACEMENT3D(#2232,#2233,#2234);
#2236=IFCLOCALPLACEMENT($,#2235);
#2237=IFCPROPERTYSET('1OGHADFun6v9zHIMhvgizb',$,'Other',$,(#2239,#2240));
#2238=IFCRELDEFINESBYPROPERTIES('2PuR89F9TAARs11aszeX90',$,$,$,(#2215),#2237);
#2239=IFCPROPERTYSINGLEVALUE('Ax',$,IFCLABEL('0.001'),$);
#2240=IFCPROPERTYSINGLEVALUE('Ay',$,IFCLABEL('0.001'),$);
#2241=IFCBEAM('0_E6V08kH0ExWoGr8oBNU4',$,$,$,$,#2262,#2252,$,$);
#2242=IFCCARTESIANPOINTLIST2D(((0.,0.),(0.,250.),(6000.,250.),(6000.,0.),(0.,0.)));
#2243=IFCINDEXEDPOLYCURVE(#2242,$,.F.);
#2244=IFCDIRECTION((0.,0.,1.));
#2245=IFCARBITRARYCLOSEDPROFILEDEF(.AREA.,$,#2243);
#2246=IFCCARTESIANPOINT((0.,0.,0.));
#2247=IFCDIRECTION((0.,0.,1.));
#2248=IFCDIRECTION((1.,0.,0.));
#2249=IFCAXIS2PLACEMENT3D(#2246,#2247,#2248);
#2250=IFCEXTRUDEDAREASOLID(#2245,#2249,#2244,-400.);
#2251=IFCSHAPEREPRESENTATION(#11,'Body','SweptSolid',(#2250));
#2252=IFCPRODUCTDEFINITIONSHAPE($,$,(#2251));
#2258=IFCCARTESIANPOINT((14875.,6000.,21000.));
#2259=IFCDIRECTION((0.,0.,1.));
#2260=IFCDIRECTION((-1.8369701987210297E-16,-1.,0.));
#2261=IFCAXIS2PLACEMENT3D(#2258,#2259,#2260);
#2262=IFCLOCALPLACEMENT($,#2261);
#2263=IFCPROPERTYSET('2qQU9e2pb0qehCLODi4_tK',$,'Other',$,(#2265,#2266));
#2264=IFCRELDEFINESBYPROPERTIES('2qk4xcGFX1ewUF$r174Eiy',$,$,$,(#2241),#2263);
#2265=IFCPROPERTYSINGLEVALUE('Ax',$,IFCLABEL('0.001'),$);
#2266=IFCPROPERTYSINGLEVALUE('Ay',$,IFCLABEL('0.001'),$);
#2267=IFCBEAM('34D8sUAtnA89WlFG2PqqnC',$,$,$,$,#2288,#2278,$,$);
#2268=IFCCARTESIANPOINTLIST2D(((0.,0.),(0.,250.),(6000.,250.),(6000.,0.),(0.,0.)));
#2269=IFCINDEXEDPOLYCURVE(#2268,$,.F.);
#2270=IFCDIRECTION((0.,0.,1.));
#2271=IFCARBITRARYCLOSEDPROFILEDEF(.AREA.,$,#2269);
#2272=IFCCARTESIANPOINT((0.,0.,0.));
#2273=IFCDIRECTION((0.,0.,1.));
#2274=IFCDIRECTION((1.,0.,0.));
#2275=IFCAXIS2PLACEMENT3D(#2272,#2273,#2274);
#2276=IFCEXTRUDEDAREASOLID(#2271,#2275,#2270,-400.);
#2277=IFCSHAPEREPRESENTATION(#11,'Body','SweptSolid',(#2276));
#2278=IFCPRODUCTDEFINITIONSHAPE($,$,(#2277));
#2284=IFCCARTESIANPOINT((20875.,18000.,21000.));
#2285=IFCDIRECTION((0.,0.,1.));
#2286=IFCDIRECTION((-1.8369701987210297E-16,-1.,0.));
#2287=IFCAXIS2PLACEMENT3D(#2284,#2285,#2286);
#2288=IFCLOCALPLACEMENT($,#2287);
#2289=IFCPROPERTYSET('04EZiGTw1BL9IGyguWntmN',$,'Other',$,(#2291,#2292));
#2290=IFCRELDEFINESBYPROPERTIES('0JtXdnV0P5AfpYt4TRzVru',$,$,$,(#2267),#2289);
#2291=IFCPROPERTYSINGLEVALUE('Ax',$,IFCLABEL('0.001'),$);
#2292=IFCPROPERTYSINGLEVALUE('Ay',$,IFCLABEL('0.001'),$);
#2293=IFCBEAM('3Vnx30tIz5guuAooq_Hoxx',$,$,$,$,#2314,#2304,$,$);
#2294=IFCCARTESIANPOINTLIST2D(((0.,0.),(0.,250.),(6000.,250.),(6000.,0.),(0.,0.)));
#2295=IFCINDEXEDPOLYCURVE(#2294,$,.F.);
#2296=IFCDIRECTION((0.,0.,1.));
#2297=IFCARBITRARYCLOSEDPROFILEDEF(.AREA.,$,#2295);
#2298=IFCCARTESIANPOINT((0.,0.,0.));
#2299=IFCDIRECTION((0.,0.,1.));
#2300=IFCDIRECTION((1.,0.,0.));
#2301=IFCAXIS2PLACEMENT3D(#2298,#2299,#2300);
#2302=IFCEXTRUDEDAREASOLID(#2297,#2301,#2296,-400.);
#2303=IFCSHAPEREPRESENTATION(#11,'Body','SweptSolid',(#2302));
#2304=IFCPRODUCTDEFINITIONSHAPE($,$,(#2303));
#2310=IFCCARTESIANPOINT((20875.,12000.,21000.));
#2311=IFCDIRECTION((0.,0.,1.));
#2312=IFCDIRECTION((-1.8369701987210297E-16,-1.,0.));
#2313=IFCAXIS2PLACEMENT3D(#2310,#2311,#2312);
#2314=IFCLOCALPLACEMENT($,#2313);
#2315=IFCPROPERTYSET('1fCwv6LeHFn9sMi$UL5lIt',$,'Other',$,(#2317,#2318));
#2316=IFCRELDEFINESBYPROPERTIES('3O35rWo4jEpAd0ENmmXbFm',$,$,$,(#2293),#2315);
#2317=IFCPROPERTYSINGLEVALUE('Ax',$,IFCLABEL('0.001'),$);
#2318=IFCPROPERTYSINGLEVALUE('Ay',$,IFCLABEL('0.001'),$);
#2319=IFCBEAM('1pcBSqwv59Vg8yZ$6hSwhk',$,$,$,$,#2340,#2330,$,$);
#2320=IFCCARTESIANPOINTLIST2D(((0.,0.),(0.,250.),(6000.,250.),(6000.,0.),(0.,0.)));
#2321=IFCINDEXEDPOLYCURVE(#2320,$,.F.);
#2322=IFCDIRECTION((0.,0.,1.));
#2323=IFCARBITRARYCLOSEDPROFILEDEF(.AREA.,$,#2321);
#2324=IFCCARTESIANPOINT((0.,0.,0.));
#2325=IFCDIRECTION((0.,0.,1.));
#2326=IFCDIRECTION((1.,0.,0.));
#2327=IFCAXIS2PLACEMENT3D(#2324,#2325,#2326);
#2328=IFCEXTRUDEDAREASOLID(#2323,#2327,#2322,-400.);
#2329=IFCSHAPEREPRESENTATION(#11,'Body','SweptSolid',(#2328));
#2330=IFCPRODUCTDEFINITIONSHAPE($,$,(#2329));
#2336=IFCCARTESIANPOINT((20875.,6000.,21000.));
#2337=IFCDIRECTION((0.,0.,1.));
#2338=IFCDIRECTION((-1.8369701987210297E-16,-1.,0.));
#2339=IFCAXIS2PLACEMENT3D(#2336,#2337,#2338);
#2340=IFCLOCALPLACEMENT($,#2339);
#2341=IFCPROPERTYSET('0wWSn4Yj54Yg0Jxxz3pB5T',$,'Other',$,(#2343,#2344));
#2342=IFCRELDEFINESBYPROPERTIES('1D$EtjlmL1UA4QKX1eAc_m',$,$,$,(#2319),#2341);
#2343=IFCPROPERTYSINGLEVALUE('Ax',$,IFCLABEL('0.001'),$);
#2344=IFCPROPERTYSINGLEVALUE('Ay',$,IFCLABEL('0.001'),$);
#2345=IFCBEAM('391vrK7zzDSuE4zo6DuPKz',$,$,$,$,#2366,#2356,$,$);
#2346=IFCCARTESIANPOINTLIST2D(((0.,0.),(0.,250.),(6000.,250.),(6000.,0.),(0.,0.)));
#2347=IFCINDEXEDPOLYCURVE(#2346,$,.F.);
#2348=IFCDIRECTION((0.,0.,1.));
#2349=IFCARBITRARYCLOSEDPROFILEDEF(.AREA.,$,#2347);
#2350=IFCCARTESIANPOINT((0.,0.,0.));
#2351=IFCDIRECTION((0.,0.,1.));
#2352=IFCDIRECTION((1.,0.,0.));
#2353=IFCAXIS2PLACEMENT3D(#2350,#2351,#2352);
#2354=IFCEXTRUDEDAREASOLID(#2349,#2353,#2348,-400.);
#2355=IFCSHAPEREPRESENTATION(#11,'Body','SweptSolid',(#2354));
#2356=IFCPRODUCTDEFINITIONSHAPE($,$,(#2355));
#2362=IFCCARTESIANPOINT((26875.,18000.,21000.));
#2363=IFCDIRECTION((0.,0.,1.));
#2364=IFCDIRECTION((-1.8369701987210297E-16,-1.,0.));
#2365=IFCAXIS2PLACEMENT3D(#2362,#2363,#2364);
#2366=IFCLOCALPLACEMENT($,#2365);
#2367=IFCPROPERTYSET('2mYtIeF7T60OFHPVidvF4P',$,'Other',$,(#2369,#2370));
#2368=IFCRELDEFINESBYPROPERTIES('0PkdngXav4c8FXBlFN6voc',$,$,$,(#2345),#2367);
#2369=IFCPROPERTYSINGLEVALUE('Ax',$,IFCLABEL('0.001'),$);
#2370=IFCPROPERTYSINGLEVALUE('Ay',$,IFCLABEL('0.001'),$);
#2371=IFCBEAM('13QdxzP0j7F9rSECH7l1gW',$,$,$,$,#2392,#2382,$,$);
#2372=IFCCARTESIANPOINTLIST2D(((0.,0.),(0.,250.),(6000.,250.),(6000.,0.),(0.,0.)));
#2373=IFCINDEXEDPOLYCURVE(#2372,$,.F.);
#2374=IFCDIRECTION((0.,0.,1.));
#2375=IFCARBITRARYCLOSEDPROFILEDEF(.AREA.,$,#2373);
#2376=IFCCARTESIANPOINT((0.,0.,0.));
#2377=IFCDIRECTION((0.,0.,1.));
#2378=IFCDIRECTION((1.,0.,0.));
#2379=IFCAXIS2PLACEMENT3D(#2376,#2377,#2378);
#2380=IFCEXTRUDEDAREASOLID(#2375,#2379,#2374,-400.);
#2381=IFCSHAPEREPRESENTATION(#11,'Body','SweptSolid',(#2380));
#2382=IFCPRODUCTDEFINITIONSHAPE($,$,(#2381));
#2388=IFCCARTESIANPOINT((8875.,6000.,21000.));
#2389=IFCDIRECTION((0.,0.,1.));
#2390=IFCDIRECTION((-1.8369701987210297E-16,-1.,0.));
#2391=IFCAXIS2PLACEMENT3D(#2388,#2389,#2390);
#2392=IFCLOCALPLACEMENT($,#2391);
#2393=IFCPROPERTYSET('2Y_BUwx1v29vQNHPgrz298',$,'Other',$,(#2395,#2396));
#2394=IFCRELDEFINESBYPROPERTIES('0IwizEfMn7WfJmaNfZnKCe',$,$,$,(#2371),#2393);
#2395=IFCPROPERTYSINGLEVALUE('Ax',$,IFCLABEL('0.001'),$);
#2396=IFCPROPERTYSINGLEVALUE('Ay',$,IFCLABEL('0.001'),$);
#2397=IFCBEAM('30rtEVgOb94RKFwKDl5pQs',$,$,$,$,#2418,#2408,$,$);
#2398=IFCCARTESIANPOINTLIST2D(((0.,0.),(0.,250.),(6000.,250.),(6000.,0.),(0.,0.)));
#2399=IFCINDEXEDPOLYCURVE(#2398,$,.F.);
#2400=IFCDIRECTION((0.,0.,1.));
#2401=IFCARBITRARYCLOSEDPROFILEDEF(.AREA.,$,#2399);
#2402=IFCCARTESIANPOINT((0.,0.,0.));
#2403=IFCDIRECTION((0.,0.,1.));
#2404=IFCDIRECTION((1.,0.,0.));
#2405=IFCAXIS2PLACEMENT3D(#2402,#2403,#2404);
#2406=IFCEXTRUDEDAREASOLID(#2401,#2405,#2400,-400.);
#2407=IFCSHAPEREPRESENTATION(#11,'Body','SweptSolid',(#2406));
#2408=IFCPRODUCTDEFINITIONSHAPE($,$,(#2407));
#2414=IFCCARTESIANPOINT((2875.,6000.,21000.));
#2415=IFCDIRECTION((0.,0.,1.));
#2416=IFCDIRECTION((-1.8369701987210297E-16,-1.,0.));
#2417=IFCAXIS2PLACEMENT3D(#2414,#2415,#2416);
#2418=IFCLOCALPLACEMENT($,#2417);
#2419=IFCPROPERTYSET('3Wu2J00FP9Uv4Z2FvUQmui',$,'Other',$,(#2421,#2422));
#2420=IFCRELDEFINESBYPROPERTIES('25nvdkLn9D1BZXjA46zSX_',$,$,$,(#2397),#2419);
#2421=IFCPROPERTYSINGLEVALUE('Ax',$,IFCLABEL('0.001'),$);
#2422=IFCPROPERTYSINGLEVALUE('Ay',$,IFCLABEL('0.001'),$);
#2423=IFCBEAM('2lyy6i_hH4P8rHa8DydWPL',$,$,$,$,#2444,#2434,$,$);
#2424=IFCCARTESIANPOINTLIST2D(((0.,0.),(0.,250.),(6000.,250.),(6000.,0.),(0.,0.)));
#2425=IFCINDEXEDPOLYCURVE(#2424,$,.F.);
#2426=IFCDIRECTION((0.,0.,1.));
#2427=IFCARBITRARYCLOSEDPROFILEDEF(.AREA.,$,#2425);
#2428=IFCCARTESIANPOINT((0.,0.,0.));
#2429=IFCDIRECTION((0.,0.,1.));
#2430=IFCDIRECTION((1.,0.,0.));
#2431=IFCAXIS2PLACEMENT3D(#2428,#2429,#2430);
#2432=IFCEXTRUDEDAREASOLID(#2427,#2431,#2426,-400.);
#2433=IFCSHAPEREPRESENTATION(#11,'Body','SweptSolid',(#2432));
#2434=IFCPRODUCTDEFINITIONSHAPE($,$,(#2433));
#2440=IFCCARTESIANPOINT((26875.,12000.,21000.));
#2441=IFCDIRECTION((0.,0.,1.));
#2442=IFCDIRECTION((-1.8369701987210297E-16,-1.,0.));
#2443=IFCAXIS2PLACEMENT3D(#2440,#2441,#2442);
#2444=IFCLOCALPLACEMENT($,#2443);
#2445=IFCPROPERTYSET('3pgdF7a_HDVusm0UtiZpn5',$,'Other',$,(#2447,#2448));
#2446=IFCRELDEFINESBYPROPERTIES('20YaVnQkP019fbrtYN5G_L',$,$,$,(#2423),#2445);
#2447=IFCPROPERTYSINGLEVALUE('Ax',$,IFCLABEL('0.001'),$);
#2448=IFCPROPERTYSINGLEVALUE('Ay',$,IFCLABEL('0.001'),$);
#2449=IFCBEAM('23c4IqcJf6AehAxyloDBWu',$,$,$,$,#2470,#2460,$,$);
#2450=IFCCARTESIANPOINTLIST2D(((0.,0.),(0.,250.),(6000.,250.),(6000.,0.),(0.,0.)));
#2451=IFCINDEXEDPOLYCURVE(#2450,$,.F.);
#2452=IFCDIRECTION((0.,0.,1.));
#2453=IFCARBITRARYCLOSEDPROFILEDEF(.AREA.,$,#2451);
#2454=IFCCARTESIANPOINT((0.,0.,0.));
#2455=IFCDIRECTION((0.,0.,1.));
#2456=IFCDIRECTION((1.,0.,0.));
#2457=IFCAXIS2PLACEMENT3D(#2454,#2455,#2456);
#2458=IFCEXTRUDEDAREASOLID(#2453,#2457,#2452,-400.);
#2459=IFCSHAPEREPRESENTATION(#11,'Body','SweptSolid',(#2458));
#2460=IFCPRODUCTDEFINITIONSHAPE($,$,(#2459));
#2466=IFCCARTESIANPOINT((26875.,6000.,21000.));
#2467=IFCDIRECTION((0.,0.,1.));
#2468=IFCDIRECTION((-1.8369701987210297E-16,-1.,0.));
#2469=IFCAXIS2PLACEMENT3D(#2466,#2467,#2468);
#2470=IFCLOCALPLACEMENT($,#2469);
#2471=IFCPROPERTYSET('3p6j1i_nbFnfwxKV$UVaYC',$,'Other',$,(#2473,#2474));
#2472=IFCRELDEFINESBYPROPERTIES('3e3IbVcuv2uufztXefWRHz',$,$,$,(#2449),#2471);
#2473=IFCPROPERTYSINGLEVALUE('Ax',$,IFCLABEL('0.001'),$);
#2474=IFCPROPERTYSINGLEVALUE('Ay',$,IFCLABEL('0.001'),$);
#2475=IFCBEAM('3adyilx9j5j9edNpxyeJ1V',$,$,$,$,#2496,#2486,$,$);
#2476=IFCCARTESIANPOINTLIST2D(((0.,0.),(0.,250.),(6000.,250.),(6000.,0.),(0.,0.)));
#2477=IFCINDEXEDPOLYCURVE(#2476,$,.F.);
#2478=IFCDIRECTION((0.,0.,1.));
#2479=IFCARBITRARYCLOSEDPROFILEDEF(.AREA.,$,#2477);
#2480=IFCCARTESIANPOINT((0.,0.,0.));
#2481=IFCDIRECTION((0.,0.,1.));
#2482=IFCDIRECTION((1.,0.,0.));
#2483=IFCAXIS2PLACEMENT3D(#2480,#2481,#2482);
#2484=IFCEXTRUDEDAREASOLID(#2479,#2483,#2478,-500.);
#2485=IFCSHAPEREPRESENTATION(#11,'Body','SweptSolid',(#2484));
#2486=IFCPRODUCTDEFINITIONSHAPE($,$,(#2485));
#2492=IFCCARTESIANPOINT((125.,6000.,18000.));
#2493=IFCDIRECTION((0.,0.,1.));
#2494=IFCDIRECTION((6.123233995736766E-17,1.,0.));
#2495=IFCAXIS2PLACEMENT3D(#2492,#2493,#2494);
#2496=IFCLOCALPLACEMENT($,#2495);
#2497=IFCPROPERTYSET('31tM7A9I174O$9Vs5co7tl',$,'Other',$,(#2499,#2500));
#2498=IFCRELDEFINESBYPROPERTIES('10rraBt2b9Kv$Ir9RqM5hK',$,$,$,(#2475),#2497);
#2499=IFCPROPERTYSINGLEVALUE('Ax',$,IFCLABEL('0.001'),$);
#2500=IFCPROPERTYSINGLEVALUE('Ay',$,IFCLABEL('0.001'),$);
#2501=IFCBEAM('2p_u_ytpn4kwKNLhl5jcSG',$,$,$,$,#2522,#2512,$,$);
#2502=IFCCARTESIANPOINTLIST2D(((0.,0.),(0.,250.),(6000.,250.),(6000.,0.),(0.,0.)));
#2503=IFCINDEXEDPOLYCURVE(#2502,$,.F.);
#2504=IFCDIRECTION((0.,0.,1.));
#2505=IFCARBITRARYCLOSEDPROFILEDEF(.AREA.,$,#2503);
#2506=IFCCARTESIANPOINT((0.,0.,0.));
#2507=IFCDIRECTION((0.,0.,1.));
#2508=IFCDIRECTION((1.,0.,0.));
#2509=IFCAXIS2PLACEMENT3D(#2506,#2507,#2508);
#2510=IFCEXTRUDEDAREASOLID(#2505,#2509,#2504,-500.);
#2511=IFCSHAPEREPRESENTATION(#11,'Body','SweptSolid',(#2510));
#2512=IFCPRODUCTDEFINITIONSHAPE($,$,(#2511));
#2518=IFCCARTESIANPOINT((125.,12000.,18000.));
#2519=IFCDIRECTION((0.,0.,1.));
#2520=IFCDIRECTION((6.123233995736766E-17,1.,0.));
#2521=IFCAXIS2PLACEMENT3D(#2518,#2519,#2520);
#2522=IFCLOCALPLACEMENT($,#2521);
#2523=IFCPROPERTYSET('1zGOX0mAP1BeWdQfqeVOfD',$,'Other',$,(#2525,#2526));
#2524=IFCRELDEFINESBYPROPERTIES('1pVVL8B4n9Th7SSVZEHKeX',$,$,$,(#2501),#2523);
#2525=IFCPROPERTYSINGLEVALUE('Ax',$,IFCLABEL('0.001'),$);
#2526=IFCPROPERTYSINGLEVALUE('Ay',$,IFCLABEL('0.001'),$);
#2527=IFCBEAM('2EVPfz0Of9pAnaPxMmt841',$,$,$,$,#2548,#2538,$,$);
#2528=IFCCARTESIANPOINTLIST2D(((0.,0.),(0.,250.),(6000.,250.),(6000.,0.),(0.,0.)));
#2529=IFCINDEXEDPOLYCURVE(#2528,$,.F.);
#2530=IFCDIRECTION((0.,0.,1.));
#2531=IFCARBITRARYCLOSEDPROFILEDEF(.AREA.,$,#2529);
#2532=IFCCARTESIANPOINT((0.,0.,0.));
#2533=IFCDIRECTION((0.,0.,1.));
#2534=IFCDIRECTION((1.,0.,0.));
#2535=IFCAXIS2PLACEMENT3D(#2532,#2533,#2534);
#2536=IFCEXTRUDEDAREASOLID(#2531,#2535,#2530,-500.);
#2537=IFCSHAPEREPRESENTATION(#11,'Body','SweptSolid',(#2536));
#2538=IFCPRODUCTDEFINITIONSHAPE($,$,(#2537));
#2544=IFCCARTESIANPOINT((6125.,6000.,18000.));
#2545=IFCDIRECTION((0.,0.,1.));
#2546=IFCDIRECTION((6.123233995736766E-17,1.,0.));
#2547=IFCAXIS2PLACEMENT3D(#2544,#2545,#2546);
#2548=IFCLOCALPLACEMENT($,#2547);
#2549=IFCPROPERTYSET('2x_lXEWhbAURycjjWM3UGY',$,'Other',$,(#2551,#2552));
#2550=IFCRELDEFINESBYPROPERTIES('0_0yCsnxrFZO05kyaS7bWk',$,$,$,(#2527),#2549);
#2551=IFCPROPERTYSINGLEVALUE('Ax',$,IFCLABEL('0.001'),$);
#2552=IFCPROPERTYSINGLEVALUE('Ay',$,IFCLABEL('0.001'),$);
#2553=IFCBEAM('3UenigNnH5cPov$x50s_yN',$,$,$,$,#2574,#2564,$,$);
#2554=IFCCARTESIANPOINTLIST2D(((0.,0.),(0.,250.),(6000.,250.),(6000.,0.),(0.,0.)));
#2555=IFCINDEXEDPOLYCURVE(#2554,$,.F.);
#2556=IFCDIRECTION((0.,0.,1.));
#2557=IFCARBITRARYCLOSEDPROFILEDEF(.AREA.,$,#2555);
#2558=IFCCARTESIANPOINT((0.,0.,0.));
#2559=IFCDIRECTION((0.,0.,1.));
#2560=IFCDIRECTION((1.,0.,0.));
#2561=IFCAXIS2PLACEMENT3D(#2558,#2559,#2560);
#2562=IFCEXTRUDEDAREASOLID(#2557,#2561,#2556,-500.);
#2563=IFCSHAPEREPRESENTATION(#11,'Body','SweptSolid',(#2562));
#2564=IFCPRODUCTDEFINITIONSHAPE($,$,(#2563));
#2570=IFCCARTESIANPOINT((6125.,12000.,18000.));
#2571=IFCDIRECTION((0.,0.,1.));
#2572=IFCDIRECTION((6.123233995736766E-17,1.,0.));
#2573=IFCAXIS2PLACEMENT3D(#2570,#2571,#2572);
#2574=IFCLOCALPLACEMENT($,#2573);
#2575=IFCPROPERTYSET('33eb_cFXH21wCr4wJlrEdQ',$,'Other',$,(#2577,#2578));
#2576=IFCRELDEFINESBYPROPERTIES('2LmTQ_Mo57EgDfOs_PyBTr',$,$,$,(#2553),#2575);
#2577=IFCPROPERTYSINGLEVALUE('Ax',$,IFCLABEL('0.001'),$);
#2578=IFCPROPERTYSINGLEVALUE('Ay',$,IFCLABEL('0.001'),$);
#2579=IFCBEAM('0WX31UvxfCte4z31n4mlSp',$,$,$,$,#2600,#2590,$,$);
#2580=IFCCARTESIANPOINTLIST2D(((0.,0.),(0.,250.),(6000.,250.),(6000.,0.),(0.,0.)));
#2581=IFCINDEXEDPOLYCURVE(#2580,$,.F.);
#2582=IFCDIRECTION((0.,0.,1.));
#2583=IFCARBITRARYCLOSEDPROFILEDEF(.AREA.,$,#2581);
#2584=IFCCARTESIANPOINT((0.,0.,0.));
#2585=IFCDIRECTION((0.,0.,1.));
#2586=IFCDIRECTION((1.,0.,0.));
#2587=IFCAXIS2PLACEMENT3D(#2584,#2585,#2586);
#2588=IFCEXTRUDEDAREASOLID(#2583,#2587,#2582,-500.);
#2589=IFCSHAPEREPRESENTATION(#11,'Body','SweptSolid',(#2588));
#2590=IFCPRODUCTDEFINITIONSHAPE($,$,(#2589));
#2596=IFCCARTESIANPOINT((12125.,-7.6540424946709578E-15,18000.));
#2597=IFCDIRECTION((0.,0.,1.));
#2598=IFCDIRECTION((6.123233995736766E-17,1.,0.));
#2599=IFCAXIS2PLACEMENT3D(#2596,#2597,#2598);
#2600=IFCLOCALPLACEMENT($,#2599);
#2601=IFCPROPERTYSET('3L54AdNET5iukYo6alWvmz',$,'Other',$,(#2603,#2604));
#2602=IFCRELDEFINESBYPROPERTIES('1jsIWZY611KP25dlnfCzeV',$,$,$,(#2579),#2601);
#2603=IFCPROPERTYSINGLEVALUE('Ax',$,IFCLABEL('0.001'),$);
#2604=IFCPROPERTYSINGLEVALUE('Ay',$,IFCLABEL('0.001'),$);
#2605=IFCBEAM('2KBEN_ld1D2QCSqbEwSKDR',$,$,$,$,#2626,#2616,$,$);
#2606=IFCCARTESIANPOINTLIST2D(((0.,0.),(0.,250.),(6000.,250.),(6000.,0.),(0.,0.)));
#2607=IFCINDEXEDPOLYCURVE(#2606,$,.F.);
#2608=IFCDIRECTION((0.,0.,1.));
#2609=IFCARBITRARYCLOSEDPROFILEDEF(.AREA.,$,#2607);
#2610=IFCCARTESIANPOINT((0.,0.,0.));
#2611=IFCDIRECTION((0.,0.,1.));
#2612=IFCDIRECTION((1.,0.,0.));
#2613=IFCAXIS2PLACEMENT3D(#2610,#2611,#2612);
#2614=IFCEXTRUDEDAREASOLID(#2609,#2613,#2608,-500.);
#2615=IFCSHAPEREPRESENTATION(#11,'Body','SweptSolid',(#2614));
#2616=IFCPRODUCTDEFINITIONSHAPE($,$,(#2615));
#2622=IFCCARTESIANPOINT((12125.,6000.,18000.));
#2623=IFCDIRECTION((0.,0.,1.));
#2624=IFCDIRECTION((6.123233995736766E-17,1.,0.));
#2625=IFCAXIS2PLACEMENT3D(#2622,#2623,#2624);
#2626=IFCLOCALPLACEMENT($,#2625);
#2627=IFCPROPERTYSET('20t4PZLXn3E8FRZ35wCLxI',$,'Other',$,(#2629,#2630));
#2628=IFCRELDEFINESBYPROPERTIES('0TEcp8RQv28fN3Sv9VYLCr',$,$,$,(#2605),#2627);
#2629=IFCPROPERTYSINGLEVALUE('Ax',$,IFCLABEL('0.001'),$);
#2630=IFCPROPERTYSINGLEVALUE('Ay',$,IFCLABEL('0.001'),$);
#2631=IFCBEAM('3eksu3Uj1CxhLR9OvH6p1B',$,$,$,$,#2652,#2642,$,$);
#2632=IFCCARTESIANPOINTLIST2D(((0.,0.),(0.,250.),(6000.,250.),(6000.,0.),(0.,0.)));
#2633=IFCINDEXEDPOLYCURVE(#2632,$,.F.);
#2634=IFCDIRECTION((0.,0.,1.));
#2635=IFCARBITRARYCLOSEDPROFILEDEF(.AREA.,$,#2633);
#2636=IFCCARTESIANPOINT((0.,0.,0.));
#2637=IFCDIRECTION((0.,0.,1.));
#2638=IFCDIRECTION((1.,0.,0.));
#2639=IFCAXIS2PLACEMENT3D(#2636,#2637,#2638);
#2640=IFCEXTRUDEDAREASOLID(#2635,#2639,#2634,-500.);
#2641=IFCSHAPEREPRESENTATION(#11,'Body','SweptSolid',(#2640));
#2642=IFCPRODUCTDEFINITIONSHAPE($,$,(#2641));
#2648=IFCCARTESIANPOINT((12125.,12000.,18000.));
#2649=IFCDIRECTION((0.,0.,1.));
#2650=IFCDIRECTION((6.123233995736766E-17,1.,0.));
#2651=IFCAXIS2PLACEMENT3D(#2648,#2649,#2650);
#2652=IFCLOCALPLACEMENT($,#2651);
#2653=IFCPROPERTYSET('2xK4Y56dT4DhO9qgsJpa7F',$,'Other',$,(#2655,#2656));
#2654=IFCRELDEFINESBYPROPERTIES('1AONTn3e9A1QvoSagdfo8O',$,$,$,(#2631),#2653);
#2655=IFCPROPERTYSINGLEVALUE('Ax',$,IFCLABEL('0.001'),$);
#2656=IFCPROPERTYSINGLEVALUE('Ay',$,IFCLABEL('0.001'),$);
#2657=IFCBEAM('178CyEtJP6PO5eknJYuzKb',$,$,$,$,#2678,#2668,$,$);
#2658=IFCCARTESIANPOINTLIST2D(((0.,0.),(0.,250.),(6000.,250.),(6000.,0.),(0.,0.)));
#2659=IFCINDEXEDPOLYCURVE(#2658,$,.F.);
#2660=IFCDIRECTION((0.,0.,1.));
#2661=IFCARBITRARYCLOSEDPROFILEDEF(.AREA.,$,#2659);
#2662=IFCCARTESIANPOINT((0.,0.,0.));
#2663=IFCDIRECTION((0.,0.,1.));
#2664=IFCDIRECTION((1.,0.,0.));
#2665=IFCAXIS2PLACEMENT3D(#2662,#2663,#2664);
#2666=IFCEXTRUDEDAREASOLID(#2661,#2665,#2660,-500.);
#2667=IFCSHAPEREPRESENTATION(#11,'Body','SweptSolid',(#2666));
#2668=IFCPRODUCTDEFINITIONSHAPE($,$,(#2667));
#2674=IFCCARTESIANPOINT((18125.,-7.6540424946709578E-15,18000.));
#2675=IFCDIRECTION((0.,0.,1.));
#2676=IFCDIRECTION((6.123233995736766E-17,1.,0.));
#2677=IFCAXIS2PLACEMENT3D(#2674,#2675,#2676);
#2678=IFCLOCALPLACEMENT($,#2677);
#2679=IFCPROPERTYSET('1hUCHi_057tesNhGXnDb3l',$,'Other',$,(#2681,#2682));
#2680=IFCRELDEFINESBYPROPERTIES('0EpLXyGi9EMgMd_QHg8LWd',$,$,$,(#2657),#2679);
#2681=IFCPROPERTYSINGLEVALUE('Ax',$,IFCLABEL('0.001'),$);
#2682=IFCPROPERTYSINGLEVALUE('Ay',$,IFCLABEL('0.001'),$);
#2683=IFCBEAM('2x0v5piGrCCxJHOwCDUQKr',$,$,$,$,#2704,#2694,$,$);
#2684=IFCCARTESIANPOINTLIST2D(((0.,0.),(0.,250.),(6000.,250.),(6000.,0.),(0.,0.)));
#2685=IFCINDEXEDPOLYCURVE(#2684,$,.F.);
#2686=IFCDIRECTION((0.,0.,1.));
#2687=IFCARBITRARYCLOSEDPROFILEDEF(.AREA.,$,#2685);
#2688=IFCCARTESIANPOINT((0.,0.,0.));
#2689=IFCDIRECTION((0.,0.,1.));
#2690=IFCDIRECTION((1.,0.,0.));
#2691=IFCAXIS2PLACEMENT3D(#2688,#2689,#2690);
#2692=IFCEXTRUDEDAREASOLID(#2687,#2691,#2686,-500.);
#2693=IFCSHAPEREPRESENTATION(#11,'Body','SweptSolid',(#2692));
#2694=IFCPRODUCTDEFINITIONSHAPE($,$,(#2693));
#2700=IFCCARTESIANPOINT((18125.,6000.,18000.));
#2701=IFCDIRECTION((0.,0.,1.));
#2702=IFCDIRECTION((6.123233995736766E-17,1.,0.));
#2703=IFCAXIS2PLACEMENT3D(#2700,#2701,#2702);
#2704=IFCLOCALPLACEMENT($,#2703);
#2705=IFCPROPERTYSET('2XayX_UL56q9_Kxahmd6Rx',$,'Other',$,(#2707,#2708));
#2706=IFCRELDEFINESBYPROPERTIES('1YXCkWg_rAhQXESzIa3xdF',$,$,$,(#2683),#2705);
#2707=IFCPROPERTYSINGLEVALUE('Ax',$,IFCLABEL('0.001'),$);
#2708=IFCPROPERTYSINGLEVALUE('Ay',$,IFCLABEL('0.001'),$);
#2709=IFCBEAM('0tjU0coUPAZedl0vZ12xYu',$,$,$,$,#2730,#2720,$,$);
#2710=IFCCARTESIANPOINTLIST2D(((0.,0.),(0.,250.),(6000.,250.),(6000.,0.),(0.,0.)));
#2711=IFCINDEXEDPOLYCURVE(#2710,$,.F.);
#2712=IFCDIRECTION((0.,0.,1.));
#2713=IFCARBITRARYCLOSEDPROFILEDEF(.AREA.,$,#2711);
#2714=IFCCARTESIANPOINT((0.,0.,0.));
#2715=IFCDIRECTION((0.,0.,1.));
#2716=IFCDIRECTION((1.,0.,0.));
#2717=IFCAXIS2PLACEMENT3D(#2714,#2715,#2716);
#2718=IFCEXTRUDEDAREASOLID(#2713,#2717,#2712,-500.);
#2719=IFCSHAPEREPRESENTATION(#11,'Body','SweptSolid',(#2718));
#2720=IFCPRODUCTDEFINITIONSHAPE($,$,(#2719));
#2726=IFCCARTESIANPOINT((18125.,12000.,18000.));
#2727=IFCDIRECTION((0.,0.,1.));
#2728=IFCDIRECTION((6.123233995736766E-17,1.,0.));
#2729=IFCAXIS2PLACEMENT3D(#2726,#2727,#2728);
#2730=IFCLOCALPLACEMENT($,#2729);
#2731=IFCPROPERTYSET('1nc6Z9_YLBW8zd03QHu7Pl',$,'Other',$,(#2733,#2734));
#2732=IFCRELDEFINESBYPROPERTIES('00W9miTI9CnfXIE8KRmQGy',$,$,$,(#2709),#2731);
#2733=IFCPROPERTYSINGLEVALUE('Ax',$,IFCLABEL('0.001'),$);
#2734=IFCPROPERTYSINGLEVALUE('Ay',$,IFCLABEL('0.001'),$);
#2735=IFCBEAM('2Z1YWpSyvAaAQ_N1EJQUCC',$,$,$,$,#2756,#2746,$,$);
#2736=IFCCARTESIANPOINTLIST2D(((0.,0.),(0.,250.),(6000.,250.),(6000.,0.),(0.,0.)));
#2737=IFCINDEXEDPOLYCURVE(#2736,$,.F.);
#2738=IFCDIRECTION((0.,0.,1.));
#2739=IFCARBITRARYCLOSEDPROFILEDEF(.AREA.,$,#2737);
#2740=IFCCARTESIANPOINT((0.,0.,0.));
#2741=IFCDIRECTION((0.,0.,1.));
#2742=IFCDIRECTION((1.,0.,0.));
#2743=IFCAXIS2PLACEMENT3D(#2740,#2741,#2742);
#2744=IFCEXTRUDEDAREASOLID(#2739,#2743,#2738,-500.);
#2745=IFCSHAPEREPRESENTATION(#11,'Body','SweptSolid',(#2744));
#2746=IFCPRODUCTDEFINITIONSHAPE($,$,(#2745));
#2752=IFCCARTESIANPOINT((24125.,-7.6540424946709578E-15,18000.));
#2753=IFCDIRECTION((0.,0.,1.));
#2754=IFCDIRECTION((6.123233995736766E-17,1.,0.));
#2755=IFCAXIS2PLACEMENT3D(#2752,#2753,#2754);
#2756=IFCLOCALPLACEMENT($,#2755);
#2757=IFCPROPERTYSET('2WGF41y9LFUQyjS0f488y0',$,'Other',$,(#2759,#2760));
#2758=IFCRELDEFINESBYPROPERTIES('1N1E8Ct411o8as_AnFUfa7',$,$,$,(#2735),#2757);
#2759=IFCPROPERTYSINGLEVALUE('Ax',$,IFCLABEL('0.001'),$);
#2760=IFCPROPERTYSINGLEVALUE('Ay',$,IFCLABEL('0.001'),$);
#2761=IFCBEAM('3KiZcpo_b2KA6oxSb5vryU',$,$,$,$,#2782,#2772,$,$);
#2762=IFCCARTESIANPOINTLIST2D(((0.,0.),(0.,250.),(6000.,250.),(6000.,0.),(0.,0.)));
#2763=IFCINDEXEDPOLYCURVE(#2762,$,.F.);
#2764=IFCDIRECTION((0.,0.,1.));
#2765=IFCARBITRARYCLOSEDPROFILEDEF(.AREA.,$,#2763);
#2766=IFCCARTESIANPOINT((0.,0.,0.));
#2767=IFCDIRECTION((0.,0.,1.));
#2768=IFCDIRECTION((1.,0.,0.));
#2769=IFCAXIS2PLACEMENT3D(#2766,#2767,#2768);
#2770=IFCEXTRUDEDAREASOLID(#2765,#2769,#2764,-500.);
#2771=IFCSHAPEREPRESENTATION(#11,'Body','SweptSolid',(#2770));
#2772=IFCPRODUCTDEFINITIONSHAPE($,$,(#2771));
#2778=IFCCARTESIANPOINT((24125.,6000.,18000.));
#2779=IFCDIRECTION((0.,0.,1.));
#2780=IFCDIRECTION((6.123233995736766E-17,1.,0.));
#2781=IFCAXIS2PLACEMENT3D(#2778,#2779,#2780);
#2782=IFCLOCALPLACEMENT($,#2781);
#2783=IFCPROPERTYSET('09DtWs37T6NwqALAY$F47s',$,'Other',$,(#2785,#2786));
#2784=IFCRELDEFINESBYPROPERTIES('3eoYDHIIf2cgbw9MztTcGF',$,$,$,(#2761),#2783);
#2785=IFCPROPERTYSINGLEVALUE('Ax',$,IFCLABEL('0.001'),$);
#2786=IFCPROPERTYSINGLEVALUE('Ay',$,IFCLABEL('0.001'),$);
#2787=IFCBEAM('0Jw0hpdd94T9_vNNCOiNF7',$,$,$,$,#2808,#2798,$,$);
#2788=IFCCARTESIANPOINTLIST2D(((0.,0.),(0.,250.),(6000.,250.),(6000.,0.),(0.,0.)));
#2789=IFCINDEXEDPOLYCURVE(#2788,$,.F.);
#2790=IFCDIRECTION((0.,0.,1.));
#2791=IFCARBITRARYCLOSEDPROFILEDEF(.AREA.,$,#2789);
#2792=IFCCARTESIANPOINT((0.,0.,0.));
#2793=IFCDIRECTION((0.,0.,1.));
#2794=IFCDIRECTION((1.,0.,0.));
#2795=IFCAXIS2PLACEMENT3D(#2792,#2793,#2794);
#2796=IFCEXTRUDEDAREASOLID(#2791,#2795,#2790,-500.);
#2797=IFCSHAPEREPRESENTATION(#11,'Body','SweptSolid',(#2796));
#2798=IFCPRODUCTDEFINITIONSHAPE($,$,(#2797));
#2804=IFCCARTESIANPOINT((24125.,12000.,18000.));
#2805=IFCDIRECTION((0.,0.,1.));
#2806=IFCDIRECTION((6.123233995736766E-17,1.,0.));
#2807=IFCAXIS2PLACEMENT3D(#2804,#2805,#2806);
#2808=IFCLOCALPLACEMENT($,#2807);
#2809=IFCPROPERTYSET('1V7PeQSVD9hO4jAbMFzdyQ',$,'Other',$,(#2811,#2812));
#2810=IFCRELDEFINESBYPROPERTIES('1jMaDD27r1jusagwsVNt_H',$,$,$,(#2787),#2809);
#2811=IFCPROPERTYSINGLEVALUE('Ax',$,IFCLABEL('0.001'),$);
#2812=IFCPROPERTYSINGLEVALUE('Ay',$,IFCLABEL('0.001'),$);
#2813=IFCBEAM('2SyTGdPETE2R5ALcxuPHnB',$,$,$,$,#2834,#2824,$,$);
#2814=IFCCARTESIANPOINTLIST2D(((0.,0.),(0.,250.),(6000.,250.),(6000.,0.),(0.,0.)));
#2815=IFCINDEXEDPOLYCURVE(#2814,$,.F.);
#2816=IFCDIRECTION((0.,0.,1.));
#2817=IFCARBITRARYCLOSEDPROFILEDEF(.AREA.,$,#2815);
#2818=IFCCARTESIANPOINT((0.,0.,0.));
#2819=IFCDIRECTION((0.,0.,1.));
#2820=IFCDIRECTION((1.,0.,0.));
#2821=IFCAXIS2PLACEMENT3D(#2818,#2819,#2820);
#2822=IFCEXTRUDEDAREASOLID(#2817,#2821,#2816,-400.);
#2823=IFCSHAPEREPRESENTATION(#11,'Body','SweptSolid',(#2822));
#2824=IFCPRODUCTDEFINITIONSHAPE($,$,(#2823));
#2830=IFCCARTESIANPOINT((30125.,12000.,18000.));
#2831=IFCDIRECTION((0.,0.,1.));
#2832=IFCDIRECTION((6.123233995736766E-17,1.,0.));
#2833=IFCAXIS2PLACEMENT3D(#2830,#2831,#2832);
#2834=IFCLOCALPLACEMENT($,#2833);
#2835=IFCPROPERTYSET('2SgBYA$oPFHOSrI5ivRIf1',$,'Other',$,(#2837,#2838));
#2836=IFCRELDEFINESBYPROPERTIES('3hykfPTlvDhvDi8$4oeA$0',$,$,$,(#2813),#2835);
#2837=IFCPROPERTYSINGLEVALUE('Ax',$,IFCLABEL('0.001'),$);
#2838=IFCPROPERTYSINGLEVALUE('Ay',$,IFCLABEL('0.001'),$);
#2839=IFCBEAM('1l4GcKp2PBLw7US5civMJv',$,$,$,$,#2860,#2850,$,$);
#2840=IFCCARTESIANPOINTLIST2D(((0.,0.),(0.,250.),(6000.,250.),(6000.,0.),(0.,0.)));
#2841=IFCINDEXEDPOLYCURVE(#2840,$,.F.);
#2842=IFCDIRECTION((0.,0.,1.));
#2843=IFCARBITRARYCLOSEDPROFILEDEF(.AREA.,$,#2841);
#2844=IFCCARTESIANPOINT((0.,0.,0.));
#2845=IFCDIRECTION((0.,0.,1.));
#2846=IFCDIRECTION((1.,0.,0.));
#2847=IFCAXIS2PLACEMENT3D(#2844,#2845,#2846);
#2848=IFCEXTRUDEDAREASOLID(#2843,#2847,#2842,-500.);
#2849=IFCSHAPEREPRESENTATION(#11,'Body','SweptSolid',(#2848));
#2850=IFCPRODUCTDEFINITIONSHAPE($,$,(#2849));
#2856=IFCCARTESIANPOINT((0.,-125.,18000.));
#2857=IFCDIRECTION((0.,0.,1.));
#2858=IFCDIRECTION((1.,0.,0.));
#2859=IFCAXIS2PLACEMENT3D(#2856,#2857,#2858);
#2860=IFCLOCALPLACEMENT($,#2859);
#2861=IFCPROPERTYSET('2IHYXv43T9POIdiahESa26',$,'Other',$,(#2863,#2864));
#2862=IFCRELDEFINESBYPROPERTIES('0BgNrFiNv8Nw4hTocySdrd',$,$,$,(#2839),#2861);
#2863=IFCPROPERTYSINGLEVALUE('Ax',$,IFCLABEL('0.001'),$);
#2864=IFCPROPERTYSINGLEVALUE('Ay',$,IFCLABEL('0.001'),$);
#2865=IFCBEAM('1BlWA6h2X0tRZoquOgpVu1',$,$,$,$,#2886,#2876,$,$);
#2866=IFCCARTESIANPOINTLIST2D(((0.,0.),(0.,250.),(6000.,250.),(6000.,0.),(0.,0.)));
#2867=IFCINDEXEDPOLYCURVE(#2866,$,.F.);
#2868=IFCDIRECTION((0.,0.,1.));
#2869=IFCARBITRARYCLOSEDPROFILEDEF(.AREA.,$,#2867);
#2870=IFCCARTESIANPOINT((0.,0.,0.));
#2871=IFCDIRECTION((0.,0.,1.));
#2872=IFCDIRECTION((1.,0.,0.));
#2873=IFCAXIS2PLACEMENT3D(#2870,#2871,#2872);
#2874=IFCEXTRUDEDAREASOLID(#2869,#2873,#2868,-500.);
#2875=IFCSHAPEREPRESENTATION(#11,'Body','SweptSolid',(#2874));
#2876=IFCPRODUCTDEFINITIONSHAPE($,$,(#2875));
#2882=IFCCARTESIANPOINT((6000.,-125.,18000.));
#2883=IFCDIRECTION((0.,0.,1.));
#2884=IFCDIRECTION((1.,0.,0.));
#2885=IFCAXIS2PLACEMENT3D(#2882,#2883,#2884);
#2886=IFCLOCALPLACEMENT($,#2885);
#2887=IFCPROPERTYSET('0WBOrfToX9Sea6Z2i77oL5',$,'Other',$,(#2889,#2890));
#2888=IFCRELDEFINESBYPROPERTIES('2o7EgcUWvAY9A6uvAk0rns',$,$,$,(#2865),#2887);
#2889=IFCPROPERTYSINGLEVALUE('Ax',$,IFCLABEL('0.001'),$);
#2890=IFCPROPERTYSINGLEVALUE('Ay',$,IFCLABEL('0.001'),$);
#2891=IFCBEAM('2TXL3h9I94BRa7Hos8w2i7',$,$,$,$,#2912,#2902,$,$);
#2892=IFCCARTESIANPOINTLIST2D(((0.,0.),(0.,250.),(6000.,250.),(6000.,0.),(0.,0.)));
#2893=IFCINDEXEDPOLYCURVE(#2892,$,.F.);
#2894=IFCDIRECTION((0.,0.,1.));
#2895=IFCARBITRARYCLOSEDPROFILEDEF(.AREA.,$,#2893);
#2896=IFCCARTESIANPOINT((0.,0.,0.));
#2897=IFCDIRECTION((0.,0.,1.));
#2898=IFCDIRECTION((1.,0.,0.));
#2899=IFCAXIS2PLACEMENT3D(#2896,#2897,#2898);
#2900=IFCEXTRUDEDAREASOLID(#2895,#2899,#2894,-500.);
#2901=IFCSHAPEREPRESENTATION(#11,'Body','SweptSolid',(#2900));
#2902=IFCPRODUCTDEFINITIONSHAPE($,$,(#2901));
#2908=IFCCARTESIANPOINT((12000.,-125.,18000.));
#2909=IFCDIRECTION((0.,0.,1.));
#2910=IFCDIRECTION((1.,0.,0.));
#2911=IFCAXIS2PLACEMENT3D(#2908,#2909,#2910);
#2912=IFCLOCALPLACEMENT($,#2911);
#2913=IFCPROPERTYSET('1HJCZBPoj2aOD4A7CbbCFq',$,'Other',$,(#2915,#2916));
#2914=IFCRELDEFINESBYPROPERTIES('0HWH9bYA5128KrsAUv3cNl',$,$,$,(#2891),#2913);
#2915=IFCPROPERTYSINGLEVALUE('Ax',$,IFCLABEL('0.001'),$);
#2916=IFCPROPERTYSINGLEVALUE('Ay',$,IFCLABEL('0.001'),$);
#2917=IFCBEAM('1moi5nPhTA9vyo6aNUnCoQ',$,$,$,$,#2938,#2928,$,$);
#2918=IFCCARTESIANPOINTLIST2D(((0.,0.),(0.,250.),(6000.,250.),(6000.,0.),(0.,0.)));
#2919=IFCINDEXEDPOLYCURVE(#2918,$,.F.);
#2920=IFCDIRECTION((0.,0.,1.));
#2921=IFCARBITRARYCLOSEDPROFILEDEF(.AREA.,$,#2919);
#2922=IFCCARTESIANPOINT((0.,0.,0.));
#2923=IFCDIRECTION((0.,0.,1.));
#2924=IFCDIRECTION((1.,0.,0.));
#2925=IFCAXIS2PLACEMENT3D(#2922,#2923,#2924);
#2926=IFCEXTRUDEDAREASOLID(#2921,#2925,#2920,-500.);
#2927=IFCSHAPEREPRESENTATION(#11,'Body','SweptSolid',(#2926));
#2928=IFCPRODUCTDEFINITIONSHAPE($,$,(#2927));
#2934=IFCCARTESIANPOINT((18000.,-125.,18000.));
#2935=IFCDIRECTION((0.,0.,1.));
#2936=IFCDIRECTION((1.,0.,0.));
#2937=IFCAXIS2PLACEMENT3D(#2934,#2935,#2936);
#2938=IFCLOCALPLACEMENT($,#2937);
#2939=IFCPROPERTYSET('2IwsbRI654$RHVNyiptK_F',$,'Other',$,(#2941,#2942));
#2940=IFCRELDEFINESBYPROPERTIES('3uwNlQqy5EY9IHk2VHQdkz',$,$,$,(#2917),#2939);
#2941=IFCPROPERTYSINGLEVALUE('Ax',$,IFCLABEL('0.001'),$);
#2942=IFCPROPERTYSINGLEVALUE('Ay',$,IFCLABEL('0.001'),$);
#2943=IFCBEAM('2F4r65cUXBKRvKamnF9DiI',$,$,$,$,#2964,#2954,$,$);
#2944=IFCCARTESIANPOINTLIST2D(((0.,0.),(0.,250.),(6000.,250.),(6000.,0.),(0.,0.)));
#2945=IFCINDEXEDPOLYCURVE(#2944,$,.F.);
#2946=IFCDIRECTION((0.,0.,1.));
#2947=IFCARBITRARYCLOSEDPROFILEDEF(.AREA.,$,#2945);
#2948=IFCCARTESIANPOINT((0.,0.,0.));
#2949=IFCDIRECTION((0.,0.,1.));
#2950=IFCDIRECTION((1.,0.,0.));
#2951=IFCAXIS2PLACEMENT3D(#2948,#2949,#2950);
#2952=IFCEXTRUDEDAREASOLID(#2947,#2951,#2946,-500.);
#2953=IFCSHAPEREPRESENTATION(#11,'Body','SweptSolid',(#2952));
#2954=IFCPRODUCTDEFINITIONSHAPE($,$,(#2953));
#2960=IFCCARTESIANPOINT((0.,5875.,18000.));
#2961=IFCDIRECTION((0.,0.,1.));
#2962=IFCDIRECTION((1.,0.,0.));
#2963=IFCAXIS2PLACEMENT3D(#2960,#2961,#2962);
#2964=IFCLOCALPLACEMENT($,#2963);
#2965=IFCPROPERTYSET('0r6g0dHFjA$eJd42Jc6h88',$,'Other',$,(#2967,#2968));
#2966=IFCRELDEFINESBYPROPERTIES('2U9pMS7of76B06m8dTow9J',$,$,$,(#2943),#2965);
#2967=IFCPROPERTYSINGLEVALUE('Ax',$,IFCLABEL('0.001'),$);
#2968=IFCPROPERTYSINGLEVALUE('Ay',$,IFCLABEL('0.001'),$);
#2969=IFCBEAM('0tf58GoMD3vwYAsEQkwwWi',$,$,$,$,#2990,#2980,$,$);
#2970=IFCCARTESIANPOINTLIST2D(((0.,0.),(0.,250.),(6000.,250.),(6000.,0.),(0.,0.)));
#2971=IFCINDEXEDPOLYCURVE(#2970,$,.F.);
#2972=IFCDIRECTION((0.,0.,1.));
#2973=IFCARBITRARYCLOSEDPROFILEDEF(.AREA.,$,#2971);
#2974=IFCCARTESIANPOINT((0.,0.,0.));
#2975=IFCDIRECTION((0.,0.,1.));
#2976=IFCDIRECTION((1.,0.,0.));
#2977=IFCAXIS2PLACEMENT3D(#2974,#2975,#2976);
#2978=IFCEXTRUDEDAREASOLID(#2973,#2977,#2972,-500.);
#2979=IFCSHAPEREPRESENTATION(#11,'Body','SweptSolid',(#2978));
#2980=IFCPRODUCTDEFINITIONSHAPE($,$,(#2979));
#2986=IFCCARTESIANPOINT((6000.,5875.,18000.));
#2987=IFCDIRECTION((0.,0.,1.));
#2988=IFCDIRECTION((1.,0.,0.));
#2989=IFCAXIS2PLACEMENT3D(#2986,#2987,#2988);
#2990=IFCLOCALPLACEMENT($,#2989);
#2991=IFCPROPERTYSET('25rYM_hyP6Ag5oeULN8k_I',$,'Other',$,(#2993,#2994));
#2992=IFCRELDEFINESBYPROPERTIES('1iS5F9bGfFNvphPepO0Ajb',$,$,$,(#2969),#2991);
#2993=IFCPROPERTYSINGLEVALUE('Ax',$,IFCLABEL('0.001'),$);
#2994=IFCPROPERTYSINGLEVALUE('Ay',$,IFCLABEL('0.001'),$);
#2995=IFCBEAM('0aGez9BI5AwwZV0l0magjk',$,$,$,$,#3016,#3006,$,$);
#2996=IFCCARTESIANPOINTLIST2D(((0.,0.),(0.,250.),(6000.,250.),(6000.,0.),(0.,0.)));
#2997=IFCINDEXEDPOLYCURVE(#2996,$,.F.);
#2998=IFCDIRECTION((0.,0.,1.));
#2999=IFCARBITRARYCLOSEDPROFILEDEF(.AREA.,$,#2997);
#3000=IFCCARTESIANPOINT((0.,0.,0.));
#3001=IFCDIRECTION((0.,0.,1.));
#3002=IFCDIRECTION((1.,0.,0.));
#3003=IFCAXIS2PLACEMENT3D(#3000,#3001,#3002);
#3004=IFCEXTRUDEDAREASOLID(#2999,#3003,#2998,-500.);
#3005=IFCSHAPEREPRESENTATION(#11,'Body','SweptSolid',(#3004));
#3006=IFCPRODUCTDEFINITIONSHAPE($,$,(#3005));
#3012=IFCCARTESIANPOINT((12000.,5875.,18000.));
#3013=IFCDIRECTION((0.,0.,1.));
#3014=IFCDIRECTION((1.,0.,0.));
#3015=IFCAXIS2PLACEMENT3D(#3012,#3013,#3014);
#3016=IFCLOCALPLACEMENT($,#3015);
#3017=IFCPROPERTYSET('000bxffyH64Qm41de$bfuK',$,'Other',$,(#3019,#3020));
#3018=IFCRELDEFINESBYPROPERTIES('2AkDwJ4wn58B3SC8JnIRSF',$,$,$,(#2995),#3017);
#3019=IFCPROPERTYSINGLEVALUE('Ax',$,IFCLABEL('0.001'),$);
#3020=IFCPROPERTYSINGLEVALUE('Ay',$,IFCLABEL('0.001'),$);
#3021=IFCBEAM('3KqkLaPQfArvhk8C3C4TPd',$,$,$,$,#3042,#3032,$,$);
#3022=IFCCARTESIANPOINTLIST2D(((0.,0.),(0.,250.),(6000.,250.),(6000.,0.),(0.,0.)));
#3023=IFCINDEXEDPOLYCURVE(#3022,$,.F.);
#3024=IFCDIRECTION((0.,0.,1.));
#3025=IFCARBITRARYCLOSEDPROFILEDEF(.AREA.,$,#3023);
#3026=IFCCARTESIANPOINT((0.,0.,0.));
#3027=IFCDIRECTION((0.,0.,1.));
#3028=IFCDIRECTION((1.,0.,0.));
#3029=IFCAXIS2PLACEMENT3D(#3026,#3027,#3028);
#3030=IFCEXTRUDEDAREASOLID(#3025,#3029,#3024,-500.);
#3031=IFCSHAPEREPRESENTATION(#11,'Body','SweptSolid',(#3030));
#3032=IFCPRODUCTDEFINITIONSHAPE($,$,(#3031));
#3038=IFCCARTESIANPOINT((18000.,5875.,18000.));
#3039=IFCDIRECTION((0.,0.,1.));
#3040=IFCDIRECTION((1.,0.,0.));
#3041=IFCAXIS2PLACEMENT3D(#3038,#3039,#3040);
#3042=IFCLOCALPLACEMENT($,#3041);
#3043=IFCPROPERTYSET('1OYzDoIm5ATOnGvhRIhqju',$,'Other',$,(#3045,#3046));
#3044=IFCRELDEFINESBYPROPERTIES('1rfWxov6T7Kuuabx5qGq2a',$,$,$,(#3021),#3043);
#3045=IFCPROPERTYSINGLEVALUE('Ax',$,IFCLABEL('0.001'),$);
#3046=IFCPROPERTYSINGLEVALUE('Ay',$,IFCLABEL('0.001'),$);
#3047=IFCBEAM('0Y_ehxzmf0m9klkBWT6_PK',$,$,$,$,#3068,#3058,$,$);
#3048=IFCCARTESIANPOINTLIST2D(((0.,0.),(0.,250.),(6000.,250.),(6000.,0.),(0.,0.)));
#3049=IFCINDEXEDPOLYCURVE(#3048,$,.F.);
#3050=IFCDIRECTION((0.,0.,1.));
#3051=IFCARBITRARYCLOSEDPROFILEDEF(.AREA.,$,#3049);
#3052=IFCCARTESIANPOINT((0.,0.,0.));
#3053=IFCDIRECTION((0.,0.,1.));
#3054=IFCDIRECTION((1.,0.,0.));
#3055=IFCAXIS2PLACEMENT3D(#3052,#3053,#3054);
#3056=IFCEXTRUDEDAREASOLID(#3051,#3055,#3050,-500.);
#3057=IFCSHAPEREPRESENTATION(#11,'Body','SweptSolid',(#3056));
#3058=IFCPRODUCTDEFINITIONSHAPE($,$,(#3057));
#3064=IFCCARTESIANPOINT((24000.,5875.,18000.));
#3065=IFCDIRECTION((0.,0.,1.));
#3066=IFCDIRECTION((1.,0.,0.));
#3067=IFCAXIS2PLACEMENT3D(#3064,#3065,#3066);
#3068=IFCLOCALPLACEMENT($,#3067);
#3069=IFCPROPERTYSET('18yhwajmv42Bdo2O9qqdLw',$,'Other',$,(#3071,#3072));
#3070=IFCRELDEFINESBYPROPERTIES('0zNM_eRqH5P9789c7CE3wR',$,$,$,(#3047),#3069);
#3071=IFCPROPERTYSINGLEVALUE('Ax',$,IFCLABEL('0.001'),$);
#3072=IFCPROPERTYSINGLEVALUE('Ay',$,IFCLABEL('0.001'),$);
#3073=IFCBEAM('0sG4ccDyD1UftAUWjnA043',$,$,$,$,#3094,#3084,$,$);
#3074=IFCCARTESIANPOINTLIST2D(((0.,0.),(0.,250.),(6000.,250.),(6000.,0.),(0.,0.)));
#3075=IFCINDEXEDPOLYCURVE(#3074,$,.F.);
#3076=IFCDIRECTION((0.,0.,1.));
#3077=IFCARBITRARYCLOSEDPROFILEDEF(.AREA.,$,#3075);
#3078=IFCCARTESIANPOINT((0.,0.,0.));
#3079=IFCDIRECTION((0.,0.,1.));
#3080=IFCDIRECTION((1.,0.,0.));
#3081=IFCAXIS2PLACEMENT3D(#3078,#3079,#3080);
#3082=IFCEXTRUDEDAREASOLID(#3077,#3081,#3076,-500.);
#3083=IFCSHAPEREPRESENTATION(#11,'Body','SweptSolid',(#3082));
#3084=IFCPRODUCTDEFINITIONSHAPE($,$,(#3083));
#3090=IFCCARTESIANPOINT((0.,11875.,18000.));
#3091=IFCDIRECTION((0.,0.,1.));
#3092=IFCDIRECTION((1.,0.,0.));
#3093=IFCAXIS2PLACEMENT3D(#3090,#3091,#3092);
#3094=IFCLOCALPLACEMENT($,#3093);
#3095=IFCPROPERTYSET('2_AzkIEFnC3gpdWtUGn9uq',$,'Other',$,(#3097,#3098));
#3096=IFCRELDEFINESBYPROPERTIES('2gQ_wbQUDDzBiBoo82BPA4',$,$,$,(#3073),#3095);
#3097=IFCPROPERTYSINGLEVALUE('Ax',$,IFCLABEL('0.001'),$);
#3098=IFCPROPERTYSINGLEVALUE('Ay',$,IFCLABEL('0.001'),$);
#3099=IFCBEAM('2ig5rpUrr7Bxgcrj61$HIM',$,$,$,$,#3120,#3110,$,$);
#3100=IFCCARTESIANPOINTLIST2D(((0.,0.),(0.,250.),(6000.,250.),(6000.,0.),(0.,0.)));
#3101=IFCINDEXEDPOLYCURVE(#3100,$,.F.);
#3102=IFCDIRECTION((0.,0.,1.));
#3103=IFCARBITRARYCLOSEDPROFILEDEF(.AREA.,$,#3101);
#3104=IFCCARTESIANPOINT((0.,0.,0.));
#3105=IFCDIRECTION((0.,0.,1.));
#3106=IFCDIRECTION((1.,0.,0.));
#3107=IFCAXIS2PLACEMENT3D(#3104,#3105,#3106);
#3108=IFCEXTRUDEDAREASOLID(#3103,#3107,#3102,-500.);
#3109=IFCSHAPEREPRESENTATION(#11,'Body','SweptSolid',(#3108));
#3110=IFCPRODUCTDEFINITIONSHAPE($,$,(#3109));
#3116=IFCCARTESIANPOINT((6000.,11875.,18000.));
#3117=IFCDIRECTION((0.,0.,1.));
#3118=IFCDIRECTION((1.,0.,0.));
#3119=IFCAXIS2PLACEMENT3D(#3116,#3117,#3118);
#3120=IFCLOCALPLACEMENT($,#3119);
#3121=IFCPROPERTYSET('2PrqhwK7f40uo8E0Yt0mCN',$,'Other',$,(#3123,#3124));
#3122=IFCRELDEFINESBYPROPERTIES('2NY9SSE6zFwPSPn8GX6yFk',$,$,$,(#3099),#3121);
#3123=IFCPROPERTYSINGLEVALUE('Ax',$,IFCLABEL('0.001'),$);
#3124=IFCPROPERTYSINGLEVALUE('Ay',$,IFCLABEL('0.001'),$);
#3125=IFCBEAM('0nOoe2RyT2JQpGFZLZmoi1',$,$,$,$,#3146,#3136,$,$);
#3126=IFCCARTESIANPOINTLIST2D(((0.,0.),(0.,250.),(6000.,250.),(6000.,0.),(0.,0.)));
#3127=IFCINDEXEDPOLYCURVE(#3126,$,.F.);
#3128=IFCDIRECTION((0.,0.,1.));
#3129=IFCARBITRARYCLOSEDPROFILEDEF(.AREA.,$,#3127);
#3130=IFCCARTESIANPOINT((0.,0.,0.));
#3131=IFCDIRECTION((0.,0.,1.));
#3132=IFCDIRECTION((1.,0.,0.));
#3133=IFCAXIS2PLACEMENT3D(#3130,#3131,#3132);
#3134=IFCEXTRUDEDAREASOLID(#3129,#3133,#3128,-500.);
#3135=IFCSHAPEREPRESENTATION(#11,'Body','SweptSolid',(#3134));
#3136=IFCPRODUCTDEFINITIONSHAPE($,$,(#3135));
#3142=IFCCARTESIANPOINT((12000.,11875.,18000.));
#3143=IFCDIRECTION((0.,0.,1.));
#3144=IFCDIRECTION((1.,0.,0.));
#3145=IFCAXIS2PLACEMENT3D(#3142,#3143,#3144);
#3146=IFCLOCALPLACEMENT($,#3145);
#3147=IFCPROPERTYSET('2Hf5BfbVz5vBsqpR358pNp',$,'Other',$,(#3149,#3150));
#3148=IFCRELDEFINESBYPROPERTIES('0TFy45bIz3cxiDDD0xrj6P',$,$,$,(#3125),#3147);
#3149=IFCPROPERTYSINGLEVALUE('Ax',$,IFCLABEL('0.001'),$);
#3150=IFCPROPERTYSINGLEVALUE('Ay',$,IFCLABEL('0.001'),$);
#3151=IFCBEAM('3I2hNacsP6BvtNsGHQuKO_',$,$,$,$,#3172,#3162,$,$);
#3152=IFCCARTESIANPOINTLIST2D(((0.,0.),(0.,250.),(6000.,250.),(6000.,0.),(0.,0.)));
#3153=IFCINDEXEDPOLYCURVE(#3152,$,.F.);
#3154=IFCDIRECTION((0.,0.,1.));
#3155=IFCARBITRARYCLOSEDPROFILEDEF(.AREA.,$,#3153);
#3156=IFCCARTESIANPOINT((0.,0.,0.));
#3157=IFCDIRECTION((0.,0.,1.));
#3158=IFCDIRECTION((1.,0.,0.));
#3159=IFCAXIS2PLACEMENT3D(#3156,#3157,#3158);
#3160=IFCEXTRUDEDAREASOLID(#3155,#3159,#3154,-500.);
#3161=IFCSHAPEREPRESENTATION(#11,'Body','SweptSolid',(#3160));
#3162=IFCPRODUCTDEFINITIONSHAPE($,$,(#3161));
#3168=IFCCARTESIANPOINT((18000.,11875.,18000.));
#3169=IFCDIRECTION((0.,0.,1.));
#3170=IFCDIRECTION((1.,0.,0.));
#3171=IFCAXIS2PLACEMENT3D(#3168,#3169,#3170);
#3172=IFCLOCALPLACEMENT($,#3171);
#3173=IFCPROPERTYSET('3Pg4k96aLElutmd1I9jl0P',$,'Other',$,(#3175,#3176));
#3174=IFCRELDEFINESBYPROPERTIES('1yr9CQdSPAbv3MH9tiMITf',$,$,$,(#3151),#3173);
#3175=IFCPROPERTYSINGLEVALUE('Ax',$,IFCLABEL('0.001'),$);
#3176=IFCPROPERTYSINGLEVALUE('Ay',$,IFCLABEL('0.001'),$);
#3177=IFCBEAM('3rQ0sooIH5qRKngE9GeJGv',$,$,$,$,#3198,#3188,$,$);
#3178=IFCCARTESIANPOINTLIST2D(((0.,0.),(0.,250.),(6000.,250.),(6000.,0.),(0.,0.)));
#3179=IFCINDEXEDPOLYCURVE(#3178,$,.F.);
#3180=IFCDIRECTION((0.,0.,1.));
#3181=IFCARBITRARYCLOSEDPROFILEDEF(.AREA.,$,#3179);
#3182=IFCCARTESIANPOINT((0.,0.,0.));
#3183=IFCDIRECTION((0.,0.,1.));
#3184=IFCDIRECTION((1.,0.,0.));
#3185=IFCAXIS2PLACEMENT3D(#3182,#3183,#3184);
#3186=IFCEXTRUDEDAREASOLID(#3181,#3185,#3180,-500.);
#3187=IFCSHAPEREPRESENTATION(#11,'Body','SweptSolid',(#3186));
#3188=IFCPRODUCTDEFINITIONSHAPE($,$,(#3187));
#3194=IFCCARTESIANPOINT((0.,17875.,18000.));
#3195=IFCDIRECTION((0.,0.,1.));
#3196=IFCDIRECTION((1.,0.,0.));
#3197=IFCAXIS2PLACEMENT3D(#3194,#3195,#3196);
#3198=IFCLOCALPLACEMENT($,#3197);
#3199=IFCPROPERTYSET('3Yea04fLX1O9gCSmEGmIqS',$,'Other',$,(#3201,#3202));
#3200=IFCRELDEFINESBYPROPERTIES('0o89TP4ND8ehNeGOgL_TCG',$,$,$,(#3177),#3199);
#3201=IFCPROPERTYSINGLEVALUE('Ax',$,IFCLABEL('0.001'),$);
#3202=IFCPROPERTYSINGLEVALUE('Ay',$,IFCLABEL('0.001'),$);
#3203=IFCBEAM('03BdWPrhP4V8L0vA6joixp',$,$,$,$,#3224,#3214,$,$);
#3204=IFCCARTESIANPOINTLIST2D(((0.,0.),(0.,250.),(6000.,250.),(6000.,0.),(0.,0.)));
#3205=IFCINDEXEDPOLYCURVE(#3204,$,.F.);
#3206=IFCDIRECTION((0.,0.,1.));
#3207=IFCARBITRARYCLOSEDPROFILEDEF(.AREA.,$,#3205);
#3208=IFCCARTESIANPOINT((0.,0.,0.));
#3209=IFCDIRECTION((0.,0.,1.));
#3210=IFCDIRECTION((1.,0.,0.));
#3211=IFCAXIS2PLACEMENT3D(#3208,#3209,#3210);
#3212=IFCEXTRUDEDAREASOLID(#3207,#3211,#3206,-500.);
#3213=IFCSHAPEREPRESENTATION(#11,'Body','SweptSolid',(#3212));
#3214=IFCPRODUCTDEFINITIONSHAPE($,$,(#3213));
#3220=IFCCARTESIANPOINT((6000.,17875.,18000.));
#3221=IFCDIRECTION((0.,0.,1.));
#3222=IFCDIRECTION((1.,0.,0.));
#3223=IFCAXIS2PLACEMENT3D(#3220,#3221,#3222);
#3224=IFCLOCALPLACEMENT($,#3223);
#3225=IFCPROPERTYSET('1YQZjLBXT1ZwPOxXtMYNjs',$,'Other',$,(#3227,#3228));
#3226=IFCRELDEFINESBYPROPERTIES('2hSNsiHoLBXgbM$CQEdFG2',$,$,$,(#3203),#3225);
#3227=IFCPROPERTYSINGLEVALUE('Ax',$,IFCLABEL('0.001'),$);
#3228=IFCPROPERTYSINGLEVALUE('Ay',$,IFCLABEL('0.001'),$);
#3229=IFCBEAM('3QoovgfTH1POlHiuVp_jMP',$,$,$,$,#3250,#3240,$,$);
#3230=IFCCARTESIANPOINTLIST2D(((0.,0.),(0.,250.),(6000.,250.),(6000.,0.),(0.,0.)));
#3231=IFCINDEXEDPOLYCURVE(#3230,$,.F.);
#3232=IFCDIRECTION((0.,0.,1.));
#3233=IFCARBITRARYCLOSEDPROFILEDEF(.AREA.,$,#3231);
#3234=IFCCARTESIANPOINT((0.,0.,0.));
#3235=IFCDIRECTION((0.,0.,1.));
#3236=IFCDIRECTION((1.,0.,0.));
#3237=IFCAXIS2PLACEMENT3D(#3234,#3235,#3236);
#3238=IFCEXTRUDEDAREASOLID(#3233,#3237,#3232,-500.);
#3239=IFCSHAPEREPRESENTATION(#11,'Body','SweptSolid',(#3238));
#3240=IFCPRODUCTDEFINITIONSHAPE($,$,(#3239));
#3246=IFCCARTESIANPOINT((12000.,17875.,18000.));
#3247=IFCDIRECTION((0.,0.,1.));
#3248=IFCDIRECTION((1.,0.,0.));
#3249=IFCAXIS2PLACEMENT3D(#3246,#3247,#3248);
#3250=IFCLOCALPLACEMENT($,#3249);
#3251=IFCPROPERTYSET('2asgPP7O13xPqh3DSdmgDu',$,'Other',$,(#3253,#3254));
#3252=IFCRELDEFINESBYPROPERTIES('3HM7oR$xT8SOl3Z99z$Hhg',$,$,$,(#3229),#3251);
#3253=IFCPROPERTYSINGLEVALUE('Ax',$,IFCLABEL('0.001'),$);
#3254=IFCPROPERTYSINGLEVALUE('Ay',$,IFCLABEL('0.001'),$);
#3255=IFCBEAM('1z_2e0YLb1CAXPKYQSHnnP',$,$,$,$,#3276,#3266,$,$);
#3256=IFCCARTESIANPOINTLIST2D(((0.,0.),(0.,250.),(6000.,250.),(6000.,0.),(0.,0.)));
#3257=IFCINDEXEDPOLYCURVE(#3256,$,.F.);
#3258=IFCDIRECTION((0.,0.,1.));
#3259=IFCARBITRARYCLOSEDPROFILEDEF(.AREA.,$,#3257);
#3260=IFCCARTESIANPOINT((0.,0.,0.));
#3261=IFCDIRECTION((0.,0.,1.));
#3262=IFCDIRECTION((1.,0.,0.));
#3263=IFCAXIS2PLACEMENT3D(#3260,#3261,#3262);
#3264=IFCEXTRUDEDAREASOLID(#3259,#3263,#3258,-500.);
#3265=IFCSHAPEREPRESENTATION(#11,'Body','SweptSolid',(#3264));
#3266=IFCPRODUCTDEFINITIONSHAPE($,$,(#3265));
#3272=IFCCARTESIANPOINT((18000.,17875.,18000.));
#3273=IFCDIRECTION((0.,0.,1.));
#3274=IFCDIRECTION((1.,0.,0.));
#3275=IFCAXIS2PLACEMENT3D(#3272,#3273,#3274);
#3276=IFCLOCALPLACEMENT($,#3275);
#3277=IFCPROPERTYSET('0CqxhOUBr5jA2s6yYMPU09',$,'Other',$,(#3279,#3280));
#3278=IFCRELDEFINESBYPROPERTIES('0AjZHvif94NwweXm8QLdDG',$,$,$,(#3255),#3277);
#3279=IFCPROPERTYSINGLEVALUE('Ax',$,IFCLABEL('0.001'),$);
#3280=IFCPROPERTYSINGLEVALUE('Ay',$,IFCLABEL('0.001'),$);
#3281=IFCBEAM('1c9yMlS6fA5v0KmMlAU3Qn',$,$,$,$,#3302,#3292,$,$);
#3282=IFCCARTESIANPOINTLIST2D(((0.,0.),(0.,250.),(6000.,250.),(6000.,0.),(0.,0.)));
#3283=IFCINDEXEDPOLYCURVE(#3282,$,.F.);
#3284=IFCDIRECTION((0.,0.,1.));
#3285=IFCARBITRARYCLOSEDPROFILEDEF(.AREA.,$,#3283);
#3286=IFCCARTESIANPOINT((0.,0.,0.));
#3287=IFCDIRECTION((0.,0.,1.));
#3288=IFCDIRECTION((1.,0.,0.));
#3289=IFCAXIS2PLACEMENT3D(#3286,#3287,#3288);
#3290=IFCEXTRUDEDAREASOLID(#3285,#3289,#3284,-500.);
#3291=IFCSHAPEREPRESENTATION(#11,'Body','SweptSolid',(#3290));
#3292=IFCPRODUCTDEFINITIONSHAPE($,$,(#3291));
#3298=IFCCARTESIANPOINT((24000.,17875.,18000.));
#3299=IFCDIRECTION((0.,0.,1.));
#3300=IFCDIRECTION((1.,0.,0.));
#3301=IFCAXIS2PLACEMENT3D(#3298,#3299,#3300);
#3302=IFCLOCALPLACEMENT($,#3301);
#3303=IFCPROPERTYSET('0_8ikqOij74B3MmL_hjVIr',$,'Other',$,(#3305,#3306));
#3304=IFCRELDEFINESBYPROPERTIES('2mBydABSf99gLKK1jfWiaX',$,$,$,(#3281),#3303);
#3305=IFCPROPERTYSINGLEVALUE('Ax',$,IFCLABEL('0.001'),$);
#3306=IFCPROPERTYSINGLEVALUE('Ay',$,IFCLABEL('0.001'),$);
#3307=IFCBEAM('01DmgLnzL1iPEc3$YPaBFh',$,$,$,$,#3328,#3318,$,$);
#3308=IFCCARTESIANPOINTLIST2D(((0.,0.),(0.,250.),(6000.,250.),(6000.,0.),(0.,0.)));
#3309=IFCINDEXEDPOLYCURVE(#3308,$,.F.);
#3310=IFCDIRECTION((0.,0.,1.));
#3311=IFCARBITRARYCLOSEDPROFILEDEF(.AREA.,$,#3309);
#3312=IFCCARTESIANPOINT((0.,0.,0.));
#3313=IFCDIRECTION((0.,0.,1.));
#3314=IFCDIRECTION((1.,0.,0.));
#3315=IFCAXIS2PLACEMENT3D(#3312,#3313,#3314);
#3316=IFCEXTRUDEDAREASOLID(#3311,#3315,#3310,-400.);
#3317=IFCSHAPEREPRESENTATION(#11,'Body','SweptSolid',(#3316));
#3318=IFCPRODUCTDEFINITIONSHAPE($,$,(#3317));
#3324=IFCCARTESIANPOINT((2875.,18000.,18000.));
#3325=IFCDIRECTION((0.,0.,1.));
#3326=IFCDIRECTION((-1.8369701987210297E-16,-1.,0.));
#3327=IFCAXIS2PLACEMENT3D(#3324,#3325,#3326);
#3328=IFCLOCALPLACEMENT($,#3327);
#3329=IFCPROPERTYSET('29PLeod015TB8jdj5uDBpd',$,'Other',$,(#3331,#3332));
#3330=IFCRELDEFINESBYPROPERTIES('2S3FTt1hDB1xBHfSvijJkN',$,$,$,(#3307),#3329);
#3331=IFCPROPERTYSINGLEVALUE('Ax',$,IFCLABEL('0.001'),$);
#3332=IFCPROPERTYSINGLEVALUE('Ay',$,IFCLABEL('0.001'),$);
#3333=IFCBEAM('3Gd1kr$Fj4ReJx5ICT9DpO',$,$,$,$,#3354,#3344,$,$);
#3334=IFCCARTESIANPOINTLIST2D(((0.,0.),(0.,250.),(6000.,250.),(6000.,0.),(0.,0.)));
#3335=IFCINDEXEDPOLYCURVE(#3334,$,.F.);
#3336=IFCDIRECTION((0.,0.,1.));
#3337=IFCARBITRARYCLOSEDPROFILEDEF(.AREA.,$,#3335);
#3338=IFCCARTESIANPOINT((0.,0.,0.));
#3339=IFCDIRECTION((0.,0.,1.));
#3340=IFCDIRECTION((1.,0.,0.));
#3341=IFCAXIS2PLACEMENT3D(#3338,#3339,#3340);
#3342=IFCEXTRUDEDAREASOLID(#3337,#3341,#3336,-400.);
#3343=IFCSHAPEREPRESENTATION(#11,'Body','SweptSolid',(#3342));
#3344=IFCPRODUCTDEFINITIONSHAPE($,$,(#3343));
#3350=IFCCARTESIANPOINT((2875.,12000.,18000.));
#3351=IFCDIRECTION((0.,0.,1.));
#3352=IFCDIRECTION((-1.8369701987210297E-16,-1.,0.));
#3353=IFCAXIS2PLACEMENT3D(#3350,#3351,#3352);
#3354=IFCLOCALPLACEMENT($,#3353);
#3355=IFCPROPERTYSET('2kBZXK$8r45BuqfB0lrY12',$,'Other',$,(#3357,#3358));
#3356=IFCRELDEFINESBYPROPERTIES('0UycvsNzj5mBYoz04GqKU_',$,$,$,(#3333),#3355);
#3357=IFCPROPERTYSINGLEVALUE('Ax',$,IFCLABEL('0.001'),$);
#3358=IFCPROPERTYSINGLEVALUE('Ay',$,IFCLABEL('0.001'),$);
#3359=IFCBEAM('2nnhUyHQb66AVILqkYTfwX',$,$,$,$,#3380,#3370,$,$);
#3360=IFCCARTESIANPOINTLIST2D(((0.,0.),(0.,250.),(6000.,250.),(6000.,0.),(0.,0.)));
#3361=IFCINDEXEDPOLYCURVE(#3360,$,.F.);
#3362=IFCDIRECTION((0.,0.,1.));
#3363=IFCARBITRARYCLOSEDPROFILEDEF(.AREA.,$,#3361);
#3364=IFCCARTESIANPOINT((0.,0.,0.));
#3365=IFCDIRECTION((0.,0.,1.));
#3366=IFCDIRECTION((1.,0.,0.));
#3367=IFCAXIS2PLACEMENT3D(#3364,#3365,#3366);
#3368=IFCEXTRUDEDAREASOLID(#3363,#3367,#3362,-400.);
#3369=IFCSHAPEREPRESENTATION(#11,'Body','SweptSolid',(#3368));
#3370=IFCPRODUCTDEFINITIONSHAPE($,$,(#3369));
#3376=IFCCARTESIANPOINT((8875.,18000.,18000.));
#3377=IFCDIRECTION((0.,0.,1.));
#3378=IFCDIRECTION((-1.8369701987210297E-16,-1.,0.));
#3379=IFCAXIS2PLACEMENT3D(#3376,#3377,#3378);
#3380=IFCLOCALPLACEMENT($,#3379);
#3381=IFCPROPERTYSET('0fFsEC4YzCEgXJYCDZkjxM',$,'Other',$,(#3383,#3384));
#3382=IFCRELDEFINESBYPROPERTIES('3U5aeNDRjDURdHozo89TDI',$,$,$,(#3359),#3381);
#3383=IFCPROPERTYSINGLEVALUE('Ax',$,IFCLABEL('0.001'),$);
#3384=IFCPROPERTYSINGLEVALUE('Ay',$,IFCLABEL('0.001'),$);
#3385=IFCBEAM('0_wmY6KNL1BB5gnpsxDjtx',$,$,$,$,#3406,#3396,$,$);
#3386=IFCCARTESIANPOINTLIST2D(((0.,0.),(0.,250.),(6000.,250.),(6000.,0.),(0.,0.)));
#3387=IFCINDEXEDPOLYCURVE(#3386,$,.F.);
#3388=IFCDIRECTION((0.,0.,1.));
#3389=IFCARBITRARYCLOSEDPROFILEDEF(.AREA.,$,#3387);
#3390=IFCCARTESIANPOINT((0.,0.,0.));
#3391=IFCDIRECTION((0.,0.,1.));
#3392=IFCDIRECTION((1.,0.,0.));
#3393=IFCAXIS2PLACEMENT3D(#3390,#3391,#3392);
#3394=IFCEXTRUDEDAREASOLID(#3389,#3393,#3388,-400.);
#3395=IFCSHAPEREPRESENTATION(#11,'Body','SweptSolid',(#3394));
#3396=IFCPRODUCTDEFINITIONSHAPE($,$,(#3395));
#3402=IFCCARTESIANPOINT((8875.,12000.,18000.));
#3403=IFCDIRECTION((0.,0.,1.));
#3404=IFCDIRECTION((-1.8369701987210297E-16,-1.,0.));
#3405=IFCAXIS2PLACEMENT3D(#3402,#3403,#3404);
#3406=IFCLOCALPLACEMENT($,#3405);
#3407=IFCPROPERTYSET('0kBM6BkYT2yOcDUJ7eUYTu',$,'Other',$,(#3409,#3410));
#3408=IFCRELDEFINESBYPROPERTIES('2SBlVp9GX1KAZrQMGOcwcB',$,$,$,(#3385),#3407);
#3409=IFCPROPERTYSINGLEVALUE('Ax',$,IFCLABEL('0.001'),$);
#3410=IFCPROPERTYSINGLEVALUE('Ay',$,IFCLABEL('0.001'),$);
#3411=IFCBEAM('3$YA63jH13vRobBd3DsDS$',$,$,$,$,#3432,#3422,$,$);
#3412=IFCCARTESIANPOINTLIST2D(((0.,0.),(0.,250.),(6000.,250.),(6000.,0.),(0.,0.)));
#3413=IFCINDEXEDPOLYCURVE(#3412,$,.F.);
#3414=IFCDIRECTION((0.,0.,1.));
#3415=IFCARBITRARYCLOSEDPROFILEDEF(.AREA.,$,#3413);
#3416=IFCCARTESIANPOINT((0.,0.,0.));
#3417=IFCDIRECTION((0.,0.,1.));
#3418=IFCDIRECTION((1.,0.,0.));
#3419=IFCAXIS2PLACEMENT3D(#3416,#3417,#3418);
#3420=IFCEXTRUDEDAREASOLID(#3415,#3419,#3414,-400.);
#3421=IFCSHAPEREPRESENTATION(#11,'Body','SweptSolid',(#3420));
#3422=IFCPRODUCTDEFINITIONSHAPE($,$,(#3421));
#3428=IFCCARTESIANPOINT((14875.,18000.,18000.));
#3429=IFCDIRECTION((0.,0.,1.));
#3430=IFCDIRECTION((-1.8369701987210297E-16,-1.,0.));
#3431=IFCAXIS2PLACEMENT3D(#3428,#3429,#3430);
#3432=IFCLOCALPLACEMENT($,#3431);
#3433=IFCPROPERTYSET('1BCec9U554oOzWlA_0kRMX',$,'Other',$,(#3435,#3436));
#3434=IFCRELDEFINESBYPROPERTIES('0QaT34K2bEd95S8Xz4m2_s',$,$,$,(#3411),#3433);
#3435=IFCPROPERTYSINGLEVALUE('Ax',$,IFCLABEL('0.001'),$);
#3436=IFCPROPERTYSINGLEVALUE('Ay',$,IFCLABEL('0.001'),$);
#3437=IFCBEAM('0hubCG8p9FX9z54JfKUiJ0',$,$,$,$,#3458,#3448,$,$);
#3438=IFCCARTESIANPOINTLIST2D(((0.,0.),(0.,250.),(6000.,250.),(6000.,0.),(0.,0.)));
#3439=IFCINDEXEDPOLYCURVE(#3438,$,.F.);
#3440=IFCDIRECTION((0.,0.,1.));
#3441=IFCARBITRARYCLOSEDPROFILEDEF(.AREA.,$,#3439);
#3442=IFCCARTESIANPOINT((0.,0.,0.));
#3443=IFCDIRECTION((0.,0.,1.));
#3444=IFCDIRECTION((1.,0.,0.));
#3445=IFCAXIS2PLACEMENT3D(#3442,#3443,#3444);
#3446=IFCEXTRUDEDAREASOLID(#3441,#3445,#3440,-400.);
#3447=IFCSHAPEREPRESENTATION(#11,'Body','SweptSolid',(#3446));
#3448=IFCPRODUCTDEFINITIONSHAPE($,$,(#3447));
#3454=IFCCARTESIANPOINT((14875.,12000.,18000.));
#3455=IFCDIRECTION((0.,0.,1.));
#3456=IFCDIRECTION((-1.8369701987210297E-16,-1.,0.));
#3457=IFCAXIS2PLACEMENT3D(#3454,#3455,#3456);
#3458=IFCLOCALPLACEMENT($,#3457);
#3459=IFCPROPERTYSET('15DRGNyQb0y9CdToAzL4km',$,'Other',$,(#3461,#3462));
#3460=IFCRELDEFINESBYPROPERTIES('2zBYsKFdr8NRFdorpv4MLz',$,$,$,(#3437),#3459);
#3461=IFCPROPERTYSINGLEVALUE('Ax',$,IFCLABEL('0.001'),$);
#3462=IFCPROPERTYSINGLEVALUE('Ay',$,IFCLABEL('0.001'),$);
#3463=IFCBEAM('0ceXEpbuL82wf$332GVIzz',$,$,$,$,#3484,#3474,$,$);
#3464=IFCCARTESIANPOINTLIST2D(((0.,0.),(0.,250.),(6000.,250.),(6000.,0.),(0.,0.)));
#3465=IFCINDEXEDPOLYCURVE(#3464,$,.F.);
#3466=IFCDIRECTION((0.,0.,1.));
#3467=IFCARBITRARYCLOSEDPROFILEDEF(.AREA.,$,#3465);
#3468=IFCCARTESIANPOINT((0.,0.,0.));
#3469=IFCDIRECTION((0.,0.,1.));
#3470=IFCDIRECTION((1.,0.,0.));
#3471=IFCAXIS2PLACEMENT3D(#3468,#3469,#3470);
#3472=IFCEXTRUDEDAREASOLID(#3467,#3471,#3466,-400.);
#3473=IFCSHAPEREPRESENTATION(#11,'Body','SweptSolid',(#3472));
#3474=IFCPRODUCTDEFINITIONSHAPE($,$,(#3473));
#3480=IFCCARTESIANPOINT((14875.,6000.,18000.));
#3481=IFCDIRECTION((0.,0.,1.));
#3482=IFCDIRECTION((-1.8369701987210297E-16,-1.,0.));
#3483=IFCAXIS2PLACEMENT3D(#3480,#3481,#3482);
#3484=IFCLOCALPLACEMENT($,#3483);
#3485=IFCPROPERTYSET('1Z2KdeyzXFNgVtbp7JEDjV',$,'Other',$,(#3487,#3488));
#3486=IFCRELDEFINESBYPROPERTIES('0vWmxiJtz9WQrY4Wf0VoCp',$,$,$,(#3463),#3485);
#3487=IFCPROPERTYSINGLEVALUE('Ax',$,IFCLABEL('0.001'),$);
#3488=IFCPROPERTYSINGLEVALUE('Ay',$,IFCLABEL('0.001'),$);
#3489=IFCBEAM('0p$1g1YP9FZuH$JYRWToAm',$,$,$,$,#3510,#3500,$,$);
#3490=IFCCARTESIANPOINTLIST2D(((0.,0.),(0.,250.),(6000.,250.),(6000.,0.),(0.,0.)));
#3491=IFCINDEXEDPOLYCURVE(#3490,$,.F.);
#3492=IFCDIRECTION((0.,0.,1.));
#3493=IFCARBITRARYCLOSEDPROFILEDEF(.AREA.,$,#3491);
#3494=IFCCARTESIANPOINT((0.,0.,0.));
#3495=IFCDIRECTION((0.,0.,1.));
#3496=IFCDIRECTION((1.,0.,0.));
#3497=IFCAXIS2PLACEMENT3D(#3494,#3495,#3496);
#3498=IFCEXTRUDEDAREASOLID(#3493,#3497,#3492,-400.);
#3499=IFCSHAPEREPRESENTATION(#11,'Body','SweptSolid',(#3498));
#3500=IFCPRODUCTDEFINITIONSHAPE($,$,(#3499));
#3506=IFCCARTESIANPOINT((20875.,18000.,18000.));
#3507=IFCDIRECTION((0.,0.,1.));
#3508=IFCDIRECTION((-1.8369701987210297E-16,-1.,0.));
#3509=IFCAXIS2PLACEMENT3D(#3506,#3507,#3508);
#3510=IFCLOCALPLACEMENT($,#3509);
#3511=IFCPROPERTYSET('2ZJkiYe5D5weX1vIc0Udnn',$,'Other',$,(#3513,#3514));
#3512=IFCRELDEFINESBYPROPERTIES('0gy5dAF3950BF5rz_JdFog',$,$,$,(#3489),#3511);
#3513=IFCPROPERTYSINGLEVALUE('Ax',$,IFCLABEL('0.001'),$);
#3514=IFCPROPERTYSINGLEVALUE('Ay',$,IFCLABEL('0.001'),$);
#3515=IFCBEAM('0pV6YENFv9Vgg6wTQEpa63',$,$,$,$,#3536,#3526,$,$);
#3516=IFCCARTESIANPOINTLIST2D(((0.,0.),(0.,250.),(6000.,250.),(6000.,0.),(0.,0.)));
#3517=IFCINDEXEDPOLYCURVE(#3516,$,.F.);
#3518=IFCDIRECTION((0.,0.,1.));
#3519=IFCARBITRARYCLOSEDPROFILEDEF(.AREA.,$,#3517);
#3520=IFCCARTESIANPOINT((0.,0.,0.));
#3521=IFCDIRECTION((0.,0.,1.));
#3522=IFCDIRECTION((1.,0.,0.));
#3523=IFCAXIS2PLACEMENT3D(#3520,#3521,#3522);
#3524=IFCEXTRUDEDAREASOLID(#3519,#3523,#3518,-400.);
#3525=IFCSHAPEREPRESENTATION(#11,'Body','SweptSolid',(#3524));
#3526=IFCPRODUCTDEFINITIONSHAPE($,$,(#3525));
#3532=IFCCARTESIANPOINT((20875.,12000.,18000.));
#3533=IFCDIRECTION((0.,0.,1.));
#3534=IFCDIRECTION((-1.8369701987210297E-16,-1.,0.));
#3535=IFCAXIS2PLACEMENT3D(#3532,#3533,#3534);
#3536=IFCLOCALPLACEMENT($,#3535);
#3537=IFCPROPERTYSET('0gddFIbdj2xg7VawerEdio',$,'Other',$,(#3539,#3540));
#3538=IFCRELDEFINESBYPROPERTIES('2sGGviEMD2YARoLXfYyEhY',$,$,$,(#3515),#3537);
#3539=IFCPROPERTYSINGLEVALUE('Ax',$,IFCLABEL('0.001'),$);
#3540=IFCPROPERTYSINGLEVALUE('Ay',$,IFCLABEL('0.001'),$);
#3541=IFCBEAM('3dFR$SFTf9RhbLgkm5SDmz',$,$,$,$,#3562,#3552,$,$);
#3542=IFCCARTESIANPOINTLIST2D(((0.,0.),(0.,250.),(6000.,250.),(6000.,0.),(0.,0.)));
#3543=IFCINDEXEDPOLYCURVE(#3542,$,.F.);
#3544=IFCDIRECTION((0.,0.,1.));
#3545=IFCARBITRARYCLOSEDPROFILEDEF(.AREA.,$,#3543);
#3546=IFCCARTESIANPOINT((0.,0.,0.));
#3547=IFCDIRECTION((0.,0.,1.));
#3548=IFCDIRECTION((1.,0.,0.));
#3549=IFCAXIS2PLACEMENT3D(#3546,#3547,#3548);
#3550=IFCEXTRUDEDAREASOLID(#3545,#3549,#3544,-400.);
#3551=IFCSHAPEREPRESENTATION(#11,'Body','SweptSolid',(#3550));
#3552=IFCPRODUCTDEFINITIONSHAPE($,$,(#3551));
#3558=IFCCARTESIANPOINT((20875.,6000.,18000.));
#3559=IFCDIRECTION((0.,0.,1.));
#3560=IFCDIRECTION((-1.8369701987210297E-16,-1.,0.));
#3561=IFCAXIS2PLACEMENT3D(#3558,#3559,#3560);
#3562=IFCLOCALPLACEMENT($,#3561);
#3563=IFCPROPERTYSET('3pnha2fin51gUPi510yxfm',$,'Other',$,(#3565,#3566));
#3564=IFCRELDEFINESBYPROPERTIES('3UaBVG7E95fvh_780LGdil',$,$,$,(#3541),#3563);
#3565=IFCPROPERTYSINGLEVALUE('Ax',$,IFCLABEL('0.001'),$);
#3566=IFCPROPERTYSINGLEVALUE('Ay',$,IFCLABEL('0.001'),$);
#3567=IFCBEAM('2NvIxWW1z3_QUGHRtv8FUX',$,$,$,$,#3588,#3578,$,$);
#3568=IFCCARTESIANPOINTLIST2D(((0.,0.),(0.,250.),(6000.,250.),(6000.,0.),(0.,0.)));
#3569=IFCINDEXEDPOLYCURVE(#3568,$,.F.);
#3570=IFCDIRECTION((0.,0.,1.));
#3571=IFCARBITRARYCLOSEDPROFILEDEF(.AREA.,$,#3569);
#3572=IFCCARTESIANPOINT((0.,0.,0.));
#3573=IFCDIRECTION((0.,0.,1.));
#3574=IFCDIRECTION((1.,0.,0.));
#3575=IFCAXIS2PLACEMENT3D(#3572,#3573,#3574);
#3576=IFCEXTRUDEDAREASOLID(#3571,#3575,#3570,-400.);
#3577=IFCSHAPEREPRESENTATION(#11,'Body','SweptSolid',(#3576));
#3578=IFCPRODUCTDEFINITIONSHAPE($,$,(#3577));
#3584=IFCCARTESIANPOINT((26875.,18000.,18000.));
#3585=IFCDIRECTION((0.,0.,1.));
#3586=IFCDIRECTION((-1.8369701987210297E-16,-1.,0.));
#3587=IFCAXIS2PLACEMENT3D(#3584,#3585,#3586);
#3588=IFCLOCALPLACEMENT($,#3587);
#3589=IFCPROPERTYSET('2Du0Pcb059h8JcuK8Ul9qo',$,'Other',$,(#3591,#3592));
#3590=IFCRELDEFINESBYPROPERTIES('0uydwykITE7fhXtvBYxRXe',$,$,$,(#3567),#3589);
#3591=IFCPROPERTYSINGLEVALUE('Ax',$,IFCLABEL('0.001'),$);
#3592=IFCPROPERTYSINGLEVALUE('Ay',$,IFCLABEL('0.001'),$);
#3593=IFCBEAM('0HGSXVserBlhNz3X40rPuM',$,$,$,$,#3614,#3604,$,$);
#3594=IFCCARTESIANPOINTLIST2D(((0.,0.),(0.,250.),(6000.,250.),(6000.,0.),(0.,0.)));
#3595=IFCINDEXEDPOLYCURVE(#3594,$,.F.);
#3596=IFCDIRECTION((0.,0.,1.));
#3597=IFCARBITRARYCLOSEDPROFILEDEF(.AREA.,$,#3595);
#3598=IFCCARTESIANPOINT((0.,0.,0.));
#3599=IFCDIRECTION((0.,0.,1.));
#3600=IFCDIRECTION((1.,0.,0.));
#3601=IFCAXIS2PLACEMENT3D(#3598,#3599,#3600);
#3602=IFCEXTRUDEDAREASOLID(#3597,#3601,#3596,-400.);
#3603=IFCSHAPEREPRESENTATION(#11,'Body','SweptSolid',(#3602));
#3604=IFCPRODUCTDEFINITIONSHAPE($,$,(#3603));
#3610=IFCCARTESIANPOINT((8875.,6000.,18000.));
#3611=IFCDIRECTION((0.,0.,1.));
#3612=IFCDIRECTION((-1.8369701987210297E-16,-1.,0.));
#3613=IFCAXIS2PLACEMENT3D(#3610,#3611,#3612);
#3614=IFCLOCALPLACEMENT($,#3613);
#3615=IFCPROPERTYSET('1InL_2b8fF8O87XLrtizXe',$,'Other',$,(#3617,#3618));
#3616=IFCRELDEFINESBYPROPERTIES('1Flr2ekAb3MO$0mSrlEUzn',$,$,$,(#3593),#3615);
#3617=IFCPROPERTYSINGLEVALUE('Ax',$,IFCLABEL('0.001'),$);
#3618=IFCPROPERTYSINGLEVALUE('Ay',$,IFCLABEL('0.001'),$);
#3619=IFCBEAM('0hwtxvlAz4E8R8Z5pC_YjG',$,$,$,$,#3640,#3630,$,$);
#3620=IFCCARTESIANPOINTLIST2D(((0.,0.),(0.,250.),(6000.,250.),(6000.,0.),(0.,0.)));
#3621=IFCINDEXEDPOLYCURVE(#3620,$,.F.);
#3622=IFCDIRECTION((0.,0.,1.));
#3623=IFCARBITRARYCLOSEDPROFILEDEF(.AREA.,$,#3621);
#3624=IFCCARTESIANPOINT((0.,0.,0.));
#3625=IFCDIRECTION((0.,0.,1.));
#3626=IFCDIRECTION((1.,0.,0.));
#3627=IFCAXIS2PLACEMENT3D(#3624,#3625,#3626);
#3628=IFCEXTRUDEDAREASOLID(#3623,#3627,#3622,-400.);
#3629=IFCSHAPEREPRESENTATION(#11,'Body','SweptSolid',(#3628));
#3630=IFCPRODUCTDEFINITIONSHAPE($,$,(#3629));
#3636=IFCCARTESIANPOINT((2875.,6000.,18000.));
#3637=IFCDIRECTION((0.,0.,1.));
#3638=IFCDIRECTION((-1.8369701987210297E-16,-1.,0.));
#3639=IFCAXIS2PLACEMENT3D(#3636,#3637,#3638);
#3640=IFCLOCALPLACEMENT($,#3639);
#3641=IFCPROPERTYSET('1QRUkWWSP9jxBigVTv4IS0',$,'Other',$,(#3643,#3644));
#3642=IFCRELDEFINESBYPROPERTIES('35YmlaD7z0_88FLk8UDdbk',$,$,$,(#3619),#3641);
#3643=IFCPROPERTYSINGLEVALUE('Ax',$,IFCLABEL('0.001'),$);
#3644=IFCPROPERTYSINGLEVALUE('Ay',$,IFCLABEL('0.001'),$);
#3645=IFCBEAM('2t3yBz2011ZADy0Mz$l9MC',$,$,$,$,#3666,#3656,$,$);
#3646=IFCCARTESIANPOINTLIST2D(((0.,0.),(0.,250.),(6000.,250.),(6000.,0.),(0.,0.)));
#3647=IFCINDEXEDPOLYCURVE(#3646,$,.F.);
#3648=IFCDIRECTION((0.,0.,1.));
#3649=IFCARBITRARYCLOSEDPROFILEDEF(.AREA.,$,#3647);
#3650=IFCCARTESIANPOINT((0.,0.,0.));
#3651=IFCDIRECTION((0.,0.,1.));
#3652=IFCDIRECTION((1.,0.,0.));
#3653=IFCAXIS2PLACEMENT3D(#3650,#3651,#3652);
#3654=IFCEXTRUDEDAREASOLID(#3649,#3653,#3648,-400.);
#3655=IFCSHAPEREPRESENTATION(#11,'Body','SweptSolid',(#3654));
#3656=IFCPRODUCTDEFINITIONSHAPE($,$,(#3655));
#3662=IFCCARTESIANPOINT((26875.,12000.,18000.));
#3663=IFCDIRECTION((0.,0.,1.));
#3664=IFCDIRECTION((-1.8369701987210297E-16,-1.,0.));
#3665=IFCAXIS2PLACEMENT3D(#3662,#3663,#3664);
#3666=IFCLOCALPLACEMENT($,#3665);
#3667=IFCPROPERTYSET('0rElXMKrf8Cu5U8nkV99mg',$,'Other',$,(#3669,#3670));
#3668=IFCRELDEFINESBYPROPERTIES('3Gw$UyQtv3GOz5s9oDcUFg',$,$,$,(#3645),#3667);
#3669=IFCPROPERTYSINGLEVALUE('Ax',$,IFCLABEL('0.001'),$);
#3670=IFCPROPERTYSINGLEVALUE('Ay',$,IFCLABEL('0.001'),$);
#3671=IFCBEAM('36OJ3C1Zr7zgjdrHYk0fy8',$,$,$,$,#3692,#3682,$,$);
#3672=IFCCARTESIANPOINTLIST2D(((0.,0.),(0.,250.),(6000.,250.),(6000.,0.),(0.,0.)));
#3673=IFCINDEXEDPOLYCURVE(#3672,$,.F.);
#3674=IFCDIRECTION((0.,0.,1.));
#3675=IFCARBITRARYCLOSEDPROFILEDEF(.AREA.,$,#3673);
#3676=IFCCARTESIANPOINT((0.,0.,0.));
#3677=IFCDIRECTION((0.,0.,1.));
#3678=IFCDIRECTION((1.,0.,0.));
#3679=IFCAXIS2PLACEMENT3D(#3676,#3677,#3678);
#3680=IFCEXTRUDEDAREASOLID(#3675,#3679,#3674,-400.);
#3681=IFCSHAPEREPRESENTATION(#11,'Body','SweptSolid',(#3680));
#3682=IFCPRODUCTDEFINITIONSHAPE($,$,(#3681));
#3688=IFCCARTESIANPOINT((26875.,6000.,18000.));
#3689=IFCDIRECTION((0.,0.,1.));
#3690=IFCDIRECTION((-1.8369701987210297E-16,-1.,0.));
#3691=IFCAXIS2PLACEMENT3D(#3688,#3689,#3690);
#3692=IFCLOCALPLACEMENT($,#3691);
#3693=IFCPROPERTYSET('2OLUEITVHFSxKafM14ux3f',$,'Other',$,(#3695,#3696));
#3694=IFCRELDEFINESBYPROPERTIES('3FWpnmOpzFHAfibEclPARE',$,$,$,(#3671),#3693);
#3695=IFCPROPERTYSINGLEVALUE('Ax',$,IFCLABEL('0.001'),$);
#3696=IFCPROPERTYSINGLEVALUE('Ay',$,IFCLABEL('0.001'),$);
#3697=IFCBEAM('2pUXTBUzTAFge4InF22DHe',$,$,$,$,#3718,#3708,$,$);
#3698=IFCCARTESIANPOINTLIST2D(((0.,0.),(0.,250.),(6000.,250.),(6000.,0.),(0.,0.)));
#3699=IFCINDEXEDPOLYCURVE(#3698,$,.F.);
#3700=IFCDIRECTION((0.,0.,1.));
#3701=IFCARBITRARYCLOSEDPROFILEDEF(.AREA.,$,#3699);
#3702=IFCCARTESIANPOINT((0.,0.,0.));
#3703=IFCDIRECTION((0.,0.,1.));
#3704=IFCDIRECTION((1.,0.,0.));
#3705=IFCAXIS2PLACEMENT3D(#3702,#3703,#3704);
#3706=IFCEXTRUDEDAREASOLID(#3701,#3705,#3700,-500.);
#3707=IFCSHAPEREPRESENTATION(#11,'Body','SweptSolid',(#3706));
#3708=IFCPRODUCTDEFINITIONSHAPE($,$,(#3707));
#3714=IFCCARTESIANPOINT((125.,6000.,15000.));
#3715=IFCDIRECTION((0.,0.,1.));
#3716=IFCDIRECTION((6.123233995736766E-17,1.,0.));
#3717=IFCAXIS2PLACEMENT3D(#3714,#3715,#3716);
#3718=IFCLOCALPLACEMENT($,#3717);
#3719=IFCPROPERTYSET('1UQ_6Av6b6dR9bMWIM1XJz',$,'Other',$,(#3721,#3722));
#3720=IFCRELDEFINESBYPROPERTIES('3pw1Q4SSD4ZgZsCA00iiLi',$,$,$,(#3697),#3719);
#3721=IFCPROPERTYSINGLEVALUE('Ax',$,IFCLABEL('0.001'),$);
#3722=IFCPROPERTYSINGLEVALUE('Ay',$,IFCLABEL('0.001'),$);
#3723=IFCBEAM('31nmAP1SL1Gh1ztMZpVdhX',$,$,$,$,#3744,#3734,$,$);
#3724=IFCCARTESIANPOINTLIST2D(((0.,0.),(0.,250.),(6000.,250.),(6000.,0.),(0.,0.)));
#3725=IFCINDEXEDPOLYCURVE(#3724,$,.F.);
#3726=IFCDIRECTION((0.,0.,1.));
#3727=IFCARBITRARYCLOSEDPROFILEDEF(.AREA.,$,#3725);
#3728=IFCCARTESIANPOINT((0.,0.,0.));
#3729=IFCDIRECTION((0.,0.,1.));
#3730=IFCDIRECTION((1.,0.,0.));
#3731=IFCAXIS2PLACEMENT3D(#3728,#3729,#3730);
#3732=IFCEXTRUDEDAREASOLID(#3727,#3731,#3726,-500.);
#3733=IFCSHAPEREPRESENTATION(#11,'Body','SweptSolid',(#3732));
#3734=IFCPRODUCTDEFINITIONSHAPE($,$,(#3733));
#3740=IFCCARTESIANPOINT((125.,12000.,15000.));
#3741=IFCDIRECTION((0.,0.,1.));
#3742=IFCDIRECTION((6.123233995736766E-17,1.,0.));
#3743=IFCAXIS2PLACEMENT3D(#3740,#3741,#3742);
#3744=IFCLOCALPLACEMENT($,#3743);
#3745=IFCPROPERTYSET('2zar7aoEv2xfc2wbHZnsBD',$,'Other',$,(#3747,#3748));
#3746=IFCRELDEFINESBYPROPERTIES('3cMJWIIMP4ggmL8PEuK9Jf',$,$,$,(#3723),#3745);
#3747=IFCPROPERTYSINGLEVALUE('Ax',$,IFCLABEL('0.001'),$);
#3748=IFCPROPERTYSINGLEVALUE('Ay',$,IFCLABEL('0.001'),$);
#3749=IFCBEAM('053sPdMgvCK9uaHsjIvqny',$,$,$,$,#3770,#3760,$,$);
#3750=IFCCARTESIANPOINTLIST2D(((0.,0.),(0.,250.),(6000.,250.),(6000.,0.),(0.,0.)));
#3751=IFCINDEXEDPOLYCURVE(#3750,$,.F.);
#3752=IFCDIRECTION((0.,0.,1.));
#3753=IFCARBITRARYCLOSEDPROFILEDEF(.AREA.,$,#3751);
#3754=IFCCARTESIANPOINT((0.,0.,0.));
#3755=IFCDIRECTION((0.,0.,1.));
#3756=IFCDIRECTION((1.,0.,0.));
#3757=IFCAXIS2PLACEMENT3D(#3754,#3755,#3756);
#3758=IFCEXTRUDEDAREASOLID(#3753,#3757,#3752,-500.);
#3759=IFCSHAPEREPRESENTATION(#11,'Body','SweptSolid',(#3758));
#3760=IFCPRODUCTDEFINITIONSHAPE($,$,(#3759));
#3766=IFCCARTESIANPOINT((6125.,6000.,15000.));
#3767=IFCDIRECTION((0.,0.,1.));
#3768=IFCDIRECTION((6.123233995736766E-17,1.,0.));
#3769=IFCAXIS2PLACEMENT3D(#3766,#3767,#3768);
#3770=IFCLOCALPLACEMENT($,#3769);
#3771=IFCPROPERTYSET('1OmFLYaWn27vK1SDVKHQM1',$,'Other',$,(#3773,#3774));
#3772=IFCRELDEFINESBYPROPERTIES('14_wkrN_f52R6FsFJrd6yC',$,$,$,(#3749),#3771);
#3773=IFCPROPERTYSINGLEVALUE('Ax',$,IFCLABEL('0.001'),$);
#3774=IFCPROPERTYSINGLEVALUE('Ay',$,IFCLABEL('0.001'),$);
#3775=IFCBEAM('0fMPcwYWT9LPJOpQN0I$zc',$,$,$,$,#3796,#3786,$,$);
#3776=IFCCARTESIANPOINTLIST2D(((0.,0.),(0.,250.),(6000.,250.),(6000.,0.),(0.,0.)));
#3777=IFCINDEXEDPOLYCURVE(#3776,$,.F.);
#3778=IFCDIRECTION((0.,0.,1.));
#3779=IFCARBITRARYCLOSEDPROFILEDEF(.AREA.,$,#3777);
#3780=IFCCARTESIANPOINT((0.,0.,0.));
#3781=IFCDIRECTION((0.,0.,1.));
#3782=IFCDIRECTION((1.,0.,0.));
#3783=IFCAXIS2PLACEMENT3D(#3780,#3781,#3782);
#3784=IFCEXTRUDEDAREASOLID(#3779,#3783,#3778,-500.);
#3785=IFCSHAPEREPRESENTATION(#11,'Body','SweptSolid',(#3784));
#3786=IFCPRODUCTDEFINITIONSHAPE($,$,(#3785));
#3792=IFCCARTESIANPOINT((6125.,12000.,15000.));
#3793=IFCDIRECTION((0.,0.,1.));
#3794=IFCDIRECTION((6.123233995736766E-17,1.,0.));
#3795=IFCAXIS2PLACEMENT3D(#3792,#3793,#3794);
#3796=IFCLOCALPLACEMENT($,#3795);
#3797=IFCPROPERTYSET('0lc5TY8HX8vxdXFvqV4J5C',$,'Other',$,(#3799,#3800));
#3798=IFCRELDEFINESBYPROPERTIES('0tJDJZnCnFrhliv_fUVeL9',$,$,$,(#3775),#3797);
#3799=IFCPROPERTYSINGLEVALUE('Ax',$,IFCLABEL('0.001'),$);
#3800=IFCPROPERTYSINGLEVALUE('Ay',$,IFCLABEL('0.001'),$);
#3801=IFCBEAM('0K1Az2W618SfmThNQaednH',$,$,$,$,#3822,#3812,$,$);
#3802=IFCCARTESIANPOINTLIST2D(((0.,0.),(0.,250.),(6000.,250.),(6000.,0.),(0.,0.)));
#3803=IFCINDEXEDPOLYCURVE(#3802,$,.F.);
#3804=IFCDIRECTION((0.,0.,1.));
#3805=IFCARBITRARYCLOSEDPROFILEDEF(.AREA.,$,#3803);
#3806=IFCCARTESIANPOINT((0.,0.,0.));
#3807=IFCDIRECTION((0.,0.,1.));
#3808=IFCDIRECTION((1.,0.,0.));
#3809=IFCAXIS2PLACEMENT3D(#3806,#3807,#3808);
#3810=IFCEXTRUDEDAREASOLID(#3805,#3809,#3804,-500.);
#3811=IFCSHAPEREPRESENTATION(#11,'Body','SweptSolid',(#3810));
#3812=IFCPRODUCTDEFINITIONSHAPE($,$,(#3811));
#3818=IFCCARTESIANPOINT((12125.,-7.6540424946709578E-15,15000.));
#3819=IFCDIRECTION((0.,0.,1.));
#3820=IFCDIRECTION((6.123233995736766E-17,1.,0.));
#3821=IFCAXIS2PLACEMENT3D(#3818,#3819,#3820);
#3822=IFCLOCALPLACEMENT($,#3821);
#3823=IFCPROPERTYSET('1mqI$mD216uutDBzAxmhk8',$,'Other',$,(#3825,#3826));
#3824=IFCRELDEFINESBYPROPERTIES('03LWnPRBfAshXH_dgzx9E4',$,$,$,(#3801),#3823);
#3825=IFCPROPERTYSINGLEVALUE('Ax',$,IFCLABEL('0.001'),$);
#3826=IFCPROPERTYSINGLEVALUE('Ay',$,IFCLABEL('0.001'),$);
#3827=IFCBEAM('3TIrEjUTj9OfLA8CLaUgOb',$,$,$,$,#3848,#3838,$,$);
#3828=IFCCARTESIANPOINTLIST2D(((0.,0.),(0.,250.),(6000.,250.),(6000.,0.),(0.,0.)));
#3829=IFCINDEXEDPOLYCURVE(#3828,$,.F.);
#3830=IFCDIRECTION((0.,0.,1.));
#3831=IFCARBITRARYCLOSEDPROFILEDEF(.AREA.,$,#3829);
#3832=IFCCARTESIANPOINT((0.,0.,0.));
#3833=IFCDIRECTION((0.,0.,1.));
#3834=IFCDIRECTION((1.,0.,0.));
#3835=IFCAXIS2PLACEMENT3D(#3832,#3833,#3834);
#3836=IFCEXTRUDEDAREASOLID(#3831,#3835,#3830,-500.);
#3837=IFCSHAPEREPRESENTATION(#11,'Body','SweptSolid',(#3836));
#3838=IFCPRODUCTDEFINITIONSHAPE($,$,(#3837));
#3844=IFCCARTESIANPOINT((12125.,6000.,15000.));
#3845=IFCDIRECTION((0.,0.,1.));
#3846=IFCDIRECTION((6.123233995736766E-17,1.,0.));
#3847=IFCAXIS2PLACEMENT3D(#3844,#3845,#3846);
#3848=IFCLOCALPLACEMENT($,#3847);
#3849=IFCPROPERTYSET('0Fhcpr3MzDPh6QpZMsAQvg',$,'Other',$,(#3851,#3852));
#3850=IFCRELDEFINESBYPROPERTIES('0t2bjt2jPFVhDYDKTN39AV',$,$,$,(#3827),#3849);
#3851=IFCPROPERTYSINGLEVALUE('Ax',$,IFCLABEL('0.001'),$);
#3852=IFCPROPERTYSINGLEVALUE('Ay',$,IFCLABEL('0.001'),$);
#3853=IFCBEAM('0r9HMFqs9DA8yMPZybAnbi',$,$,$,$,#3874,#3864,$,$);
#3854=IFCCARTESIANPOINTLIST2D(((0.,0.),(0.,250.),(6000.,250.),(6000.,0.),(0.,0.)));
#3855=IFCINDEXEDPOLYCURVE(#3854,$,.F.);
#3856=IFCDIRECTION((0.,0.,1.));
#3857=IFCARBITRARYCLOSEDPROFILEDEF(.AREA.,$,#3855);
#3858=IFCCARTESIANPOINT((0.,0.,0.));
#3859=IFCDIRECTION((0.,0.,1.));
#3860=IFCDIRECTION((1.,0.,0.));
#3861=IFCAXIS2PLACEMENT3D(#3858,#3859,#3860);
#3862=IFCEXTRUDEDAREASOLID(#3857,#3861,#3856,-500.);
#3863=IFCSHAPEREPRESENTATION(#11,'Body','SweptSolid',(#3862));
#3864=IFCPRODUCTDEFINITIONSHAPE($,$,(#3863));
#3870=IFCCARTESIANPOINT((12125.,12000.,15000.));
#3871=IFCDIRECTION((0.,0.,1.));
#3872=IFCDIRECTION((6.123233995736766E-17,1.,0.));
#3873=IFCAXIS2PLACEMENT3D(#3870,#3871,#3872);
#3874=IFCLOCALPLACEMENT($,#3873);
#3875=IFCPROPERTYSET('0z0fm6$SbF2OJNr1OrJGLl',$,'Other',$,(#3877,#3878));
#3876=IFCRELDEFINESBYPROPERTIES('0jhHuSnz9929tIWNEpddTd',$,$,$,(#3853),#3875);
#3877=IFCPROPERTYSINGLEVALUE('Ax',$,IFCLABEL('0.001'),$);
#3878=IFCPROPERTYSINGLEVALUE('Ay',$,IFCLABEL('0.001'),$);
#3879=IFCBEAM('0i_wJkqHz0kQ0LpHZWgUIB',$,$,$,$,#3900,#3890,$,$);
#3880=IFCCARTESIANPOINTLIST2D(((0.,0.),(0.,250.),(6000.,250.),(6000.,0.),(0.,0.)));
#3881=IFCINDEXEDPOLYCURVE(#3880,$,.F.);
#3882=IFCDIRECTION((0.,0.,1.));
#3883=IFCARBITRARYCLOSEDPROFILEDEF(.AREA.,$,#3881);
#3884=IFCCARTESIANPOINT((0.,0.,0.));
#3885=IFCDIRECTION((0.,0.,1.));
#3886=IFCDIRECTION((1.,0.,0.));
#3887=IFCAXIS2PLACEMENT3D(#3884,#3885,#3886);
#3888=IFCEXTRUDEDAREASOLID(#3883,#3887,#3882,-500.);
#3889=IFCSHAPEREPRESENTATION(#11,'Body','SweptSolid',(#3888));
#3890=IFCPRODUCTDEFINITIONSHAPE($,$,(#3889));
#3896=IFCCARTESIANPOINT((18125.,-7.6540424946709578E-15,15000.));
#3897=IFCDIRECTION((0.,0.,1.));
#3898=IFCDIRECTION((6.123233995736766E-17,1.,0.));
#3899=IFCAXIS2PLACEMENT3D(#3896,#3897,#3898);
#3900=IFCLOCALPLACEMENT($,#3899);
#3901=IFCPROPERTYSET('0z3hSx_3z4fuOoQrEmAY5j',$,'Other',$,(#3903,#3904));
#3902=IFCRELDEFINESBYPROPERTIES('1BTWAaHPjC1OjwPfyjfFbo',$,$,$,(#3879),#3901);
#3903=IFCPROPERTYSINGLEVALUE('Ax',$,IFCLABEL('0.001'),$);
#3904=IFCPROPERTYSINGLEVALUE('Ay',$,IFCLABEL('0.001'),$);
#3905=IFCBEAM('3f4cckLyT86OOe3YqoRwci',$,$,$,$,#3926,#3916,$,$);
#3906=IFCCARTESIANPOINTLIST2D(((0.,0.),(0.,250.),(6000.,250.),(6000.,0.),(0.,0.)));
#3907=IFCINDEXEDPOLYCURVE(#3906,$,.F.);
#3908=IFCDIRECTION((0.,0.,1.));
#3909=IFCARBITRARYCLOSEDPROFILEDEF(.AREA.,$,#3907);
#3910=IFCCARTESIANPOINT((0.,0.,0.));
#3911=IFCDIRECTION((0.,0.,1.));
#3912=IFCDIRECTION((1.,0.,0.));
#3913=IFCAXIS2PLACEMENT3D(#3910,#3911,#3912);
#3914=IFCEXTRUDEDAREASOLID(#3909,#3913,#3908,-500.);
#3915=IFCSHAPEREPRESENTATION(#11,'Body','SweptSolid',(#3914));
#3916=IFCPRODUCTDEFINITIONSHAPE($,$,(#3915));
#3922=IFCCARTESIANPOINT((18125.,6000.,15000.));
#3923=IFCDIRECTION((0.,0.,1.));
#3924=IFCDIRECTION((6.123233995736766E-17,1.,0.));
#3925=IFCAXIS2PLACEMENT3D(#3922,#3923,#3924);
#3926=IFCLOCALPLACEMENT($,#3925);
#3927=IFCPROPERTYSET('1KL_7eGUf7EO9FSB3$wgqG',$,'Other',$,(#3929,#3930));
#3928=IFCRELDEFINESBYPROPERTIES('2991GlF6n9Uu8vn46awyQO',$,$,$,(#3905),#3927);
#3929=IFCPROPERTYSINGLEVALUE('Ax',$,IFCLABEL('0.001'),$);
#3930=IFCPROPERTYSINGLEVALUE('Ay',$,IFCLABEL('0.001'),$);
#3931=IFCBEAM('0XVJEVqBH1jBTKpG3YRL76',$,$,$,$,#3952,#3942,$,$);
#3932=IFCCARTESIANPOINTLIST2D(((0.,0.),(0.,250.),(6000.,250.),(6000.,0.),(0.,0.)));
#3933=IFCINDEXEDPOLYCURVE(#3932,$,.F.);
#3934=IFCDIRECTION((0.,0.,1.));
#3935=IFCARBITRARYCLOSEDPROFILEDEF(.AREA.,$,#3933);
#3936=IFCCARTESIANPOINT((0.,0.,0.));
#3937=IFCDIRECTION((0.,0.,1.));
#3938=IFCDIRECTION((1.,0.,0.));
#3939=IFCAXIS2PLACEMENT3D(#3936,#3937,#3938);
#3940=IFCEXTRUDEDAREASOLID(#3935,#3939,#3934,-500.);
#3941=IFCSHAPEREPRESENTATION(#11,'Body','SweptSolid',(#3940));
#3942=IFCPRODUCTDEFINITIONSHAPE($,$,(#3941));
#3948=IFCCARTESIANPOINT((18125.,12000.,15000.));
#3949=IFCDIRECTION((0.,0.,1.));
#3950=IFCDIRECTION((6.123233995736766E-17,1.,0.));
#3951=IFCAXIS2PLACEMENT3D(#3948,#3949,#3950);
#3952=IFCLOCALPLACEMENT($,#3951);
#3953=IFCPROPERTYSET('3NJP7F7lT28wzbBn4hRnKj',$,'Other',$,(#3955,#3956));
#3954=IFCRELDEFINESBYPROPERTIES('0gH9wK7918BeGByj7n8Rg3',$,$,$,(#3931),#3953);
#3955=IFCPROPERTYSINGLEVALUE('Ax',$,IFCLABEL('0.001'),$);
#3956=IFCPROPERTYSINGLEVALUE('Ay',$,IFCLABEL('0.001'),$);
#3957=IFCBEAM('26IM2Q7VL37OUBxNsVW$0d',$,$,$,$,#3978,#3968,$,$);
#3958=IFCCARTESIANPOINTLIST2D(((0.,0.),(0.,250.),(6000.,250.),(6000.,0.),(0.,0.)));
#3959=IFCINDEXEDPOLYCURVE(#3958,$,.F.);
#3960=IFCDIRECTION((0.,0.,1.));
#3961=IFCARBITRARYCLOSEDPROFILEDEF(.AREA.,$,#3959);
#3962=IFCCARTESIANPOINT((0.,0.,0.));
#3963=IFCDIRECTION((0.,0.,1.));
#3964=IFCDIRECTION((1.,0.,0.));
#3965=IFCAXIS2PLACEMENT3D(#3962,#3963,#3964);
#3966=IFCEXTRUDEDAREASOLID(#3961,#3965,#3960,-500.);
#3967=IFCSHAPEREPRESENTATION(#11,'Body','SweptSolid',(#3966));
#3968=IFCPRODUCTDEFINITIONSHAPE($,$,(#3967));
#3974=IFCCARTESIANPOINT((24125.,-7.6540424946709578E-15,15000.));
#3975=IFCDIRECTION((0.,0.,1.));
#3976=IFCDIRECTION((6.123233995736766E-17,1.,0.));
#3977=IFCAXIS2PLACEMENT3D(#3974,#3975,#3976);
#3978=IFCLOCALPLACEMENT($,#3977);
#3979=IFCPROPERTYSET('1GvNsyU$b0YBs0jaLUGist',$,'Other',$,(#3981,#3982));
#3980=IFCRELDEFINESBYPROPERTIES('0VC4Vswpz1iPVIDQo8JHwC',$,$,$,(#3957),#3979);
#3981=IFCPROPERTYSINGLEVALUE('Ax',$,IFCLABEL('0.001'),$);
#3982=IFCPROPERTYSINGLEVALUE('Ay',$,IFCLABEL('0.001'),$);
#3983=IFCBEAM('1srQclPITE38CusJdi5pOY',$,$,$,$,#4004,#3994,$,$);
#3984=IFCCARTESIANPOINTLIST2D(((0.,0.),(0.,250.),(6000.,250.),(6000.,0.),(0.,0.)));
#3985=IFCINDEXEDPOLYCURVE(#3984,$,.F.);
#3986=IFCDIRECTION((0.,0.,1.));
#3987=IFCARBITRARYCLOSEDPROFILEDEF(.AREA.,$,#3985);
#3988=IFCCARTESIANPOINT((0.,0.,0.));
#3989=IFCDIRECTION((0.,0.,1.));
#3990=IFCDIRECTION((1.,0.,0.));
#3991=IFCAXIS2PLACEMENT3D(#3988,#3989,#3990);
#3992=IFCEXTRUDEDAREASOLID(#3987,#3991,#3986,-500.);
#3993=IFCSHAPEREPRESENTATION(#11,'Body','SweptSolid',(#3992));
#3994=IFCPRODUCTDEFINITIONSHAPE($,$,(#3993));
#4000=IFCCARTESIANPOINT((24125.,6000.,15000.));
#4001=IFCDIRECTION((0.,0.,1.));
#4002=IFCDIRECTION((6.123233995736766E-17,1.,0.));
#4003=IFCAXIS2PLACEMENT3D(#4000,#4001,#4002);
#4004=IFCLOCALPLACEMENT($,#4003);
#4005=IFCPROPERTYSET('23BqY9W0T3OOKlHaLfjCqZ',$,'Other',$,(#4007,#4008));
#4006=IFCRELDEFINESBYPROPERTIES('3ggoAEO$5ACxz6ppLGoOdx',$,$,$,(#3983),#4005);
#4007=IFCPROPERTYSINGLEVALUE('Ax',$,IFCLABEL('0.001'),$);
#4008=IFCPROPERTYSINGLEVALUE('Ay',$,IFCLABEL('0.001'),$);
#4009=IFCBEAM('12TTKoP$D8BvwIpkBKWpON',$,$,$,$,#4030,#4020,$,$);
#4010=IFCCARTESIANPOINTLIST2D(((0.,0.),(0.,250.),(6000.,250.),(6000.,0.),(0.,0.)));
#4011=IFCINDEXEDPOLYCURVE(#4010,$,.F.);
#4012=IFCDIRECTION((0.,0.,1.));
#4013=IFCARBITRARYCLOSEDPROFILEDEF(.AREA.,$,#4011);
#4014=IFCCARTESIANPOINT((0.,0.,0.));
#4015=IFCDIRECTION((0.,0.,1.));
#4016=IFCDIRECTION((1.,0.,0.));
#4017=IFCAXIS2PLACEMENT3D(#4014,#4015,#4016);
#4018=IFCEXTRUDEDAREASOLID(#4013,#4017,#4012,-500.);
#4019=IFCSHAPEREPRESENTATION(#11,'Body','SweptSolid',(#4018));
#4020=IFCPRODUCTDEFINITIONSHAPE($,$,(#4019));
#4026=IFCCARTESIANPOINT((24125.,12000.,15000.));
#4027=IFCDIRECTION((0.,0.,1.));
#4028=IFCDIRECTION((6.123233995736766E-17,1.,0.));
#4029=IFCAXIS2PLACEMENT3D(#4026,#4027,#4028);
#4030=IFCLOCALPLACEMENT($,#4029);
#4031=IFCPROPERTYSET('20sDKVktX4FxKuGiroGyuQ',$,'Other',$,(#4033,#4034));
#4032=IFCRELDEFINESBYPROPERTIES('1qUso53QzAUhPAvCSFDbte',$,$,$,(#4009),#4031);
#4033=IFCPROPERTYSINGLEVALUE('Ax',$,IFCLABEL('0.001'),$);
#4034=IFCPROPERTYSINGLEVALUE('Ay',$,IFCLABEL('0.001'),$);
#4035=IFCBEAM('2EIbqFCUT1UwR6UjinWN5S',$,$,$,$,#4056,#4046,$,$);
#4036=IFCCARTESIANPOINTLIST2D(((0.,0.),(0.,250.),(6000.,250.),(6000.,0.),(0.,0.)));
#4037=IFCINDEXEDPOLYCURVE(#4036,$,.F.);
#4038=IFCDIRECTION((0.,0.,1.));
#4039=IFCARBITRARYCLOSEDPROFILEDEF(.AREA.,$,#4037);
#4040=IFCCARTESIANPOINT((0.,0.,0.));
#4041=IFCDIRECTION((0.,0.,1.));
#4042=IFCDIRECTION((1.,0.,0.));
#4043=IFCAXIS2PLACEMENT3D(#4040,#4041,#4042);
#4044=IFCEXTRUDEDAREASOLID(#4039,#4043,#4038,-400.);
#4045=IFCSHAPEREPRESENTATION(#11,'Body','SweptSolid',(#4044));
#4046=IFCPRODUCTDEFINITIONSHAPE($,$,(#4045));
#4052=IFCCARTESIANPOINT((30125.,12000.,15000.));
#4053=IFCDIRECTION((0.,0.,1.));
#4054=IFCDIRECTION((6.123233995736766E-17,1.,0.));
#4055=IFCAXIS2PLACEMENT3D(#4052,#4053,#4054);
#4056=IFCLOCALPLACEMENT($,#4055);
#4057=IFCPROPERTYSET('2lMWLdDO99fuZqfVwkHu8l',$,'Other',$,(#4059,#4060));
#4058=IFCRELDEFINESBYPROPERTIES('0jK3SEgtrCyvok6EfeYtFT',$,$,$,(#4035),#4057);
#4059=IFCPROPERTYSINGLEVALUE('Ax',$,IFCLABEL('0.001'),$);
#4060=IFCPROPERTYSINGLEVALUE('Ay',$,IFCLABEL('0.001'),$);
#4061=IFCBEAM('2PJtTjXzHD396gKMm5G4Mt',$,$,$,$,#4082,#4072,$,$);
#4062=IFCCARTESIANPOINTLIST2D(((0.,0.),(0.,250.),(6000.,250.),(6000.,0.),(0.,0.)));
#4063=IFCINDEXEDPOLYCURVE(#4062,$,.F.);
#4064=IFCDIRECTION((0.,0.,1.));
#4065=IFCARBITRARYCLOSEDPROFILEDEF(.AREA.,$,#4063);
#4066=IFCCARTESIANPOINT((0.,0.,0.));
#4067=IFCDIRECTION((0.,0.,1.));
#4068=IFCDIRECTION((1.,0.,0.));
#4069=IFCAXIS2PLACEMENT3D(#4066,#4067,#4068);
#4070=IFCEXTRUDEDAREASOLID(#4065,#4069,#4064,-500.);
#4071=IFCSHAPEREPRESENTATION(#11,'Body','SweptSolid',(#4070));
#4072=IFCPRODUCTDEFINITIONSHAPE($,$,(#4071));
#4078=IFCCARTESIANPOINT((0.,-125.,15000.));
#4079=IFCDIRECTION((0.,0.,1.));
#4080=IFCDIRECTION((1.,0.,0.));
#4081=IFCAXIS2PLACEMENT3D(#4078,#4079,#4080);
#4082=IFCLOCALPLACEMENT($,#4081);
#4083=IFCPROPERTYSET('1PE9t$9v99LwFezwvZYJZh',$,'Other',$,(#4085,#4086));
#4084=IFCRELDEFINESBYPROPERTIES('0YLd9zR7LALhLya6Rb7lrQ',$,$,$,(#4061),#4083);
#4085=IFCPROPERTYSINGLEVALUE('Ax',$,IFCLABEL('0.001'),$);
#4086=IFCPROPERTYSINGLEVALUE('Ay',$,IFCLABEL('0.001'),$);
#4087=IFCBEAM('0VYpK2KOz9rROcD2QioRIh',$,$,$,$,#4108,#4098,$,$);
#4088=IFCCARTESIANPOINTLIST2D(((0.,0.),(0.,250.),(6000.,250.),(6000.,0.),(0.,0.)));
#4089=IFCINDEXEDPOLYCURVE(#4088,$,.F.);
#4090=IFCDIRECTION((0.,0.,1.));
#4091=IFCARBITRARYCLOSEDPROFILEDEF(.AREA.,$,#4089);
#4092=IFCCARTESIANPOINT((0.,0.,0.));
#4093=IFCDIRECTION((0.,0.,1.));
#4094=IFCDIRECTION((1.,0.,0.));
#4095=IFCAXIS2PLACEMENT3D(#4092,#4093,#4094);
#4096=IFCEXTRUDEDAREASOLID(#4091,#4095,#4090,-500.);
#4097=IFCSHAPEREPRESENTATION(#11,'Body','SweptSolid',(#4096));
#4098=IFCPRODUCTDEFINITIONSHAPE($,$,(#4097));
#4104=IFCCARTESIANPOINT((6000.,-125.,15000.));
#4105=IFCDIRECTION((0.,0.,1.));
#4106=IFCDIRECTION((1.,0.,0.));
#4107=IFCAXIS2PLACEMENT3D(#4104,#4105,#4106);
#4108=IFCLOCALPLACEMENT($,#4107);
#4109=IFCPROPERTYSET('2dbUUqX3vA0ujyVDH0_xXt',$,'Other',$,(#4111,#4112));
#4110=IFCRELDEFINESBYPROPERTIES('04rsPUs7T7TwZNNMNbDAMa',$,$,$,(#4087),#4109);
#4111=IFCPROPERTYSINGLEVALUE('Ax',$,IFCLABEL('0.001'),$);
#4112=IFCPROPERTYSINGLEVALUE('Ay',$,IFCLABEL('0.001'),$);
#4113=IFCBEAM('2oRAI$THz3whTi1a_p7nKw',$,$,$,$,#4134,#4124,$,$);
#4114=IFCCARTESIANPOINTLIST2D(((0.,0.),(0.,250.),(6000.,250.),(6000.,0.),(0.,0.)));
#4115=IFCINDEXEDPOLYCURVE(#4114,$,.F.);
#4116=IFCDIRECTION((0.,0.,1.));
#4117=IFCARBITRARYCLOSEDPROFILEDEF(.AREA.,$,#4115);
#4118=IFCCARTESIANPOINT((0.,0.,0.));
#4119=IFCDIRECTION((0.,0.,1.));
#4120=IFCDIRECTION((1.,0.,0.));
#4121=IFCAXIS2PLACEMENT3D(#4118,#4119,#4120);
#4122=IFCEXTRUDEDAREASOLID(#4117,#4121,#4116,-500.);
#4123=IFCSHAPEREPRESENTATION(#11,'Body','SweptSolid',(#4122));
#4124=IFCPRODUCTDEFINITIONSHAPE($,$,(#4123));
#4130=IFCCARTESIANPOINT((12000.,-125.,15000.));
#4131=IFCDIRECTION((0.,0.,1.));
#4132=IFCDIRECTION((1.,0.,0.));
#4133=IFCAXIS2PLACEMENT3D(#4130,#4131,#4132);
#4134=IFCLOCALPLACEMENT($,#4133);
#4135=IFCPROPERTYSET('0ZFVfP5G9AgwMZnYim9nbZ',$,'Other',$,(#4137,#4138));
#4136=IFCRELDEFINESBYPROPERTIES('2LpicSLdz5RRVTUdWMmRJY',$,$,$,(#4113),#4135);
#4137=IFCPROPERTYSINGLEVALUE('Ax',$,IFCLABEL('0.001'),$);
#4138=IFCPROPERTYSINGLEVALUE('Ay',$,IFCLABEL('0.001'),$);
#4139=IFCBEAM('31X7qLxk15_elmOfbAmtKG',$,$,$,$,#4160,#4150,$,$);
#4140=IFCCARTESIANPOINTLIST2D(((0.,0.),(0.,250.),(6000.,250.),(6000.,0.),(0.,0.)));
#4141=IFCINDEXEDPOLYCURVE(#4140,$,.F.);
#4142=IFCDIRECTION((0.,0.,1.));
#4143=IFCARBITRARYCLOSEDPROFILEDEF(.AREA.,$,#4141);
#4144=IFCCARTESIANPOINT((0.,0.,0.));
#4145=IFCDIRECTION((0.,0.,1.));
#4146=IFCDIRECTION((1.,0.,0.));
#4147=IFCAXIS2PLACEMENT3D(#4144,#4145,#4146);
#4148=IFCEXTRUDEDAREASOLID(#4143,#4147,#4142,-500.);
#4149=IFCSHAPEREPRESENTATION(#11,'Body','SweptSolid',(#4148));
#4150=IFCPRODUCTDEFINITIONSHAPE($,$,(#4149));
#4156=IFCCARTESIANPOINT((18000.,-125.,15000.));
#4157=IFCDIRECTION((0.,0.,1.));
#4158=IFCDIRECTION((1.,0.,0.));
#4159=IFCAXIS2PLACEMENT3D(#4156,#4157,#4158);
#4160=IFCLOCALPLACEMENT($,#4159);
#4161=IFCPROPERTYSET('1j2rSsLFXCOve4ngESl1da',$,'Other',$,(#4163,#4164));
#4162=IFCRELDEFINESBYPROPERTIES('2hRgFMZiTCAOH9PcayKgTM',$,$,$,(#4139),#4161);
#4163=IFCPROPERTYSINGLEVALUE('Ax',$,IFCLABEL('0.001'),$);
#4164=IFCPROPERTYSINGLEVALUE('Ay',$,IFCLABEL('0.001'),$);
#4165=IFCBEAM('1nTO$sKVb1Uxk8DuABNK5$',$,$,$,$,#4186,#4176,$,$);
#4166=IFCCARTESIANPOINTLIST2D(((0.,0.),(0.,250.),(6000.,250.),(6000.,0.),(0.,0.)));
#4167=IFCINDEXEDPOLYCURVE(#4166,$,.F.);
#4168=IFCDIRECTION((0.,0.,1.));
#4169=IFCARBITRARYCLOSEDPROFILEDEF(.AREA.,$,#4167);
#4170=IFCCARTESIANPOINT((0.,0.,0.));
#4171=IFCDIRECTION((0.,0.,1.));
#4172=IFCDIRECTION((1.,0.,0.));
#4173=IFCAXIS2PLACEMENT3D(#4170,#4171,#4172);
#4174=IFCEXTRUDEDAREASOLID(#4169,#4173,#4168,-500.);
#4175=IFCSHAPEREPRESENTATION(#11,'Body','SweptSolid',(#4174));
#4176=IFCPRODUCTDEFINITIONSHAPE($,$,(#4175));
#4182=IFCCARTESIANPOINT((0.,5875.,15000.));
#4183=IFCDIRECTION((0.,0.,1.));
#4184=IFCDIRECTION((1.,0.,0.));
#4185=IFCAXIS2PLACEMENT3D(#4182,#4183,#4184);
#4186=IFCLOCALPLACEMENT($,#4185);
#4187=IFCPROPERTYSET('3sNS6e7u58PelUZJynGVyO',$,'Other',$,(#4189,#4190));
#4188=IFCRELDEFINESBYPROPERTIES('2yKbgFBcT3OvAC_X5xHFYo',$,$,$,(#4165),#4187);
#4189=IFCPROPERTYSINGLEVALUE('Ax',$,IFCLABEL('0.001'),$);
#4190=IFCPROPERTYSINGLEVALUE('Ay',$,IFCLABEL('0.001'),$);
#4191=IFCBEAM('0WFM0X5P5DYRk0IxQIVO3v',$,$,$,$,#4212,#4202,$,$);
#4192=IFCCARTESIANPOINTLIST2D(((0.,0.),(0.,250.),(6000.,250.),(6000.,0.),(0.,0.)));
#4193=IFCINDEXEDPOLYCURVE(#4192,$,.F.);
#4194=IFCDIRECTION((0.,0.,1.));
#4195=IFCARBITRARYCLOSEDPROFILEDEF(.AREA.,$,#4193);
#4196=IFCCARTESIANPOINT((0.,0.,0.));
#4197=IFCDIRECTION((0.,0.,1.));
#4198=IFCDIRECTION((1.,0.,0.));
#4199=IFCAXIS2PLACEMENT3D(#4196,#4197,#4198);
#4200=IFCEXTRUDEDAREASOLID(#4195,#4199,#4194,-500.);
#4201=IFCSHAPEREPRESENTATION(#11,'Body','SweptSolid',(#4200));
#4202=IFCPRODUCTDEFINITIONSHAPE($,$,(#4201));
#4208=IFCCARTESIANPOINT((6000.,5875.,15000.));
#4209=IFCDIRECTION((0.,0.,1.));
#4210=IFCDIRECTION((1.,0.,0.));
#4211=IFCAXIS2PLACEMENT3D(#4208,#4209,#4210);
#4212=IFCLOCALPLACEMENT($,#4211);
#4213=IFCPROPERTYSET('2frT53mZP7KOfshY0SEL0H',$,'Other',$,(#4215,#4216));
#4214=IFCRELDEFINESBYPROPERTIES('1WVbtwLIb9_vDEFyoufCXb',$,$,$,(#4191),#4213);
#4215=IFCPROPERTYSINGLEVALUE('Ax',$,IFCLABEL('0.001'),$);
#4216=IFCPROPERTYSINGLEVALUE('Ay',$,IFCLABEL('0.001'),$);
#4217=IFCBEAM('1ZmAWy2dLFEPeKgj92VjhX',$,$,$,$,#4238,#4228,$,$);
#4218=IFCCARTESIANPOINTLIST2D(((0.,0.),(0.,250.),(6000.,250.),(6000.,0.),(0.,0.)));
#4219=IFCINDEXEDPOLYCURVE(#4218,$,.F.);
#4220=IFCDIRECTION((0.,0.,1.));
#4221=IFCARBITRARYCLOSEDPROFILEDEF(.AREA.,$,#4219);
#4222=IFCCARTESIANPOINT((0.,0.,0.));
#4223=IFCDIRECTION((0.,0.,1.));
#4224=IFCDIRECTION((1.,0.,0.));
#4225=IFCAXIS2PLACEMENT3D(#4222,#4223,#4224);
#4226=IFCEXTRUDEDAREASOLID(#4221,#4225,#4220,-500.);
#4227=IFCSHAPEREPRESENTATION(#11,'Body','SweptSolid',(#4226));
#4228=IFCPRODUCTDEFINITIONSHAPE($,$,(#4227));
#4234=IFCCARTESIANPOINT((12000.,5875.,15000.));
#4235=IFCDIRECTION((0.,0.,1.));
#4236=IFCDIRECTION((1.,0.,0.));
#4237=IFCAXIS2PLACEMENT3D(#4234,#4235,#4236);
#4238=IFCLOCALPLACEMENT($,#4237);
#4239=IFCPROPERTYSET('2YCw2UeU12WxUhO2iZ3bWi',$,'Other',$,(#4241,#4242));
#4240=IFCRELDEFINESBYPROPERTIES('1ox8ID6wn14Qbmze9qtoge',$,$,$,(#4217),#4239);
#4241=IFCPROPERTYSINGLEVALUE('Ax',$,IFCLABEL('0.001'),$);
#4242=IFCPROPERTYSINGLEVALUE('Ay',$,IFCLABEL('0.001'),$);
#4243=IFCBEAM('0xhJ2coJz8WPWZy3Y2ghsL',$,$,$,$,#4264,#4254,$,$);
#4244=IFCCARTESIANPOINTLIST2D(((0.,0.),(0.,250.),(6000.,250.),(6000.,0.),(0.,0.)));
#4245=IFCINDEXEDPOLYCURVE(#4244,$,.F.);
#4246=IFCDIRECTION((0.,0.,1.));
#4247=IFCARBITRARYCLOSEDPROFILEDEF(.AREA.,$,#4245);
#4248=IFCCARTESIANPOINT((0.,0.,0.));
#4249=IFCDIRECTION((0.,0.,1.));
#4250=IFCDIRECTION((1.,0.,0.));
#4251=IFCAXIS2PLACEMENT3D(#4248,#4249,#4250);
#4252=IFCEXTRUDEDAREASOLID(#4247,#4251,#4246,-500.);
#4253=IFCSHAPEREPRESENTATION(#11,'Body','SweptSolid',(#4252));
#4254=IFCPRODUCTDEFINITIONSHAPE($,$,(#4253));
#4260=IFCCARTESIANPOINT((18000.,5875.,15000.));
#4261=IFCDIRECTION((0.,0.,1.));
#4262=IFCDIRECTION((1.,0.,0.));
#4263=IFCAXIS2PLACEMENT3D(#4260,#4261,#4262);
#4264=IFCLOCALPLACEMENT($,#4263);
#4265=IFCPROPERTYSET('1WtyKYBdL6Iek6iE9LRn2k',$,'Other',$,(#4267,#4268));
#4266=IFCRELDEFINESBYPROPERTIES('3LLnC0JgH0EBSd0$Kzra_R',$,$,$,(#4243),#4265);
#4267=IFCPROPERTYSINGLEVALUE('Ax',$,IFCLABEL('0.001'),$);
#4268=IFCPROPERTYSINGLEVALUE('Ay',$,IFCLABEL('0.001'),$);
#4269=IFCBEAM('02F7as41n4WfK7mkY0CCyM',$,$,$,$,#4290,#4280,$,$);
#4270=IFCCARTESIANPOINTLIST2D(((0.,0.),(0.,250.),(6000.,250.),(6000.,0.),(0.,0.)));
#4271=IFCINDEXEDPOLYCURVE(#4270,$,.F.);
#4272=IFCDIRECTION((0.,0.,1.));
#4273=IFCARBITRARYCLOSEDPROFILEDEF(.AREA.,$,#4271);
#4274=IFCCARTESIANPOINT((0.,0.,0.));
#4275=IFCDIRECTION((0.,0.,1.));
#4276=IFCDIRECTION((1.,0.,0.));
#4277=IFCAXIS2PLACEMENT3D(#4274,#4275,#4276);
#4278=IFCEXTRUDEDAREASOLID(#4273,#4277,#4272,-500.);
#4279=IFCSHAPEREPRESENTATION(#11,'Body','SweptSolid',(#4278));
#4280=IFCPRODUCTDEFINITIONSHAPE($,$,(#4279));
#4286=IFCCARTESIANPOINT((24000.,5875.,15000.));
#4287=IFCDIRECTION((0.,0.,1.));
#4288=IFCDIRECTION((1.,0.,0.));
#4289=IFCAXIS2PLACEMENT3D(#4286,#4287,#4288);
#4290=IFCLOCALPLACEMENT($,#4289);
#4291=IFCPROPERTYSET('0Twzim2FT3ufGgkkfWI8s3',$,'Other',$,(#4293,#4294));
#4292=IFCRELDEFINESBYPROPERTIES('1HiynPFfz3LQF540txiP5Z',$,$,$,(#4269),#4291);
#4293=IFCPROPERTYSINGLEVALUE('Ax',$,IFCLABEL('0.001'),$);
#4294=IFCPROPERTYSINGLEVALUE('Ay',$,IFCLABEL('0.001'),$);
#4295=IFCBEAM('217rK_S49AoOVU42eYz1s3',$,$,$,$,#4316,#4306,$,$);
#4296=IFCCARTESIANPOINTLIST2D(((0.,0.),(0.,250.),(6000.,250.),(6000.,0.),(0.,0.)));
#4297=IFCINDEXEDPOLYCURVE(#4296,$,.F.);
#4298=IFCDIRECTION((0.,0.,1.));
#4299=IFCARBITRARYCLOSEDPROFILEDEF(.AREA.,$,#4297);
#4300=IFCCARTESIANPOINT((0.,0.,0.));
#4301=IFCDIRECTION((0.,0.,1.));
#4302=IFCDIRECTION((1.,0.,0.));
#4303=IFCAXIS2PLACEMENT3D(#4300,#4301,#4302);
#4304=IFCEXTRUDEDAREASOLID(#4299,#4303,#4298,-500.);
#4305=IFCSHAPEREPRESENTATION(#11,'Body','SweptSolid',(#4304));
#4306=IFCPRODUCTDEFINITIONSHAPE($,$,(#4305));
#4312=IFCCARTESIANPOINT((0.,11875.,15000.));
#4313=IFCDIRECTION((0.,0.,1.));
#4314=IFCDIRECTION((1.,0.,0.));
#4315=IFCAXIS2PLACEMENT3D(#4312,#4313,#4314);
#4316=IFCLOCALPLACEMENT($,#4315);
#4317=IFCPROPERTYSET('24U0kjgbL3Vw8o70FpABVv',$,'Other',$,(#4319,#4320));
#4318=IFCRELDEFINESBYPROPERTIES('3ln$Lugy91Mg45YUfraSoe',$,$,$,(#4295),#4317);
#4319=IFCPROPERTYSINGLEVALUE('Ax',$,IFCLABEL('0.001'),$);
#4320=IFCPROPERTYSINGLEVALUE('Ay',$,IFCLABEL('0.001'),$);
#4321=IFCBEAM('2TEAJHfmXBTuGmArZHdCOd',$,$,$,$,#4342,#4332,$,$);
#4322=IFCCARTESIANPOINTLIST2D(((0.,0.),(0.,250.),(6000.,250.),(6000.,0.),(0.,0.)));
#4323=IFCINDEXEDPOLYCURVE(#4322,$,.F.);
#4324=IFCDIRECTION((0.,0.,1.));
#4325=IFCARBITRARYCLOSEDPROFILEDEF(.AREA.,$,#4323);
#4326=IFCCARTESIANPOINT((0.,0.,0.));
#4327=IFCDIRECTION((0.,0.,1.));
#4328=IFCDIRECTION((1.,0.,0.));
#4329=IFCAXIS2PLACEMENT3D(#4326,#4327,#4328);
#4330=IFCEXTRUDEDAREASOLID(#4325,#4329,#4324,-500.);
#4331=IFCSHAPEREPRESENTATION(#11,'Body','SweptSolid',(#4330));
#4332=IFCPRODUCTDEFINITIONSHAPE($,$,(#4331));
#4338=IFCCARTESIANPOINT((6000.,11875.,15000.));
#4339=IFCDIRECTION((0.,0.,1.));
#4340=IFCDIRECTION((1.,0.,0.));
#4341=IFCAXIS2PLACEMENT3D(#4338,#4339,#4340);
#4342=IFCLOCALPLACEMENT($,#4341);
#4343=IFCPROPERTYSET('0HMgK63$P3hA$CK$HOYk6r',$,'Other',$,(#4345,#4346));
#4344=IFCRELDEFINESBYPROPERTIES('2Q84R8MZLBgQp20aK$tcRC',$,$,$,(#4321),#4343);
#4345=IFCPROPERTYSINGLEVALUE('Ax',$,IFCLABEL('0.001'),$);
#4346=IFCPROPERTYSINGLEVALUE('Ay',$,IFCLABEL('0.001'),$);
#4347=IFCBEAM('2D43Q$t1X0BPD57GHvNUiE',$,$,$,$,#4368,#4358,$,$);
#4348=IFCCARTESIANPOINTLIST2D(((0.,0.),(0.,250.),(6000.,250.),(6000.,0.),(0.,0.)));
#4349=IFCINDEXEDPOLYCURVE(#4348,$,.F.);
#4350=IFCDIRECTION((0.,0.,1.));
#4351=IFCARBITRARYCLOSEDPROFILEDEF(.AREA.,$,#4349);
#4352=IFCCARTESIANPOINT((0.,0.,0.));
#4353=IFCDIRECTION((0.,0.,1.));
#4354=IFCDIRECTION((1.,0.,0.));
#4355=IFCAXIS2PLACEMENT3D(#4352,#4353,#4354);
#4356=IFCEXTRUDEDAREASOLID(#4351,#4355,#4350,-500.);
#4357=IFCSHAPEREPRESENTATION(#11,'Body','SweptSolid',(#4356));
#4358=IFCPRODUCTDEFINITIONSHAPE($,$,(#4357));
#4364=IFCCARTESIANPOINT((12000.,11875.,15000.));
#4365=IFCDIRECTION((0.,0.,1.));
#4366=IFCDIRECTION((1.,0.,0.));
#4367=IFCAXIS2PLACEMENT3D(#4364,#4365,#4366);
#4368=IFCLOCALPLACEMENT($,#4367);
#4369=IFCPROPERTYSET('3Pfg3Gsf9AjxThLYqo78TV',$,'Other',$,(#4371,#4372));
#4370=IFCRELDEFINESBYPROPERTIES('3VhvJYpdrEPffD_VCr_yE0',$,$,$,(#4347),#4369);
#4371=IFCPROPERTYSINGLEVALUE('Ax',$,IFCLABEL('0.001'),$);
#4372=IFCPROPERTYSINGLEVALUE('Ay',$,IFCLABEL('0.001'),$);
#4373=IFCBEAM('3oQUzSCt9BOhT3MUEeQ6sm',$,$,$,$,#4394,#4384,$,$);
#4374=IFCCARTESIANPOINTLIST2D(((0.,0.),(0.,250.),(6000.,250.),(6000.,0.),(0.,0.)));
#4375=IFCINDEXEDPOLYCURVE(#4374,$,.F.);
#4376=IFCDIRECTION((0.,0.,1.));
#4377=IFCARBITRARYCLOSEDPROFILEDEF(.AREA.,$,#4375);
#4378=IFCCARTESIANPOINT((0.,0.,0.));
#4379=IFCDIRECTION((0.,0.,1.));
#4380=IFCDIRECTION((1.,0.,0.));
#4381=IFCAXIS2PLACEMENT3D(#4378,#4379,#4380);
#4382=IFCEXTRUDEDAREASOLID(#4377,#4381,#4376,-500.);
#4383=IFCSHAPEREPRESENTATION(#11,'Body','SweptSolid',(#4382));
#4384=IFCPRODUCTDEFINITIONSHAPE($,$,(#4383));
#4390=IFCCARTESIANPOINT((18000.,11875.,15000.));
#4391=IFCDIRECTION((0.,0.,1.));
#4392=IFCDIRECTION((1.,0.,0.));
#4393=IFCAXIS2PLACEMENT3D(#4390,#4391,#4392);
#4394=IFCLOCALPLACEMENT($,#4393);
#4395=IFCPROPERTYSET('34VUe_Q$L1$8dNxyyevbgq',$,'Other',$,(#4397,#4398));
#4396=IFCRELDEFINESBYPROPERTIES('1rd$RLmEX0HRE8w7qomcHF',$,$,$,(#4373),#4395);
#4397=IFCPROPERTYSINGLEVALUE('Ax',$,IFCLABEL('0.001'),$);
#4398=IFCPROPERTYSINGLEVALUE('Ay',$,IFCLABEL('0.001'),$);
#4399=IFCBEAM('13o1fGyBP7yAd$30$jY$er',$,$,$,$,#4420,#4410,$,$);
#4400=IFCCARTESIANPOINTLIST2D(((0.,0.),(0.,250.),(6000.,250.),(6000.,0.),(0.,0.)));
#4401=IFCINDEXEDPOLYCURVE(#4400,$,.F.);
#4402=IFCDIRECTION((0.,0.,1.));
#4403=IFCARBITRARYCLOSEDPROFILEDEF(.AREA.,$,#4401);
#4404=IFCCARTESIANPOINT((0.,0.,0.));
#4405=IFCDIRECTION((0.,0.,1.));
#4406=IFCDIRECTION((1.,0.,0.));
#4407=IFCAXIS2PLACEMENT3D(#4404,#4405,#4406);
#4408=IFCEXTRUDEDAREASOLID(#4403,#4407,#4402,-500.);
#4409=IFCSHAPEREPRESENTATION(#11,'Body','SweptSolid',(#4408));
#4410=IFCPRODUCTDEFINITIONSHAPE($,$,(#4409));
#4416=IFCCARTESIANPOINT((0.,17875.,15000.));
#4417=IFCDIRECTION((0.,0.,1.));
#4418=IFCDIRECTION((1.,0.,0.));
#4419=IFCAXIS2PLACEMENT3D(#4416,#4417,#4418);
#4420=IFCLOCALPLACEMENT($,#4419);
#4421=IFCPROPERTYSET('2gDCrObB15z9asm6U4kuVW',$,'Other',$,(#4423,#4424));
#4422=IFCRELDEFINESBYPROPERTIES('1ooMQ340z2qRC7BApwPTGI',$,$,$,(#4399),#4421);
#4423=IFCPROPERTYSINGLEVALUE('Ax',$,IFCLABEL('0.001'),$);
#4424=IFCPROPERTYSINGLEVALUE('Ay',$,IFCLABEL('0.001'),$);
#4425=IFCBEAM('2IQCgAsLz8zxZqWNCJJMvL',$,$,$,$,#4446,#4436,$,$);
#4426=IFCCARTESIANPOINTLIST2D(((0.,0.),(0.,250.),(6000.,250.),(6000.,0.),(0.,0.)));
#4427=IFCINDEXEDPOLYCURVE(#4426,$,.F.);
#4428=IFCDIRECTION((0.,0.,1.));
#4429=IFCARBITRARYCLOSEDPROFILEDEF(.AREA.,$,#4427);
#4430=IFCCARTESIANPOINT((0.,0.,0.));
#4431=IFCDIRECTION((0.,0.,1.));
#4432=IFCDIRECTION((1.,0.,0.));
#4433=IFCAXIS2PLACEMENT3D(#4430,#4431,#4432);
#4434=IFCEXTRUDEDAREASOLID(#4429,#4433,#4428,-500.);
#4435=IFCSHAPEREPRESENTATION(#11,'Body','SweptSolid',(#4434));
#4436=IFCPRODUCTDEFINITIONSHAPE($,$,(#4435));
#4442=IFCCARTESIANPOINT((6000.,17875.,15000.));
#4443=IFCDIRECTION((0.,0.,1.));
#4444=IFCDIRECTION((1.,0.,0.));
#4445=IFCAXIS2PLACEMENT3D(#4442,#4443,#4444);
#4446=IFCLOCALPLACEMENT($,#4445);
#4447=IFCPROPERTYSET('0i0Jdwi8bAgvH_Q4ml7YMr',$,'Other',$,(#4449,#4450));
#4448=IFCRELDEFINESBYPROPERTIES('10kZLXpZXBVB_256OedvU0',$,$,$,(#4425),#4447);
#4449=IFCPROPERTYSINGLEVALUE('Ax',$,IFCLABEL('0.001'),$);
#4450=IFCPROPERTYSINGLEVALUE('Ay',$,IFCLABEL('0.001'),$);
#4451=IFCBEAM('0o69twHEj02h3wnMuVWqFQ',$,$,$,$,#4472,#4462,$,$);
#4452=IFCCARTESIANPOINTLIST2D(((0.,0.),(0.,250.),(6000.,250.),(6000.,0.),(0.,0.)));
#4453=IFCINDEXEDPOLYCURVE(#4452,$,.F.);
#4454=IFCDIRECTION((0.,0.,1.));
#4455=IFCARBITRARYCLOSEDPROFILEDEF(.AREA.,$,#4453);
#4456=IFCCARTESIANPOINT((0.,0.,0.));
#4457=IFCDIRECTION((0.,0.,1.));
#4458=IFCDIRECTION((1.,0.,0.));
#4459=IFCAXIS2PLACEMENT3D(#4456,#4457,#4458);
#4460=IFCEXTRUDEDAREASOLID(#4455,#4459,#4454,-500.);
#4461=IFCSHAPEREPRESENTATION(#11,'Body','SweptSolid',(#4460));
#4462=IFCPRODUCTDEFINITIONSHAPE($,$,(#4461));
#4468=IFCCARTESIANPOINT((12000.,17875.,15000.));
#4469=IFCDIRECTION((0.,0.,1.));
#4470=IFCDIRECTION((1.,0.,0.));
#4471=IFCAXIS2PLACEMENT3D(#4468,#4469,#4470);
#4472=IFCLOCALPLACEMENT($,#4471);
#4473=IFCPROPERTYSET('0j3wksuMDDLg67ausIktrG',$,'Other',$,(#4475,#4476));
#4474=IFCRELDEFINESBYPROPERTIES('0bZvfwgOD0n9OCNo$zI8_N',$,$,$,(#4451),#4473);
#4475=IFCPROPERTYSINGLEVALUE('Ax',$,IFCLABEL('0.001'),$);
#4476=IFCPROPERTYSINGLEVALUE('Ay',$,IFCLABEL('0.001'),$);
#4477=IFCBEAM('0e4Q4iSU1DBRbKQBxY2j_O',$,$,$,$,#4498,#4488,$,$);
#4478=IFCCARTESIANPOINTLIST2D(((0.,0.),(0.,250.),(6000.,250.),(6000.,0.),(0.,0.)));
#4479=IFCINDEXEDPOLYCURVE(#4478,$,.F.);
#4480=IFCDIRECTION((0.,0.,1.));
#4481=IFCARBITRARYCLOSEDPROFILEDEF(.AREA.,$,#4479);
#4482=IFCCARTESIANPOINT((0.,0.,0.));
#4483=IFCDIRECTION((0.,0.,1.));
#4484=IFCDIRECTION((1.,0.,0.));
#4485=IFCAXIS2PLACEMENT3D(#4482,#4483,#4484);
#4486=IFCEXTRUDEDAREASOLID(#4481,#4485,#4480,-500.);
#4487=IFCSHAPEREPRESENTATION(#11,'Body','SweptSolid',(#4486));
#4488=IFCPRODUCTDEFINITIONSHAPE($,$,(#4487));
#4494=IFCCARTESIANPOINT((18000.,17875.,15000.));
#4495=IFCDIRECTION((0.,0.,1.));
#4496=IFCDIRECTION((1.,0.,0.));
#4497=IFCAXIS2PLACEMENT3D(#4494,#4495,#4496);
#4498=IFCLOCALPLACEMENT($,#4497);
#4499=IFCPROPERTYSET('1_bJIaw8T6lRek7C0Hz6dh',$,'Other',$,(#4501,#4502));
#4500=IFCRELDEFINESBYPROPERTIES('3l34SC6OH9bPHPSoaQNM7A',$,$,$,(#4477),#4499);
#4501=IFCPROPERTYSINGLEVALUE('Ax',$,IFCLABEL('0.001'),$);
#4502=IFCPROPERTYSINGLEVALUE('Ay',$,IFCLABEL('0.001'),$);
#4503=IFCBEAM('0ZQFkeXLz9cBSj2BpPLqd7',$,$,$,$,#4524,#4514,$,$);
#4504=IFCCARTESIANPOINTLIST2D(((0.,0.),(0.,250.),(6000.,250.),(6000.,0.),(0.,0.)));
#4505=IFCINDEXEDPOLYCURVE(#4504,$,.F.);
#4506=IFCDIRECTION((0.,0.,1.));
#4507=IFCARBITRARYCLOSEDPROFILEDEF(.AREA.,$,#4505);
#4508=IFCCARTESIANPOINT((0.,0.,0.));
#4509=IFCDIRECTION((0.,0.,1.));
#4510=IFCDIRECTION((1.,0.,0.));
#4511=IFCAXIS2PLACEMENT3D(#4508,#4509,#4510);
#4512=IFCEXTRUDEDAREASOLID(#4507,#4511,#4506,-500.);
#4513=IFCSHAPEREPRESENTATION(#11,'Body','SweptSolid',(#4512));
#4514=IFCPRODUCTDEFINITIONSHAPE($,$,(#4513));
#4520=IFCCARTESIANPOINT((24000.,17875.,15000.));
#4521=IFCDIRECTION((0.,0.,1.));
#4522=IFCDIRECTION((1.,0.,0.));
#4523=IFCAXIS2PLACEMENT3D(#4520,#4521,#4522);
#4524=IFCLOCALPLACEMENT($,#4523);
#4525=IFCPROPERTYSET('0NLxK0Wsn4pPds9jEN_WcG',$,'Other',$,(#4527,#4528));
#4526=IFCRELDEFINESBYPROPERTIES('2$0lJAbAf7ZeusLOatFk88',$,$,$,(#4503),#4525);
#4527=IFCPROPERTYSINGLEVALUE('Ax',$,IFCLABEL('0.001'),$);
#4528=IFCPROPERTYSINGLEVALUE('Ay',$,IFCLABEL('0.001'),$);
#4529=IFCBEAM('3YwMbCOT1BJeKCTN4blTO4',$,$,$,$,#4550,#4540,$,$);
#4530=IFCCARTESIANPOINTLIST2D(((0.,0.),(0.,250.),(6000.,250.),(6000.,0.),(0.,0.)));
#4531=IFCINDEXEDPOLYCURVE(#4530,$,.F.);
#4532=IFCDIRECTION((0.,0.,1.));
#4533=IFCARBITRARYCLOSEDPROFILEDEF(.AREA.,$,#4531);
#4534=IFCCARTESIANPOINT((0.,0.,0.));
#4535=IFCDIRECTION((0.,0.,1.));
#4536=IFCDIRECTION((1.,0.,0.));
#4537=IFCAXIS2PLACEMENT3D(#4534,#4535,#4536);
#4538=IFCEXTRUDEDAREASOLID(#4533,#4537,#4532,-400.);
#4539=IFCSHAPEREPRESENTATION(#11,'Body','SweptSolid',(#4538));
#4540=IFCPRODUCTDEFINITIONSHAPE($,$,(#4539));
#4546=IFCCARTESIANPOINT((2875.,18000.,15000.));
#4547=IFCDIRECTION((0.,0.,1.));
#4548=IFCDIRECTION((-1.8369701987210297E-16,-1.,0.));
#4549=IFCAXIS2PLACEMENT3D(#4546,#4547,#4548);
#4550=IFCLOCALPLACEMENT($,#4549);
#4551=IFCPROPERTYSET('1wZJxYVvf489L0Z9AKlgnw',$,'Other',$,(#4553,#4554));
#4552=IFCRELDEFINESBYPROPERTIES('2d6hP8ASTFDelzD28fM1dh',$,$,$,(#4529),#4551);
#4553=IFCPROPERTYSINGLEVALUE('Ax',$,IFCLABEL('0.001'),$);
#4554=IFCPROPERTYSINGLEVALUE('Ay',$,IFCLABEL('0.001'),$);
#4555=IFCBEAM('1zL2QLm$54_ft$iRW$5uSE',$,$,$,$,#4576,#4566,$,$);
#4556=IFCCARTESIANPOINTLIST2D(((0.,0.),(0.,250.),(6000.,250.),(6000.,0.),(0.,0.)));
#4557=IFCINDEXEDPOLYCURVE(#4556,$,.F.);
#4558=IFCDIRECTION((0.,0.,1.));
#4559=IFCARBITRARYCLOSEDPROFILEDEF(.AREA.,$,#4557);
#4560=IFCCARTESIANPOINT((0.,0.,0.));
#4561=IFCDIRECTION((0.,0.,1.));
#4562=IFCDIRECTION((1.,0.,0.));
#4563=IFCAXIS2PLACEMENT3D(#4560,#4561,#4562);
#4564=IFCEXTRUDEDAREASOLID(#4559,#4563,#4558,-400.);
#4565=IFCSHAPEREPRESENTATION(#11,'Body','SweptSolid',(#4564));
#4566=IFCPRODUCTDEFINITIONSHAPE($,$,(#4565));
#4572=IFCCARTESIANPOINT((2875.,12000.,15000.));
#4573=IFCDIRECTION((0.,0.,1.));
#4574=IFCDIRECTION((-1.8369701987210297E-16,-1.,0.));
#4575=IFCAXIS2PLACEMENT3D(#4572,#4573,#4574);
#4576=IFCLOCALPLACEMENT($,#4575);
#4577=IFCPROPERTYSET('23zM49vzH3F9Gak0YP0mm2',$,'Other',$,(#4579,#4580));
#4578=IFCRELDEFINESBYPROPERTIES('3A08jp4B5AGu2oAuQzrpHl',$,$,$,(#4555),#4577);
#4579=IFCPROPERTYSINGLEVALUE('Ax',$,IFCLABEL('0.001'),$);
#4580=IFCPROPERTYSINGLEVALUE('Ay',$,IFCLABEL('0.001'),$);
#4581=IFCBEAM('1183g3SSX7IuPxINLMPOW7',$,$,$,$,#4602,#4592,$,$);
#4582=IFCCARTESIANPOINTLIST2D(((0.,0.),(0.,250.),(6000.,250.),(6000.,0.),(0.,0.)));
#4583=IFCINDEXEDPOLYCURVE(#4582,$,.F.);
#4584=IFCDIRECTION((0.,0.,1.));
#4585=IFCARBITRARYCLOSEDPROFILEDEF(.AREA.,$,#4583);
#4586=IFCCARTESIANPOINT((0.,0.,0.));
#4587=IFCDIRECTION((0.,0.,1.));
#4588=IFCDIRECTION((1.,0.,0.));
#4589=IFCAXIS2PLACEMENT3D(#4586,#4587,#4588);
#4590=IFCEXTRUDEDAREASOLID(#4585,#4589,#4584,-400.);
#4591=IFCSHAPEREPRESENTATION(#11,'Body','SweptSolid',(#4590));
#4592=IFCPRODUCTDEFINITIONSHAPE($,$,(#4591));
#4598=IFCCARTESIANPOINT((8875.,18000.,15000.));
#4599=IFCDIRECTION((0.,0.,1.));
#4600=IFCDIRECTION((-1.8369701987210297E-16,-1.,0.));
#4601=IFCAXIS2PLACEMENT3D(#4598,#4599,#4600);
#4602=IFCLOCALPLACEMENT($,#4601);
#4603=IFCPROPERTYSET('2FH0$iZKLA296tFdv$iUBY',$,'Other',$,(#4605,#4606));
#4604=IFCRELDEFINESBYPROPERTIES('1KEui4Hrv69Q05qiRiDYMG',$,$,$,(#4581),#4603);
#4605=IFCPROPERTYSINGLEVALUE('Ax',$,IFCLABEL('0.001'),$);
#4606=IFCPROPERTYSINGLEVALUE('Ay',$,IFCLABEL('0.001'),$);
#4607=IFCBEAM('3_VSYknqrDrAEU19o2gK2y',$,$,$,$,#4628,#4618,$,$);
#4608=IFCCARTESIANPOINTLIST2D(((0.,0.),(0.,250.),(6000.,250.),(6000.,0.),(0.,0.)));
#4609=IFCINDEXEDPOLYCURVE(#4608,$,.F.);
#4610=IFCDIRECTION((0.,0.,1.));
#4611=IFCARBITRARYCLOSEDPROFILEDEF(.AREA.,$,#4609);
#4612=IFCCARTESIANPOINT((0.,0.,0.));
#4613=IFCDIRECTION((0.,0.,1.));
#4614=IFCDIRECTION((1.,0.,0.));
#4615=IFCAXIS2PLACEMENT3D(#4612,#4613,#4614);
#4616=IFCEXTRUDEDAREASOLID(#4611,#4615,#4610,-400.);
#4617=IFCSHAPEREPRESENTATION(#11,'Body','SweptSolid',(#4616));
#4618=IFCPRODUCTDEFINITIONSHAPE($,$,(#4617));
#4624=IFCCARTESIANPOINT((8875.,12000.,15000.));
#4625=IFCDIRECTION((0.,0.,1.));
#4626=IFCDIRECTION((-1.8369701987210297E-16,-1.,0.));
#4627=IFCAXIS2PLACEMENT3D(#4624,#4625,#4626);
#4628=IFCLOCALPLACEMENT($,#4627);
#4629=IFCPROPERTYSET('0wDbUinQ5Fq8Y1FHEOAGSd',$,'Other',$,(#4631,#4632));
#4630=IFCRELDEFINESBYPROPERTIES('3noXVixBrFCe8u$O75ezJ_',$,$,$,(#4607),#4629);
#4631=IFCPROPERTYSINGLEVALUE('Ax',$,IFCLABEL('0.001'),$);
#4632=IFCPROPERTYSINGLEVALUE('Ay',$,IFCLABEL('0.001'),$);
#4633=IFCBEAM('1p22dgE1rBxukqGb72O0rc',$,$,$,$,#4654,#4644,$,$);
#4634=IFCCARTESIANPOINTLIST2D(((0.,0.),(0.,250.),(6000.,250.),(6000.,0.),(0.,0.)));
#4635=IFCINDEXEDPOLYCURVE(#4634,$,.F.);
#4636=IFCDIRECTION((0.,0.,1.));
#4637=IFCARBITRARYCLOSEDPROFILEDEF(.AREA.,$,#4635);
#4638=IFCCARTESIANPOINT((0.,0.,0.));
#4639=IFCDIRECTION((0.,0.,1.));
#4640=IFCDIRECTION((1.,0.,0.));
#4641=IFCAXIS2PLACEMENT3D(#4638,#4639,#4640);
#4642=IFCEXTRUDEDAREASOLID(#4637,#4641,#4636,-400.);
#4643=IFCSHAPEREPRESENTATION(#11,'Body','SweptSolid',(#4642));
#4644=IFCPRODUCTDEFINITIONSHAPE($,$,(#4643));
#4650=IFCCARTESIANPOINT((14875.,18000.,15000.));
#4651=IFCDIRECTION((0.,0.,1.));
#4652=IFCDIRECTION((-1.8369701987210297E-16,-1.,0.));
#4653=IFCAXIS2PLACEMENT3D(#4650,#4651,#4652);
#4654=IFCLOCALPLACEMENT($,#4653);
#4655=IFCPROPERTYSET('3axzHgd_L6ye2JmUrSq00A',$,'Other',$,(#4657,#4658));
#4656=IFCRELDEFINESBYPROPERTIES('1YA2CaVrb73uscY3KmuPDs',$,$,$,(#4633),#4655);
#4657=IFCPROPERTYSINGLEVALUE('Ax',$,IFCLABEL('0.001'),$);
#4658=IFCPROPERTYSINGLEVALUE('Ay',$,IFCLABEL('0.001'),$);
#4659=IFCBEAM('05BhCnb_99MxwuddTzgDy8',$,$,$,$,#4680,#4670,$,$);
#4660=IFCCARTESIANPOINTLIST2D(((0.,0.),(0.,250.),(6000.,250.),(6000.,0.),(0.,0.)));
#4661=IFCINDEXEDPOLYCURVE(#4660,$,.F.);
#4662=IFCDIRECTION((0.,0.,1.));
#4663=IFCARBITRARYCLOSEDPROFILEDEF(.AREA.,$,#4661);
#4664=IFCCARTESIANPOINT((0.,0.,0.));
#4665=IFCDIRECTION((0.,0.,1.));
#4666=IFCDIRECTION((1.,0.,0.));
#4667=IFCAXIS2PLACEMENT3D(#4664,#4665,#4666);
#4668=IFCEXTRUDEDAREASOLID(#4663,#4667,#4662,-400.);
#4669=IFCSHAPEREPRESENTATION(#11,'Body','SweptSolid',(#4668));
#4670=IFCPRODUCTDEFINITIONSHAPE($,$,(#4669));
#4676=IFCCARTESIANPOINT((14875.,12000.,15000.));
#4677=IFCDIRECTION((0.,0.,1.));
#4678=IFCDIRECTION((-1.8369701987210297E-16,-1.,0.));
#4679=IFCAXIS2PLACEMENT3D(#4676,#4677,#4678);
#4680=IFCLOCALPLACEMENT($,#4679);
#4681=IFCPROPERTYSET('1YBjeThEfEhRaFXzOVIoQi',$,'Other',$,(#4683,#4684));
#4682=IFCRELDEFINESBYPROPERTIES('0EUbwkcO12Ax93_Jde3THd',$,$,$,(#4659),#4681);
#4683=IFCPROPERTYSINGLEVALUE('Ax',$,IFCLABEL('0.001'),$);
#4684=IFCPROPERTYSINGLEVALUE('Ay',$,IFCLABEL('0.001'),$);
#4685=IFCBEAM('2GoEpMG25B3AdmC8bX2ZBL',$,$,$,$,#4706,#4696,$,$);
#4686=IFCCARTESIANPOINTLIST2D(((0.,0.),(0.,250.),(6000.,250.),(6000.,0.),(0.,0.)));
#4687=IFCINDEXEDPOLYCURVE(#4686,$,.F.);
#4688=IFCDIRECTION((0.,0.,1.));
#4689=IFCARBITRARYCLOSEDPROFILEDEF(.AREA.,$,#4687);
#4690=IFCCARTESIANPOINT((0.,0.,0.));
#4691=IFCDIRECTION((0.,0.,1.));
#4692=IFCDIRECTION((1.,0.,0.));
#4693=IFCAXIS2PLACEMENT3D(#4690,#4691,#4692);
#4694=IFCEXTRUDEDAREASOLID(#4689,#4693,#4688,-400.);
#4695=IFCSHAPEREPRESENTATION(#11,'Body','SweptSolid',(#4694));
#4696=IFCPRODUCTDEFINITIONSHAPE($,$,(#4695));
#4702=IFCCARTESIANPOINT((14875.,6000.,15000.));
#4703=IFCDIRECTION((0.,0.,1.));
#4704=IFCDIRECTION((-1.8369701987210297E-16,-1.,0.));
#4705=IFCAXIS2PLACEMENT3D(#4702,#4703,#4704);
#4706=IFCLOCALPLACEMENT($,#4705);
#4707=IFCPROPERTYSET('1CzM8pbj17J8gJIP5zq0bF',$,'Other',$,(#4709,#4710));
#4708=IFCRELDEFINESBYPROPERTIES('1tHo1nof1FXAyoJnlYWhEV',$,$,$,(#4685),#4707);
#4709=IFCPROPERTYSINGLEVALUE('Ax',$,IFCLABEL('0.001'),$);
#4710=IFCPROPERTYSINGLEVALUE('Ay',$,IFCLABEL('0.001'),$);
#4711=IFCBEAM('1TI1NAorz0sOHIg1zpIOKF',$,$,$,$,#4732,#4722,$,$);
#4712=IFCCARTESIANPOINTLIST2D(((0.,0.),(0.,250.),(6000.,250.),(6000.,0.),(0.,0.)));
#4713=IFCINDEXEDPOLYCURVE(#4712,$,.F.);
#4714=IFCDIRECTION((0.,0.,1.));
#4715=IFCARBITRARYCLOSEDPROFILEDEF(.AREA.,$,#4713);
#4716=IFCCARTESIANPOINT((0.,0.,0.));
#4717=IFCDIRECTION((0.,0.,1.));
#4718=IFCDIRECTION((1.,0.,0.));
#4719=IFCAXIS2PLACEMENT3D(#4716,#4717,#4718);
#4720=IFCEXTRUDEDAREASOLID(#4715,#4719,#4714,-400.);
#4721=IFCSHAPEREPRESENTATION(#11,'Body','SweptSolid',(#4720));
#4722=IFCPRODUCTDEFINITIONSHAPE($,$,(#4721));
#4728=IFCCARTESIANPOINT((20875.,18000.,15000.));
#4729=IFCDIRECTION((0.,0.,1.));
#4730=IFCDIRECTION((-1.8369701987210297E-16,-1.,0.));
#4731=IFCAXIS2PLACEMENT3D(#4728,#4729,#4730);
#4732=IFCLOCALPLACEMENT($,#4731);
#4733=IFCPROPERTYSET('2wMU26wKr2Qfy7DUSJLqzC',$,'Other',$,(#4735,#4736));
#4734=IFCRELDEFINESBYPROPERTIES('2zGvKjq8H1HP53zj1yuDdW',$,$,$,(#4711),#4733);
#4735=IFCPROPERTYSINGLEVALUE('Ax',$,IFCLABEL('0.001'),$);
#4736=IFCPROPERTYSINGLEVALUE('Ay',$,IFCLABEL('0.001'),$);
#4737=IFCBEAM('1qKNgcKkr7gxKQ4atY8irL',$,$,$,$,#4758,#4748,$,$);
#4738=IFCCARTESIANPOINTLIST2D(((0.,0.),(0.,250.),(6000.,250.),(6000.,0.),(0.,0.)));
#4739=IFCINDEXEDPOLYCURVE(#4738,$,.F.);
#4740=IFCDIRECTION((0.,0.,1.));
#4741=IFCARBITRARYCLOSEDPROFILEDEF(.AREA.,$,#4739);
#4742=IFCCARTESIANPOINT((0.,0.,0.));
#4743=IFCDIRECTION((0.,0.,1.));
#4744=IFCDIRECTION((1.,0.,0.));
#4745=IFCAXIS2PLACEMENT3D(#4742,#4743,#4744);
#4746=IFCEXTRUDEDAREASOLID(#4741,#4745,#4740,-400.);
#4747=IFCSHAPEREPRESENTATION(#11,'Body','SweptSolid',(#4746));
#4748=IFCPRODUCTDEFINITIONSHAPE($,$,(#4747));
#4754=IFCCARTESIANPOINT((20875.,12000.,15000.));
#4755=IFCDIRECTION((0.,0.,1.));
#4756=IFCDIRECTION((-1.8369701987210297E-16,-1.,0.));
#4757=IFCAXIS2PLACEMENT3D(#4754,#4755,#4756);
#4758=IFCLOCALPLACEMENT($,#4757);
#4759=IFCPROPERTYSET('2A6LreEh54NQX7kShuvYiv',$,'Other',$,(#4761,#4762));
#4760=IFCRELDEFINESBYPROPERTIES('2PeXUig7b0be6R9mTvo7iH',$,$,$,(#4737),#4759);
#4761=IFCPROPERTYSINGLEVALUE('Ax',$,IFCLABEL('0.001'),$);
#4762=IFCPROPERTYSINGLEVALUE('Ay',$,IFCLABEL('0.001'),$);
#4763=IFCBEAM('353NCtL4T7CRfIeA8gvb33',$,$,$,$,#4784,#4774,$,$);
#4764=IFCCARTESIANPOINTLIST2D(((0.,0.),(0.,250.),(6000.,250.),(6000.,0.),(0.,0.)));
#4765=IFCINDEXEDPOLYCURVE(#4764,$,.F.);
#4766=IFCDIRECTION((0.,0.,1.));
#4767=IFCARBITRARYCLOSEDPROFILEDEF(.AREA.,$,#4765);
#4768=IFCCARTESIANPOINT((0.,0.,0.));
#4769=IFCDIRECTION((0.,0.,1.));
#4770=IFCDIRECTION((1.,0.,0.));
#4771=IFCAXIS2PLACEMENT3D(#4768,#4769,#4770);
#4772=IFCEXTRUDEDAREASOLID(#4767,#4771,#4766,-400.);
#4773=IFCSHAPEREPRESENTATION(#11,'Body','SweptSolid',(#4772));
#4774=IFCPRODUCTDEFINITIONSHAPE($,$,(#4773));
#4780=IFCCARTESIANPOINT((20875.,6000.,15000.));
#4781=IFCDIRECTION((0.,0.,1.));
#4782=IFCDIRECTION((-1.8369701987210297E-16,-1.,0.));
#4783=IFCAXIS2PLACEMENT3D(#4780,#4781,#4782);
#4784=IFCLOCALPLACEMENT($,#4783);
#4785=IFCPROPERTYSET('1Yj0Hb3mf1vhPp6gGfZN8s',$,'Other',$,(#4787,#4788));
#4786=IFCRELDEFINESBYPROPERTIES('3uO71Tmn1EGumMvJO7ZnMH',$,$,$,(#4763),#4785);
#4787=IFCPROPERTYSINGLEVALUE('Ax',$,IFCLABEL('0.001'),$);
#4788=IFCPROPERTYSINGLEVALUE('Ay',$,IFCLABEL('0.001'),$);
#4789=IFCBEAM('1XZvsFYRz3NApugBpYIIdR',$,$,$,$,#4810,#4800,$,$);
#4790=IFCCARTESIANPOINTLIST2D(((0.,0.),(0.,250.),(6000.,250.),(6000.,0.),(0.,0.)));
#4791=IFCINDEXEDPOLYCURVE(#4790,$,.F.);
#4792=IFCDIRECTION((0.,0.,1.));
#4793=IFCARBITRARYCLOSEDPROFILEDEF(.AREA.,$,#4791);
#4794=IFCCARTESIANPOINT((0.,0.,0.));
#4795=IFCDIRECTION((0.,0.,1.));
#4796=IFCDIRECTION((1.,0.,0.));
#4797=IFCAXIS2PLACEMENT3D(#4794,#4795,#4796);
#4798=IFCEXTRUDEDAREASOLID(#4793,#4797,#4792,-400.);
#4799=IFCSHAPEREPRESENTATION(#11,'Body','SweptSolid',(#4798));
#4800=IFCPRODUCTDEFINITIONSHAPE($,$,(#4799));
#4806=IFCCARTESIANPOINT((26875.,18000.,15000.));
#4807=IFCDIRECTION((0.,0.,1.));
#4808=IFCDIRECTION((-1.8369701987210297E-16,-1.,0.));
#4809=IFCAXIS2PLACEMENT3D(#4806,#4807,#4808);
#4810=IFCLOCALPLACEMENT($,#4809);
#4811=IFCPROPERTYSET('2VTpcPNSb76gciHNL$Jmr$',$,'Other',$,(#4813,#4814));
#4812=IFCRELDEFINESBYPROPERTIES('3xczCiJJfFqfHB1z$5lm7u',$,$,$,(#4789),#4811);
#4813=IFCPROPERTYSINGLEVALUE('Ax',$,IFCLABEL('0.001'),$);
#4814=IFCPROPERTYSINGLEVALUE('Ay',$,IFCLABEL('0.001'),$);
#4815=IFCBEAM('0fYHlpWoLA0g7vm9395Bnn',$,$,$,$,#4836,#4826,$,$);
#4816=IFCCARTESIANPOINTLIST2D(((0.,0.),(0.,250.),(6000.,250.),(6000.,0.),(0.,0.)));
#4817=IFCINDEXEDPOLYCURVE(#4816,$,.F.);
#4818=IFCDIRECTION((0.,0.,1.));
#4819=IFCARBITRARYCLOSEDPROFILEDEF(.AREA.,$,#4817);
#4820=IFCCARTESIANPOINT((0.,0.,0.));
#4821=IFCDIRECTION((0.,0.,1.));
#4822=IFCDIRECTION((1.,0.,0.));
#4823=IFCAXIS2PLACEMENT3D(#4820,#4821,#4822);
#4824=IFCEXTRUDEDAREASOLID(#4819,#4823,#4818,-400.);
#4825=IFCSHAPEREPRESENTATION(#11,'Body','SweptSolid',(#4824));
#4826=IFCPRODUCTDEFINITIONSHAPE($,$,(#4825));
#4832=IFCCARTESIANPOINT((8875.,6000.,15000.));
#4833=IFCDIRECTION((0.,0.,1.));
#4834=IFCDIRECTION((-1.8369701987210297E-16,-1.,0.));
#4835=IFCAXIS2PLACEMENT3D(#4832,#4833,#4834);
#4836=IFCLOCALPLACEMENT($,#4835);
#4837=IFCPROPERTYSET('3lP2$MLVHCbA_Bse1c7X3t',$,'Other',$,(#4839,#4840));
#4838=IFCRELDEFINESBYPROPERTIES('2BouO2YFrF5xLMRwzio3Xt',$,$,$,(#4815),#4837);
#4839=IFCPROPERTYSINGLEVALUE('Ax',$,IFCLABEL('0.001'),$);
#4840=IFCPROPERTYSINGLEVALUE('Ay',$,IFCLABEL('0.001'),$);
#4841=IFCBEAM('0WXcaLgX13h8Aky6u1pC75',$,$,$,$,#4862,#4852,$,$);
#4842=IFCCARTESIANPOINTLIST2D(((0.,0.),(0.,250.),(6000.,250.),(6000.,0.),(0.,0.)));
#4843=IFCINDEXEDPOLYCURVE(#4842,$,.F.);
#4844=IFCDIRECTION((0.,0.,1.));
#4845=IFCARBITRARYCLOSEDPROFILEDEF(.AREA.,$,#4843);
#4846=IFCCARTESIANPOINT((0.,0.,0.));
#4847=IFCDIRECTION((0.,0.,1.));
#4848=IFCDIRECTION((1.,0.,0.));
#4849=IFCAXIS2PLACEMENT3D(#4846,#4847,#4848);
#4850=IFCEXTRUDEDAREASOLID(#4845,#4849,#4844,-400.);
#4851=IFCSHAPEREPRESENTATION(#11,'Body','SweptSolid',(#4850));
#4852=IFCPRODUCTDEFINITIONSHAPE($,$,(#4851));
#4858=IFCCARTESIANPOINT((2875.,6000.,15000.));
#4859=IFCDIRECTION((0.,0.,1.));
#4860=IFCDIRECTION((-1.8369701987210297E-16,-1.,0.));
#4861=IFCAXIS2PLACEMENT3D(#4858,#4859,#4860);
#4862=IFCLOCALPLACEMENT($,#4861);
#4863=IFCPROPERTYSET('2prrvfemvEPvSu$xEXORvp',$,'Other',$,(#4865,#4866));
#4864=IFCRELDEFINESBYPROPERTIES('33PVJ1mYD0lPOtMYXG91yl',$,$,$,(#4841),#4863);
#4865=IFCPROPERTYSINGLEVALUE('Ax',$,IFCLABEL('0.001'),$);
#4866=IFCPROPERTYSINGLEVALUE('Ay',$,IFCLABEL('0.001'),$);
#4867=IFCBEAM('3RKpFY5qz2bRAXFwRX9GDD',$,$,$,$,#4888,#4878,$,$);
#4868=IFCCARTESIANPOINTLIST2D(((0.,0.),(0.,250.),(6000.,250.),(6000.,0.),(0.,0.)));
#4869=IFCINDEXEDPOLYCURVE(#4868,$,.F.);
#4870=IFCDIRECTION((0.,0.,1.));
#4871=IFCARBITRARYCLOSEDPROFILEDEF(.AREA.,$,#4869);
#4872=IFCCARTESIANPOINT((0.,0.,0.));
#4873=IFCDIRECTION((0.,0.,1.));
#4874=IFCDIRECTION((1.,0.,0.));
#4875=IFCAXIS2PLACEMENT3D(#4872,#4873,#4874);
#4876=IFCEXTRUDEDAREASOLID(#4871,#4875,#4870,-400.);
#4877=IFCSHAPEREPRESENTATION(#11,'Body','SweptSolid',(#4876));
#4878=IFCPRODUCTDEFINITIONSHAPE($,$,(#4877));
#4884=IFCCARTESIANPOINT((26875.,12000.,15000.));
#4885=IFCDIRECTION((0.,0.,1.));
#4886=IFCDIRECTION((-1.8369701987210297E-16,-1.,0.));
#4887=IFCAXIS2PLACEMENT3D(#4884,#4885,#4886);
#4888=IFCLOCALPLACEMENT($,#4887);
#4889=IFCPROPERTYSET('0SFXNXaqPDwQZogB95lkdv',$,'Other',$,(#4891,#4892));
#4890=IFCRELDEFINESBYPROPERTIES('3xGsr2SKDCjONCpAQ4WF5P',$,$,$,(#4867),#4889);
#4891=IFCPROPERTYSINGLEVALUE('Ax',$,IFCLABEL('0.001'),$);
#4892=IFCPROPERTYSINGLEVALUE('Ay',$,IFCLABEL('0.001'),$);
#4893=IFCBEAM('1KENX$Ym1EleXDQ_JKolTg',$,$,$,$,#4914,#4904,$,$);
#4894=IFCCARTESIANPOINTLIST2D(((0.,0.),(0.,250.),(6000.,250.),(6000.,0.),(0.,0.)));
#4895=IFCINDEXEDPOLYCURVE(#4894,$,.F.);
#4896=IFCDIRECTION((0.,0.,1.));
#4897=IFCARBITRARYCLOSEDPROFILEDEF(.AREA.,$,#4895);
#4898=IFCCARTESIANPOINT((0.,0.,0.));
#4899=IFCDIRECTION((0.,0.,1.));
#4900=IFCDIRECTION((1.,0.,0.));
#4901=IFCAXIS2PLACEMENT3D(#4898,#4899,#4900);
#4902=IFCEXTRUDEDAREASOLID(#4897,#4901,#4896,-400.);
#4903=IFCSHAPEREPRESENTATION(#11,'Body','SweptSolid',(#4902));
#4904=IFCPRODUCTDEFINITIONSHAPE($,$,(#4903));
#4910=IFCCARTESIANPOINT((26875.,6000.,15000.));
#4911=IFCDIRECTION((0.,0.,1.));
#4912=IFCDIRECTION((-1.8369701987210297E-16,-1.,0.));
#4913=IFCAXIS2PLACEMENT3D(#4910,#4911,#4912);
#4914=IFCLOCALPLACEMENT($,#4913);
#4915=IFCPROPERTYSET('2oY3Qivu9D8el9yEIEJU7A',$,'Other',$,(#4917,#4918));
#4916=IFCRELDEFINESBYPROPERTIES('1pzm8fBEn4FA5gur$452H0',$,$,$,(#4893),#4915);
#4917=IFCPROPERTYSINGLEVALUE('Ax',$,IFCLABEL('0.001'),$);
#4918=IFCPROPERTYSINGLEVALUE('Ay',$,IFCLABEL('0.001'),$);
#4919=IFCBEAM('3fsnamO09CG8g05IsM9PKG',$,$,$,$,#4940,#4930,$,$);
#4920=IFCCARTESIANPOINTLIST2D(((0.,0.),(0.,250.),(6000.,250.),(6000.,0.),(0.,0.)));
#4921=IFCINDEXEDPOLYCURVE(#4920,$,.F.);
#4922=IFCDIRECTION((0.,0.,1.));
#4923=IFCARBITRARYCLOSEDPROFILEDEF(.AREA.,$,#4921);
#4924=IFCCARTESIANPOINT((0.,0.,0.));
#4925=IFCDIRECTION((0.,0.,1.));
#4926=IFCDIRECTION((1.,0.,0.));
#4927=IFCAXIS2PLACEMENT3D(#4924,#4925,#4926);
#4928=IFCEXTRUDEDAREASOLID(#4923,#4927,#4922,-500.);
#4929=IFCSHAPEREPRESENTATION(#11,'Body','SweptSolid',(#4928));
#4930=IFCPRODUCTDEFINITIONSHAPE($,$,(#4929));
#4936=IFCCARTESIANPOINT((125.,6000.,12000.));
#4937=IFCDIRECTION((0.,0.,1.));
#4938=IFCDIRECTION((6.123233995736766E-17,1.,0.));
#4939=IFCAXIS2PLACEMENT3D(#4936,#4937,#4938);
#4940=IFCLOCALPLACEMENT($,#4939);
#4941=IFCPROPERTYSET('0Y2izY4H55mQuDwYRSBqpS',$,'Other',$,(#4943,#4944));
#4942=IFCRELDEFINESBYPROPERTIES('2XF9tLYTD5WwLKbJokLmvx',$,$,$,(#4919),#4941);
#4943=IFCPROPERTYSINGLEVALUE('Ax',$,IFCLABEL('0.001'),$);
#4944=IFCPROPERTYSINGLEVALUE('Ay',$,IFCLABEL('0.001'),$);
#4945=IFCBEAM('384RzPlt5E3e8PFZWFEK11',$,$,$,$,#4966,#4956,$,$);
#4946=IFCCARTESIANPOINTLIST2D(((0.,0.),(0.,250.),(6000.,250.),(6000.,0.),(0.,0.)));
#4947=IFCINDEXEDPOLYCURVE(#4946,$,.F.);
#4948=IFCDIRECTION((0.,0.,1.));
#4949=IFCARBITRARYCLOSEDPROFILEDEF(.AREA.,$,#4947);
#4950=IFCCARTESIANPOINT((0.,0.,0.));
#4951=IFCDIRECTION((0.,0.,1.));
#4952=IFCDIRECTION((1.,0.,0.));
#4953=IFCAXIS2PLACEMENT3D(#4950,#4951,#4952);
#4954=IFCEXTRUDEDAREASOLID(#4949,#4953,#4948,-500.);
#4955=IFCSHAPEREPRESENTATION(#11,'Body','SweptSolid',(#4954));
#4956=IFCPRODUCTDEFINITIONSHAPE($,$,(#4955));
#4962=IFCCARTESIANPOINT((125.,12000.,12000.));
#4963=IFCDIRECTION((0.,0.,1.));
#4964=IFCDIRECTION((6.123233995736766E-17,1.,0.));
#4965=IFCAXIS2PLACEMENT3D(#4962,#4963,#4964);
#4966=IFCLOCALPLACEMENT($,#4965);
#4967=IFCPROPERTYSET('04XunfWCXAlB01F68lkSx3',$,'Other',$,(#4969,#4970));
#4968=IFCRELDEFINESBYPROPERTIES('1UG37M_qTACeT27E_n4Nea',$,$,$,(#4945),#4967);
#4969=IFCPROPERTYSINGLEVALUE('Ax',$,IFCLABEL('0.001'),$);
#4970=IFCPROPERTYSINGLEVALUE('Ay',$,IFCLABEL('0.001'),$);
#4971=IFCBEAM('2jUbF2kLHBdQroPZ6_eS9I',$,$,$,$,#4992,#4982,$,$);
#4972=IFCCARTESIANPOINTLIST2D(((0.,0.),(0.,250.),(6000.,250.),(6000.,0.),(0.,0.)));
#4973=IFCINDEXEDPOLYCURVE(#4972,$,.F.);
#4974=IFCDIRECTION((0.,0.,1.));
#4975=IFCARBITRARYCLOSEDPROFILEDEF(.AREA.,$,#4973);
#4976=IFCCARTESIANPOINT((0.,0.,0.));
#4977=IFCDIRECTION((0.,0.,1.));
#4978=IFCDIRECTION((1.,0.,0.));
#4979=IFCAXIS2PLACEMENT3D(#4976,#4977,#4978);
#4980=IFCEXTRUDEDAREASOLID(#4975,#4979,#4974,-500.);
#4981=IFCSHAPEREPRESENTATION(#11,'Body','SweptSolid',(#4980));
#4982=IFCPRODUCTDEFINITIONSHAPE($,$,(#4981));
#4988=IFCCARTESIANPOINT((6125.,6000.,12000.));
#4989=IFCDIRECTION((0.,0.,1.));
#4990=IFCDIRECTION((6.123233995736766E-17,1.,0.));
#4991=IFCAXIS2PLACEMENT3D(#4988,#4989,#4990);
#4992=IFCLOCALPLACEMENT($,#4991);
#4993=IFCPROPERTYSET('2sBzqqbXHF0OYQ6V0Vfa9a',$,'Other',$,(#4995,#4996));
#4994=IFCRELDEFINESBYPROPERTIES('0OHHjPoO55Gh4tO9zy1jLH',$,$,$,(#4971),#4993);
#4995=IFCPROPERTYSINGLEVALUE('Ax',$,IFCLABEL('0.001'),$);
#4996=IFCPROPERTYSINGLEVALUE('Ay',$,IFCLABEL('0.001'),$);
#4997=IFCBEAM('29GnBBAEbFePH6uU4hN6JC',$,$,$,$,#5018,#5008,$,$);
#4998=IFCCARTESIANPOINTLIST2D(((0.,0.),(0.,250.),(6000.,250.),(6000.,0.),(0.,0.)));
#4999=IFCINDEXEDPOLYCURVE(#4998,$,.F.);
#5000=IFCDIRECTION((0.,0.,1.));
#5001=IFCARBITRARYCLOSEDPROFILEDEF(.AREA.,$,#4999);
#5002=IFCCARTESIANPOINT((0.,0.,0.));
#5003=IFCDIRECTION((0.,0.,1.));
#5004=IFCDIRECTION((1.,0.,0.));
#5005=IFCAXIS2PLACEMENT3D(#5002,#5003,#5004);
#5006=IFCEXTRUDEDAREASOLID(#5001,#5005,#5000,-500.);
#5007=IFCSHAPEREPRESENTATION(#11,'Body','SweptSolid',(#5006));
#5008=IFCPRODUCTDEFINITIONSHAPE($,$,(#5007));
#5014=IFCCARTESIANPOINT((6125.,12000.,12000.));
#5015=IFCDIRECTION((0.,0.,1.));
#5016=IFCDIRECTION((6.123233995736766E-17,1.,0.));
#5017=IFCAXIS2PLACEMENT3D(#5014,#5015,#5016);
#5018=IFCLOCALPLACEMENT($,#5017);
#5019=IFCPROPERTYSET('1qyjzDE6b5pgF1RpUfNt00',$,'Other',$,(#5021,#5022));
#5020=IFCRELDEFINESBYPROPERTIES('2WC1B6TJz34QCOnI3NKL2I',$,$,$,(#4997),#5019);
#5021=IFCPROPERTYSINGLEVALUE('Ax',$,IFCLABEL('0.001'),$);
#5022=IFCPROPERTYSINGLEVALUE('Ay',$,IFCLABEL('0.001'),$);
#5023=IFCBEAM('3VcE_w7ir6mOMlEO9V5vYb',$,$,$,$,#5044,#5034,$,$);
#5024=IFCCARTESIANPOINTLIST2D(((0.,0.),(0.,250.),(6000.,250.),(6000.,0.),(0.,0.)));
#5025=IFCINDEXEDPOLYCURVE(#5024,$,.F.);
#5026=IFCDIRECTION((0.,0.,1.));
#5027=IFCARBITRARYCLOSEDPROFILEDEF(.AREA.,$,#5025);
#5028=IFCCARTESIANPOINT((0.,0.,0.));
#5029=IFCDIRECTION((0.,0.,1.));
#5030=IFCDIRECTION((1.,0.,0.));
#5031=IFCAXIS2PLACEMENT3D(#5028,#5029,#5030);
#5032=IFCEXTRUDEDAREASOLID(#5027,#5031,#5026,-500.);
#5033=IFCSHAPEREPRESENTATION(#11,'Body','SweptSolid',(#5032));
#5034=IFCPRODUCTDEFINITIONSHAPE($,$,(#5033));
#5040=IFCCARTESIANPOINT((12125.,-7.6540424946709578E-15,12000.));
#5041=IFCDIRECTION((0.,0.,1.));
#5042=IFCDIRECTION((6.123233995736766E-17,1.,0.));
#5043=IFCAXIS2PLACEMENT3D(#5040,#5041,#5042);
#5044=IFCLOCALPLACEMENT($,#5043);
#5045=IFCPROPERTYSET('3C8vYKnoLDOR6AdHW0AHpX',$,'Other',$,(#5047,#5048));
#5046=IFCRELDEFINESBYPROPERTIES('14cs$h41jFZgXhxF_6XGet',$,$,$,(#5023),#5045);
#5047=IFCPROPERTYSINGLEVALUE('Ax',$,IFCLABEL('0.001'),$);
#5048=IFCPROPERTYSINGLEVALUE('Ay',$,IFCLABEL('0.001'),$);
#5049=IFCBEAM('0K3L4jftf4UhApkstLulMy',$,$,$,$,#5070,#5060,$,$);
#5050=IFCCARTESIANPOINTLIST2D(((0.,0.),(0.,250.),(6000.,250.),(6000.,0.),(0.,0.)));
#5051=IFCINDEXEDPOLYCURVE(#5050,$,.F.);
#5052=IFCDIRECTION((0.,0.,1.));
#5053=IFCARBITRARYCLOSEDPROFILEDEF(.AREA.,$,#5051);
#5054=IFCCARTESIANPOINT((0.,0.,0.));
#5055=IFCDIRECTION((0.,0.,1.));
#5056=IFCDIRECTION((1.,0.,0.));
#5057=IFCAXIS2PLACEMENT3D(#5054,#5055,#5056);
#5058=IFCEXTRUDEDAREASOLID(#5053,#5057,#5052,-500.);
#5059=IFCSHAPEREPRESENTATION(#11,'Body','SweptSolid',(#5058));
#5060=IFCPRODUCTDEFINITIONSHAPE($,$,(#5059));
#5066=IFCCARTESIANPOINT((12125.,6000.,12000.));
#5067=IFCDIRECTION((0.,0.,1.));
#5068=IFCDIRECTION((6.123233995736766E-17,1.,0.));
#5069=IFCAXIS2PLACEMENT3D(#5066,#5067,#5068);
#5070=IFCLOCALPLACEMENT($,#5069);
#5071=IFCPROPERTYSET('24i6OxoFPA182MePyMHHiD',$,'Other',$,(#5073,#5074));
#5072=IFCRELDEFINESBYPROPERTIES('0WARPEJdb2wfsqYZrnO7D9',$,$,$,(#5049),#5071);
#5073=IFCPROPERTYSINGLEVALUE('Ax',$,IFCLABEL('0.001'),$);
#5074=IFCPROPERTYSINGLEVALUE('Ay',$,IFCLABEL('0.001'),$);
#5075=IFCBEAM('0zrijUqof0DA$iAZFEbW3P',$,$,$,$,#5096,#5086,$,$);
#5076=IFCCARTESIANPOINTLIST2D(((0.,0.),(0.,250.),(6000.,250.),(6000.,0.),(0.,0.)));
#5077=IFCINDEXEDPOLYCURVE(#5076,$,.F.);
#5078=IFCDIRECTION((0.,0.,1.));
#5079=IFCARBITRARYCLOSEDPROFILEDEF(.AREA.,$,#5077);
#5080=IFCCARTESIANPOINT((0.,0.,0.));
#5081=IFCDIRECTION((0.,0.,1.));
#5082=IFCDIRECTION((1.,0.,0.));
#5083=IFCAXIS2PLACEMENT3D(#5080,#5081,#5082);
#5084=IFCEXTRUDEDAREASOLID(#5079,#5083,#5078,-500.);
#5085=IFCSHAPEREPRESENTATION(#11,'Body','SweptSolid',(#5084));
#5086=IFCPRODUCTDEFINITIONSHAPE($,$,(#5085));
#5092=IFCCARTESIANPOINT((12125.,12000.,12000.));
#5093=IFCDIRECTION((0.,0.,1.));
#5094=IFCDIRECTION((6.123233995736766E-17,1.,0.));
#5095=IFCAXIS2PLACEMENT3D(#5092,#5093,#5094);
#5096=IFCLOCALPLACEMENT($,#5095);
#5097=IFCPROPERTYSET('3R7jf2JjD1ywRw0NxNv1jU',$,'Other',$,(#5099,#5100));
#5098=IFCRELDEFINESBYPROPERTIES('2xueFyifbDfwRHgFgBpe9x',$,$,$,(#5075),#5097);
#5099=IFCPROPERTYSINGLEVALUE('Ax',$,IFCLABEL('0.001'),$);
#5100=IFCPROPERTYSINGLEVALUE('Ay',$,IFCLABEL('0.001'),$);
#5101=IFCBEAM('3DSa0wSsXBV9ibwFhbI3vH',$,$,$,$,#5122,#5112,$,$);
#5102=IFCCARTESIANPOINTLIST2D(((0.,0.),(0.,250.),(6000.,250.),(6000.,0.),(0.,0.)));
#5103=IFCINDEXEDPOLYCURVE(#5102,$,.F.);
#5104=IFCDIRECTION((0.,0.,1.));
#5105=IFCARBITRARYCLOSEDPROFILEDEF(.AREA.,$,#5103);
#5106=IFCCARTESIANPOINT((0.,0.,0.));
#5107=IFCDIRECTION((0.,0.,1.));
#5108=IFCDIRECTION((1.,0.,0.));
#5109=IFCAXIS2PLACEMENT3D(#5106,#5107,#5108);
#5110=IFCEXTRUDEDAREASOLID(#5105,#5109,#5104,-500.);
#5111=IFCSHAPEREPRESENTATION(#11,'Body','SweptSolid',(#5110));
#5112=IFCPRODUCTDEFINITIONSHAPE($,$,(#5111));
#5118=IFCCARTESIANPOINT((18125.,-7.6540424946709578E-15,12000.));
#5119=IFCDIRECTION((0.,0.,1.));
#5120=IFCDIRECTION((6.123233995736766E-17,1.,0.));
#5121=IFCAXIS2PLACEMENT3D(#5118,#5119,#5120);
#5122=IFCLOCALPLACEMENT($,#5121);
#5123=IFCPROPERTYSET('11RifYhef1VBXEA2zkgF47',$,'Other',$,(#5125,#5126));
#5124=IFCRELDEFINESBYPROPERTIES('0oSad2n$L608ZRhOOwIAd3',$,$,$,(#5101),#5123);
#5125=IFCPROPERTYSINGLEVALUE('Ax',$,IFCLABEL('0.001'),$);
#5126=IFCPROPERTYSINGLEVALUE('Ay',$,IFCLABEL('0.001'),$);
#5127=IFCBEAM('2JhTC7xyb7nODF8arBq5DD',$,$,$,$,#5148,#5138,$,$);
#5128=IFCCARTESIANPOINTLIST2D(((0.,0.),(0.,250.),(6000.,250.),(6000.,0.),(0.,0.)));
#5129=IFCINDEXEDPOLYCURVE(#5128,$,.F.);
#5130=IFCDIRECTION((0.,0.,1.));
#5131=IFCARBITRARYCLOSEDPROFILEDEF(.AREA.,$,#5129);
#5132=IFCCARTESIANPOINT((0.,0.,0.));
#5133=IFCDIRECTION((0.,0.,1.));
#5134=IFCDIRECTION((1.,0.,0.));
#5135=IFCAXIS2PLACEMENT3D(#5132,#5133,#5134);
#5136=IFCEXTRUDEDAREASOLID(#5131,#5135,#5130,-500.);
#5137=IFCSHAPEREPRESENTATION(#11,'Body','SweptSolid',(#5136));
#5138=IFCPRODUCTDEFINITIONSHAPE($,$,(#5137));
#5144=IFCCARTESIANPOINT((18125.,6000.,12000.));
#5145=IFCDIRECTION((0.,0.,1.));
#5146=IFCDIRECTION((6.123233995736766E-17,1.,0.));
#5147=IFCAXIS2PLACEMENT3D(#5144,#5145,#5146);
#5148=IFCLOCALPLACEMENT($,#5147);
#5149=IFCPROPERTYSET('1rUL0mb7H83BrdOk9ff0$j',$,'Other',$,(#5151,#5152));
#5150=IFCRELDEFINESBYPROPERTIES('0pbUDJihv8LRFK3pmq8vPf',$,$,$,(#5127),#5149);
#5151=IFCPROPERTYSINGLEVALUE('Ax',$,IFCLABEL('0.001'),$);
#5152=IFCPROPERTYSINGLEVALUE('Ay',$,IFCLABEL('0.001'),$);
#5153=IFCBEAM('118WcbXvD5rRMhtQNnuSyb',$,$,$,$,#5174,#5164,$,$);
#5154=IFCCARTESIANPOINTLIST2D(((0.,0.),(0.,250.),(6000.,250.),(6000.,0.),(0.,0.)));
#5155=IFCINDEXEDPOLYCURVE(#5154,$,.F.);
#5156=IFCDIRECTION((0.,0.,1.));
#5157=IFCARBITRARYCLOSEDPROFILEDEF(.AREA.,$,#5155);
#5158=IFCCARTESIANPOINT((0.,0.,0.));
#5159=IFCDIRECTION((0.,0.,1.));
#5160=IFCDIRECTION((1.,0.,0.));
#5161=IFCAXIS2PLACEMENT3D(#5158,#5159,#5160);
#5162=IFCEXTRUDEDAREASOLID(#5157,#5161,#5156,-500.);
#5163=IFCSHAPEREPRESENTATION(#11,'Body','SweptSolid',(#5162));
#5164=IFCPRODUCTDEFINITIONSHAPE($,$,(#5163));
#5170=IFCCARTESIANPOINT((18125.,12000.,12000.));
#5171=IFCDIRECTION((0.,0.,1.));
#5172=IFCDIRECTION((6.123233995736766E-17,1.,0.));
#5173=IFCAXIS2PLACEMENT3D(#5170,#5171,#5172);
#5174=IFCLOCALPLACEMENT($,#5173);
#5175=IFCPROPERTYSET('2BbSZXpjr9qAS$q0izMN8c',$,'Other',$,(#5177,#5178));
#5176=IFCRELDEFINESBYPROPERTIES('1wUdRUTxvDcRoL2ZJjBAHQ',$,$,$,(#5153),#5175);
#5177=IFCPROPERTYSINGLEVALUE('Ax',$,IFCLABEL('0.001'),$);
#5178=IFCPROPERTYSINGLEVALUE('Ay',$,IFCLABEL('0.001'),$);
#5179=IFCBEAM('2A7e9ib1z80eTm6m4S5TxP',$,$,$,$,#5200,#5190,$,$);
#5180=IFCCARTESIANPOINTLIST2D(((0.,0.),(0.,250.),(6000.,250.),(6000.,0.),(0.,0.)));
#5181=IFCINDEXEDPOLYCURVE(#5180,$,.F.);
#5182=IFCDIRECTION((0.,0.,1.));
#5183=IFCARBITRARYCLOSEDPROFILEDEF(.AREA.,$,#5181);
#5184=IFCCARTESIANPOINT((0.,0.,0.));
#5185=IFCDIRECTION((0.,0.,1.));
#5186=IFCDIRECTION((1.,0.,0.));
#5187=IFCAXIS2PLACEMENT3D(#5184,#5185,#5186);
#5188=IFCEXTRUDEDAREASOLID(#5183,#5187,#5182,-500.);
#5189=IFCSHAPEREPRESENTATION(#11,'Body','SweptSolid',(#5188));
#5190=IFCPRODUCTDEFINITIONSHAPE($,$,(#5189));
#5196=IFCCARTESIANPOINT((24125.,-7.6540424946709578E-15,12000.));
#5197=IFCDIRECTION((0.,0.,1.));
#5198=IFCDIRECTION((6.123233995736766E-17,1.,0.));
#5199=IFCAXIS2PLACEMENT3D(#5196,#5197,#5198);
#5200=IFCLOCALPLACEMENT($,#5199);
#5201=IFCPROPERTYSET('1zrH$l1MT6WwTe$EDOIGoA',$,'Other',$,(#5203,#5204));
#5202=IFCRELDEFINESBYPROPERTIES('3P9a8uLP5DnAzfbIhanLLw',$,$,$,(#5179),#5201);
#5203=IFCPROPERTYSINGLEVALUE('Ax',$,IFCLABEL('0.001'),$);
#5204=IFCPROPERTYSINGLEVALUE('Ay',$,IFCLABEL('0.001'),$);
#5205=IFCBEAM('0suK80qor4rOs0zRjeBa67',$,$,$,$,#5226,#5216,$,$);
#5206=IFCCARTESIANPOINTLIST2D(((0.,0.),(0.,250.),(6000.,250.),(6000.,0.),(0.,0.)));
#5207=IFCINDEXEDPOLYCURVE(#5206,$,.F.);
#5208=IFCDIRECTION((0.,0.,1.));
#5209=IFCARBITRARYCLOSEDPROFILEDEF(.AREA.,$,#5207);
#5210=IFCCARTESIANPOINT((0.,0.,0.));
#5211=IFCDIRECTION((0.,0.,1.));
#5212=IFCDIRECTION((1.,0.,0.));
#5213=IFCAXIS2PLACEMENT3D(#5210,#5211,#5212);
#5214=IFCEXTRUDEDAREASOLID(#5209,#5213,#5208,-500.);
#5215=IFCSHAPEREPRESENTATION(#11,'Body','SweptSolid',(#5214));
#5216=IFCPRODUCTDEFINITIONSHAPE($,$,(#5215));
#5222=IFCCARTESIANPOINT((24125.,6000.,12000.));
#5223=IFCDIRECTION((0.,0.,1.));
#5224=IFCDIRECTION((6.123233995736766E-17,1.,0.));
#5225=IFCAXIS2PLACEMENT3D(#5222,#5223,#5224);
#5226=IFCLOCALPLACEMENT($,#5225);
#5227=IFCPROPERTYSET('0LBF9_wx54swiz9ycNpeX4',$,'Other',$,(#5229,#5230));
#5228=IFCRELDEFINESBYPROPERTIES('13oE9DkfT9nP3E36w3KKjZ',$,$,$,(#5205),#5227);
#5229=IFCPROPERTYSINGLEVALUE('Ax',$,IFCLABEL('0.001'),$);
#5230=IFCPROPERTYSINGLEVALUE('Ay',$,IFCLABEL('0.001'),$);
#5231=IFCBEAM('3JirWtjg1699HAiCazIJZf',$,$,$,$,#5252,#5242,$,$);
#5232=IFCCARTESIANPOINTLIST2D(((0.,0.),(0.,250.),(6000.,250.),(6000.,0.),(0.,0.)));
#5233=IFCINDEXEDPOLYCURVE(#5232,$,.F.);
#5234=IFCDIRECTION((0.,0.,1.));
#5235=IFCARBITRARYCLOSEDPROFILEDEF(.AREA.,$,#5233);
#5236=IFCCARTESIANPOINT((0.,0.,0.));
#5237=IFCDIRECTION((0.,0.,1.));
#5238=IFCDIRECTION((1.,0.,0.));
#5239=IFCAXIS2PLACEMENT3D(#5236,#5237,#5238);
#5240=IFCEXTRUDEDAREASOLID(#5235,#5239,#5234,-500.);
#5241=IFCSHAPEREPRESENTATION(#11,'Body','SweptSolid',(#5240));
#5242=IFCPRODUCTDEFINITIONSHAPE($,$,(#5241));
#5248=IFCCARTESIANPOINT((24125.,12000.,12000.));
#5249=IFCDIRECTION((0.,0.,1.));
#5250=IFCDIRECTION((6.123233995736766E-17,1.,0.));
#5251=IFCAXIS2PLACEMENT3D(#5248,#5249,#5250);
#5252=IFCLOCALPLACEMENT($,#5251);
#5253=IFCPROPERTYSET('06QQkVP598M8e4z9qoheYJ',$,'Other',$,(#5255,#5256));
#5254=IFCRELDEFINESBYPROPERTIES('35TAumKK5BnAAgCpDTi9Gv',$,$,$,(#5231),#5253);
#5255=IFCPROPERTYSINGLEVALUE('Ax',$,IFCLABEL('0.001'),$);
#5256=IFCPROPERTYSINGLEVALUE('Ay',$,IFCLABEL('0.001'),$);
#5257=IFCBEAM('2zXn$B6pL35PMP$ZajAcnU',$,$,$,$,#5278,#5268,$,$);
#5258=IFCCARTESIANPOINTLIST2D(((0.,0.),(0.,250.),(6000.,250.),(6000.,0.),(0.,0.)));
#5259=IFCINDEXEDPOLYCURVE(#5258,$,.F.);
#5260=IFCDIRECTION((0.,0.,1.));
#5261=IFCARBITRARYCLOSEDPROFILEDEF(.AREA.,$,#5259);
#5262=IFCCARTESIANPOINT((0.,0.,0.));
#5263=IFCDIRECTION((0.,0.,1.));
#5264=IFCDIRECTION((1.,0.,0.));
#5265=IFCAXIS2PLACEMENT3D(#5262,#5263,#5264);
#5266=IFCEXTRUDEDAREASOLID(#5261,#5265,#5260,-400.);
#5267=IFCSHAPEREPRESENTATION(#11,'Body','SweptSolid',(#5266));
#5268=IFCPRODUCTDEFINITIONSHAPE($,$,(#5267));
#5274=IFCCARTESIANPOINT((30125.,12000.,12000.));
#5275=IFCDIRECTION((0.,0.,1.));
#5276=IFCDIRECTION((6.123233995736766E-17,1.,0.));
#5277=IFCAXIS2PLACEMENT3D(#5274,#5275,#5276);
#5278=IFCLOCALPLACEMENT($,#5277);
#5279=IFCPROPERTYSET('35MV$rmPzCG8Icr_e6Ayhb',$,'Other',$,(#5281,#5282));
#5280=IFCRELDEFINESBYPROPERTIES('08$WrwNyT1Ax6Hf5iAoncr',$,$,$,(#5257),#5279);
#5281=IFCPROPERTYSINGLEVALUE('Ax',$,IFCLABEL('0.001'),$);
#5282=IFCPROPERTYSINGLEVALUE('Ay',$,IFCLABEL('0.001'),$);
#5283=IFCBEAM('1WYrMDoHTBouzlPWjvKEJi',$,$,$,$,#5304,#5294,$,$);
#5284=IFCCARTESIANPOINTLIST2D(((0.,0.),(0.,250.),(6000.,250.),(6000.,0.),(0.,0.)));
#5285=IFCINDEXEDPOLYCURVE(#5284,$,.F.);
#5286=IFCDIRECTION((0.,0.,1.));
#5287=IFCARBITRARYCLOSEDPROFILEDEF(.AREA.,$,#5285);
#5288=IFCCARTESIANPOINT((0.,0.,0.));
#5289=IFCDIRECTION((0.,0.,1.));
#5290=IFCDIRECTION((1.,0.,0.));
#5291=IFCAXIS2PLACEMENT3D(#5288,#5289,#5290);
#5292=IFCEXTRUDEDAREASOLID(#5287,#5291,#5286,-500.);
#5293=IFCSHAPEREPRESENTATION(#11,'Body','SweptSolid',(#5292));
#5294=IFCPRODUCTDEFINITIONSHAPE($,$,(#5293));
#5300=IFCCARTESIANPOINT((0.,-125.,12000.));
#5301=IFCDIRECTION((0.,0.,1.));
#5302=IFCDIRECTION((1.,0.,0.));
#5303=IFCAXIS2PLACEMENT3D(#5300,#5301,#5302);
#5304=IFCLOCALPLACEMENT($,#5303);
#5305=IFCPROPERTYSET('1Ma5xYkIz7KxamJYjdTpvp',$,'Other',$,(#5307,#5308));
#5306=IFCRELDEFINESBYPROPERTIES('1kXTWCw$b4uRX5BJoutcQl',$,$,$,(#5283),#5305);
#5307=IFCPROPERTYSINGLEVALUE('Ax',$,IFCLABEL('0.001'),$);
#5308=IFCPROPERTYSINGLEVALUE('Ay',$,IFCLABEL('0.001'),$);
#5309=IFCBEAM('1yo5Qm63nCYRKc_3HLsm2Y',$,$,$,$,#5330,#5320,$,$);
#5310=IFCCARTESIANPOINTLIST2D(((0.,0.),(0.,250.),(6000.,250.),(6000.,0.),(0.,0.)));
#5311=IFCINDEXEDPOLYCURVE(#5310,$,.F.);
#5312=IFCDIRECTION((0.,0.,1.));
#5313=IFCARBITRARYCLOSEDPROFILEDEF(.AREA.,$,#5311);
#5314=IFCCARTESIANPOINT((0.,0.,0.));
#5315=IFCDIRECTION((0.,0.,1.));
#5316=IFCDIRECTION((1.,0.,0.));
#5317=IFCAXIS2PLACEMENT3D(#5314,#5315,#5316);
#5318=IFCEXTRUDEDAREASOLID(#5313,#5317,#5312,-500.);
#5319=IFCSHAPEREPRESENTATION(#11,'Body','SweptSolid',(#5318));
#5320=IFCPRODUCTDEFINITIONSHAPE($,$,(#5319));
#5326=IFCCARTESIANPOINT((6000.,-125.,12000.));
#5327=IFCDIRECTION((0.,0.,1.));
#5328=IFCDIRECTION((1.,0.,0.));
#5329=IFCAXIS2PLACEMENT3D(#5326,#5327,#5328);
#5330=IFCLOCALPLACEMENT($,#5329);
#5331=IFCPROPERTYSET('29LQUTV151Kg2REmvNo0Al',$,'Other',$,(#5333,#5334));
#5332=IFCRELDEFINESBYPROPERTIES('0neG6H4EX3LRkaYCNaP9BV',$,$,$,(#5309),#5331);
#5333=IFCPROPERTYSINGLEVALUE('Ax',$,IFCLABEL('0.001'),$);
#5334=IFCPROPERTYSINGLEVALUE('Ay',$,IFCLABEL('0.001'),$);
#5335=IFCBEAM('0w05rvTOX6b9SM5Gf1xAOh',$,$,$,$,#5356,#5346,$,$);
#5336=IFCCARTESIANPOINTLIST2D(((0.,0.),(0.,250.),(6000.,250.),(6000.,0.),(0.,0.)));
#5337=IFCINDEXEDPOLYCURVE(#5336,$,.F.);
#5338=IFCDIRECTION((0.,0.,1.));
#5339=IFCARBITRARYCLOSEDPROFILEDEF(.AREA.,$,#5337);
#5340=IFCCARTESIANPOINT((0.,0.,0.));
#5341=IFCDIRECTION((0.,0.,1.));
#5342=IFCDIRECTION((1.,0.,0.));
#5343=IFCAXIS2PLACEMENT3D(#5340,#5341,#5342);
#5344=IFCEXTRUDEDAREASOLID(#5339,#5343,#5338,-500.);
#5345=IFCSHAPEREPRESENTATION(#11,'Body','SweptSolid',(#5344));
#5346=IFCPRODUCTDEFINITIONSHAPE($,$,(#5345));
#5352=IFCCARTESIANPOINT((12000.,-125.,12000.));
#5353=IFCDIRECTION((0.,0.,1.));
#5354=IFCDIRECTION((1.,0.,0.));
#5355=IFCAXIS2PLACEMENT3D(#5352,#5353,#5354);
#5356=IFCLOCALPLACEMENT($,#5355);
#5357=IFCPROPERTYSET('3AxWuWWX1BKeYVVLmbGLvl',$,'Other',$,(#5359,#5360));
#5358=IFCRELDEFINESBYPROPERTIES('3QJBsZI2H8fwNiXkHL0Pg9',$,$,$,(#5335),#5357);
#5359=IFCPROPERTYSINGLEVALUE('Ax',$,IFCLABEL('0.001'),$);
#5360=IFCPROPERTYSINGLEVALUE('Ay',$,IFCLABEL('0.001'),$);
#5361=IFCBEAM('1DzKpa3YTFpugmxzDIDyHk',$,$,$,$,#5382,#5372,$,$);
#5362=IFCCARTESIANPOINTLIST2D(((0.,0.),(0.,250.),(6000.,250.),(6000.,0.),(0.,0.)));
#5363=IFCINDEXEDPOLYCURVE(#5362,$,.F.);
#5364=IFCDIRECTION((0.,0.,1.));
#5365=IFCARBITRARYCLOSEDPROFILEDEF(.AREA.,$,#5363);
#5366=IFCCARTESIANPOINT((0.,0.,0.));
#5367=IFCDIRECTION((0.,0.,1.));
#5368=IFCDIRECTION((1.,0.,0.));
#5369=IFCAXIS2PLACEMENT3D(#5366,#5367,#5368);
#5370=IFCEXTRUDEDAREASOLID(#5365,#5369,#5364,-500.);
#5371=IFCSHAPEREPRESENTATION(#11,'Body','SweptSolid',(#5370));
#5372=IFCPRODUCTDEFINITIONSHAPE($,$,(#5371));
#5378=IFCCARTESIANPOINT((18000.,-125.,12000.));
#5379=IFCDIRECTION((0.,0.,1.));
#5380=IFCDIRECTION((1.,0.,0.));
#5381=IFCAXIS2PLACEMENT3D(#5378,#5379,#5380);
#5382=IFCLOCALPLACEMENT($,#5381);
#5383=IFCPROPERTYSET('24OnJth7H1DPSaOg9C3YYe',$,'Other',$,(#5385,#5386));
#5384=IFCRELDEFINESBYPROPERTIES('1kdeMMgm95Zg$n382oQXoP',$,$,$,(#5361),#5383);
#5385=IFCPROPERTYSINGLEVALUE('Ax',$,IFCLABEL('0.001'),$);
#5386=IFCPROPERTYSINGLEVALUE('Ay',$,IFCLABEL('0.001'),$);
#5387=IFCBEAM('34xdcmb$nFyxzzDsDBBuCg',$,$,$,$,#5408,#5398,$,$);
#5388=IFCCARTESIANPOINTLIST2D(((0.,0.),(0.,250.),(6000.,250.),(6000.,0.),(0.,0.)));
#5389=IFCINDEXEDPOLYCURVE(#5388,$,.F.);
#5390=IFCDIRECTION((0.,0.,1.));
#5391=IFCARBITRARYCLOSEDPROFILEDEF(.AREA.,$,#5389);
#5392=IFCCARTESIANPOINT((0.,0.,0.));
#5393=IFCDIRECTION((0.,0.,1.));
#5394=IFCDIRECTION((1.,0.,0.));
#5395=IFCAXIS2PLACEMENT3D(#5392,#5393,#5394);
#5396=IFCEXTRUDEDAREASOLID(#5391,#5395,#5390,-500.);
#5397=IFCSHAPEREPRESENTATION(#11,'Body','SweptSolid',(#5396));
#5398=IFCPRODUCTDEFINITIONSHAPE($,$,(#5397));
#5404=IFCCARTESIANPOINT((0.,5875.,12000.));
#5405=IFCDIRECTION((0.,0.,1.));
#5406=IFCDIRECTION((1.,0.,0.));
#5407=IFCAXIS2PLACEMENT3D(#5404,#5405,#5406);
#5408=IFCLOCALPLACEMENT($,#5407);
#5409=IFCPROPERTYSET('28zeRhLtTBhOvd0aXXv87G',$,'Other',$,(#5411,#5412));
#5410=IFCRELDEFINESBYPROPERTIES('1jSxOl7R93C8V_eysvLP6I',$,$,$,(#5387),#5409);
#5411=IFCPROPERTYSINGLEVALUE('Ax',$,IFCLABEL('0.001'),$);
#5412=IFCPROPERTYSINGLEVALUE('Ay',$,IFCLABEL('0.001'),$);
#5413=IFCBEAM('09Iq$NTxv0NgmAecvuglYx',$,$,$,$,#5434,#5424,$,$);
#5414=IFCCARTESIANPOINTLIST2D(((0.,0.),(0.,250.),(6000.,250.),(6000.,0.),(0.,0.)));
#5415=IFCINDEXEDPOLYCURVE(#5414,$,.F.);
#5416=IFCDIRECTION((0.,0.,1.));
#5417=IFCARBITRARYCLOSEDPROFILEDEF(.AREA.,$,#5415);
#5418=IFCCARTESIANPOINT((0.,0.,0.));
#5419=IFCDIRECTION((0.,0.,1.));
#5420=IFCDIRECTION((1.,0.,0.));
#5421=IFCAXIS2PLACEMENT3D(#5418,#5419,#5420);
#5422=IFCEXTRUDEDAREASOLID(#5417,#5421,#5416,-500.);
#5423=IFCSHAPEREPRESENTATION(#11,'Body','SweptSolid',(#5422));
#5424=IFCPRODUCTDEFINITIONSHAPE($,$,(#5423));
#5430=IFCCARTESIANPOINT((6000.,5875.,12000.));
#5431=IFCDIRECTION((0.,0.,1.));
#5432=IFCDIRECTION((1.,0.,0.));
#5433=IFCAXIS2PLACEMENT3D(#5430,#5431,#5432);
#5434=IFCLOCALPLACEMENT($,#5433);
#5435=IFCPROPERTYSET('0R6_LJnojFlxJLac6hn5eR',$,'Other',$,(#5437,#5438));
#5436=IFCRELDEFINESBYPROPERTIES('0yX0aPWvn4X86_GdnyuMrU',$,$,$,(#5413),#5435);
#5437=IFCPROPERTYSINGLEVALUE('Ax',$,IFCLABEL('0.001'),$);
#5438=IFCPROPERTYSINGLEVALUE('Ay',$,IFCLABEL('0.001'),$);
#5439=IFCBEAM('3dnZKLYWj35QJ2Hsua2ts5',$,$,$,$,#5460,#5450,$,$);
#5440=IFCCARTESIANPOINTLIST2D(((0.,0.),(0.,250.),(6000.,250.),(6000.,0.),(0.,0.)));
#5441=IFCINDEXEDPOLYCURVE(#5440,$,.F.);
#5442=IFCDIRECTION((0.,0.,1.));
#5443=IFCARBITRARYCLOSEDPROFILEDEF(.AREA.,$,#5441);
#5444=IFCCARTESIANPOINT((0.,0.,0.));
#5445=IFCDIRECTION((0.,0.,1.));
#5446=IFCDIRECTION((1.,0.,0.));
#5447=IFCAXIS2PLACEMENT3D(#5444,#5445,#5446);
#5448=IFCEXTRUDEDAREASOLID(#5443,#5447,#5442,-500.);
#5449=IFCSHAPEREPRESENTATION(#11,'Body','SweptSolid',(#5448));
#5450=IFCPRODUCTDEFINITIONSHAPE($,$,(#5449));
#5456=IFCCARTESIANPOINT((12000.,5875.,12000.));
#5457=IFCDIRECTION((0.,0.,1.));
#5458=IFCDIRECTION((1.,0.,0.));
#5459=IFCAXIS2PLACEMENT3D(#5456,#5457,#5458);
#5460=IFCLOCALPLACEMENT($,#5459);
#5461=IFCPROPERTYSET('2Y0qrSqBr7fgN8HLcWBwbz',$,'Other',$,(#5463,#5464));
#5462=IFCRELDEFINESBYPROPERTIES('1ppRyrvvj2f9duM52XGQ9A',$,$,$,(#5439),#5461);
#5463=IFCPROPERTYSINGLEVALUE('Ax',$,IFCLABEL('0.001'),$);
#5464=IFCPROPERTYSINGLEVALUE('Ay',$,IFCLABEL('0.001'),$);
#5465=IFCBEAM('08K_AFT5X9wf0j5ajG67_F',$,$,$,$,#5486,#5476,$,$);
#5466=IFCCARTESIANPOINTLIST2D(((0.,0.),(0.,250.),(6000.,250.),(6000.,0.),(0.,0.)));
#5467=IFCINDEXEDPOLYCURVE(#5466,$,.F.);
#5468=IFCDIRECTION((0.,0.,1.));
#5469=IFCARBITRARYCLOSEDPROFILEDEF(.AREA.,$,#5467);
#5470=IFCCARTESIANPOINT((0.,0.,0.));
#5471=IFCDIRECTION((0.,0.,1.));
#5472=IFCDIRECTION((1.,0.,0.));
#5473=IFCAXIS2PLACEMENT3D(#5470,#5471,#5472);
#5474=IFCEXTRUDEDAREASOLID(#5469,#5473,#5468,-500.);
#5475=IFCSHAPEREPRESENTATION(#11,'Body','SweptSolid',(#5474));
#5476=IFCPRODUCTDEFINITIONSHAPE($,$,(#5475));
#5482=IFCCARTESIANPOINT((18000.,5875.,12000.));
#5483=IFCDIRECTION((0.,0.,1.));
#5484=IFCDIRECTION((1.,0.,0.));
#5485=IFCAXIS2PLACEMENT3D(#5482,#5483,#5484);
#5486=IFCLOCALPLACEMENT($,#5485);
#5487=IFCPROPERTYSET('2fvfPb2I54RBmnqz3gTQ1J',$,'Other',$,(#5489,#5490));
#5488=IFCRELDEFINESBYPROPERTIES('3$U_vEkor29xn4CMdb3Um6',$,$,$,(#5465),#5487);
#5489=IFCPROPERTYSINGLEVALUE('Ax',$,IFCLABEL('0.001'),$);
#5490=IFCPROPERTYSINGLEVALUE('Ay',$,IFCLABEL('0.001'),$);
#5491=IFCBEAM('1gxKOV0ufCsw03RCpQVC64',$,$,$,$,#5512,#5502,$,$);
#5492=IFCCARTESIANPOINTLIST2D(((0.,0.),(0.,250.),(6000.,250.),(6000.,0.),(0.,0.)));
#5493=IFCINDEXEDPOLYCURVE(#5492,$,.F.);
#5494=IFCDIRECTION((0.,0.,1.));
#5495=IFCARBITRARYCLOSEDPROFILEDEF(.AREA.,$,#5493);
#5496=IFCCARTESIANPOINT((0.,0.,0.));
#5497=IFCDIRECTION((0.,0.,1.));
#5498=IFCDIRECTION((1.,0.,0.));
#5499=IFCAXIS2PLACEMENT3D(#5496,#5497,#5498);
#5500=IFCEXTRUDEDAREASOLID(#5495,#5499,#5494,-500.);
#5501=IFCSHAPEREPRESENTATION(#11,'Body','SweptSolid',(#5500));
#5502=IFCPRODUCTDEFINITIONSHAPE($,$,(#5501));
#5508=IFCCARTESIANPOINT((24000.,5875.,12000.));
#5509=IFCDIRECTION((0.,0.,1.));
#5510=IFCDIRECTION((1.,0.,0.));
#5511=IFCAXIS2PLACEMENT3D(#5508,#5509,#5510);
#5512=IFCLOCALPLACEMENT($,#5511);
#5513=IFCPROPERTYSET('26b2RwHpPFcxVqmNc4i$FY',$,'Other',$,(#5515,#5516));
#5514=IFCRELDEFINESBYPROPERTIES('1yWID4noL4lge2WTJjzIQU',$,$,$,(#5491),#5513);
#5515=IFCPROPERTYSINGLEVALUE('Ax',$,IFCLABEL('0.001'),$);
#5516=IFCPROPERTYSINGLEVALUE('Ay',$,IFCLABEL('0.001'),$);
#5517=IFCBEAM('1EgrSy81rEuQSa1FLumHmI',$,$,$,$,#5538,#5528,$,$);
#5518=IFCCARTESIANPOINTLIST2D(((0.,0.),(0.,250.),(6000.,250.),(6000.,0.),(0.,0.)));
#5519=IFCINDEXEDPOLYCURVE(#5518,$,.F.);
#5520=IFCDIRECTION((0.,0.,1.));
#5521=IFCARBITRARYCLOSEDPROFILEDEF(.AREA.,$,#5519);
#5522=IFCCARTESIANPOINT((0.,0.,0.));
#5523=IFCDIRECTION((0.,0.,1.));
#5524=IFCDIRECTION((1.,0.,0.));
#5525=IFCAXIS2PLACEMENT3D(#5522,#5523,#5524);
#5526=IFCEXTRUDEDAREASOLID(#5521,#5525,#5520,-500.);
#5527=IFCSHAPEREPRESENTATION(#11,'Body','SweptSolid',(#5526));
#5528=IFCPRODUCTDEFINITIONSHAPE($,$,(#5527));
#5534=IFCCARTESIANPOINT((0.,11875.,12000.));
#5535=IFCDIRECTION((0.,0.,1.));
#5536=IFCDIRECTION((1.,0.,0.));
#5537=IFCAXIS2PLACEMENT3D(#5534,#5535,#5536);
#5538=IFCLOCALPLACEMENT($,#5537);
#5539=IFCPROPERTYSET('3CKc5aEAj0gh08$68gn95g',$,'Other',$,(#5541,#5542));
#5540=IFCRELDEFINESBYPROPERTIES('04jf6atd59$PDITN9zricW',$,$,$,(#5517),#5539);
#5541=IFCPROPERTYSINGLEVALUE('Ax',$,IFCLABEL('0.001'),$);
#5542=IFCPROPERTYSINGLEVALUE('Ay',$,IFCLABEL('0.001'),$);
#5543=IFCBEAM('3aQkejIMX2RRi9vPx_N9ji',$,$,$,$,#5564,#5554,$,$);
#5544=IFCCARTESIANPOINTLIST2D(((0.,0.),(0.,250.),(6000.,250.),(6000.,0.),(0.,0.)));
#5545=IFCINDEXEDPOLYCURVE(#5544,$,.F.);
#5546=IFCDIRECTION((0.,0.,1.));
#5547=IFCARBITRARYCLOSEDPROFILEDEF(.AREA.,$,#5545);
#5548=IFCCARTESIANPOINT((0.,0.,0.));
#5549=IFCDIRECTION((0.,0.,1.));
#5550=IFCDIRECTION((1.,0.,0.));
#5551=IFCAXIS2PLACEMENT3D(#5548,#5549,#5550);
#5552=IFCEXTRUDEDAREASOLID(#5547,#5551,#5546,-500.);
#5553=IFCSHAPEREPRESENTATION(#11,'Body','SweptSolid',(#5552));
#5554=IFCPRODUCTDEFINITIONSHAPE($,$,(#5553));
#5560=IFCCARTESIANPOINT((6000.,11875.,12000.));
#5561=IFCDIRECTION((0.,0.,1.));
#5562=IFCDIRECTION((1.,0.,0.));
#5563=IFCAXIS2PLACEMENT3D(#5560,#5561,#5562);
#5564=IFCLOCALPLACEMENT($,#5563);
#5565=IFCPROPERTYSET('2uAQz8jHbCRPYqRJsN3adq',$,'Other',$,(#5567,#5568));
#5566=IFCRELDEFINESBYPROPERTIES('1rwVtHna570wrtEDIjuM_K',$,$,$,(#5543),#5565);
#5567=IFCPROPERTYSINGLEVALUE('Ax',$,IFCLABEL('0.001'),$);
#5568=IFCPROPERTYSINGLEVALUE('Ay',$,IFCLABEL('0.001'),$);
#5569=IFCBEAM('2Z6tz0zLD1o9ea_iGmkdeV',$,$,$,$,#5590,#5580,$,$);
#5570=IFCCARTESIANPOINTLIST2D(((0.,0.),(0.,250.),(6000.,250.),(6000.,0.),(0.,0.)));
#5571=IFCINDEXEDPOLYCURVE(#5570,$,.F.);
#5572=IFCDIRECTION((0.,0.,1.));
#5573=IFCARBITRARYCLOSEDPROFILEDEF(.AREA.,$,#5571);
#5574=IFCCARTESIANPOINT((0.,0.,0.));
#5575=IFCDIRECTION((0.,0.,1.));
#5576=IFCDIRECTION((1.,0.,0.));
#5577=IFCAXIS2PLACEMENT3D(#5574,#5575,#5576);
#5578=IFCEXTRUDEDAREASOLID(#5573,#5577,#5572,-500.);
#5579=IFCSHAPEREPRESENTATION(#11,'Body','SweptSolid',(#5578));
#5580=IFCPRODUCTDEFINITIONSHAPE($,$,(#5579));
#5586=IFCCARTESIANPOINT((12000.,11875.,12000.));
#5587=IFCDIRECTION((0.,0.,1.));
#5588=IFCDIRECTION((1.,0.,0.));
#5589=IFCAXIS2PLACEMENT3D(#5586,#5587,#5588);
#5590=IFCLOCALPLACEMENT($,#5589);
#5591=IFCPROPERTYSET('2XW8302GH3AeO0twxkfDUD',$,'Other',$,(#5593,#5594));
#5592=IFCRELDEFINESBYPROPERTIES('3OU0F0TmbDYPr1aDUDUCXh',$,$,$,(#5569),#5591);
#5593=IFCPROPERTYSINGLEVALUE('Ax',$,IFCLABEL('0.001'),$);
#5594=IFCPROPERTYSINGLEVALUE('Ay',$,IFCLABEL('0.001'),$);
#5595=IFCBEAM('32Fg476sf7wxJhVM822Vqp',$,$,$,$,#5616,#5606,$,$);
#5596=IFCCARTESIANPOINTLIST2D(((0.,0.),(0.,250.),(6000.,250.),(6000.,0.),(0.,0.)));
#5597=IFCINDEXEDPOLYCURVE(#5596,$,.F.);
#5598=IFCDIRECTION((0.,0.,1.));
#5599=IFCARBITRARYCLOSEDPROFILEDEF(.AREA.,$,#5597);
#5600=IFCCARTESIANPOINT((0.,0.,0.));
#5601=IFCDIRECTION((0.,0.,1.));
#5602=IFCDIRECTION((1.,0.,0.));
#5603=IFCAXIS2PLACEMENT3D(#5600,#5601,#5602);
#5604=IFCEXTRUDEDAREASOLID(#5599,#5603,#5598,-500.);
#5605=IFCSHAPEREPRESENTATION(#11,'Body','SweptSolid',(#5604));
#5606=IFCPRODUCTDEFINITIONSHAPE($,$,(#5605));
#5612=IFCCARTESIANPOINT((18000.,11875.,12000.));
#5613=IFCDIRECTION((0.,0.,1.));
#5614=IFCDIRECTION((1.,0.,0.));
#5615=IFCAXIS2PLACEMENT3D(#5612,#5613,#5614);
#5616=IFCLOCALPLACEMENT($,#5615);
#5617=IFCPROPERTYSET('2f7YhCCbj0jwTm15VIDiNa',$,'Other',$,(#5619,#5620));
#5618=IFCRELDEFINESBYPROPERTIES('3CtrhHm8192P7OniGX47I$',$,$,$,(#5595),#5617);
#5619=IFCPROPERTYSINGLEVALUE('Ax',$,IFCLABEL('0.001'),$);
#5620=IFCPROPERTYSINGLEVALUE('Ay',$,IFCLABEL('0.001'),$);
#5621=IFCBEAM('3gToZoa6T2TuvkmujMmEzf',$,$,$,$,#5642,#5632,$,$);
#5622=IFCCARTESIANPOINTLIST2D(((0.,0.),(0.,250.),(6000.,250.),(6000.,0.),(0.,0.)));
#5623=IFCINDEXEDPOLYCURVE(#5622,$,.F.);
#5624=IFCDIRECTION((0.,0.,1.));
#5625=IFCARBITRARYCLOSEDPROFILEDEF(.AREA.,$,#5623);
#5626=IFCCARTESIANPOINT((0.,0.,0.));
#5627=IFCDIRECTION((0.,0.,1.));
#5628=IFCDIRECTION((1.,0.,0.));
#5629=IFCAXIS2PLACEMENT3D(#5626,#5627,#5628);
#5630=IFCEXTRUDEDAREASOLID(#5625,#5629,#5624,-500.);
#5631=IFCSHAPEREPRESENTATION(#11,'Body','SweptSolid',(#5630));
#5632=IFCPRODUCTDEFINITIONSHAPE($,$,(#5631));
#5638=IFCCARTESIANPOINT((0.,17875.,12000.));
#5639=IFCDIRECTION((0.,0.,1.));
#5640=IFCDIRECTION((1.,0.,0.));
#5641=IFCAXIS2PLACEMENT3D(#5638,#5639,#5640);
#5642=IFCLOCALPLACEMENT($,#5641);
#5643=IFCPROPERTYSET('0FNnLMfkT0ve4D2wPf2E1w',$,'Other',$,(#5645,#5646));
#5644=IFCRELDEFINESBYPROPERTIES('3YHyWof6nBLBxFbVn_yTzW',$,$,$,(#5621),#5643);
#5645=IFCPROPERTYSINGLEVALUE('Ax',$,IFCLABEL('0.001'),$);
#5646=IFCPROPERTYSINGLEVALUE('Ay',$,IFCLABEL('0.001'),$);
#5647=IFCBEAM('0VUGiImQf9A8N0uAK_kBFX',$,$,$,$,#5668,#5658,$,$);
#5648=IFCCARTESIANPOINTLIST2D(((0.,0.),(0.,250.),(6000.,250.),(6000.,0.),(0.,0.)));
#5649=IFCINDEXEDPOLYCURVE(#5648,$,.F.);
#5650=IFCDIRECTION((0.,0.,1.));
#5651=IFCARBITRARYCLOSEDPROFILEDEF(.AREA.,$,#5649);
#5652=IFCCARTESIANPOINT((0.,0.,0.));
#5653=IFCDIRECTION((0.,0.,1.));
#5654=IFCDIRECTION((1.,0.,0.));
#5655=IFCAXIS2PLACEMENT3D(#5652,#5653,#5654);
#5656=IFCEXTRUDEDAREASOLID(#5651,#5655,#5650,-500.);
#5657=IFCSHAPEREPRESENTATION(#11,'Body','SweptSolid',(#5656));
#5658=IFCPRODUCTDEFINITIONSHAPE($,$,(#5657));
#5664=IFCCARTESIANPOINT((6000.,17875.,12000.));
#5665=IFCDIRECTION((0.,0.,1.));
#5666=IFCDIRECTION((1.,0.,0.));
#5667=IFCAXIS2PLACEMENT3D(#5664,#5665,#5666);
#5668=IFCLOCALPLACEMENT($,#5667);
#5669=IFCPROPERTYSET('0wSeSxDSLBquXxe9P7JB8H',$,'Other',$,(#5671,#5672));
#5670=IFCRELDEFINESBYPROPERTIES('2iUEpR$ZP8gPHzzJBOVdIA',$,$,$,(#5647),#5669);
#5671=IFCPROPERTYSINGLEVALUE('Ax',$,IFCLABEL('0.001'),$);
#5672=IFCPROPERTYSINGLEVALUE('Ay',$,IFCLABEL('0.001'),$);
#5673=IFCBEAM('21n7$SyGD7a9yJsbnjD_wi',$,$,$,$,#5694,#5684,$,$);
#5674=IFCCARTESIANPOINTLIST2D(((0.,0.),(0.,250.),(6000.,250.),(6000.,0.),(0.,0.)));
#5675=IFCINDEXEDPOLYCURVE(#5674,$,.F.);
#5676=IFCDIRECTION((0.,0.,1.));
#5677=IFCARBITRARYCLOSEDPROFILEDEF(.AREA.,$,#5675);
#5678=IFCCARTESIANPOINT((0.,0.,0.));
#5679=IFCDIRECTION((0.,0.,1.));
#5680=IFCDIRECTION((1.,0.,0.));
#5681=IFCAXIS2PLACEMENT3D(#5678,#5679,#5680);
#5682=IFCEXTRUDEDAREASOLID(#5677,#5681,#5676,-500.);
#5683=IFCSHAPEREPRESENTATION(#11,'Body','SweptSolid',(#5682));
#5684=IFCPRODUCTDEFINITIONSHAPE($,$,(#5683));
#5690=IFCCARTESIANPOINT((12000.,17875.,12000.));
#5691=IFCDIRECTION((0.,0.,1.));
#5692=IFCDIRECTION((1.,0.,0.));
#5693=IFCAXIS2PLACEMENT3D(#5690,#5691,#5692);
#5694=IFCLOCALPLACEMENT($,#5693);
#5695=IFCPROPERTYSET('3RDD4s2eP3lxrDoZtdsw7x',$,'Other',$,(#5697,#5698));
#5696=IFCRELDEFINESBYPROPERTIES('3eH1TBsT54XBqDySGP9tnx',$,$,$,(#5673),#5695);
#5697=IFCPROPERTYSINGLEVALUE('Ax',$,IFCLABEL('0.001'),$);
#5698=IFCPROPERTYSINGLEVALUE('Ay',$,IFCLABEL('0.001'),$);
#5699=IFCBEAM('1Ldpwmzq1CyRXx_ToXyYp8',$,$,$,$,#5720,#5710,$,$);
#5700=IFCCARTESIANPOINTLIST2D(((0.,0.),(0.,250.),(6000.,250.),(6000.,0.),(0.,0.)));
#5701=IFCINDEXEDPOLYCURVE(#5700,$,.F.);
#5702=IFCDIRECTION((0.,0.,1.));
#5703=IFCARBITRARYCLOSEDPROFILEDEF(.AREA.,$,#5701);
#5704=IFCCARTESIANPOINT((0.,0.,0.));
#5705=IFCDIRECTION((0.,0.,1.));
#5706=IFCDIRECTION((1.,0.,0.));
#5707=IFCAXIS2PLACEMENT3D(#5704,#5705,#5706);
#5708=IFCEXTRUDEDAREASOLID(#5703,#5707,#5702,-500.);
#5709=IFCSHAPEREPRESENTATION(#11,'Body','SweptSolid',(#5708));
#5710=IFCPRODUCTDEFINITIONSHAPE($,$,(#5709));
#5716=IFCCARTESIANPOINT((18000.,17875.,12000.));
#5717=IFCDIRECTION((0.,0.,1.));
#5718=IFCDIRECTION((1.,0.,0.));
#5719=IFCAXIS2PLACEMENT3D(#5716,#5717,#5718);
#5720=IFCLOCALPLACEMENT($,#5719);
#5721=IFCPROPERTYSET('1vgtEk49jE5QwM8LRCefLO',$,'Other',$,(#5723,#5724));
#5722=IFCRELDEFINESBYPROPERTIES('03X4lSGVnCGfkT3Sdi_xyc',$,$,$,(#5699),#5721);
#5723=IFCPROPERTYSINGLEVALUE('Ax',$,IFCLABEL('0.001'),$);
#5724=IFCPROPERTYSINGLEVALUE('Ay',$,IFCLABEL('0.001'),$);
#5725=IFCBEAM('0fQKwmG9DFKxs3wx4p6FY2',$,$,$,$,#5746,#5736,$,$);
#5726=IFCCARTESIANPOINTLIST2D(((0.,0.),(0.,250.),(6000.,250.),(6000.,0.),(0.,0.)));
#5727=IFCINDEXEDPOLYCURVE(#5726,$,.F.);
#5728=IFCDIRECTION((0.,0.,1.));
#5729=IFCARBITRARYCLOSEDPROFILEDEF(.AREA.,$,#5727);
#5730=IFCCARTESIANPOINT((0.,0.,0.));
#5731=IFCDIRECTION((0.,0.,1.));
#5732=IFCDIRECTION((1.,0.,0.));
#5733=IFCAXIS2PLACEMENT3D(#5730,#5731,#5732);
#5734=IFCEXTRUDEDAREASOLID(#5729,#5733,#5728,-500.);
#5735=IFCSHAPEREPRESENTATION(#11,'Body','SweptSolid',(#5734));
#5736=IFCPRODUCTDEFINITIONSHAPE($,$,(#5735));
#5742=IFCCARTESIANPOINT((24000.,17875.,12000.));
#5743=IFCDIRECTION((0.,0.,1.));
#5744=IFCDIRECTION((1.,0.,0.));
#5745=IFCAXIS2PLACEMENT3D(#5742,#5743,#5744);
#5746=IFCLOCALPLACEMENT($,#5745);
#5747=IFCPROPERTYSET('396fk$7AD6i9Cl_ZcyYM9J',$,'Other',$,(#5749,#5750));
#5748=IFCRELDEFINESBYPROPERTIES('0pxzuExmj9BvSySQwNGS$r',$,$,$,(#5725),#5747);
#5749=IFCPROPERTYSINGLEVALUE('Ax',$,IFCLABEL('0.001'),$);
#5750=IFCPROPERTYSINGLEVALUE('Ay',$,IFCLABEL('0.001'),$);
#5751=IFCBEAM('06uu8XKIv6IB8nLSE9SYuA',$,$,$,$,#5772,#5762,$,$);
#5752=IFCCARTESIANPOINTLIST2D(((0.,0.),(0.,250.),(6000.,250.),(6000.,0.),(0.,0.)));
#5753=IFCINDEXEDPOLYCURVE(#5752,$,.F.);
#5754=IFCDIRECTION((0.,0.,1.));
#5755=IFCARBITRARYCLOSEDPROFILEDEF(.AREA.,$,#5753);
#5756=IFCCARTESIANPOINT((0.,0.,0.));
#5757=IFCDIRECTION((0.,0.,1.));
#5758=IFCDIRECTION((1.,0.,0.));
#5759=IFCAXIS2PLACEMENT3D(#5756,#5757,#5758);
#5760=IFCEXTRUDEDAREASOLID(#5755,#5759,#5754,-400.);
#5761=IFCSHAPEREPRESENTATION(#11,'Body','SweptSolid',(#5760));
#5762=IFCPRODUCTDEFINITIONSHAPE($,$,(#5761));
#5768=IFCCARTESIANPOINT((2875.,18000.,12000.));
#5769=IFCDIRECTION((0.,0.,1.));
#5770=IFCDIRECTION((-1.8369701987210297E-16,-1.,0.));
#5771=IFCAXIS2PLACEMENT3D(#5768,#5769,#5770);
#5772=IFCLOCALPLACEMENT($,#5771);
#5773=IFCPROPERTYSET('3B0ppwfuz4VgV_yuTVe7iC',$,'Other',$,(#5775,#5776));
#5774=IFCRELDEFINESBYPROPERTIES('22YmoE_p150OnVmDrT0eeM',$,$,$,(#5751),#5773);
#5775=IFCPROPERTYSINGLEVALUE('Ax',$,IFCLABEL('0.001'),$);
#5776=IFCPROPERTYSINGLEVALUE('Ay',$,IFCLABEL('0.001'),$);
#5777=IFCBEAM('33MpwnA3L9mQDJ5Z1v9RCo',$,$,$,$,#5798,#5788,$,$);
#5778=IFCCARTESIANPOINTLIST2D(((0.,0.),(0.,250.),(6000.,250.),(6000.,0.),(0.,0.)));
#5779=IFCINDEXEDPOLYCURVE(#5778,$,.F.);
#5780=IFCDIRECTION((0.,0.,1.));
#5781=IFCARBITRARYCLOSEDPROFILEDEF(.AREA.,$,#5779);
#5782=IFCCARTESIANPOINT((0.,0.,0.));
#5783=IFCDIRECTION((0.,0.,1.));
#5784=IFCDIRECTION((1.,0.,0.));
#5785=IFCAXIS2PLACEMENT3D(#5782,#5783,#5784);
#5786=IFCEXTRUDEDAREASOLID(#5781,#5785,#5780,-400.);
#5787=IFCSHAPEREPRESENTATION(#11,'Body','SweptSolid',(#5786));
#5788=IFCPRODUCTDEFINITIONSHAPE($,$,(#5787));
#5794=IFCCARTESIANPOINT((2875.,12000.,12000.));
#5795=IFCDIRECTION((0.,0.,1.));
#5796=IFCDIRECTION((-1.8369701987210297E-16,-1.,0.));
#5797=IFCAXIS2PLACEMENT3D(#5794,#5795,#5796);
#5798=IFCLOCALPLACEMENT($,#5797);
#5799=IFCPROPERTYSET('2kXaGv14L8euEciqQnct76',$,'Other',$,(#5801,#5802));
#5800=IFCRELDEFINESBYPROPERTIES('2_j4cNuTP6y8ySrup9u1Vt',$,$,$,(#5777),#5799);
#5801=IFCPROPERTYSINGLEVALUE('Ax',$,IFCLABEL('0.001'),$);
#5802=IFCPROPERTYSINGLEVALUE('Ay',$,IFCLABEL('0.001'),$);
#5803=IFCBEAM('0sO50G9tD5Zvupp9HddGk0',$,$,$,$,#5824,#5814,$,$);
#5804=IFCCARTESIANPOINTLIST2D(((0.,0.),(0.,250.),(6000.,250.),(6000.,0.),(0.,0.)));
#5805=IFCINDEXEDPOLYCURVE(#5804,$,.F.);
#5806=IFCDIRECTION((0.,0.,1.));
#5807=IFCARBITRARYCLOSEDPROFILEDEF(.AREA.,$,#5805);
#5808=IFCCARTESIANPOINT((0.,0.,0.));
#5809=IFCDIRECTION((0.,0.,1.));
#5810=IFCDIRECTION((1.,0.,0.));
#5811=IFCAXIS2PLACEMENT3D(#5808,#5809,#5810);
#5812=IFCEXTRUDEDAREASOLID(#5807,#5811,#5806,-400.);
#5813=IFCSHAPEREPRESENTATION(#11,'Body','SweptSolid',(#5812));
#5814=IFCPRODUCTDEFINITIONSHAPE($,$,(#5813));
#5820=IFCCARTESIANPOINT((8875.,18000.,12000.));
#5821=IFCDIRECTION((0.,0.,1.));
#5822=IFCDIRECTION((-1.8369701987210297E-16,-1.,0.));
#5823=IFCAXIS2PLACEMENT3D(#5820,#5821,#5822);
#5824=IFCLOCALPLACEMENT($,#5823);
#5825=IFCPROPERTYSET('23$tVQscr7u8dFGJt9Svt6',$,'Other',$,(#5827,#5828));
#5826=IFCRELDEFINESBYPROPERTIES('2UQkp1ppPFMwdJ76ZjA2bZ',$,$,$,(#5803),#5825);
#5827=IFCPROPERTYSINGLEVALUE('Ax',$,IFCLABEL('0.001'),$);
#5828=IFCPROPERTYSINGLEVALUE('Ay',$,IFCLABEL('0.001'),$);
#5829=IFCBEAM('2TgG39vhP2r9sZ4v_oVdYV',$,$,$,$,#5850,#5840,$,$);
#5830=IFCCARTESIANPOINTLIST2D(((0.,0.),(0.,250.),(6000.,250.),(6000.,0.),(0.,0.)));
#5831=IFCINDEXEDPOLYCURVE(#5830,$,.F.);
#5832=IFCDIRECTION((0.,0.,1.));
#5833=IFCARBITRARYCLOSEDPROFILEDEF(.AREA.,$,#5831);
#5834=IFCCARTESIANPOINT((0.,0.,0.));
#5835=IFCDIRECTION((0.,0.,1.));
#5836=IFCDIRECTION((1.,0.,0.));
#5837=IFCAXIS2PLACEMENT3D(#5834,#5835,#5836);
#5838=IFCEXTRUDEDAREASOLID(#5833,#5837,#5832,-400.);
#5839=IFCSHAPEREPRESENTATION(#11,'Body','SweptSolid',(#5838));
#5840=IFCPRODUCTDEFINITIONSHAPE($,$,(#5839));
#5846=IFCCARTESIANPOINT((8875.,12000.,12000.));
#5847=IFCDIRECTION((0.,0.,1.));
#5848=IFCDIRECTION((-1.8369701987210297E-16,-1.,0.));
#5849=IFCAXIS2PLACEMENT3D(#5846,#5847,#5848);
#5850=IFCLOCALPLACEMENT($,#5849);
#5851=IFCPROPERTYSET('0C15ahVS99xvwofGfv_e$S',$,'Other',$,(#5853,#5854));
#5852=IFCRELDEFINESBYPROPERTIES('1_YmZdZSzEux9M0hjQQjVV',$,$,$,(#5829),#5851);
#5853=IFCPROPERTYSINGLEVALUE('Ax',$,IFCLABEL('0.001'),$);
#5854=IFCPROPERTYSINGLEVALUE('Ay',$,IFCLABEL('0.001'),$);
#5855=IFCBEAM('2A3HwbdrrBUBaKbCdt8t9D',$,$,$,$,#5876,#5866,$,$);
#5856=IFCCARTESIANPOINTLIST2D(((0.,0.),(0.,250.),(6000.,250.),(6000.,0.),(0.,0.)));
#5857=IFCINDEXEDPOLYCURVE(#5856,$,.F.);
#5858=IFCDIRECTION((0.,0.,1.));
#5859=IFCARBITRARYCLOSEDPROFILEDEF(.AREA.,$,#5857);
#5860=IFCCARTESIANPOINT((0.,0.,0.));
#5861=IFCDIRECTION((0.,0.,1.));
#5862=IFCDIRECTION((1.,0.,0.));
#5863=IFCAXIS2PLACEMENT3D(#5860,#5861,#5862);
#5864=IFCEXTRUDEDAREASOLID(#5859,#5863,#5858,-400.);
#5865=IFCSHAPEREPRESENTATION(#11,'Body','SweptSolid',(#5864));
#5866=IFCPRODUCTDEFINITIONSHAPE($,$,(#5865));
#5872=IFCCARTESIANPOINT((14875.,18000.,12000.));
#5873=IFCDIRECTION((0.,0.,1.));
#5874=IFCDIRECTION((-1.8369701987210297E-16,-1.,0.));
#5875=IFCAXIS2PLACEMENT3D(#5872,#5873,#5874);
#5876=IFCLOCALPLACEMENT($,#5875);
#5877=IFCPROPERTYSET('1j_2GAk2zDEP0EjEp5rT_q',$,'Other',$,(#5879,#5880));
#5878=IFCRELDEFINESBYPROPERTIES('2bEmpApa97jf33vK4Z3f0f',$,$,$,(#5855),#5877);
#5879=IFCPROPERTYSINGLEVALUE('Ax',$,IFCLABEL('0.001'),$);
#5880=IFCPROPERTYSINGLEVALUE('Ay',$,IFCLABEL('0.001'),$);
#5881=IFCBEAM('1r0a0QX0TF7P3KHKeqYgk3',$,$,$,$,#5902,#5892,$,$);
#5882=IFCCARTESIANPOINTLIST2D(((0.,0.),(0.,250.),(6000.,250.),(6000.,0.),(0.,0.)));
#5883=IFCINDEXEDPOLYCURVE(#5882,$,.F.);
#5884=IFCDIRECTION((0.,0.,1.));
#5885=IFCARBITRARYCLOSEDPROFILEDEF(.AREA.,$,#5883);
#5886=IFCCARTESIANPOINT((0.,0.,0.));
#5887=IFCDIRECTION((0.,0.,1.));
#5888=IFCDIRECTION((1.,0.,0.));
#5889=IFCAXIS2PLACEMENT3D(#5886,#5887,#5888);
#5890=IFCEXTRUDEDAREASOLID(#5885,#5889,#5884,-400.);
#5891=IFCSHAPEREPRESENTATION(#11,'Body','SweptSolid',(#5890));
#5892=IFCPRODUCTDEFINITIONSHAPE($,$,(#5891));
#5898=IFCCARTESIANPOINT((14875.,12000.,12000.));
#5899=IFCDIRECTION((0.,0.,1.));
#5900=IFCDIRECTION((-1.8369701987210297E-16,-1.,0.));
#5901=IFCAXIS2PLACEMENT3D(#5898,#5899,#5900);
#5902=IFCLOCALPLACEMENT($,#5901);
#5903=IFCPROPERTYSET('022bEuzWP7PBFq61V4ISJg',$,'Other',$,(#5905,#5906));
#5904=IFCRELDEFINESBYPROPERTIES('3aYI7pMmL2Bh2oyOjFhkwX',$,$,$,(#5881),#5903);
#5905=IFCPROPERTYSINGLEVALUE('Ax',$,IFCLABEL('0.001'),$);
#5906=IFCPROPERTYSINGLEVALUE('Ay',$,IFCLABEL('0.001'),$);
#5907=IFCBEAM('3je_kniuv20QNS1ahQIYji',$,$,$,$,#5928,#5918,$,$);
#5908=IFCCARTESIANPOINTLIST2D(((0.,0.),(0.,250.),(6000.,250.),(6000.,0.),(0.,0.)));
#5909=IFCINDEXEDPOLYCURVE(#5908,$,.F.);
#5910=IFCDIRECTION((0.,0.,1.));
#5911=IFCARBITRARYCLOSEDPROFILEDEF(.AREA.,$,#5909);
#5912=IFCCARTESIANPOINT((0.,0.,0.));
#5913=IFCDIRECTION((0.,0.,1.));
#5914=IFCDIRECTION((1.,0.,0.));
#5915=IFCAXIS2PLACEMENT3D(#5912,#5913,#5914);
#5916=IFCEXTRUDEDAREASOLID(#5911,#5915,#5910,-400.);
#5917=IFCSHAPEREPRESENTATION(#11,'Body','SweptSolid',(#5916));
#5918=IFCPRODUCTDEFINITIONSHAPE($,$,(#5917));
#5924=IFCCARTESIANPOINT((14875.,6000.,12000.));
#5925=IFCDIRECTION((0.,0.,1.));
#5926=IFCDIRECTION((-1.8369701987210297E-16,-1.,0.));
#5927=IFCAXIS2PLACEMENT3D(#5924,#5925,#5926);
#5928=IFCLOCALPLACEMENT($,#5927);
#5929=IFCPROPERTYSET('3haFWdPMv01hVPUWJ58cOu',$,'Other',$,(#5931,#5932));
#5930=IFCRELDEFINESBYPROPERTIES('0HqiLw2pP4O8JoYTUJ7pdr',$,$,$,(#5907),#5929);
#5931=IFCPROPERTYSINGLEVALUE('Ax',$,IFCLABEL('0.001'),$);
#5932=IFCPROPERTYSINGLEVALUE('Ay',$,IFCLABEL('0.001'),$);
#5933=IFCBEAM('0jNL4t1jfE0ARHttWRHt_f',$,$,$,$,#5954,#5944,$,$);
#5934=IFCCARTESIANPOINTLIST2D(((0.,0.),(0.,250.),(6000.,250.),(6000.,0.),(0.,0.)));
#5935=IFCINDEXEDPOLYCURVE(#5934,$,.F.);
#5936=IFCDIRECTION((0.,0.,1.));
#5937=IFCARBITRARYCLOSEDPROFILEDEF(.AREA.,$,#5935);
#5938=IFCCARTESIANPOINT((0.,0.,0.));
#5939=IFCDIRECTION((0.,0.,1.));
#5940=IFCDIRECTION((1.,0.,0.));
#5941=IFCAXIS2PLACEMENT3D(#5938,#5939,#5940);
#5942=IFCEXTRUDEDAREASOLID(#5937,#5941,#5936,-400.);
#5943=IFCSHAPEREPRESENTATION(#11,'Body','SweptSolid',(#5942));
#5944=IFCPRODUCTDEFINITIONSHAPE($,$,(#5943));
#5950=IFCCARTESIANPOINT((20875.,18000.,12000.));
#5951=IFCDIRECTION((0.,0.,1.));
#5952=IFCDIRECTION((-1.8369701987210297E-16,-1.,0.));
#5953=IFCAXIS2PLACEMENT3D(#5950,#5951,#5952);
#5954=IFCLOCALPLACEMENT($,#5953);
#5955=IFCPROPERTYSET('3icAIFTsn0OwbbNJGwzhFg',$,'Other',$,(#5957,#5958));
#5956=IFCRELDEFINESBYPROPERTIES('3czXeEb9n1wft$Elz2kjli',$,$,$,(#5933),#5955);
#5957=IFCPROPERTYSINGLEVALUE('Ax',$,IFCLABEL('0.001'),$);
#5958=IFCPROPERTYSINGLEVALUE('Ay',$,IFCLABEL('0.001'),$);
#5959=IFCBEAM('0xA4JI09v0ShWy9_sK65xR',$,$,$,$,#5980,#5970,$,$);
#5960=IFCCARTESIANPOINTLIST2D(((0.,0.),(0.,250.),(6000.,250.),(6000.,0.),(0.,0.)));
#5961=IFCINDEXEDPOLYCURVE(#5960,$,.F.);
#5962=IFCDIRECTION((0.,0.,1.));
#5963=IFCARBITRARYCLOSEDPROFILEDEF(.AREA.,$,#5961);
#5964=IFCCARTESIANPOINT((0.,0.,0.));
#5965=IFCDIRECTION((0.,0.,1.));
#5966=IFCDIRECTION((1.,0.,0.));
#5967=IFCAXIS2PLACEMENT3D(#5964,#5965,#5966);
#5968=IFCEXTRUDEDAREASOLID(#5963,#5967,#5962,-400.);
#5969=IFCSHAPEREPRESENTATION(#11,'Body','SweptSolid',(#5968));
#5970=IFCPRODUCTDEFINITIONSHAPE($,$,(#5969));
#5976=IFCCARTESIANPOINT((20875.,12000.,12000.));
#5977=IFCDIRECTION((0.,0.,1.));
#5978=IFCDIRECTION((-1.8369701987210297E-16,-1.,0.));
#5979=IFCAXIS2PLACEMENT3D(#5976,#5977,#5978);
#5980=IFCLOCALPLACEMENT($,#5979);
#5981=IFCPROPERTYSET('3rZFbPU0P5bvDRpmKo5veB',$,'Other',$,(#5983,#5984));
#5982=IFCRELDEFINESBYPROPERTIES('0$BKFatkf6kRlqc21ZHTAz',$,$,$,(#5959),#5981);
#5983=IFCPROPERTYSINGLEVALUE('Ax',$,IFCLABEL('0.001'),$);
#5984=IFCPROPERTYSINGLEVALUE('Ay',$,IFCLABEL('0.001'),$);
#5985=IFCBEAM('0isxWFFLL74gjM160QT5rR',$,$,$,$,#6006,#5996,$,$);
#5986=IFCCARTESIANPOINTLIST2D(((0.,0.),(0.,250.),(6000.,250.),(6000.,0.),(0.,0.)));
#5987=IFCINDEXEDPOLYCURVE(#5986,$,.F.);
#5988=IFCDIRECTION((0.,0.,1.));
#5989=IFCARBITRARYCLOSEDPROFILEDEF(.AREA.,$,#5987);
#5990=IFCCARTESIANPOINT((0.,0.,0.));
#5991=IFCDIRECTION((0.,0.,1.));
#5992=IFCDIRECTION((1.,0.,0.));
#5993=IFCAXIS2PLACEMENT3D(#5990,#5991,#5992);
#5994=IFCEXTRUDEDAREASOLID(#5989,#5993,#5988,-400.);
#5995=IFCSHAPEREPRESENTATION(#11,'Body','SweptSolid',(#5994));
#5996=IFCPRODUCTDEFINITIONSHAPE($,$,(#5995));
#6002=IFCCARTESIANPOINT((20875.,6000.,12000.));
#6003=IFCDIRECTION((0.,0.,1.));
#6004=IFCDIRECTION((-1.8369701987210297E-16,-1.,0.));
#6005=IFCAXIS2PLACEMENT3D(#6002,#6003,#6004);
#6006=IFCLOCALPLACEMENT($,#6005);
#6007=IFCPROPERTYSET('3XOaE2QFb8ZRTQsm_me2Gv',$,'Other',$,(#6009,#6010));
#6008=IFCRELDEFINESBYPROPERTIES('0gYyy1y8j4Qgr2$JYB2FGz',$,$,$,(#5985),#6007);
#6009=IFCPROPERTYSINGLEVALUE('Ax',$,IFCLABEL('0.001'),$);
#6010=IFCPROPERTYSINGLEVALUE('Ay',$,IFCLABEL('0.001'),$);
#6011=IFCBEAM('3d3eluq8j8VeFGUokV7Ggn',$,$,$,$,#6032,#6022,$,$);
#6012=IFCCARTESIANPOINTLIST2D(((0.,0.),(0.,250.),(6000.,250.),(6000.,0.),(0.,0.)));
#6013=IFCINDEXEDPOLYCURVE(#6012,$,.F.);
#6014=IFCDIRECTION((0.,0.,1.));
#6015=IFCARBITRARYCLOSEDPROFILEDEF(.AREA.,$,#6013);
#6016=IFCCARTESIANPOINT((0.,0.,0.));
#6017=IFCDIRECTION((0.,0.,1.));
#6018=IFCDIRECTION((1.,0.,0.));
#6019=IFCAXIS2PLACEMENT3D(#6016,#6017,#6018);
#6020=IFCEXTRUDEDAREASOLID(#6015,#6019,#6014,-400.);
#6021=IFCSHAPEREPRESENTATION(#11,'Body','SweptSolid',(#6020));
#6022=IFCPRODUCTDEFINITIONSHAPE($,$,(#6021));
#6028=IFCCARTESIANPOINT((8875.,6000.,12000.));
#6029=IFCDIRECTION((0.,0.,1.));
#6030=IFCDIRECTION((-1.8369701987210297E-16,-1.,0.));
#6031=IFCAXIS2PLACEMENT3D(#6028,#6029,#6030);
#6032=IFCLOCALPLACEMENT($,#6031);
#6033=IFCPROPERTYSET('3IA6KjI$D5iOa_iPXfnePr',$,'Other',$,(#6035,#6036));
#6034=IFCRELDEFINESBYPROPERTIES('18ePW8MXX1u9j7EDGVxZEj',$,$,$,(#6011),#6033);
#6035=IFCPROPERTYSINGLEVALUE('Ax',$,IFCLABEL('0.001'),$);
#6036=IFCPROPERTYSINGLEVALUE('Ay',$,IFCLABEL('0.001'),$);
#6037=IFCBEAM('3vxtrc56L0VgGfVpROGqHp',$,$,$,$,#6058,#6048,$,$);
#6038=IFCCARTESIANPOINTLIST2D(((0.,0.),(0.,250.),(6000.,250.),(6000.,0.),(0.,0.)));
#6039=IFCINDEXEDPOLYCURVE(#6038,$,.F.);
#6040=IFCDIRECTION((0.,0.,1.));
#6041=IFCARBITRARYCLOSEDPROFILEDEF(.AREA.,$,#6039);
#6042=IFCCARTESIANPOINT((0.,0.,0.));
#6043=IFCDIRECTION((0.,0.,1.));
#6044=IFCDIRECTION((1.,0.,0.));
#6045=IFCAXIS2PLACEMENT3D(#6042,#6043,#6044);
#6046=IFCEXTRUDEDAREASOLID(#6041,#6045,#6040,-400.);
#6047=IFCSHAPEREPRESENTATION(#11,'Body','SweptSolid',(#6046));
#6048=IFCPRODUCTDEFINITIONSHAPE($,$,(#6047));
#6054=IFCCARTESIANPOINT((2875.,6000.,12000.));
#6055=IFCDIRECTION((0.,0.,1.));
#6056=IFCDIRECTION((-1.8369701987210297E-16,-1.,0.));
#6057=IFCAXIS2PLACEMENT3D(#6054,#6055,#6056);
#6058=IFCLOCALPLACEMENT($,#6057);
#6059=IFCPROPERTYSET('0WuBcVUqr2Eu4dAbLxb9oG',$,'Other',$,(#6061,#6062));
#6060=IFCRELDEFINESBYPROPERTIES('1c0bFU2e5FOe0_XJeSAVBB',$,$,$,(#6037),#6059);
#6061=IFCPROPERTYSINGLEVALUE('Ax',$,IFCLABEL('0.001'),$);
#6062=IFCPROPERTYSINGLEVALUE('Ay',$,IFCLABEL('0.001'),$);
#6063=IFCBEAM('2LlNNok5bDgvUovcwahXow',$,$,$,$,#6084,#6074,$,$);
#6064=IFCCARTESIANPOINTLIST2D(((0.,0.),(0.,250.),(6000.,250.),(6000.,0.),(0.,0.)));
#6065=IFCINDEXEDPOLYCURVE(#6064,$,.F.);
#6066=IFCDIRECTION((0.,0.,1.));
#6067=IFCARBITRARYCLOSEDPROFILEDEF(.AREA.,$,#6065);
#6068=IFCCARTESIANPOINT((0.,0.,0.));
#6069=IFCDIRECTION((0.,0.,1.));
#6070=IFCDIRECTION((1.,0.,0.));
#6071=IFCAXIS2PLACEMENT3D(#6068,#6069,#6070);
#6072=IFCEXTRUDEDAREASOLID(#6067,#6071,#6066,-400.);
#6073=IFCSHAPEREPRESENTATION(#11,'Body','SweptSolid',(#6072));
#6074=IFCPRODUCTDEFINITIONSHAPE($,$,(#6073));
#6080=IFCCARTESIANPOINT((26875.,12000.,12000.));
#6081=IFCDIRECTION((0.,0.,1.));
#6082=IFCDIRECTION((-1.8369701987210297E-16,-1.,0.));
#6083=IFCAXIS2PLACEMENT3D(#6080,#6081,#6082);
#6084=IFCLOCALPLACEMENT($,#6083);
#6085=IFCPROPERTYSET('2xTMtYc151leWWw9mkXNv_',$,'Other',$,(#6087,#6088));
#6086=IFCRELDEFINESBYPROPERTIES('3c2r7rN2HE19wO0RQWKRXS',$,$,$,(#6063),#6085);
#6087=IFCPROPERTYSINGLEVALUE('Ax',$,IFCLABEL('0.001'),$);
#6088=IFCPROPERTYSINGLEVALUE('Ay',$,IFCLABEL('0.001'),$);
#6089=IFCBEAM('2Jrx$mYWb6XAuCbyPk1zc7',$,$,$,$,#6110,#6100,$,$);
#6090=IFCCARTESIANPOINTLIST2D(((0.,0.),(0.,250.),(6000.,250.),(6000.,0.),(0.,0.)));
#6091=IFCINDEXEDPOLYCURVE(#6090,$,.F.);
#6092=IFCDIRECTION((0.,0.,1.));
#6093=IFCARBITRARYCLOSEDPROFILEDEF(.AREA.,$,#6091);
#6094=IFCCARTESIANPOINT((0.,0.,0.));
#6095=IFCDIRECTION((0.,0.,1.));
#6096=IFCDIRECTION((1.,0.,0.));
#6097=IFCAXIS2PLACEMENT3D(#6094,#6095,#6096);
#6098=IFCEXTRUDEDAREASOLID(#6093,#6097,#6092,-400.);
#6099=IFCSHAPEREPRESENTATION(#11,'Body','SweptSolid',(#6098));
#6100=IFCPRODUCTDEFINITIONSHAPE($,$,(#6099));
#6106=IFCCARTESIANPOINT((26875.,6000.,12000.));
#6107=IFCDIRECTION((0.,0.,1.));
#6108=IFCDIRECTION((-1.8369701987210297E-16,-1.,0.));
#6109=IFCAXIS2PLACEMENT3D(#6106,#6107,#6108);
#6110=IFCLOCALPLACEMENT($,#6109);
#6111=IFCPROPERTYSET('1vgVXlsx17VOQ0HyzalymJ',$,'Other',$,(#6113,#6114));
#6112=IFCRELDEFINESBYPROPERTIES('0khGWH_0b0GBvU9X4yz3yk',$,$,$,(#6089),#6111);
#6113=IFCPROPERTYSINGLEVALUE('Ax',$,IFCLABEL('0.001'),$);
#6114=IFCPROPERTYSINGLEVALUE('Ay',$,IFCLABEL('0.001'),$);
#6115=IFCBEAM('3kD17MrLf2ABPGlasxGTgv',$,$,$,$,#6136,#6126,$,$);
#6116=IFCCARTESIANPOINTLIST2D(((0.,0.),(0.,250.),(6000.,250.),(6000.,0.),(0.,0.)));
#6117=IFCINDEXEDPOLYCURVE(#6116,$,.F.);
#6118=IFCDIRECTION((0.,0.,1.));
#6119=IFCARBITRARYCLOSEDPROFILEDEF(.AREA.,$,#6117);
#6120=IFCCARTESIANPOINT((0.,0.,0.));
#6121=IFCDIRECTION((0.,0.,1.));
#6122=IFCDIRECTION((1.,0.,0.));
#6123=IFCAXIS2PLACEMENT3D(#6120,#6121,#6122);
#6124=IFCEXTRUDEDAREASOLID(#6119,#6123,#6118,-500.);
#6125=IFCSHAPEREPRESENTATION(#11,'Body','SweptSolid',(#6124));
#6126=IFCPRODUCTDEFINITIONSHAPE($,$,(#6125));
#6132=IFCCARTESIANPOINT((125.,6000.,9000.));
#6133=IFCDIRECTION((0.,0.,1.));
#6134=IFCDIRECTION((6.123233995736766E-17,1.,0.));
#6135=IFCAXIS2PLACEMENT3D(#6132,#6133,#6134);
#6136=IFCLOCALPLACEMENT($,#6135);
#6137=IFCPROPERTYSET('3w2H0XJor9Pg6RptvDtqsl',$,'Other',$,(#6139,#6140));
#6138=IFCRELDEFINESBYPROPERTIES('0cxZN9X_n5RvVfUbpyZzZ3',$,$,$,(#6115),#6137);
#6139=IFCPROPERTYSINGLEVALUE('Ax',$,IFCLABEL('0.001'),$);
#6140=IFCPROPERTYSINGLEVALUE('Ay',$,IFCLABEL('0.001'),$);
#6141=IFCBEAM('3KHftXiNf5SQkA5Jth2jF$',$,$,$,$,#6162,#6152,$,$);
#6142=IFCCARTESIANPOINTLIST2D(((0.,0.),(0.,250.),(6000.,250.),(6000.,0.),(0.,0.)));
#6143=IFCINDEXEDPOLYCURVE(#6142,$,.F.);
#6144=IFCDIRECTION((0.,0.,1.));
#6145=IFCARBITRARYCLOSEDPROFILEDEF(.AREA.,$,#6143);
#6146=IFCCARTESIANPOINT((0.,0.,0.));
#6147=IFCDIRECTION((0.,0.,1.));
#6148=IFCDIRECTION((1.,0.,0.));
#6149=IFCAXIS2PLACEMENT3D(#6146,#6147,#6148);
#6150=IFCEXTRUDEDAREASOLID(#6145,#6149,#6144,-500.);
#6151=IFCSHAPEREPRESENTATION(#11,'Body','SweptSolid',(#6150));
#6152=IFCPRODUCTDEFINITIONSHAPE($,$,(#6151));
#6158=IFCCARTESIANPOINT((125.,12000.,9000.));
#6159=IFCDIRECTION((0.,0.,1.));
#6160=IFCDIRECTION((6.123233995736766E-17,1.,0.));
#6161=IFCAXIS2PLACEMENT3D(#6158,#6159,#6160);
#6162=IFCLOCALPLACEMENT($,#6161);
#6163=IFCPROPERTYSET('2LvTEJCOnEGAjcHoNRjw_c',$,'Other',$,(#6165,#6166));
#6164=IFCRELDEFINESBYPROPERTIES('23P154aZbC1PL4NOMZaBZD',$,$,$,(#6141),#6163);
#6165=IFCPROPERTYSINGLEVALUE('Ax',$,IFCLABEL('0.001'),$);
#6166=IFCPROPERTYSINGLEVALUE('Ay',$,IFCLABEL('0.001'),$);
#6167=IFCBEAM('0DM2d7w_rEwAh247zOIgqU',$,$,$,$,#6188,#6178,$,$);
#6168=IFCCARTESIANPOINTLIST2D(((0.,0.),(0.,250.),(6000.,250.),(6000.,0.),(0.,0.)));
#6169=IFCINDEXEDPOLYCURVE(#6168,$,.F.);
#6170=IFCDIRECTION((0.,0.,1.));
#6171=IFCARBITRARYCLOSEDPROFILEDEF(.AREA.,$,#6169);
#6172=IFCCARTESIANPOINT((0.,0.,0.));
#6173=IFCDIRECTION((0.,0.,1.));
#6174=IFCDIRECTION((1.,0.,0.));
#6175=IFCAXIS2PLACEMENT3D(#6172,#6173,#6174);
#6176=IFCEXTRUDEDAREASOLID(#6171,#6175,#6170,-500.);
#6177=IFCSHAPEREPRESENTATION(#11,'Body','SweptSolid',(#6176));
#6178=IFCPRODUCTDEFINITIONSHAPE($,$,(#6177));
#6184=IFCCARTESIANPOINT((6125.,6000.,9000.));
#6185=IFCDIRECTION((0.,0.,1.));
#6186=IFCDIRECTION((6.123233995736766E-17,1.,0.));
#6187=IFCAXIS2PLACEMENT3D(#6184,#6185,#6186);
#6188=IFCLOCALPLACEMENT($,#6187);
#6189=IFCPROPERTYSET('2w1of7rBz1AQM0fPVCxUvY',$,'Other',$,(#6191,#6192));
#6190=IFCRELDEFINESBYPROPERTIES('1v1vlDdF1DKgGxsnbIsCMS',$,$,$,(#6167),#6189);
#6191=IFCPROPERTYSINGLEVALUE('Ax',$,IFCLABEL('0.001'),$);
#6192=IFCPROPERTYSINGLEVALUE('Ay',$,IFCLABEL('0.001'),$);
#6193=IFCBEAM('05RLhmTZvEMAhr3rdm2lfF',$,$,$,$,#6214,#6204,$,$);
#6194=IFCCARTESIANPOINTLIST2D(((0.,0.),(0.,250.),(6000.,250.),(6000.,0.),(0.,0.)));
#6195=IFCINDEXEDPOLYCURVE(#6194,$,.F.);
#6196=IFCDIRECTION((0.,0.,1.));
#6197=IFCARBITRARYCLOSEDPROFILEDEF(.AREA.,$,#6195);
#6198=IFCCARTESIANPOINT((0.,0.,0.));
#6199=IFCDIRECTION((0.,0.,1.));
#6200=IFCDIRECTION((1.,0.,0.));
#6201=IFCAXIS2PLACEMENT3D(#6198,#6199,#6200);
#6202=IFCEXTRUDEDAREASOLID(#6197,#6201,#6196,-500.);
#6203=IFCSHAPEREPRESENTATION(#11,'Body','SweptSolid',(#6202));
#6204=IFCPRODUCTDEFINITIONSHAPE($,$,(#6203));
#6210=IFCCARTESIANPOINT((6125.,12000.,9000.));
#6211=IFCDIRECTION((0.,0.,1.));
#6212=IFCDIRECTION((6.123233995736766E-17,1.,0.));
#6213=IFCAXIS2PLACEMENT3D(#6210,#6211,#6212);
#6214=IFCLOCALPLACEMENT($,#6213);
#6215=IFCPROPERTYSET('3f5omIfj5DqPGBRirtiCVR',$,'Other',$,(#6217,#6218));
#6216=IFCRELDEFINESBYPROPERTIES('0OUHf31Rz0sAhWu4B3szWH',$,$,$,(#6193),#6215);
#6217=IFCPROPERTYSINGLEVALUE('Ax',$,IFCLABEL('0.001'),$);
#6218=IFCPROPERTYSINGLEVALUE('Ay',$,IFCLABEL('0.001'),$);
#6219=IFCBEAM('1pzp5fOqn24uJF7aTR2FdP',$,$,$,$,#6240,#6230,$,$);
#6220=IFCCARTESIANPOINTLIST2D(((0.,0.),(0.,250.),(6000.,250.),(6000.,0.),(0.,0.)));
#6221=IFCINDEXEDPOLYCURVE(#6220,$,.F.);
#6222=IFCDIRECTION((0.,0.,1.));
#6223=IFCARBITRARYCLOSEDPROFILEDEF(.AREA.,$,#6221);
#6224=IFCCARTESIANPOINT((0.,0.,0.));
#6225=IFCDIRECTION((0.,0.,1.));
#6226=IFCDIRECTION((1.,0.,0.));
#6227=IFCAXIS2PLACEMENT3D(#6224,#6225,#6226);
#6228=IFCEXTRUDEDAREASOLID(#6223,#6227,#6222,-500.);
#6229=IFCSHAPEREPRESENTATION(#11,'Body','SweptSolid',(#6228));
#6230=IFCPRODUCTDEFINITIONSHAPE($,$,(#6229));
#6236=IFCCARTESIANPOINT((12125.,-7.6540424946709578E-15,9000.));
#6237=IFCDIRECTION((0.,0.,1.));
#6238=IFCDIRECTION((6.123233995736766E-17,1.,0.));
#6239=IFCAXIS2PLACEMENT3D(#6236,#6237,#6238);
#6240=IFCLOCALPLACEMENT($,#6239);
#6241=IFCPROPERTYSET('2HVvPuX$H1I8SlBlX6LKK6',$,'Other',$,(#6243,#6244));
#6242=IFCRELDEFINESBYPROPERTIES('2QBhJxq8v5JOBML69dullN',$,$,$,(#6219),#6241);
#6243=IFCPROPERTYSINGLEVALUE('Ax',$,IFCLABEL('0.001'),$);
#6244=IFCPROPERTYSINGLEVALUE('Ay',$,IFCLABEL('0.001'),$);
#6245=IFCBEAM('3zU9QL9Hn2QBq0ScE95yh6',$,$,$,$,#6266,#6256,$,$);
#6246=IFCCARTESIANPOINTLIST2D(((0.,0.),(0.,250.),(6000.,250.),(6000.,0.),(0.,0.)));
#6247=IFCINDEXEDPOLYCURVE(#6246,$,.F.);
#6248=IFCDIRECTION((0.,0.,1.));
#6249=IFCARBITRARYCLOSEDPROFILEDEF(.AREA.,$,#6247);
#6250=IFCCARTESIANPOINT((0.,0.,0.));
#6251=IFCDIRECTION((0.,0.,1.));
#6252=IFCDIRECTION((1.,0.,0.));
#6253=IFCAXIS2PLACEMENT3D(#6250,#6251,#6252);
#6254=IFCEXTRUDEDAREASOLID(#6249,#6253,#6248,-500.);
#6255=IFCSHAPEREPRESENTATION(#11,'Body','SweptSolid',(#6254));
#6256=IFCPRODUCTDEFINITIONSHAPE($,$,(#6255));
#6262=IFCCARTESIANPOINT((12125.,6000.,9000.));
#6263=IFCDIRECTION((0.,0.,1.));
#6264=IFCDIRECTION((6.123233995736766E-17,1.,0.));
#6265=IFCAXIS2PLACEMENT3D(#6262,#6263,#6264);
#6266=IFCLOCALPLACEMENT($,#6265);
#6267=IFCPROPERTYSET('2WbRPhrSnEEv_76WmTKENS',$,'Other',$,(#6269,#6270));
#6268=IFCRELDEFINESBYPROPERTIES('3a1QwZt2XFwOadlgjAWdSh',$,$,$,(#6245),#6267);
#6269=IFCPROPERTYSINGLEVALUE('Ax',$,IFCLABEL('0.001'),$);
#6270=IFCPROPERTYSINGLEVALUE('Ay',$,IFCLABEL('0.001'),$);
#6271=IFCBEAM('3Ji2pS2srCfgKnuJSlB6zl',$,$,$,$,#6292,#6282,$,$);
#6272=IFCCARTESIANPOINTLIST2D(((0.,0.),(0.,250.),(6000.,250.),(6000.,0.),(0.,0.)));
#6273=IFCINDEXEDPOLYCURVE(#6272,$,.F.);
#6274=IFCDIRECTION((0.,0.,1.));
#6275=IFCARBITRARYCLOSEDPROFILEDEF(.AREA.,$,#6273);
#6276=IFCCARTESIANPOINT((0.,0.,0.));
#6277=IFCDIRECTION((0.,0.,1.));
#6278=IFCDIRECTION((1.,0.,0.));
#6279=IFCAXIS2PLACEMENT3D(#6276,#6277,#6278);
#6280=IFCEXTRUDEDAREASOLID(#6275,#6279,#6274,-500.);
#6281=IFCSHAPEREPRESENTATION(#11,'Body','SweptSolid',(#6280));
#6282=IFCPRODUCTDEFINITIONSHAPE($,$,(#6281));
#6288=IFCCARTESIANPOINT((12125.,12000.,9000.));
#6289=IFCDIRECTION((0.,0.,1.));
#6290=IFCDIRECTION((6.123233995736766E-17,1.,0.));
#6291=IFCAXIS2PLACEMENT3D(#6288,#6289,#6290);
#6292=IFCLOCALPLACEMENT($,#6291);
#6293=IFCPROPERTYSET('0fJ3BtSb989QarQbZ6TMTS',$,'Other',$,(#6295,#6296));
#6294=IFCRELDEFINESBYPROPERTIES('0BU5$b4nn01w_E9p8FRENP',$,$,$,(#6271),#6293);
#6295=IFCPROPERTYSINGLEVALUE('Ax',$,IFCLABEL('0.001'),$);
#6296=IFCPROPERTYSINGLEVALUE('Ay',$,IFCLABEL('0.001'),$);
#6297=IFCBEAM('23o0W87hb4pgtRG88chvNG',$,$,$,$,#6318,#6308,$,$);
#6298=IFCCARTESIANPOINTLIST2D(((0.,0.),(0.,250.),(6000.,250.),(6000.,0.),(0.,0.)));
#6299=IFCINDEXEDPOLYCURVE(#6298,$,.F.);
#6300=IFCDIRECTION((0.,0.,1.));
#6301=IFCARBITRARYCLOSEDPROFILEDEF(.AREA.,$,#6299);
#6302=IFCCARTESIANPOINT((0.,0.,0.));
#6303=IFCDIRECTION((0.,0.,1.));
#6304=IFCDIRECTION((1.,0.,0.));
#6305=IFCAXIS2PLACEMENT3D(#6302,#6303,#6304);
#6306=IFCEXTRUDEDAREASOLID(#6301,#6305,#6300,-500.);
#6307=IFCSHAPEREPRESENTATION(#11,'Body','SweptSolid',(#6306));
#6308=IFCPRODUCTDEFINITIONSHAPE($,$,(#6307));
#6314=IFCCARTESIANPOINT((18125.,-7.6540424946709578E-15,9000.));
#6315=IFCDIRECTION((0.,0.,1.));
#6316=IFCDIRECTION((6.123233995736766E-17,1.,0.));
#6317=IFCAXIS2PLACEMENT3D(#6314,#6315,#6316);
#6318=IFCLOCALPLACEMENT($,#6317);
#6319=IFCPROPERTYSET('3egH1fvpLBUQxZu8TqqjY7',$,'Other',$,(#6321,#6322));
#6320=IFCRELDEFINESBYPROPERTIES('0AAYiz6HD7Ivn5i7rswbja',$,$,$,(#6297),#6319);
#6321=IFCPROPERTYSINGLEVALUE('Ax',$,IFCLABEL('0.001'),$);
#6322=IFCPROPERTYSINGLEVALUE('Ay',$,IFCLABEL('0.001'),$);
#6323=IFCBEAM('0XQScX3uH53RwnSJOxKDZR',$,$,$,$,#6344,#6334,$,$);
#6324=IFCCARTESIANPOINTLIST2D(((0.,0.),(0.,250.),(6000.,250.),(6000.,0.),(0.,0.)));
#6325=IFCINDEXEDPOLYCURVE(#6324,$,.F.);
#6326=IFCDIRECTION((0.,0.,1.));
#6327=IFCARBITRARYCLOSEDPROFILEDEF(.AREA.,$,#6325);
#6328=IFCCARTESIANPOINT((0.,0.,0.));
#6329=IFCDIRECTION((0.,0.,1.));
#6330=IFCDIRECTION((1.,0.,0.));
#6331=IFCAXIS2PLACEMENT3D(#6328,#6329,#6330);
#6332=IFCEXTRUDEDAREASOLID(#6327,#6331,#6326,-500.);
#6333=IFCSHAPEREPRESENTATION(#11,'Body','SweptSolid',(#6332));
#6334=IFCPRODUCTDEFINITIONSHAPE($,$,(#6333));
#6340=IFCCARTESIANPOINT((18125.,6000.,9000.));
#6341=IFCDIRECTION((0.,0.,1.));
#6342=IFCDIRECTION((6.123233995736766E-17,1.,0.));
#6343=IFCAXIS2PLACEMENT3D(#6340,#6341,#6342);
#6344=IFCLOCALPLACEMENT($,#6343);
#6345=IFCPROPERTYSET('2LnJK6frn2FP33WlXnzdr4',$,'Other',$,(#6347,#6348));
#6346=IFCRELDEFINESBYPROPERTIES('2gjUcYxPX3_uQUjCEwkUFR',$,$,$,(#6323),#6345);
#6347=IFCPROPERTYSINGLEVALUE('Ax',$,IFCLABEL('0.001'),$);
#6348=IFCPROPERTYSINGLEVALUE('Ay',$,IFCLABEL('0.001'),$);
#6349=IFCBEAM('1J90BuJbPCnvclfnyCOU0e',$,$,$,$,#6370,#6360,$,$);
#6350=IFCCARTESIANPOINTLIST2D(((0.,0.),(0.,250.),(6000.,250.),(6000.,0.),(0.,0.)));
#6351=IFCINDEXEDPOLYCURVE(#6350,$,.F.);
#6352=IFCDIRECTION((0.,0.,1.));
#6353=IFCARBITRARYCLOSEDPROFILEDEF(.AREA.,$,#6351);
#6354=IFCCARTESIANPOINT((0.,0.,0.));
#6355=IFCDIRECTION((0.,0.,1.));
#6356=IFCDIRECTION((1.,0.,0.));
#6357=IFCAXIS2PLACEMENT3D(#6354,#6355,#6356);
#6358=IFCEXTRUDEDAREASOLID(#6353,#6357,#6352,-500.);
#6359=IFCSHAPEREPRESENTATION(#11,'Body','SweptSolid',(#6358));
#6360=IFCPRODUCTDEFINITIONSHAPE($,$,(#6359));
#6366=IFCCARTESIANPOINT((18125.,12000.,9000.));
#6367=IFCDIRECTION((0.,0.,1.));
#6368=IFCDIRECTION((6.123233995736766E-17,1.,0.));
#6369=IFCAXIS2PLACEMENT3D(#6366,#6367,#6368);
#6370=IFCLOCALPLACEMENT($,#6369);
#6371=IFCPROPERTYSET('0v3udozvjFBeQE6EMiJwt3',$,'Other',$,(#6373,#6374));
#6372=IFCRELDEFINESBYPROPERTIES('3Fbr8RGQ9CyxnilZLBkQZH',$,$,$,(#6349),#6371);
#6373=IFCPROPERTYSINGLEVALUE('Ax',$,IFCLABEL('0.001'),$);
#6374=IFCPROPERTYSINGLEVALUE('Ay',$,IFCLABEL('0.001'),$);
#6375=IFCBEAM('2pKo7eDp1EkRZdUGNykTov',$,$,$,$,#6396,#6386,$,$);
#6376=IFCCARTESIANPOINTLIST2D(((0.,0.),(0.,250.),(6000.,250.),(6000.,0.),(0.,0.)));
#6377=IFCINDEXEDPOLYCURVE(#6376,$,.F.);
#6378=IFCDIRECTION((0.,0.,1.));
#6379=IFCARBITRARYCLOSEDPROFILEDEF(.AREA.,$,#6377);
#6380=IFCCARTESIANPOINT((0.,0.,0.));
#6381=IFCDIRECTION((0.,0.,1.));
#6382=IFCDIRECTION((1.,0.,0.));
#6383=IFCAXIS2PLACEMENT3D(#6380,#6381,#6382);
#6384=IFCEXTRUDEDAREASOLID(#6379,#6383,#6378,-500.);
#6385=IFCSHAPEREPRESENTATION(#11,'Body','SweptSolid',(#6384));
#6386=IFCPRODUCTDEFINITIONSHAPE($,$,(#6385));
#6392=IFCCARTESIANPOINT((24125.,-7.6540424946709578E-15,9000.));
#6393=IFCDIRECTION((0.,0.,1.));
#6394=IFCDIRECTION((6.123233995736766E-17,1.,0.));
#6395=IFCAXIS2PLACEMENT3D(#6392,#6393,#6394);
#6396=IFCLOCALPLACEMENT($,#6395);
#6397=IFCPROPERTYSET('3fMTUr17DBh88gBGtl1LS8',$,'Other',$,(#6399,#6400));
#6398=IFCRELDEFINESBYPROPERTIES('1kcRt1e0f1ivInR_wE7BcK',$,$,$,(#6375),#6397);
#6399=IFCPROPERTYSINGLEVALUE('Ax',$,IFCLABEL('0.001'),$);
#6400=IFCPROPERTYSINGLEVALUE('Ay',$,IFCLABEL('0.001'),$);
#6401=IFCBEAM('2P6IZiZ55CqQFqIWJ1quMe',$,$,$,$,#6422,#6412,$,$);
#6402=IFCCARTESIANPOINTLIST2D(((0.,0.),(0.,250.),(6000.,250.),(6000.,0.),(0.,0.)));
#6403=IFCINDEXEDPOLYCURVE(#6402,$,.F.);
#6404=IFCDIRECTION((0.,0.,1.));
#6405=IFCARBITRARYCLOSEDPROFILEDEF(.AREA.,$,#6403);
#6406=IFCCARTESIANPOINT((0.,0.,0.));
#6407=IFCDIRECTION((0.,0.,1.));
#6408=IFCDIRECTION((1.,0.,0.));
#6409=IFCAXIS2PLACEMENT3D(#6406,#6407,#6408);
#6410=IFCEXTRUDEDAREASOLID(#6405,#6409,#6404,-500.);
#6411=IFCSHAPEREPRESENTATION(#11,'Body','SweptSolid',(#6410));
#6412=IFCPRODUCTDEFINITIONSHAPE($,$,(#6411));
#6418=IFCCARTESIANPOINT((24125.,6000.,9000.));
#6419=IFCDIRECTION((0.,0.,1.));
#6420=IFCDIRECTION((6.123233995736766E-17,1.,0.));
#6421=IFCAXIS2PLACEMENT3D(#6418,#6419,#6420);
#6422=IFCLOCALPLACEMENT($,#6421);
#6423=IFCPROPERTYSET('0J01Kj51zFkuX20UUv_Abg',$,'Other',$,(#6425,#6426));
#6424=IFCRELDEFINESBYPROPERTIES('192yB8z0LA$OhlBHEcavpj',$,$,$,(#6401),#6423);
#6425=IFCPROPERTYSINGLEVALUE('Ax',$,IFCLABEL('0.001'),$);
#6426=IFCPROPERTYSINGLEVALUE('Ay',$,IFCLABEL('0.001'),$);
#6427=IFCBEAM('3CnxZ9V5P7dxbjpdfdLalG',$,$,$,$,#6448,#6438,$,$);
#6428=IFCCARTESIANPOINTLIST2D(((0.,0.),(0.,250.),(6000.,250.),(6000.,0.),(0.,0.)));
#6429=IFCINDEXEDPOLYCURVE(#6428,$,.F.);
#6430=IFCDIRECTION((0.,0.,1.));
#6431=IFCARBITRARYCLOSEDPROFILEDEF(.AREA.,$,#6429);
#6432=IFCCARTESIANPOINT((0.,0.,0.));
#6433=IFCDIRECTION((0.,0.,1.));
#6434=IFCDIRECTION((1.,0.,0.));
#6435=IFCAXIS2PLACEMENT3D(#6432,#6433,#6434);
#6436=IFCEXTRUDEDAREASOLID(#6431,#6435,#6430,-500.);
#6437=IFCSHAPEREPRESENTATION(#11,'Body','SweptSolid',(#6436));
#6438=IFCPRODUCTDEFINITIONSHAPE($,$,(#6437));
#6444=IFCCARTESIANPOINT((24125.,12000.,9000.));
#6445=IFCDIRECTION((0.,0.,1.));
#6446=IFCDIRECTION((6.123233995736766E-17,1.,0.));
#6447=IFCAXIS2PLACEMENT3D(#6444,#6445,#6446);
#6448=IFCLOCALPLACEMENT($,#6447);
#6449=IFCPROPERTYSET('0FAPgAAb17f9OXwu97Am3O',$,'Other',$,(#6451,#6452));
#6450=IFCRELDEFINESBYPROPERTIES('0CkUteN6nFuxqGb4qWOt1x',$,$,$,(#6427),#6449);
#6451=IFCPROPERTYSINGLEVALUE('Ax',$,IFCLABEL('0.001'),$);
#6452=IFCPROPERTYSINGLEVALUE('Ay',$,IFCLABEL('0.001'),$);
#6453=IFCBEAM('3ga7XNomfDYf_nL_Lcg9yW',$,$,$,$,#6474,#6464,$,$);
#6454=IFCCARTESIANPOINTLIST2D(((0.,0.),(0.,250.),(6000.,250.),(6000.,0.),(0.,0.)));
#6455=IFCINDEXEDPOLYCURVE(#6454,$,.F.);
#6456=IFCDIRECTION((0.,0.,1.));
#6457=IFCARBITRARYCLOSEDPROFILEDEF(.AREA.,$,#6455);
#6458=IFCCARTESIANPOINT((0.,0.,0.));
#6459=IFCDIRECTION((0.,0.,1.));
#6460=IFCDIRECTION((1.,0.,0.));
#6461=IFCAXIS2PLACEMENT3D(#6458,#6459,#6460);
#6462=IFCEXTRUDEDAREASOLID(#6457,#6461,#6456,-400.);
#6463=IFCSHAPEREPRESENTATION(#11,'Body','SweptSolid',(#6462));
#6464=IFCPRODUCTDEFINITIONSHAPE($,$,(#6463));
#6470=IFCCARTESIANPOINT((30125.,12000.,9000.));
#6471=IFCDIRECTION((0.,0.,1.));
#6472=IFCDIRECTION((6.123233995736766E-17,1.,0.));
#6473=IFCAXIS2PLACEMENT3D(#6470,#6471,#6472);
#6474=IFCLOCALPLACEMENT($,#6473);
#6475=IFCPROPERTYSET('2oHRfgaE5FsO6JjrtVr5f7',$,'Other',$,(#6477,#6478));
#6476=IFCRELDEFINESBYPROPERTIES('2ZHoy9DrP9wRnom1SUr9SE',$,$,$,(#6453),#6475);
#6477=IFCPROPERTYSINGLEVALUE('Ax',$,IFCLABEL('0.001'),$);
#6478=IFCPROPERTYSINGLEVALUE('Ay',$,IFCLABEL('0.001'),$);
#6479=IFCBEAM('1M3GcyxTjDte0eABlPSchv',$,$,$,$,#6500,#6490,$,$);
#6480=IFCCARTESIANPOINTLIST2D(((0.,0.),(0.,250.),(6000.,250.),(6000.,0.),(0.,0.)));
#6481=IFCINDEXEDPOLYCURVE(#6480,$,.F.);
#6482=IFCDIRECTION((0.,0.,1.));
#6483=IFCARBITRARYCLOSEDPROFILEDEF(.AREA.,$,#6481);
#6484=IFCCARTESIANPOINT((0.,0.,0.));
#6485=IFCDIRECTION((0.,0.,1.));
#6486=IFCDIRECTION((1.,0.,0.));
#6487=IFCAXIS2PLACEMENT3D(#6484,#6485,#6486);
#6488=IFCEXTRUDEDAREASOLID(#6483,#6487,#6482,-500.);
#6489=IFCSHAPEREPRESENTATION(#11,'Body','SweptSolid',(#6488));
#6490=IFCPRODUCTDEFINITIONSHAPE($,$,(#6489));
#6496=IFCCARTESIANPOINT((0.,-125.,9000.));
#6497=IFCDIRECTION((0.,0.,1.));
#6498=IFCDIRECTION((1.,0.,0.));
#6499=IFCAXIS2PLACEMENT3D(#6496,#6497,#6498);
#6500=IFCLOCALPLACEMENT($,#6499);
#6501=IFCPROPERTYSET('2xTIWKIlj89ewkCQEZSF1D',$,'Other',$,(#6503,#6504));
#6502=IFCRELDEFINESBYPROPERTIES('06Xj4fHc95aQqLKXotVKEW',$,$,$,(#6479),#6501);
#6503=IFCPROPERTYSINGLEVALUE('Ax',$,IFCLABEL('0.001'),$);
#6504=IFCPROPERTYSINGLEVALUE('Ay',$,IFCLABEL('0.001'),$);
#6505=IFCBEAM('3xm8dGMcvAaOD6y4KAC7gb',$,$,$,$,#6526,#6516,$,$);
#6506=IFCCARTESIANPOINTLIST2D(((0.,0.),(0.,250.),(6000.,250.),(6000.,0.),(0.,0.)));
#6507=IFCINDEXEDPOLYCURVE(#6506,$,.F.);
#6508=IFCDIRECTION((0.,0.,1.));
#6509=IFCARBITRARYCLOSEDPROFILEDEF(.AREA.,$,#6507);
#6510=IFCCARTESIANPOINT((0.,0.,0.));
#6511=IFCDIRECTION((0.,0.,1.));
#6512=IFCDIRECTION((1.,0.,0.));
#6513=IFCAXIS2PLACEMENT3D(#6510,#6511,#6512);
#6514=IFCEXTRUDEDAREASOLID(#6509,#6513,#6508,-500.);
#6515=IFCSHAPEREPRESENTATION(#11,'Body','SweptSolid',(#6514));
#6516=IFCPRODUCTDEFINITIONSHAPE($,$,(#6515));
#6522=IFCCARTESIANPOINT((6000.,-125.,9000.));
#6523=IFCDIRECTION((0.,0.,1.));
#6524=IFCDIRECTION((1.,0.,0.));
#6525=IFCAXIS2PLACEMENT3D(#6522,#6523,#6524);
#6526=IFCLOCALPLACEMENT($,#6525);
#6527=IFCPROPERTYSET('3Qv1bXcVnFahNqatWlA1Zb',$,'Other',$,(#6529,#6530));
#6528=IFCRELDEFINESBYPROPERTIES('2_2wnxh5r0QhHWZ42kblU3',$,$,$,(#6505),#6527);
#6529=IFCPROPERTYSINGLEVALUE('Ax',$,IFCLABEL('0.001'),$);
#6530=IFCPROPERTYSINGLEVALUE('Ay',$,IFCLABEL('0.001'),$);
#6531=IFCBEAM('0mMuYPDwr1_ftSsE9ccGZb',$,$,$,$,#6552,#6542,$,$);
#6532=IFCCARTESIANPOINTLIST2D(((0.,0.),(0.,250.),(6000.,250.),(6000.,0.),(0.,0.)));
#6533=IFCINDEXEDPOLYCURVE(#6532,$,.F.);
#6534=IFCDIRECTION((0.,0.,1.));
#6535=IFCARBITRARYCLOSEDPROFILEDEF(.AREA.,$,#6533);
#6536=IFCCARTESIANPOINT((0.,0.,0.));
#6537=IFCDIRECTION((0.,0.,1.));
#6538=IFCDIRECTION((1.,0.,0.));
#6539=IFCAXIS2PLACEMENT3D(#6536,#6537,#6538);
#6540=IFCEXTRUDEDAREASOLID(#6535,#6539,#6534,-500.);
#6541=IFCSHAPEREPRESENTATION(#11,'Body','SweptSolid',(#6540));
#6542=IFCPRODUCTDEFINITIONSHAPE($,$,(#6541));
#6548=IFCCARTESIANPOINT((12000.,-125.,9000.));
#6549=IFCDIRECTION((0.,0.,1.));
#6550=IFCDIRECTION((1.,0.,0.));
#6551=IFCAXIS2PLACEMENT3D(#6548,#6549,#6550);
#6552=IFCLOCALPLACEMENT($,#6551);
#6553=IFCPROPERTYSET('3hHrV8JVn5V9U59h9A0tRM',$,'Other',$,(#6555,#6556));
#6554=IFCRELDEFINESBYPROPERTIES('0cxxD_VGvE39J_XOczmWBJ',$,$,$,(#6531),#6553);
#6555=IFCPROPERTYSINGLEVALUE('Ax',$,IFCLABEL('0.001'),$);
#6556=IFCPROPERTYSINGLEVALUE('Ay',$,IFCLABEL('0.001'),$);
#6557=IFCBEAM('0vbP05hW18z9D14iZBy98N',$,$,$,$,#6578,#6568,$,$);
#6558=IFCCARTESIANPOINTLIST2D(((0.,0.),(0.,250.),(6000.,250.),(6000.,0.),(0.,0.)));
#6559=IFCINDEXEDPOLYCURVE(#6558,$,.F.);
#6560=IFCDIRECTION((0.,0.,1.));
#6561=IFCARBITRARYCLOSEDPROFILEDEF(.AREA.,$,#6559);
#6562=IFCCARTESIANPOINT((0.,0.,0.));
#6563=IFCDIRECTION((0.,0.,1.));
#6564=IFCDIRECTION((1.,0.,0.));
#6565=IFCAXIS2PLACEMENT3D(#6562,#6563,#6564);
#6566=IFCEXTRUDEDAREASOLID(#6561,#6565,#6560,-500.);
#6567=IFCSHAPEREPRESENTATION(#11,'Body','SweptSolid',(#6566));
#6568=IFCPRODUCTDEFINITIONSHAPE($,$,(#6567));
#6574=IFCCARTESIANPOINT((18000.,-125.,9000.));
#6575=IFCDIRECTION((0.,0.,1.));
#6576=IFCDIRECTION((1.,0.,0.));
#6577=IFCAXIS2PLACEMENT3D(#6574,#6575,#6576);
#6578=IFCLOCALPLACEMENT($,#6577);
#6579=IFCPROPERTYSET('1LjtzsqYb2SekglmUUH8pr',$,'Other',$,(#6581,#6582));
#6580=IFCRELDEFINESBYPROPERTIES('3MVFSSItjCHBYSj5prhRCD',$,$,$,(#6557),#6579);
#6581=IFCPROPERTYSINGLEVALUE('Ax',$,IFCLABEL('0.001'),$);
#6582=IFCPROPERTYSINGLEVALUE('Ay',$,IFCLABEL('0.001'),$);
#6583=IFCBEAM('2motuQkbHDoB3EfSW0WHo$',$,$,$,$,#6604,#6594,$,$);
#6584=IFCCARTESIANPOINTLIST2D(((0.,0.),(0.,250.),(6000.,250.),(6000.,0.),(0.,0.)));
#6585=IFCINDEXEDPOLYCURVE(#6584,$,.F.);
#6586=IFCDIRECTION((0.,0.,1.));
#6587=IFCARBITRARYCLOSEDPROFILEDEF(.AREA.,$,#6585);
#6588=IFCCARTESIANPOINT((0.,0.,0.));
#6589=IFCDIRECTION((0.,0.,1.));
#6590=IFCDIRECTION((1.,0.,0.));
#6591=IFCAXIS2PLACEMENT3D(#6588,#6589,#6590);
#6592=IFCEXTRUDEDAREASOLID(#6587,#6591,#6586,-500.);
#6593=IFCSHAPEREPRESENTATION(#11,'Body','SweptSolid',(#6592));
#6594=IFCPRODUCTDEFINITIONSHAPE($,$,(#6593));
#6600=IFCCARTESIANPOINT((0.,5875.,9000.));
#6601=IFCDIRECTION((0.,0.,1.));
#6602=IFCDIRECTION((1.,0.,0.));
#6603=IFCAXIS2PLACEMENT3D(#6600,#6601,#6602);
#6604=IFCLOCALPLACEMENT($,#6603);
#6605=IFCPROPERTYSET('2gCI96uHj1GwpyvBkddPK2',$,'Other',$,(#6607,#6608));
#6606=IFCRELDEFINESBYPROPERTIES('2i7flYw7X72e4hZjnUZCru',$,$,$,(#6583),#6605);
#6607=IFCPROPERTYSINGLEVALUE('Ax',$,IFCLABEL('0.001'),$);
#6608=IFCPROPERTYSINGLEVALUE('Ay',$,IFCLABEL('0.001'),$);
#6609=IFCBEAM('12_zsr_h5FGPqiv4l$rkZy',$,$,$,$,#6630,#6620,$,$);
#6610=IFCCARTESIANPOINTLIST2D(((0.,0.),(0.,250.),(6000.,250.),(6000.,0.),(0.,0.)));
#6611=IFCINDEXEDPOLYCURVE(#6610,$,.F.);
#6612=IFCDIRECTION((0.,0.,1.));
#6613=IFCARBITRARYCLOSEDPROFILEDEF(.AREA.,$,#6611);
#6614=IFCCARTESIANPOINT((0.,0.,0.));
#6615=IFCDIRECTION((0.,0.,1.));
#6616=IFCDIRECTION((1.,0.,0.));
#6617=IFCAXIS2PLACEMENT3D(#6614,#6615,#6616);
#6618=IFCEXTRUDEDAREASOLID(#6613,#6617,#6612,-500.);
#6619=IFCSHAPEREPRESENTATION(#11,'Body','SweptSolid',(#6618));
#6620=IFCPRODUCTDEFINITIONSHAPE($,$,(#6619));
#6626=IFCCARTESIANPOINT((6000.,5875.,9000.));
#6627=IFCDIRECTION((0.,0.,1.));
#6628=IFCDIRECTION((1.,0.,0.));
#6629=IFCAXIS2PLACEMENT3D(#6626,#6627,#6628);
#6630=IFCLOCALPLACEMENT($,#6629);
#6631=IFCPROPERTYSET('1dkuDBlUPFkvCGITo0C1Wo',$,'Other',$,(#6633,#6634));
#6632=IFCRELDEFINESBYPROPERTIES('3Qk9cSVU1Cnute3u5TMkzn',$,$,$,(#6609),#6631);
#6633=IFCPROPERTYSINGLEVALUE('Ax',$,IFCLABEL('0.001'),$);
#6634=IFCPROPERTYSINGLEVALUE('Ay',$,IFCLABEL('0.001'),$);
#6635=IFCBEAM('0c_50mRZHDhuIGyIDtd2aJ',$,$,$,$,#6656,#6646,$,$);
#6636=IFCCARTESIANPOINTLIST2D(((0.,0.),(0.,250.),(6000.,250.),(6000.,0.),(0.,0.)));
#6637=IFCINDEXEDPOLYCURVE(#6636,$,.F.);
#6638=IFCDIRECTION((0.,0.,1.));
#6639=IFCARBITRARYCLOSEDPROFILEDEF(.AREA.,$,#6637);
#6640=IFCCARTESIANPOINT((0.,0.,0.));
#6641=IFCDIRECTION((0.,0.,1.));
#6642=IFCDIRECTION((1.,0.,0.));
#6643=IFCAXIS2PLACEMENT3D(#6640,#6641,#6642);
#6644=IFCEXTRUDEDAREASOLID(#6639,#6643,#6638,-500.);
#6645=IFCSHAPEREPRESENTATION(#11,'Body','SweptSolid',(#6644));
#6646=IFCPRODUCTDEFINITIONSHAPE($,$,(#6645));
#6652=IFCCARTESIANPOINT((12000.,5875.,9000.));
#6653=IFCDIRECTION((0.,0.,1.));
#6654=IFCDIRECTION((1.,0.,0.));
#6655=IFCAXIS2PLACEMENT3D(#6652,#6653,#6654);
#6656=IFCLOCALPLACEMENT($,#6655);
#6657=IFCPROPERTYSET('27_FBX7FD9kfhweEomuTgm',$,'Other',$,(#6659,#6660));
#6658=IFCRELDEFINESBYPROPERTIES('3mYLJOpR9DxBcuHKHZ6TQf',$,$,$,(#6635),#6657);
#6659=IFCPROPERTYSINGLEVALUE('Ax',$,IFCLABEL('0.001'),$);
#6660=IFCPROPERTYSINGLEVALUE('Ay',$,IFCLABEL('0.001'),$);
#6661=IFCBEAM('2UMvbzdMT7kx9BcfoPOk8C',$,$,$,$,#6682,#6672,$,$);
#6662=IFCCARTESIANPOINTLIST2D(((0.,0.),(0.,250.),(6000.,250.),(6000.,0.),(0.,0.)));
#6663=IFCINDEXEDPOLYCURVE(#6662,$,.F.);
#6664=IFCDIRECTION((0.,0.,1.));
#6665=IFCARBITRARYCLOSEDPROFILEDEF(.AREA.,$,#6663);
#6666=IFCCARTESIANPOINT((0.,0.,0.));
#6667=IFCDIRECTION((0.,0.,1.));
#6668=IFCDIRECTION((1.,0.,0.));
#6669=IFCAXIS2PLACEMENT3D(#6666,#6667,#6668);
#6670=IFCEXTRUDEDAREASOLID(#6665,#6669,#6664,-500.);
#6671=IFCSHAPEREPRESENTATION(#11,'Body','SweptSolid',(#6670));
#6672=IFCPRODUCTDEFINITIONSHAPE($,$,(#6671));
#6678=IFCCARTESIANPOINT((18000.,5875.,9000.));
#6679=IFCDIRECTION((0.,0.,1.));
#6680=IFCDIRECTION((1.,0.,0.));
#6681=IFCAXIS2PLACEMENT3D(#6678,#6679,#6680);
#6682=IFCLOCALPLACEMENT($,#6681);
#6683=IFCPROPERTYSET('3fe4BFcvD0fPRvlOcR224J',$,'Other',$,(#6685,#6686));
#6684=IFCRELDEFINESBYPROPERTIES('2SKX_Zc$13C8ycd3SWSQ2c',$,$,$,(#6661),#6683);
#6685=IFCPROPERTYSINGLEVALUE('Ax',$,IFCLABEL('0.001'),$);
#6686=IFCPROPERTYSINGLEVALUE('Ay',$,IFCLABEL('0.001'),$);
#6687=IFCBEAM('3OUNlrkrDCTxVeFiOKeeBr',$,$,$,$,#6708,#6698,$,$);
#6688=IFCCARTESIANPOINTLIST2D(((0.,0.),(0.,250.),(6000.,250.),(6000.,0.),(0.,0.)));
#6689=IFCINDEXEDPOLYCURVE(#6688,$,.F.);
#6690=IFCDIRECTION((0.,0.,1.));
#6691=IFCARBITRARYCLOSEDPROFILEDEF(.AREA.,$,#6689);
#6692=IFCCARTESIANPOINT((0.,0.,0.));
#6693=IFCDIRECTION((0.,0.,1.));
#6694=IFCDIRECTION((1.,0.,0.));
#6695=IFCAXIS2PLACEMENT3D(#6692,#6693,#6694);
#6696=IFCEXTRUDEDAREASOLID(#6691,#6695,#6690,-500.);
#6697=IFCSHAPEREPRESENTATION(#11,'Body','SweptSolid',(#6696));
#6698=IFCPRODUCTDEFINITIONSHAPE($,$,(#6697));
#6704=IFCCARTESIANPOINT((24000.,5875.,9000.));
#6705=IFCDIRECTION((0.,0.,1.));
#6706=IFCDIRECTION((1.,0.,0.));
#6707=IFCAXIS2PLACEMENT3D(#6704,#6705,#6706);
#6708=IFCLOCALPLACEMENT($,#6707);
#6709=IFCPROPERTYSET('1KHh8_cxv2I8_3ipxoTr8n',$,'Other',$,(#6711,#6712));
#6710=IFCRELDEFINESBYPROPERTIES('1uo92uE8D759z47gRc6K2f',$,$,$,(#6687),#6709);
#6711=IFCPROPERTYSINGLEVALUE('Ax',$,IFCLABEL('0.001'),$);
#6712=IFCPROPERTYSINGLEVALUE('Ay',$,IFCLABEL('0.001'),$);
#6713=IFCBEAM('25BIOsJcHFoPVZvvB$w6ZD',$,$,$,$,#6734,#6724,$,$);
#6714=IFCCARTESIANPOINTLIST2D(((0.,0.),(0.,250.),(6000.,250.),(6000.,0.),(0.,0.)));
#6715=IFCINDEXEDPOLYCURVE(#6714,$,.F.);
#6716=IFCDIRECTION((0.,0.,1.));
#6717=IFCARBITRARYCLOSEDPROFILEDEF(.AREA.,$,#6715);
#6718=IFCCARTESIANPOINT((0.,0.,0.));
#6719=IFCDIRECTION((0.,0.,1.));
#6720=IFCDIRECTION((1.,0.,0.));
#6721=IFCAXIS2PLACEMENT3D(#6718,#6719,#6720);
#6722=IFCEXTRUDEDAREASOLID(#6717,#6721,#6716,-500.);
#6723=IFCSHAPEREPRESENTATION(#11,'Body','SweptSolid',(#6722));
#6724=IFCPRODUCTDEFINITIONSHAPE($,$,(#6723));
#6730=IFCCARTESIANPOINT((0.,11875.,9000.));
#6731=IFCDIRECTION((0.,0.,1.));
#6732=IFCDIRECTION((1.,0.,0.));
#6733=IFCAXIS2PLACEMENT3D(#6730,#6731,#6732);
#6734=IFCLOCALPLACEMENT($,#6733);
#6735=IFCPROPERTYSET('07mHxLl2X4bvOSAwJDm__0',$,'Other',$,(#6737,#6738));
#6736=IFCRELDEFINESBYPROPERTIES('3gr56HxXv8j8h63bmsTzq$',$,$,$,(#6713),#6735);
#6737=IFCPROPERTYSINGLEVALUE('Ax',$,IFCLABEL('0.001'),$);
#6738=IFCPROPERTYSINGLEVALUE('Ay',$,IFCLABEL('0.001'),$);
#6739=IFCBEAM('2oKJLb1fbCvOZMhFhrL_vD',$,$,$,$,#6760,#6750,$,$);
#6740=IFCCARTESIANPOINTLIST2D(((0.,0.),(0.,250.),(6000.,250.),(6000.,0.),(0.,0.)));
#6741=IFCINDEXEDPOLYCURVE(#6740,$,.F.);
#6742=IFCDIRECTION((0.,0.,1.));
#6743=IFCARBITRARYCLOSEDPROFILEDEF(.AREA.,$,#6741);
#6744=IFCCARTESIANPOINT((0.,0.,0.));
#6745=IFCDIRECTION((0.,0.,1.));
#6746=IFCDIRECTION((1.,0.,0.));
#6747=IFCAXIS2PLACEMENT3D(#6744,#6745,#6746);
#6748=IFCEXTRUDEDAREASOLID(#6743,#6747,#6742,-500.);
#6749=IFCSHAPEREPRESENTATION(#11,'Body','SweptSolid',(#6748));
#6750=IFCPRODUCTDEFINITIONSHAPE($,$,(#6749));
#6756=IFCCARTESIANPOINT((6000.,11875.,9000.));
#6757=IFCDIRECTION((0.,0.,1.));
#6758=IFCDIRECTION((1.,0.,0.));
#6759=IFCAXIS2PLACEMENT3D(#6756,#6757,#6758);
#6760=IFCLOCALPLACEMENT($,#6759);
#6761=IFCPROPERTYSET('1M4V1GdzvALxAF657mlLjZ',$,'Other',$,(#6763,#6764));
#6762=IFCRELDEFINESBYPROPERTIES('1pRSKS_3n80hxtPy5pN3ee',$,$,$,(#6739),#6761);
#6763=IFCPROPERTYSINGLEVALUE('Ax',$,IFCLABEL('0.001'),$);
#6764=IFCPROPERTYSINGLEVALUE('Ay',$,IFCLABEL('0.001'),$);
#6765=IFCBEAM('1nGns7GxfFE9gx2N7lYbp9',$,$,$,$,#6786,#6776,$,$);
#6766=IFCCARTESIANPOINTLIST2D(((0.,0.),(0.,250.),(6000.,250.),(6000.,0.),(0.,0.)));
#6767=IFCINDEXEDPOLYCURVE(#6766,$,.F.);
#6768=IFCDIRECTION((0.,0.,1.));
#6769=IFCARBITRARYCLOSEDPROFILEDEF(.AREA.,$,#6767);
#6770=IFCCARTESIANPOINT((0.,0.,0.));
#6771=IFCDIRECTION((0.,0.,1.));
#6772=IFCDIRECTION((1.,0.,0.));
#6773=IFCAXIS2PLACEMENT3D(#6770,#6771,#6772);
#6774=IFCEXTRUDEDAREASOLID(#6769,#6773,#6768,-500.);
#6775=IFCSHAPEREPRESENTATION(#11,'Body','SweptSolid',(#6774));
#6776=IFCPRODUCTDEFINITIONSHAPE($,$,(#6775));
#6782=IFCCARTESIANPOINT((12000.,11875.,9000.));
#6783=IFCDIRECTION((0.,0.,1.));
#6784=IFCDIRECTION((1.,0.,0.));
#6785=IFCAXIS2PLACEMENT3D(#6782,#6783,#6784);
#6786=IFCLOCALPLACEMENT($,#6785);
#6787=IFCPROPERTYSET('2KRy68z_jAdPGc63v2_4Bk',$,'Other',$,(#6789,#6790));
#6788=IFCRELDEFINESBYPROPERTIES('34JlWwEOf0jg5iy91E5HIa',$,$,$,(#6765),#6787);
#6789=IFCPROPERTYSINGLEVALUE('Ax',$,IFCLABEL('0.001'),$);
#6790=IFCPROPERTYSINGLEVALUE('Ay',$,IFCLABEL('0.001'),$);
#6791=IFCBEAM('1EJESbemL0rx7DuINMH8I7',$,$,$,$,#6812,#6802,$,$);
#6792=IFCCARTESIANPOINTLIST2D(((0.,0.),(0.,250.),(6000.,250.),(6000.,0.),(0.,0.)));
#6793=IFCINDEXEDPOLYCURVE(#6792,$,.F.);
#6794=IFCDIRECTION((0.,0.,1.));
#6795=IFCARBITRARYCLOSEDPROFILEDEF(.AREA.,$,#6793);
#6796=IFCCARTESIANPOINT((0.,0.,0.));
#6797=IFCDIRECTION((0.,0.,1.));
#6798=IFCDIRECTION((1.,0.,0.));
#6799=IFCAXIS2PLACEMENT3D(#6796,#6797,#6798);
#6800=IFCEXTRUDEDAREASOLID(#6795,#6799,#6794,-500.);
#6801=IFCSHAPEREPRESENTATION(#11,'Body','SweptSolid',(#6800));
#6802=IFCPRODUCTDEFINITIONSHAPE($,$,(#6801));
#6808=IFCCARTESIANPOINT((18000.,11875.,9000.));
#6809=IFCDIRECTION((0.,0.,1.));
#6810=IFCDIRECTION((1.,0.,0.));
#6811=IFCAXIS2PLACEMENT3D(#6808,#6809,#6810);
#6812=IFCLOCALPLACEMENT($,#6811);
#6813=IFCPROPERTYSET('0I5E3vKQ13zOOWS1tFniTu',$,'Other',$,(#6815,#6816));
#6814=IFCRELDEFINESBYPROPERTIES('2yN2b3hlL8jfSbIc$2LSmc',$,$,$,(#6791),#6813);
#6815=IFCPROPERTYSINGLEVALUE('Ax',$,IFCLABEL('0.001'),$);
#6816=IFCPROPERTYSINGLEVALUE('Ay',$,IFCLABEL('0.001'),$);
#6817=IFCBEAM('19a95odCr1mv6f$qJZTGYD',$,$,$,$,#6838,#6828,$,$);
#6818=IFCCARTESIANPOINTLIST2D(((0.,0.),(0.,250.),(6000.,250.),(6000.,0.),(0.,0.)));
#6819=IFCINDEXEDPOLYCURVE(#6818,$,.F.);
#6820=IFCDIRECTION((0.,0.,1.));
#6821=IFCARBITRARYCLOSEDPROFILEDEF(.AREA.,$,#6819);
#6822=IFCCARTESIANPOINT((0.,0.,0.));
#6823=IFCDIRECTION((0.,0.,1.));
#6824=IFCDIRECTION((1.,0.,0.));
#6825=IFCAXIS2PLACEMENT3D(#6822,#6823,#6824);
#6826=IFCEXTRUDEDAREASOLID(#6821,#6825,#6820,-500.);
#6827=IFCSHAPEREPRESENTATION(#11,'Body','SweptSolid',(#6826));
#6828=IFCPRODUCTDEFINITIONSHAPE($,$,(#6827));
#6834=IFCCARTESIANPOINT((0.,17875.,9000.));
#6835=IFCDIRECTION((0.,0.,1.));
#6836=IFCDIRECTION((1.,0.,0.));
#6837=IFCAXIS2PLACEMENT3D(#6834,#6835,#6836);
#6838=IFCLOCALPLACEMENT($,#6837);
#6839=IFCPROPERTYSET('2YD0MSIMv33uozyfZyfwOn',$,'Other',$,(#6841,#6842));
#6840=IFCRELDEFINESBYPROPERTIES('3WdbhoiN55hBs_7fYzfKWV',$,$,$,(#6817),#6839);
#6841=IFCPROPERTYSINGLEVALUE('Ax',$,IFCLABEL('0.001'),$);
#6842=IFCPROPERTYSINGLEVALUE('Ay',$,IFCLABEL('0.001'),$);
#6843=IFCBEAM('37SA0JRRX1XPP8KnmTyh7V',$,$,$,$,#6864,#6854,$,$);
#6844=IFCCARTESIANPOINTLIST2D(((0.,0.),(0.,250.),(6000.,250.),(6000.,0.),(0.,0.)));
#6845=IFCINDEXEDPOLYCURVE(#6844,$,.F.);
#6846=IFCDIRECTION((0.,0.,1.));
#6847=IFCARBITRARYCLOSEDPROFILEDEF(.AREA.,$,#6845);
#6848=IFCCARTESIANPOINT((0.,0.,0.));
#6849=IFCDIRECTION((0.,0.,1.));
#6850=IFCDIRECTION((1.,0.,0.));
#6851=IFCAXIS2PLACEMENT3D(#6848,#6849,#6850);
#6852=IFCEXTRUDEDAREASOLID(#6847,#6851,#6846,-500.);
#6853=IFCSHAPEREPRESENTATION(#11,'Body','SweptSolid',(#6852));
#6854=IFCPRODUCTDEFINITIONSHAPE($,$,(#6853));
#6860=IFCCARTESIANPOINT((6000.,17875.,9000.));
#6861=IFCDIRECTION((0.,0.,1.));
#6862=IFCDIRECTION((1.,0.,0.));
#6863=IFCAXIS2PLACEMENT3D(#6860,#6861,#6862);
#6864=IFCLOCALPLACEMENT($,#6863);
#6865=IFCPROPERTYSET('3PHBg1iqXDiP7XGN4EZNft',$,'Other',$,(#6867,#6868));
#6866=IFCRELDEFINESBYPROPERTIES('1JWoNmM$L7BAJhwIcV0_lT',$,$,$,(#6843),#6865);
#6867=IFCPROPERTYSINGLEVALUE('Ax',$,IFCLABEL('0.001'),$);
#6868=IFCPROPERTYSINGLEVALUE('Ay',$,IFCLABEL('0.001'),$);
#6869=IFCBEAM('3mjhxC6jj9t8h$qdE$kJKd',$,$,$,$,#6890,#6880,$,$);
#6870=IFCCARTESIANPOINTLIST2D(((0.,0.),(0.,250.),(6000.,250.),(6000.,0.),(0.,0.)));
#6871=IFCINDEXEDPOLYCURVE(#6870,$,.F.);
#6872=IFCDIRECTION((0.,0.,1.));
#6873=IFCARBITRARYCLOSEDPROFILEDEF(.AREA.,$,#6871);
#6874=IFCCARTESIANPOINT((0.,0.,0.));
#6875=IFCDIRECTION((0.,0.,1.));
#6876=IFCDIRECTION((1.,0.,0.));
#6877=IFCAXIS2PLACEMENT3D(#6874,#6875,#6876);
#6878=IFCEXTRUDEDAREASOLID(#6873,#6877,#6872,-500.);
#6879=IFCSHAPEREPRESENTATION(#11,'Body','SweptSolid',(#6878));
#6880=IFCPRODUCTDEFINITIONSHAPE($,$,(#6879));
#6886=IFCCARTESIANPOINT((12000.,17875.,9000.));
#6887=IFCDIRECTION((0.,0.,1.));
#6888=IFCDIRECTION((1.,0.,0.));
#6889=IFCAXIS2PLACEMENT3D(#6886,#6887,#6888);
#6890=IFCLOCALPLACEMENT($,#6889);
#6891=IFCPROPERTYSET('15yroCLa51kv137tn0_wCO',$,'Other',$,(#6893,#6894));
#6892=IFCRELDEFINESBYPROPERTIES('015_KaPp11oQx6bf2CvPdA',$,$,$,(#6869),#6891);
#6893=IFCPROPERTYSINGLEVALUE('Ax',$,IFCLABEL('0.001'),$);
#6894=IFCPROPERTYSINGLEVALUE('Ay',$,IFCLABEL('0.001'),$);
#6895=IFCBEAM('3YKV11wnf3Gvubg3ugDZbY',$,$,$,$,#6916,#6906,$,$);
#6896=IFCCARTESIANPOINTLIST2D(((0.,0.),(0.,250.),(6000.,250.),(6000.,0.),(0.,0.)));
#6897=IFCINDEXEDPOLYCURVE(#6896,$,.F.);
#6898=IFCDIRECTION((0.,0.,1.));
#6899=IFCARBITRARYCLOSEDPROFILEDEF(.AREA.,$,#6897);
#6900=IFCCARTESIANPOINT((0.,0.,0.));
#6901=IFCDIRECTION((0.,0.,1.));
#6902=IFCDIRECTION((1.,0.,0.));
#6903=IFCAXIS2PLACEMENT3D(#6900,#6901,#6902);
#6904=IFCEXTRUDEDAREASOLID(#6899,#6903,#6898,-500.);
#6905=IFCSHAPEREPRESENTATION(#11,'Body','SweptSolid',(#6904));
#6906=IFCPRODUCTDEFINITIONSHAPE($,$,(#6905));
#6912=IFCCARTESIANPOINT((18000.,17875.,9000.));
#6913=IFCDIRECTION((0.,0.,1.));
#6914=IFCDIRECTION((1.,0.,0.));
#6915=IFCAXIS2PLACEMENT3D(#6912,#6913,#6914);
#6916=IFCLOCALPLACEMENT($,#6915);
#6917=IFCPROPERTYSET('1wp6JT5QHC19XhNRmpwTsu',$,'Other',$,(#6919,#6920));
#6918=IFCRELDEFINESBYPROPERTIES('3zRBuTdC12lg_DMDbTmxSh',$,$,$,(#6895),#6917);
#6919=IFCPROPERTYSINGLEVALUE('Ax',$,IFCLABEL('0.001'),$);
#6920=IFCPROPERTYSINGLEVALUE('Ay',$,IFCLABEL('0.001'),$);
#6921=IFCBEAM('1m0EAHbOf7jhOeGm_RyErL',$,$,$,$,#6942,#6932,$,$);
#6922=IFCCARTESIANPOINTLIST2D(((0.,0.),(0.,250.),(6000.,250.),(6000.,0.),(0.,0.)));
#6923=IFCINDEXEDPOLYCURVE(#6922,$,.F.);
#6924=IFCDIRECTION((0.,0.,1.));
#6925=IFCARBITRARYCLOSEDPROFILEDEF(.AREA.,$,#6923);
#6926=IFCCARTESIANPOINT((0.,0.,0.));
#6927=IFCDIRECTION((0.,0.,1.));
#6928=IFCDIRECTION((1.,0.,0.));
#6929=IFCAXIS2PLACEMENT3D(#6926,#6927,#6928);
#6930=IFCEXTRUDEDAREASOLID(#6925,#6929,#6924,-500.);
#6931=IFCSHAPEREPRESENTATION(#11,'Body','SweptSolid',(#6930));
#6932=IFCPRODUCTDEFINITIONSHAPE($,$,(#6931));
#6938=IFCCARTESIANPOINT((24000.,17875.,9000.));
#6939=IFCDIRECTION((0.,0.,1.));
#6940=IFCDIRECTION((1.,0.,0.));
#6941=IFCAXIS2PLACEMENT3D(#6938,#6939,#6940);
#6942=IFCLOCALPLACEMENT($,#6941);
#6943=IFCPROPERTYSET('0TFA20zcDEghgI8JiCcAdV',$,'Other',$,(#6945,#6946));
#6944=IFCRELDEFINESBYPROPERTIES('15me11yxj2ZQ6wr_pBLQbS',$,$,$,(#6921),#6943);
#6945=IFCPROPERTYSINGLEVALUE('Ax',$,IFCLABEL('0.001'),$);
#6946=IFCPROPERTYSINGLEVALUE('Ay',$,IFCLABEL('0.001'),$);
#6947=IFCBEAM('1xxlrWnfXDNAo9qxR2jgCB',$,$,$,$,#6968,#6958,$,$);
#6948=IFCCARTESIANPOINTLIST2D(((0.,0.),(0.,250.),(6000.,250.),(6000.,0.),(0.,0.)));
#6949=IFCINDEXEDPOLYCURVE(#6948,$,.F.);
#6950=IFCDIRECTION((0.,0.,1.));
#6951=IFCARBITRARYCLOSEDPROFILEDEF(.AREA.,$,#6949);
#6952=IFCCARTESIANPOINT((0.,0.,0.));
#6953=IFCDIRECTION((0.,0.,1.));
#6954=IFCDIRECTION((1.,0.,0.));
#6955=IFCAXIS2PLACEMENT3D(#6952,#6953,#6954);
#6956=IFCEXTRUDEDAREASOLID(#6951,#6955,#6950,-400.);
#6957=IFCSHAPEREPRESENTATION(#11,'Body','SweptSolid',(#6956));
#6958=IFCPRODUCTDEFINITIONSHAPE($,$,(#6957));
#6964=IFCCARTESIANPOINT((2875.,18000.,9000.));
#6965=IFCDIRECTION((0.,0.,1.));
#6966=IFCDIRECTION((-1.8369701987210297E-16,-1.,0.));
#6967=IFCAXIS2PLACEMENT3D(#6964,#6965,#6966);
#6968=IFCLOCALPLACEMENT($,#6967);
#6969=IFCPROPERTYSET('0zOHOtLwr3qPSJ2__kOBsO',$,'Other',$,(#6971,#6972));
#6970=IFCRELDEFINESBYPROPERTIES('30frOOtnT9phhPAfI2gYjY',$,$,$,(#6947),#6969);
#6971=IFCPROPERTYSINGLEVALUE('Ax',$,IFCLABEL('0.001'),$);
#6972=IFCPROPERTYSINGLEVALUE('Ay',$,IFCLABEL('0.001'),$);
#6973=IFCBEAM('1elYj8BSb23vOQJdX4duVv',$,$,$,$,#6994,#6984,$,$);
#6974=IFCCARTESIANPOINTLIST2D(((0.,0.),(0.,250.),(6000.,250.),(6000.,0.),(0.,0.)));
#6975=IFCINDEXEDPOLYCURVE(#6974,$,.F.);
#6976=IFCDIRECTION((0.,0.,1.));
#6977=IFCARBITRARYCLOSEDPROFILEDEF(.AREA.,$,#6975);
#6978=IFCCARTESIANPOINT((0.,0.,0.));
#6979=IFCDIRECTION((0.,0.,1.));
#6980=IFCDIRECTION((1.,0.,0.));
#6981=IFCAXIS2PLACEMENT3D(#6978,#6979,#6980);
#6982=IFCEXTRUDEDAREASOLID(#6977,#6981,#6976,-400.);
#6983=IFCSHAPEREPRESENTATION(#11,'Body','SweptSolid',(#6982));
#6984=IFCPRODUCTDEFINITIONSHAPE($,$,(#6983));
#6990=IFCCARTESIANPOINT((2875.,12000.,9000.));
#6991=IFCDIRECTION((0.,0.,1.));
#6992=IFCDIRECTION((-1.8369701987210297E-16,-1.,0.));
#6993=IFCAXIS2PLACEMENT3D(#6990,#6991,#6992);
#6994=IFCLOCALPLACEMENT($,#6993);
#6995=IFCPROPERTYSET('2OqbCBsH56gQMQIckhzOlz',$,'Other',$,(#6997,#6998));
#6996=IFCRELDEFINESBYPROPERTIES('3SihIKdS933QCnnY39$5xq',$,$,$,(#6973),#6995);
#6997=IFCPROPERTYSINGLEVALUE('Ax',$,IFCLABEL('0.001'),$);
#6998=IFCPROPERTYSINGLEVALUE('Ay',$,IFCLABEL('0.001'),$);
#6999=IFCBEAM('2y5LDwmrL9wPLLv9422t7W',$,$,$,$,#7020,#7010,$,$);
#7000=IFCCARTESIANPOINTLIST2D(((0.,0.),(0.,250.),(6000.,250.),(6000.,0.),(0.,0.)));
#7001=IFCINDEXEDPOLYCURVE(#7000,$,.F.);
#7002=IFCDIRECTION((0.,0.,1.));
#7003=IFCARBITRARYCLOSEDPROFILEDEF(.AREA.,$,#7001);
#7004=IFCCARTESIANPOINT((0.,0.,0.));
#7005=IFCDIRECTION((0.,0.,1.));
#7006=IFCDIRECTION((1.,0.,0.));
#7007=IFCAXIS2PLACEMENT3D(#7004,#7005,#7006);
#7008=IFCEXTRUDEDAREASOLID(#7003,#7007,#7002,-400.);
#7009=IFCSHAPEREPRESENTATION(#11,'Body','SweptSolid',(#7008));
#7010=IFCPRODUCTDEFINITIONSHAPE($,$,(#7009));
#7016=IFCCARTESIANPOINT((8875.,18000.,9000.));
#7017=IFCDIRECTION((0.,0.,1.));
#7018=IFCDIRECTION((-1.8369701987210297E-16,-1.,0.));
#7019=IFCAXIS2PLACEMENT3D(#7016,#7017,#7018);
#7020=IFCLOCALPLACEMENT($,#7019);
#7021=IFCPROPERTYSET('1LdDnqdpz6ng5E_2IdCz7g',$,'Other',$,(#7023,#7024));
#7022=IFCRELDEFINESBYPROPERTIES('0aAOiwKtP40Q1$TiEhfFg9',$,$,$,(#6999),#7021);
#7023=IFCPROPERTYSINGLEVALUE('Ax',$,IFCLABEL('0.001'),$);
#7024=IFCPROPERTYSINGLEVALUE('Ay',$,IFCLABEL('0.001'),$);
#7025=IFCBEAM('05ukfUmY92aQaGunBSsqjg',$,$,$,$,#7046,#7036,$,$);
#7026=IFCCARTESIANPOINTLIST2D(((0.,0.),(0.,250.),(6000.,250.),(6000.,0.),(0.,0.)));
#7027=IFCINDEXEDPOLYCURVE(#7026,$,.F.);
#7028=IFCDIRECTION((0.,0.,1.));
#7029=IFCARBITRARYCLOSEDPROFILEDEF(.AREA.,$,#7027);
#7030=IFCCARTESIANPOINT((0.,0.,0.));
#7031=IFCDIRECTION((0.,0.,1.));
#7032=IFCDIRECTION((1.,0.,0.));
#7033=IFCAXIS2PLACEMENT3D(#7030,#7031,#7032);
#7034=IFCEXTRUDEDAREASOLID(#7029,#7033,#7028,-400.);
#7035=IFCSHAPEREPRESENTATION(#11,'Body','SweptSolid',(#7034));
#7036=IFCPRODUCTDEFINITIONSHAPE($,$,(#7035));
#7042=IFCCARTESIANPOINT((8875.,12000.,9000.));
#7043=IFCDIRECTION((0.,0.,1.));
#7044=IFCDIRECTION((-1.8369701987210297E-16,-1.,0.));
#7045=IFCAXIS2PLACEMENT3D(#7042,#7043,#7044);
#7046=IFCLOCALPLACEMENT($,#7045);
#7047=IFCPROPERTYSET('1hxHGr52b0bwuydxLkKxkY',$,'Other',$,(#7049,#7050));
#7048=IFCRELDEFINESBYPROPERTIES('1meO5Ox6LFHOIT0hS05Ls9',$,$,$,(#7025),#7047);
#7049=IFCPROPERTYSINGLEVALUE('Ax',$,IFCLABEL('0.001'),$);
#7050=IFCPROPERTYSINGLEVALUE('Ay',$,IFCLABEL('0.001'),$);
#7051=IFCBEAM('2SN8vjYIb5r8j5uSEQKDoL',$,$,$,$,#7072,#7062,$,$);
#7052=IFCCARTESIANPOINTLIST2D(((0.,0.),(0.,250.),(6000.,250.),(6000.,0.),(0.,0.)));
#7053=IFCINDEXEDPOLYCURVE(#7052,$,.F.);
#7054=IFCDIRECTION((0.,0.,1.));
#7055=IFCARBITRARYCLOSEDPROFILEDEF(.AREA.,$,#7053);
#7056=IFCCARTESIANPOINT((0.,0.,0.));
#7057=IFCDIRECTION((0.,0.,1.));
#7058=IFCDIRECTION((1.,0.,0.));
#7059=IFCAXIS2PLACEMENT3D(#7056,#7057,#7058);
#7060=IFCEXTRUDEDAREASOLID(#7055,#7059,#7054,-400.);
#7061=IFCSHAPEREPRESENTATION(#11,'Body','SweptSolid',(#7060));
#7062=IFCPRODUCTDEFINITIONSHAPE($,$,(#7061));
#7068=IFCCARTESIANPOINT((14875.,18000.,9000.));
#7069=IFCDIRECTION((0.,0.,1.));
#7070=IFCDIRECTION((-1.8369701987210297E-16,-1.,0.));
#7071=IFCAXIS2PLACEMENT3D(#7068,#7069,#7070);
#7072=IFCLOCALPLACEMENT($,#7071);
#7073=IFCPROPERTYSET('11SmqTRuj4TOedolZPj7DV',$,'Other',$,(#7075,#7076));
#7074=IFCRELDEFINESBYPROPERTIES('3SPQ5v26f18RoRVzvrF818',$,$,$,(#7051),#7073);
#7075=IFCPROPERTYSINGLEVALUE('Ax',$,IFCLABEL('0.001'),$);
#7076=IFCPROPERTYSINGLEVALUE('Ay',$,IFCLABEL('0.001'),$);
#7077=IFCBEAM('2$vkhDKLX5Qx1joNRXhgMA',$,$,$,$,#7098,#7088,$,$);
#7078=IFCCARTESIANPOINTLIST2D(((0.,0.),(0.,250.),(6000.,250.),(6000.,0.),(0.,0.)));
#7079=IFCINDEXEDPOLYCURVE(#7078,$,.F.);
#7080=IFCDIRECTION((0.,0.,1.));
#7081=IFCARBITRARYCLOSEDPROFILEDEF(.AREA.,$,#7079);
#7082=IFCCARTESIANPOINT((0.,0.,0.));
#7083=IFCDIRECTION((0.,0.,1.));
#7084=IFCDIRECTION((1.,0.,0.));
#7085=IFCAXIS2PLACEMENT3D(#7082,#7083,#7084);
#7086=IFCEXTRUDEDAREASOLID(#7081,#7085,#7080,-400.);
#7087=IFCSHAPEREPRESENTATION(#11,'Body','SweptSolid',(#7086));
#7088=IFCPRODUCTDEFINITIONSHAPE($,$,(#7087));
#7094=IFCCARTESIANPOINT((14875.,12000.,9000.));
#7095=IFCDIRECTION((0.,0.,1.));
#7096=IFCDIRECTION((-1.8369701987210297E-16,-1.,0.));
#7097=IFCAXIS2PLACEMENT3D(#7094,#7095,#7096);
#7098=IFCLOCALPLACEMENT($,#7097);
#7099=IFCPROPERTYSET('3NLJ$tCCr5T9MhoImDV8bl',$,'Other',$,(#7101,#7102));
#7100=IFCRELDEFINESBYPROPERTIES('1UFv58YQ1ExPmFToGnSRY9',$,$,$,(#7077),#7099);
#7101=IFCPROPERTYSINGLEVALUE('Ax',$,IFCLABEL('0.001'),$);
#7102=IFCPROPERTYSINGLEVALUE('Ay',$,IFCLABEL('0.001'),$);
#7103=IFCBEAM('1zS2VcdP9Ftu6z$NP_7dSe',$,$,$,$,#7124,#7114,$,$);
#7104=IFCCARTESIANPOINTLIST2D(((0.,0.),(0.,250.),(6000.,250.),(6000.,0.),(0.,0.)));
#7105=IFCINDEXEDPOLYCURVE(#7104,$,.F.);
#7106=IFCDIRECTION((0.,0.,1.));
#7107=IFCARBITRARYCLOSEDPROFILEDEF(.AREA.,$,#7105);
#7108=IFCCARTESIANPOINT((0.,0.,0.));
#7109=IFCDIRECTION((0.,0.,1.));
#7110=IFCDIRECTION((1.,0.,0.));
#7111=IFCAXIS2PLACEMENT3D(#7108,#7109,#7110);
#7112=IFCEXTRUDEDAREASOLID(#7107,#7111,#7106,-400.);
#7113=IFCSHAPEREPRESENTATION(#11,'Body','SweptSolid',(#7112));
#7114=IFCPRODUCTDEFINITIONSHAPE($,$,(#7113));
#7120=IFCCARTESIANPOINT((14875.,6000.,9000.));
#7121=IFCDIRECTION((0.,0.,1.));
#7122=IFCDIRECTION((-1.8369701987210297E-16,-1.,0.));
#7123=IFCAXIS2PLACEMENT3D(#7120,#7121,#7122);
#7124=IFCLOCALPLACEMENT($,#7123);
#7125=IFCPROPERTYSET('13ZAatoBDCLRwLFT8Kkjk0',$,'Other',$,(#7127,#7128));
#7126=IFCRELDEFINESBYPROPERTIES('0VrM6AyMP0DhDCHGKSKuYa',$,$,$,(#7103),#7125);
#7127=IFCPROPERTYSINGLEVALUE('Ax',$,IFCLABEL('0.001'),$);
#7128=IFCPROPERTYSINGLEVALUE('Ay',$,IFCLABEL('0.001'),$);
#7129=IFCBEAM('2XuqW3JmTFwh3zWogenhyp',$,$,$,$,#7150,#7140,$,$);
#7130=IFCCARTESIANPOINTLIST2D(((0.,0.),(0.,250.),(6000.,250.),(6000.,0.),(0.,0.)));
#7131=IFCINDEXEDPOLYCURVE(#7130,$,.F.);
#7132=IFCDIRECTION((0.,0.,1.));
#7133=IFCARBITRARYCLOSEDPROFILEDEF(.AREA.,$,#7131);
#7134=IFCCARTESIANPOINT((0.,0.,0.));
#7135=IFCDIRECTION((0.,0.,1.));
#7136=IFCDIRECTION((1.,0.,0.));
#7137=IFCAXIS2PLACEMENT3D(#7134,#7135,#7136);
#7138=IFCEXTRUDEDAREASOLID(#7133,#7137,#7132,-400.);
#7139=IFCSHAPEREPRESENTATION(#11,'Body','SweptSolid',(#7138));
#7140=IFCPRODUCTDEFINITIONSHAPE($,$,(#7139));
#7146=IFCCARTESIANPOINT((20875.,18000.,9000.));
#7147=IFCDIRECTION((0.,0.,1.));
#7148=IFCDIRECTION((-1.8369701987210297E-16,-1.,0.));
#7149=IFCAXIS2PLACEMENT3D(#7146,#7147,#7148);
#7150=IFCLOCALPLACEMENT($,#7149);
#7151=IFCPROPERTYSET('3h1QVJiYn5zxj0bqp421C5',$,'Other',$,(#7153,#7154));
#7152=IFCRELDEFINESBYPROPERTIES('18UneDrBXFDhgjnLS4SFZA',$,$,$,(#7129),#7151);
#7153=IFCPROPERTYSINGLEVALUE('Ax',$,IFCLABEL('0.001'),$);
#7154=IFCPROPERTYSINGLEVALUE('Ay',$,IFCLABEL('0.001'),$);
#7155=IFCBEAM('1r85o6$X59rvhffQuZHPjk',$,$,$,$,#7176,#7166,$,$);
#7156=IFCCARTESIANPOINTLIST2D(((0.,0.),(0.,250.),(6000.,250.),(6000.,0.),(0.,0.)));
#7157=IFCINDEXEDPOLYCURVE(#7156,$,.F.);
#7158=IFCDIRECTION((0.,0.,1.));
#7159=IFCARBITRARYCLOSEDPROFILEDEF(.AREA.,$,#7157);
#7160=IFCCARTESIANPOINT((0.,0.,0.));
#7161=IFCDIRECTION((0.,0.,1.));
#7162=IFCDIRECTION((1.,0.,0.));
#7163=IFCAXIS2PLACEMENT3D(#7160,#7161,#7162);
#7164=IFCEXTRUDEDAREASOLID(#7159,#7163,#7158,-400.);
#7165=IFCSHAPEREPRESENTATION(#11,'Body','SweptSolid',(#7164));
#7166=IFCPRODUCTDEFINITIONSHAPE($,$,(#7165));
#7172=IFCCARTESIANPOINT((20875.,12000.,9000.));
#7173=IFCDIRECTION((0.,0.,1.));
#7174=IFCDIRECTION((-1.8369701987210297E-16,-1.,0.));
#7175=IFCAXIS2PLACEMENT3D(#7172,#7173,#7174);
#7176=IFCLOCALPLACEMENT($,#7175);
#7177=IFCPROPERTYSET('1kxOtJ65LCMhjQIVGygG5K',$,'Other',$,(#7179,#7180));
#7178=IFCRELDEFINESBYPROPERTIES('3WqjHDvUb1aRv6y2pqwpss',$,$,$,(#7155),#7177);
#7179=IFCPROPERTYSINGLEVALUE('Ax',$,IFCLABEL('0.001'),$);
#7180=IFCPROPERTYSINGLEVALUE('Ay',$,IFCLABEL('0.001'),$);
#7181=IFCBEAM('0umiRmPSrBQvKme1Zv8fhl',$,$,$,$,#7202,#7192,$,$);
#7182=IFCCARTESIANPOINTLIST2D(((0.,0.),(0.,250.),(6000.,250.),(6000.,0.),(0.,0.)));
#7183=IFCINDEXEDPOLYCURVE(#7182,$,.F.);
#7184=IFCDIRECTION((0.,0.,1.));
#7185=IFCARBITRARYCLOSEDPROFILEDEF(.AREA.,$,#7183);
#7186=IFCCARTESIANPOINT((0.,0.,0.));
#7187=IFCDIRECTION((0.,0.,1.));
#7188=IFCDIRECTION((1.,0.,0.));
#7189=IFCAXIS2PLACEMENT3D(#7186,#7187,#7188);
#7190=IFCEXTRUDEDAREASOLID(#7185,#7189,#7184,-400.);
#7191=IFCSHAPEREPRESENTATION(#11,'Body','SweptSolid',(#7190));
#7192=IFCPRODUCTDEFINITIONSHAPE($,$,(#7191));
#7198=IFCCARTESIANPOINT((20875.,6000.,9000.));
#7199=IFCDIRECTION((0.,0.,1.));
#7200=IFCDIRECTION((-1.8369701987210297E-16,-1.,0.));
#7201=IFCAXIS2PLACEMENT3D(#7198,#7199,#7200);
#7202=IFCLOCALPLACEMENT($,#7201);
#7203=IFCPROPERTYSET('2kVTlAxmXEnOK5AQJPqlcq',$,'Other',$,(#7205,#7206));
#7204=IFCRELDEFINESBYPROPERTIES('3E0J9lXrP16R$1s0MN5WdA',$,$,$,(#7181),#7203);
#7205=IFCPROPERTYSINGLEVALUE('Ax',$,IFCLABEL('0.001'),$);
#7206=IFCPROPERTYSINGLEVALUE('Ay',$,IFCLABEL('0.001'),$);
#7207=IFCBEAM('07m$Si3ubBQ8Oi59oOO5rA',$,$,$,$,#7228,#7218,$,$);
#7208=IFCCARTESIANPOINTLIST2D(((0.,0.),(0.,250.),(6000.,250.),(6000.,0.),(0.,0.)));
#7209=IFCINDEXEDPOLYCURVE(#7208,$,.F.);
#7210=IFCDIRECTION((0.,0.,1.));
#7211=IFCARBITRARYCLOSEDPROFILEDEF(.AREA.,$,#7209);
#7212=IFCCARTESIANPOINT((0.,0.,0.));
#7213=IFCDIRECTION((0.,0.,1.));
#7214=IFCDIRECTION((1.,0.,0.));
#7215=IFCAXIS2PLACEMENT3D(#7212,#7213,#7214);
#7216=IFCEXTRUDEDAREASOLID(#7211,#7215,#7210,-400.);
#7217=IFCSHAPEREPRESENTATION(#11,'Body','SweptSolid',(#7216));
#7218=IFCPRODUCTDEFINITIONSHAPE($,$,(#7217));
#7224=IFCCARTESIANPOINT((26875.,18000.,9000.));
#7225=IFCDIRECTION((0.,0.,1.));
#7226=IFCDIRECTION((-1.8369701987210297E-16,-1.,0.));
#7227=IFCAXIS2PLACEMENT3D(#7224,#7225,#7226);
#7228=IFCLOCALPLACEMENT($,#7227);
#7229=IFCPROPERTYSET('3_Nv2G73LAVw9o4Od7F8ov',$,'Other',$,(#7231,#7232));
#7230=IFCRELDEFINESBYPROPERTIES('3w38mTTNvCYfREbi8ZShON',$,$,$,(#7207),#7229);
#7231=IFCPROPERTYSINGLEVALUE('Ax',$,IFCLABEL('0.001'),$);
#7232=IFCPROPERTYSINGLEVALUE('Ay',$,IFCLABEL('0.001'),$);
#7233=IFCBEAM('3MGHz963H5aRxvgXYsMooK',$,$,$,$,#7254,#7244,$,$);
#7234=IFCCARTESIANPOINTLIST2D(((0.,0.),(0.,250.),(6000.,250.),(6000.,0.),(0.,0.)));
#7235=IFCINDEXEDPOLYCURVE(#7234,$,.F.);
#7236=IFCDIRECTION((0.,0.,1.));
#7237=IFCARBITRARYCLOSEDPROFILEDEF(.AREA.,$,#7235);
#7238=IFCCARTESIANPOINT((0.,0.,0.));
#7239=IFCDIRECTION((0.,0.,1.));
#7240=IFCDIRECTION((1.,0.,0.));
#7241=IFCAXIS2PLACEMENT3D(#7238,#7239,#7240);
#7242=IFCEXTRUDEDAREASOLID(#7237,#7241,#7236,-400.);
#7243=IFCSHAPEREPRESENTATION(#11,'Body','SweptSolid',(#7242));
#7244=IFCPRODUCTDEFINITIONSHAPE($,$,(#7243));
#7250=IFCCARTESIANPOINT((8875.,6000.,9000.));
#7251=IFCDIRECTION((0.,0.,1.));
#7252=IFCDIRECTION((-1.8369701987210297E-16,-1.,0.));
#7253=IFCAXIS2PLACEMENT3D(#7250,#7251,#7252);
#7254=IFCLOCALPLACEMENT($,#7253);
#7255=IFCPROPERTYSET('2i4we$f3L9Me49p$tOOQld',$,'Other',$,(#7257,#7258));
#7256=IFCRELDEFINESBYPROPERTIES('3Bm2AcJwX1oB1Pkxs4gZH$',$,$,$,(#7233),#7255);
#7257=IFCPROPERTYSINGLEVALUE('Ax',$,IFCLABEL('0.001'),$);
#7258=IFCPROPERTYSINGLEVALUE('Ay',$,IFCLABEL('0.001'),$);
#7259=IFCBEAM('0CKLQz0n56QhjrrATi3KyT',$,$,$,$,#7280,#7270,$,$);
#7260=IFCCARTESIANPOINTLIST2D(((0.,0.),(0.,250.),(6000.,250.),(6000.,0.),(0.,0.)));
#7261=IFCINDEXEDPOLYCURVE(#7260,$,.F.);
#7262=IFCDIRECTION((0.,0.,1.));
#7263=IFCARBITRARYCLOSEDPROFILEDEF(.AREA.,$,#7261);
#7264=IFCCARTESIANPOINT((0.,0.,0.));
#7265=IFCDIRECTION((0.,0.,1.));
#7266=IFCDIRECTION((1.,0.,0.));
#7267=IFCAXIS2PLACEMENT3D(#7264,#7265,#7266);
#7268=IFCEXTRUDEDAREASOLID(#7263,#7267,#7262,-400.);
#7269=IFCSHAPEREPRESENTATION(#11,'Body','SweptSolid',(#7268));
#7270=IFCPRODUCTDEFINITIONSHAPE($,$,(#7269));
#7276=IFCCARTESIANPOINT((2875.,6000.,9000.));
#7277=IFCDIRECTION((0.,0.,1.));
#7278=IFCDIRECTION((-1.8369701987210297E-16,-1.,0.));
#7279=IFCAXIS2PLACEMENT3D(#7276,#7277,#7278);
#7280=IFCLOCALPLACEMENT($,#7279);
#7281=IFCPROPERTYSET('2B_GviLp1DdxMkQLUxY2rT',$,'Other',$,(#7283,#7284));
#7282=IFCRELDEFINESBYPROPERTIES('0M4k2XYCX1GwAE2gTG1V_E',$,$,$,(#7259),#7281);
#7283=IFCPROPERTYSINGLEVALUE('Ax',$,IFCLABEL('0.001'),$);
#7284=IFCPROPERTYSINGLEVALUE('Ay',$,IFCLABEL('0.001'),$);
#7285=IFCBEAM('02mfnk7xf2JOpqfxr8HLdv',$,$,$,$,#7306,#7296,$,$);
#7286=IFCCARTESIANPOINTLIST2D(((0.,0.),(0.,250.),(6000.,250.),(6000.,0.),(0.,0.)));
#7287=IFCINDEXEDPOLYCURVE(#7286,$,.F.);
#7288=IFCDIRECTION((0.,0.,1.));
#7289=IFCARBITRARYCLOSEDPROFILEDEF(.AREA.,$,#7287);
#7290=IFCCARTESIANPOINT((0.,0.,0.));
#7291=IFCDIRECTION((0.,0.,1.));
#7292=IFCDIRECTION((1.,0.,0.));
#7293=IFCAXIS2PLACEMENT3D(#7290,#7291,#7292);
#7294=IFCEXTRUDEDAREASOLID(#7289,#7293,#7288,-400.);
#7295=IFCSHAPEREPRESENTATION(#11,'Body','SweptSolid',(#7294));
#7296=IFCPRODUCTDEFINITIONSHAPE($,$,(#7295));
#7302=IFCCARTESIANPOINT((26875.,12000.,9000.));
#7303=IFCDIRECTION((0.,0.,1.));
#7304=IFCDIRECTION((-1.8369701987210297E-16,-1.,0.));
#7305=IFCAXIS2PLACEMENT3D(#7302,#7303,#7304);
#7306=IFCLOCALPLACEMENT($,#7305);
#7307=IFCPROPERTYSET('3uSWqj5dD7g96z3KKpFFNA',$,'Other',$,(#7309,#7310));
#7308=IFCRELDEFINESBYPROPERTIES('1qHzwY0hD1PBwYWtNlUPwa',$,$,$,(#7285),#7307);
#7309=IFCPROPERTYSINGLEVALUE('Ax',$,IFCLABEL('0.001'),$);
#7310=IFCPROPERTYSINGLEVALUE('Ay',$,IFCLABEL('0.001'),$);
#7311=IFCBEAM('09wZDKyzz59BAKA$YAfuKG',$,$,$,$,#7332,#7322,$,$);
#7312=IFCCARTESIANPOINTLIST2D(((0.,0.),(0.,250.),(6000.,250.),(6000.,0.),(0.,0.)));
#7313=IFCINDEXEDPOLYCURVE(#7312,$,.F.);
#7314=IFCDIRECTION((0.,0.,1.));
#7315=IFCARBITRARYCLOSEDPROFILEDEF(.AREA.,$,#7313);
#7316=IFCCARTESIANPOINT((0.,0.,0.));
#7317=IFCDIRECTION((0.,0.,1.));
#7318=IFCDIRECTION((1.,0.,0.));
#7319=IFCAXIS2PLACEMENT3D(#7316,#7317,#7318);
#7320=IFCEXTRUDEDAREASOLID(#7315,#7319,#7314,-400.);
#7321=IFCSHAPEREPRESENTATION(#11,'Body','SweptSolid',(#7320));
#7322=IFCPRODUCTDEFINITIONSHAPE($,$,(#7321));
#7328=IFCCARTESIANPOINT((26875.,6000.,9000.));
#7329=IFCDIRECTION((0.,0.,1.));
#7330=IFCDIRECTION((-1.8369701987210297E-16,-1.,0.));
#7331=IFCAXIS2PLACEMENT3D(#7328,#7329,#7330);
#7332=IFCLOCALPLACEMENT($,#7331);
#7333=IFCPROPERTYSET('0G_vk6wfv24RUiSs$_HAhv',$,'Other',$,(#7335,#7336));
#7334=IFCRELDEFINESBYPROPERTIES('3rP6OyAlH7ihzJrsJVUjW2',$,$,$,(#7311),#7333);
#7335=IFCPROPERTYSINGLEVALUE('Ax',$,IFCLABEL('0.001'),$);
#7336=IFCPROPERTYSINGLEVALUE('Ay',$,IFCLABEL('0.001'),$);
#7337=IFCBEAM('31kd2adaz4NexsTqOoLmiH',$,$,$,$,#7358,#7348,$,$);
#7338=IFCCARTESIANPOINTLIST2D(((0.,0.),(0.,250.),(6000.,250.),(6000.,0.),(0.,0.)));
#7339=IFCINDEXEDPOLYCURVE(#7338,$,.F.);
#7340=IFCDIRECTION((0.,0.,1.));
#7341=IFCARBITRARYCLOSEDPROFILEDEF(.AREA.,$,#7339);
#7342=IFCCARTESIANPOINT((0.,0.,0.));
#7343=IFCDIRECTION((0.,0.,1.));
#7344=IFCDIRECTION((1.,0.,0.));
#7345=IFCAXIS2PLACEMENT3D(#7342,#7343,#7344);
#7346=IFCEXTRUDEDAREASOLID(#7341,#7345,#7340,-500.);
#7347=IFCSHAPEREPRESENTATION(#11,'Body','SweptSolid',(#7346));
#7348=IFCPRODUCTDEFINITIONSHAPE($,$,(#7347));
#7354=IFCCARTESIANPOINT((125.,6000.,6000.));
#7355=IFCDIRECTION((0.,0.,1.));
#7356=IFCDIRECTION((6.123233995736766E-17,1.,0.));
#7357=IFCAXIS2PLACEMENT3D(#7354,#7355,#7356);
#7358=IFCLOCALPLACEMENT($,#7357);
#7359=IFCPROPERTYSET('03p8QxrcX2cugQOmlmoQQt',$,'Other',$,(#7361,#7362));
#7360=IFCRELDEFINESBYPROPERTIES('0s_nXgVKTF4fDk69q9gnGi',$,$,$,(#7337),#7359);
#7361=IFCPROPERTYSINGLEVALUE('Ax',$,IFCLABEL('0.001'),$);
#7362=IFCPROPERTYSINGLEVALUE('Ay',$,IFCLABEL('0.001'),$);
#7363=IFCBEAM('3ZAF$j$jD0NhR35mnezJym',$,$,$,$,#7384,#7374,$,$);
#7364=IFCCARTESIANPOINTLIST2D(((0.,0.),(0.,250.),(6000.,250.),(6000.,0.),(0.,0.)));
#7365=IFCINDEXEDPOLYCURVE(#7364,$,.F.);
#7366=IFCDIRECTION((0.,0.,1.));
#7367=IFCARBITRARYCLOSEDPROFILEDEF(.AREA.,$,#7365);
#7368=IFCCARTESIANPOINT((0.,0.,0.));
#7369=IFCDIRECTION((0.,0.,1.));
#7370=IFCDIRECTION((1.,0.,0.));
#7371=IFCAXIS2PLACEMENT3D(#7368,#7369,#7370);
#7372=IFCEXTRUDEDAREASOLID(#7367,#7371,#7366,-500.);
#7373=IFCSHAPEREPRESENTATION(#11,'Body','SweptSolid',(#7372));
#7374=IFCPRODUCTDEFINITIONSHAPE($,$,(#7373));
#7380=IFCCARTESIANPOINT((125.,12000.,6000.));
#7381=IFCDIRECTION((0.,0.,1.));
#7382=IFCDIRECTION((6.123233995736766E-17,1.,0.));
#7383=IFCAXIS2PLACEMENT3D(#7380,#7381,#7382);
#7384=IFCLOCALPLACEMENT($,#7383);
#7385=IFCPROPERTYSET('17C9fHpET4lxL5AFoe1KTb',$,'Other',$,(#7387,#7388));
#7386=IFCRELDEFINESBYPROPERTIES('2_aVPWqP14Ux$LWHcV3OQU',$,$,$,(#7363),#7385);
#7387=IFCPROPERTYSINGLEVALUE('Ax',$,IFCLABEL('0.001'),$);
#7388=IFCPROPERTYSINGLEVALUE('Ay',$,IFCLABEL('0.001'),$);
#7389=IFCBEAM('2EoHtSwlf7gw0WRkAczULu',$,$,$,$,#7410,#7400,$,$);
#7390=IFCCARTESIANPOINTLIST2D(((0.,0.),(0.,250.),(6000.,250.),(6000.,0.),(0.,0.)));
#7391=IFCINDEXEDPOLYCURVE(#7390,$,.F.);
#7392=IFCDIRECTION((0.,0.,1.));
#7393=IFCARBITRARYCLOSEDPROFILEDEF(.AREA.,$,#7391);
#7394=IFCCARTESIANPOINT((0.,0.,0.));
#7395=IFCDIRECTION((0.,0.,1.));
#7396=IFCDIRECTION((1.,0.,0.));
#7397=IFCAXIS2PLACEMENT3D(#7394,#7395,#7396);
#7398=IFCEXTRUDEDAREASOLID(#7393,#7397,#7392,-500.);
#7399=IFCSHAPEREPRESENTATION(#11,'Body','SweptSolid',(#7398));
#7400=IFCPRODUCTDEFINITIONSHAPE($,$,(#7399));
#7406=IFCCARTESIANPOINT((6125.,6000.,6000.));
#7407=IFCDIRECTION((0.,0.,1.));
#7408=IFCDIRECTION((6.123233995736766E-17,1.,0.));
#7409=IFCAXIS2PLACEMENT3D(#7406,#7407,#7408);
#7410=IFCLOCALPLACEMENT($,#7409);
#7411=IFCPROPERTYSET('1YZ7XdXH923evAg_Lj9jgR',$,'Other',$,(#7413,#7414));
#7412=IFCRELDEFINESBYPROPERTIES('0LY2hYwTn62fgAba3q1$9D',$,$,$,(#7389),#7411);
#7413=IFCPROPERTYSINGLEVALUE('Ax',$,IFCLABEL('0.001'),$);
#7414=IFCPROPERTYSINGLEVALUE('Ay',$,IFCLABEL('0.001'),$);
#7415=IFCBEAM('06krB1mY56IA83QnMCzvK5',$,$,$,$,#7436,#7426,$,$);
#7416=IFCCARTESIANPOINTLIST2D(((0.,0.),(0.,250.),(6000.,250.),(6000.,0.),(0.,0.)));
#7417=IFCINDEXEDPOLYCURVE(#7416,$,.F.);
#7418=IFCDIRECTION((0.,0.,1.));
#7419=IFCARBITRARYCLOSEDPROFILEDEF(.AREA.,$,#7417);
#7420=IFCCARTESIANPOINT((0.,0.,0.));
#7421=IFCDIRECTION((0.,0.,1.));
#7422=IFCDIRECTION((1.,0.,0.));
#7423=IFCAXIS2PLACEMENT3D(#7420,#7421,#7422);
#7424=IFCEXTRUDEDAREASOLID(#7419,#7423,#7418,-500.);
#7425=IFCSHAPEREPRESENTATION(#11,'Body','SweptSolid',(#7424));
#7426=IFCPRODUCTDEFINITIONSHAPE($,$,(#7425));
#7432=IFCCARTESIANPOINT((6125.,12000.,6000.));
#7433=IFCDIRECTION((0.,0.,1.));
#7434=IFCDIRECTION((6.123233995736766E-17,1.,0.));
#7435=IFCAXIS2PLACEMENT3D(#7432,#7433,#7434);
#7436=IFCLOCALPLACEMENT($,#7435);
#7437=IFCPROPERTYSET('3c5w29Jjb3gh86sDouUQu2',$,'Other',$,(#7439,#7440));
#7438=IFCRELDEFINESBYPROPERTIES('3OBsW5H592GugubMj1bK1P',$,$,$,(#7415),#7437);
#7439=IFCPROPERTYSINGLEVALUE('Ax',$,IFCLABEL('0.001'),$);
#7440=IFCPROPERTYSINGLEVALUE('Ay',$,IFCLABEL('0.001'),$);
#7441=IFCBEAM('1CNiezf3TA5PWFxW2cpChN',$,$,$,$,#7462,#7452,$,$);
#7442=IFCCARTESIANPOINTLIST2D(((0.,0.),(0.,250.),(6000.,250.),(6000.,0.),(0.,0.)));
#7443=IFCINDEXEDPOLYCURVE(#7442,$,.F.);
#7444=IFCDIRECTION((0.,0.,1.));
#7445=IFCARBITRARYCLOSEDPROFILEDEF(.AREA.,$,#7443);
#7446=IFCCARTESIANPOINT((0.,0.,0.));
#7447=IFCDIRECTION((0.,0.,1.));
#7448=IFCDIRECTION((1.,0.,0.));
#7449=IFCAXIS2PLACEMENT3D(#7446,#7447,#7448);
#7450=IFCEXTRUDEDAREASOLID(#7445,#7449,#7444,-500.);
#7451=IFCSHAPEREPRESENTATION(#11,'Body','SweptSolid',(#7450));
#7452=IFCPRODUCTDEFINITIONSHAPE($,$,(#7451));
#7458=IFCCARTESIANPOINT((12125.,-7.6540424946709578E-15,6000.));
#7459=IFCDIRECTION((0.,0.,1.));
#7460=IFCDIRECTION((6.123233995736766E-17,1.,0.));
#7461=IFCAXIS2PLACEMENT3D(#7458,#7459,#7460);
#7462=IFCLOCALPLACEMENT($,#7461);
#7463=IFCPROPERTYSET('26iq_KCunFAR7jVd6cN2uF',$,'Other',$,(#7465,#7466));
#7464=IFCRELDEFINESBYPROPERTIES('1E3xsXSP96WBC4TMZgdxs4',$,$,$,(#7441),#7463);
#7465=IFCPROPERTYSINGLEVALUE('Ax',$,IFCLABEL('0.001'),$);
#7466=IFCPROPERTYSINGLEVALUE('Ay',$,IFCLABEL('0.001'),$);
#7467=IFCBEAM('2VMMGl_H5FhR$j47zUoHSQ',$,$,$,$,#7488,#7478,$,$);
#7468=IFCCARTESIANPOINTLIST2D(((0.,0.),(0.,250.),(6000.,250.),(6000.,0.),(0.,0.)));
#7469=IFCINDEXEDPOLYCURVE(#7468,$,.F.);
#7470=IFCDIRECTION((0.,0.,1.));
#7471=IFCARBITRARYCLOSEDPROFILEDEF(.AREA.,$,#7469);
#7472=IFCCARTESIANPOINT((0.,0.,0.));
#7473=IFCDIRECTION((0.,0.,1.));
#7474=IFCDIRECTION((1.,0.,0.));
#7475=IFCAXIS2PLACEMENT3D(#7472,#7473,#7474);
#7476=IFCEXTRUDEDAREASOLID(#7471,#7475,#7470,-500.);
#7477=IFCSHAPEREPRESENTATION(#11,'Body','SweptSolid',(#7476));
#7478=IFCPRODUCTDEFINITIONSHAPE($,$,(#7477));
#7484=IFCCARTESIANPOINT((12125.,6000.,6000.));
#7485=IFCDIRECTION((0.,0.,1.));
#7486=IFCDIRECTION((6.123233995736766E-17,1.,0.));
#7487=IFCAXIS2PLACEMENT3D(#7484,#7485,#7486);
#7488=IFCLOCALPLACEMENT($,#7487);
#7489=IFCPROPERTYSET('2HBS2wGdHFcvFEz1TgiZk0',$,'Other',$,(#7491,#7492));
#7490=IFCRELDEFINESBYPROPERTIES('30mF2TbcPDWvStczl8qcOl',$,$,$,(#7467),#7489);
#7491=IFCPROPERTYSINGLEVALUE('Ax',$,IFCLABEL('0.001'),$);
#7492=IFCPROPERTYSINGLEVALUE('Ay',$,IFCLABEL('0.001'),$);
#7493=IFCBEAM('2_lzYM2Z1AnxPgoejLWTWH',$,$,$,$,#7514,#7504,$,$);
#7494=IFCCARTESIANPOINTLIST2D(((0.,0.),(0.,250.),(6000.,250.),(6000.,0.),(0.,0.)));
#7495=IFCINDEXEDPOLYCURVE(#7494,$,.F.);
#7496=IFCDIRECTION((0.,0.,1.));
#7497=IFCARBITRARYCLOSEDPROFILEDEF(.AREA.,$,#7495);
#7498=IFCCARTESIANPOINT((0.,0.,0.));
#7499=IFCDIRECTION((0.,0.,1.));
#7500=IFCDIRECTION((1.,0.,0.));
#7501=IFCAXIS2PLACEMENT3D(#7498,#7499,#7500);
#7502=IFCEXTRUDEDAREASOLID(#7497,#7501,#7496,-500.);
#7503=IFCSHAPEREPRESENTATION(#11,'Body','SweptSolid',(#7502));
#7504=IFCPRODUCTDEFINITIONSHAPE($,$,(#7503));
#7510=IFCCARTESIANPOINT((12125.,12000.,6000.));
#7511=IFCDIRECTION((0.,0.,1.));
#7512=IFCDIRECTION((6.123233995736766E-17,1.,0.));
#7513=IFCAXIS2PLACEMENT3D(#7510,#7511,#7512);
#7514=IFCLOCALPLACEMENT($,#7513);
#7515=IFCPROPERTYSET('2e2qmMOzf4qf0o6XVgyoGC',$,'Other',$,(#7517,#7518));
#7516=IFCRELDEFINESBYPROPERTIES('1dKviZy4rAIRJVELQ49rzb',$,$,$,(#7493),#7515);
#7517=IFCPROPERTYSINGLEVALUE('Ax',$,IFCLABEL('0.001'),$);
#7518=IFCPROPERTYSINGLEVALUE('Ay',$,IFCLABEL('0.001'),$);
#7519=IFCBEAM('0uUDDJ$Qz1Ovb2rC7Xbuov',$,$,$,$,#7540,#7530,$,$);
#7520=IFCCARTESIANPOINTLIST2D(((0.,0.),(0.,250.),(6000.,250.),(6000.,0.),(0.,0.)));
#7521=IFCINDEXEDPOLYCURVE(#7520,$,.F.);
#7522=IFCDIRECTION((0.,0.,1.));
#7523=IFCARBITRARYCLOSEDPROFILEDEF(.AREA.,$,#7521);
#7524=IFCCARTESIANPOINT((0.,0.,0.));
#7525=IFCDIRECTION((0.,0.,1.));
#7526=IFCDIRECTION((1.,0.,0.));
#7527=IFCAXIS2PLACEMENT3D(#7524,#7525,#7526);
#7528=IFCEXTRUDEDAREASOLID(#7523,#7527,#7522,-500.);
#7529=IFCSHAPEREPRESENTATION(#11,'Body','SweptSolid',(#7528));
#7530=IFCPRODUCTDEFINITIONSHAPE($,$,(#7529));
#7536=IFCCARTESIANPOINT((18125.,-7.6540424946709578E-15,6000.));
#7537=IFCDIRECTION((0.,0.,1.));
#7538=IFCDIRECTION((6.123233995736766E-17,1.,0.));
#7539=IFCAXIS2PLACEMENT3D(#7536,#7537,#7538);
#7540=IFCLOCALPLACEMENT($,#7539);
#7541=IFCPROPERTYSET('26HWQP9tzAqfL3U3WPOvZR',$,'Other',$,(#7543,#7544));
#7542=IFCRELDEFINESBYPROPERTIES('25Qg3tKOX8uhUo5UPDbcUL',$,$,$,(#7519),#7541);
#7543=IFCPROPERTYSINGLEVALUE('Ax',$,IFCLABEL('0.001'),$);
#7544=IFCPROPERTYSINGLEVALUE('Ay',$,IFCLABEL('0.001'),$);
#7545=IFCBEAM('3WdStvzpT5kOYH0pqyGNhD',$,$,$,$,#7566,#7556,$,$);
#7546=IFCCARTESIANPOINTLIST2D(((0.,0.),(0.,250.),(6000.,250.),(6000.,0.),(0.,0.)));
#7547=IFCINDEXEDPOLYCURVE(#7546,$,.F.);
#7548=IFCDIRECTION((0.,0.,1.));
#7549=IFCARBITRARYCLOSEDPROFILEDEF(.AREA.,$,#7547);
#7550=IFCCARTESIANPOINT((0.,0.,0.));
#7551=IFCDIRECTION((0.,0.,1.));
#7552=IFCDIRECTION((1.,0.,0.));
#7553=IFCAXIS2PLACEMENT3D(#7550,#7551,#7552);
#7554=IFCEXTRUDEDAREASOLID(#7549,#7553,#7548,-500.);
#7555=IFCSHAPEREPRESENTATION(#11,'Body','SweptSolid',(#7554));
#7556=IFCPRODUCTDEFINITIONSHAPE($,$,(#7555));
#7562=IFCCARTESIANPOINT((18125.,6000.,6000.));
#7563=IFCDIRECTION((0.,0.,1.));
#7564=IFCDIRECTION((6.123233995736766E-17,1.,0.));
#7565=IFCAXIS2PLACEMENT3D(#7562,#7563,#7564);
#7566=IFCLOCALPLACEMENT($,#7565);
#7567=IFCPROPERTYSET('1qe8ziHqzDZeNa4ac1JNJl',$,'Other',$,(#7569,#7570));
#7568=IFCRELDEFINESBYPROPERTIES('0IpmTsryj82PuV1ZOiUpvy',$,$,$,(#7545),#7567);
#7569=IFCPROPERTYSINGLEVALUE('Ax',$,IFCLABEL('0.001'),$);
#7570=IFCPROPERTYSINGLEVALUE('Ay',$,IFCLABEL('0.001'),$);
#7571=IFCBEAM('2dKpczYaTCqBidAq2Kv2u9',$,$,$,$,#7592,#7582,$,$);
#7572=IFCCARTESIANPOINTLIST2D(((0.,0.),(0.,250.),(6000.,250.),(6000.,0.),(0.,0.)));
#7573=IFCINDEXEDPOLYCURVE(#7572,$,.F.);
#7574=IFCDIRECTION((0.,0.,1.));
#7575=IFCARBITRARYCLOSEDPROFILEDEF(.AREA.,$,#7573);
#7576=IFCCARTESIANPOINT((0.,0.,0.));
#7577=IFCDIRECTION((0.,0.,1.));
#7578=IFCDIRECTION((1.,0.,0.));
#7579=IFCAXIS2PLACEMENT3D(#7576,#7577,#7578);
#7580=IFCEXTRUDEDAREASOLID(#7575,#7579,#7574,-500.);
#7581=IFCSHAPEREPRESENTATION(#11,'Body','SweptSolid',(#7580));
#7582=IFCPRODUCTDEFINITIONSHAPE($,$,(#7581));
#7588=IFCCARTESIANPOINT((18125.,12000.,6000.));
#7589=IFCDIRECTION((0.,0.,1.));
#7590=IFCDIRECTION((6.123233995736766E-17,1.,0.));
#7591=IFCAXIS2PLACEMENT3D(#7588,#7589,#7590);
#7592=IFCLOCALPLACEMENT($,#7591);
#7593=IFCPROPERTYSET('3HzyyDuMfEtBMqm5eZ1OIE',$,'Other',$,(#7595,#7596));
#7594=IFCRELDEFINESBYPROPERTIES('3A4TSS7D93Ng54RPl4okwb',$,$,$,(#7571),#7593);
#7595=IFCPROPERTYSINGLEVALUE('Ax',$,IFCLABEL('0.001'),$);
#7596=IFCPROPERTYSINGLEVALUE('Ay',$,IFCLABEL('0.001'),$);
#7597=IFCBEAM('2e0iy3Z19CphQUjkfQ9KKZ',$,$,$,$,#7618,#7608,$,$);
#7598=IFCCARTESIANPOINTLIST2D(((0.,0.),(0.,250.),(6000.,250.),(6000.,0.),(0.,0.)));
#7599=IFCINDEXEDPOLYCURVE(#7598,$,.F.);
#7600=IFCDIRECTION((0.,0.,1.));
#7601=IFCARBITRARYCLOSEDPROFILEDEF(.AREA.,$,#7599);
#7602=IFCCARTESIANPOINT((0.,0.,0.));
#7603=IFCDIRECTION((0.,0.,1.));
#7604=IFCDIRECTION((1.,0.,0.));
#7605=IFCAXIS2PLACEMENT3D(#7602,#7603,#7604);
#7606=IFCEXTRUDEDAREASOLID(#7601,#7605,#7600,-500.);
#7607=IFCSHAPEREPRESENTATION(#11,'Body','SweptSolid',(#7606));
#7608=IFCPRODUCTDEFINITIONSHAPE($,$,(#7607));
#7614=IFCCARTESIANPOINT((24125.,-7.6540424946709578E-15,6000.));
#7615=IFCDIRECTION((0.,0.,1.));
#7616=IFCDIRECTION((6.123233995736766E-17,1.,0.));
#7617=IFCAXIS2PLACEMENT3D(#7614,#7615,#7616);
#7618=IFCLOCALPLACEMENT($,#7617);
#7619=IFCPROPERTYSET('36UQn4PT968gMBG32pOvj$',$,'Other',$,(#7621,#7622));
#7620=IFCRELDEFINESBYPROPERTIES('3G8VK4U71058jiHFWU1ZTZ',$,$,$,(#7597),#7619);
#7621=IFCPROPERTYSINGLEVALUE('Ax',$,IFCLABEL('0.001'),$);
#7622=IFCPROPERTYSINGLEVALUE('Ay',$,IFCLABEL('0.001'),$);
#7623=IFCBEAM('0W7FaoeHrAx9Yy2XcNzylO',$,$,$,$,#7644,#7634,$,$);
#7624=IFCCARTESIANPOINTLIST2D(((0.,0.),(0.,250.),(6000.,250.),(6000.,0.),(0.,0.)));
#7625=IFCINDEXEDPOLYCURVE(#7624,$,.F.);
#7626=IFCDIRECTION((0.,0.,1.));
#7627=IFCARBITRARYCLOSEDPROFILEDEF(.AREA.,$,#7625);
#7628=IFCCARTESIANPOINT((0.,0.,0.));
#7629=IFCDIRECTION((0.,0.,1.));
#7630=IFCDIRECTION((1.,0.,0.));
#7631=IFCAXIS2PLACEMENT3D(#7628,#7629,#7630);
#7632=IFCEXTRUDEDAREASOLID(#7627,#7631,#7626,-500.);
#7633=IFCSHAPEREPRESENTATION(#11,'Body','SweptSolid',(#7632));
#7634=IFCPRODUCTDEFINITIONSHAPE($,$,(#7633));
#7640=IFCCARTESIANPOINT((24125.,6000.,6000.));
#7641=IFCDIRECTION((0.,0.,1.));
#7642=IFCDIRECTION((6.123233995736766E-17,1.,0.));
#7643=IFCAXIS2PLACEMENT3D(#7640,#7641,#7642);
#7644=IFCLOCALPLACEMENT($,#7643);
#7645=IFCPROPERTYSET('2kVA5nNafF2Oe0iTKjOmEY',$,'Other',$,(#7647,#7648));
#7646=IFCRELDEFINESBYPROPERTIES('0ShzXMsOvA5vt4xmgmnyFn',$,$,$,(#7623),#7645);
#7647=IFCPROPERTYSINGLEVALUE('Ax',$,IFCLABEL('0.001'),$);
#7648=IFCPROPERTYSINGLEVALUE('Ay',$,IFCLABEL('0.001'),$);
#7649=IFCBEAM('1Xqk6I70n70Qkl_BotWiPr',$,$,$,$,#7670,#7660,$,$);
#7650=IFCCARTESIANPOINTLIST2D(((0.,0.),(0.,250.),(6000.,250.),(6000.,0.),(0.,0.)));
#7651=IFCINDEXEDPOLYCURVE(#7650,$,.F.);
#7652=IFCDIRECTION((0.,0.,1.));
#7653=IFCARBITRARYCLOSEDPROFILEDEF(.AREA.,$,#7651);
#7654=IFCCARTESIANPOINT((0.,0.,0.));
#7655=IFCDIRECTION((0.,0.,1.));
#7656=IFCDIRECTION((1.,0.,0.));
#7657=IFCAXIS2PLACEMENT3D(#7654,#7655,#7656);
#7658=IFCEXTRUDEDAREASOLID(#7653,#7657,#7652,-500.);
#7659=IFCSHAPEREPRESENTATION(#11,'Body','SweptSolid',(#7658));
#7660=IFCPRODUCTDEFINITIONSHAPE($,$,(#7659));
#7666=IFCCARTESIANPOINT((24125.,12000.,6000.));
#7667=IFCDIRECTION((0.,0.,1.));
#7668=IFCDIRECTION((6.123233995736766E-17,1.,0.));
#7669=IFCAXIS2PLACEMENT3D(#7666,#7667,#7668);
#7670=IFCLOCALPLACEMENT($,#7669);
#7671=IFCPROPERTYSET('3zsvaADLXCGRAzC3D76hlg',$,'Other',$,(#7673,#7674));
#7672=IFCRELDEFINESBYPROPERTIES('37oYh78EXBuRq6CMIrzUqW',$,$,$,(#7649),#7671);
#7673=IFCPROPERTYSINGLEVALUE('Ax',$,IFCLABEL('0.001'),$);
#7674=IFCPROPERTYSINGLEVALUE('Ay',$,IFCLABEL('0.001'),$);
#7675=IFCBEAM('1n1QTn6ir0zQagiO60vTox',$,$,$,$,#7696,#7686,$,$);
#7676=IFCCARTESIANPOINTLIST2D(((0.,0.),(0.,250.),(6000.,250.),(6000.,0.),(0.,0.)));
#7677=IFCINDEXEDPOLYCURVE(#7676,$,.F.);
#7678=IFCDIRECTION((0.,0.,1.));
#7679=IFCARBITRARYCLOSEDPROFILEDEF(.AREA.,$,#7677);
#7680=IFCCARTESIANPOINT((0.,0.,0.));
#7681=IFCDIRECTION((0.,0.,1.));
#7682=IFCDIRECTION((1.,0.,0.));
#7683=IFCAXIS2PLACEMENT3D(#7680,#7681,#7682);
#7684=IFCEXTRUDEDAREASOLID(#7679,#7683,#7678,-400.);
#7685=IFCSHAPEREPRESENTATION(#11,'Body','SweptSolid',(#7684));
#7686=IFCPRODUCTDEFINITIONSHAPE($,$,(#7685));
#7692=IFCCARTESIANPOINT((30125.,12000.,6000.));
#7693=IFCDIRECTION((0.,0.,1.));
#7694=IFCDIRECTION((6.123233995736766E-17,1.,0.));
#7695=IFCAXIS2PLACEMENT3D(#7692,#7693,#7694);
#7696=IFCLOCALPLACEMENT($,#7695);
#7697=IFCPROPERTYSET('3Sysx_bEzCSPKwUGumO56R',$,'Other',$,(#7699,#7700));
#7698=IFCRELDEFINESBYPROPERTIES('0fW5JxhKH8lPaccLwa7I9j',$,$,$,(#7675),#7697);
#7699=IFCPROPERTYSINGLEVALUE('Ax',$,IFCLABEL('0.001'),$);
#7700=IFCPROPERTYSINGLEVALUE('Ay',$,IFCLABEL('0.001'),$);
#7701=IFCBEAM('25VBaavnH2NOyXOWfYEUv$',$,$,$,$,#7722,#7712,$,$);
#7702=IFCCARTESIANPOINTLIST2D(((0.,0.),(0.,250.),(6000.,250.),(6000.,0.),(0.,0.)));
#7703=IFCINDEXEDPOLYCURVE(#7702,$,.F.);
#7704=IFCDIRECTION((0.,0.,1.));
#7705=IFCARBITRARYCLOSEDPROFILEDEF(.AREA.,$,#7703);
#7706=IFCCARTESIANPOINT((0.,0.,0.));
#7707=IFCDIRECTION((0.,0.,1.));
#7708=IFCDIRECTION((1.,0.,0.));
#7709=IFCAXIS2PLACEMENT3D(#7706,#7707,#7708);
#7710=IFCEXTRUDEDAREASOLID(#7705,#7709,#7704,-500.);
#7711=IFCSHAPEREPRESENTATION(#11,'Body','SweptSolid',(#7710));
#7712=IFCPRODUCTDEFINITIONSHAPE($,$,(#7711));
#7718=IFCCARTESIANPOINT((0.,-125.,6000.));
#7719=IFCDIRECTION((0.,0.,1.));
#7720=IFCDIRECTION((1.,0.,0.));
#7721=IFCAXIS2PLACEMENT3D(#7718,#7719,#7720);
#7722=IFCLOCALPLACEMENT($,#7721);
#7723=IFCPROPERTYSET('16rkPmRY1AX8W2cvfUrhb6',$,'Other',$,(#7725,#7726));
#7724=IFCRELDEFINESBYPROPERTIES('0yGx4VKBf69gc56VyNU9lt',$,$,$,(#7701),#7723);
#7725=IFCPROPERTYSINGLEVALUE('Ax',$,IFCLABEL('0.001'),$);
#7726=IFCPROPERTYSINGLEVALUE('Ay',$,IFCLABEL('0.001'),$);
#7727=IFCBEAM('32B7gnbEb4BO55VbFfPlHV',$,$,$,$,#7748,#7738,$,$);
#7728=IFCCARTESIANPOINTLIST2D(((0.,0.),(0.,250.),(6000.,250.),(6000.,0.),(0.,0.)));
#7729=IFCINDEXEDPOLYCURVE(#7728,$,.F.);
#7730=IFCDIRECTION((0.,0.,1.));
#7731=IFCARBITRARYCLOSEDPROFILEDEF(.AREA.,$,#7729);
#7732=IFCCARTESIANPOINT((0.,0.,0.));
#7733=IFCDIRECTION((0.,0.,1.));
#7734=IFCDIRECTION((1.,0.,0.));
#7735=IFCAXIS2PLACEMENT3D(#7732,#7733,#7734);
#7736=IFCEXTRUDEDAREASOLID(#7731,#7735,#7730,-500.);
#7737=IFCSHAPEREPRESENTATION(#11,'Body','SweptSolid',(#7736));
#7738=IFCPRODUCTDEFINITIONSHAPE($,$,(#7737));
#7744=IFCCARTESIANPOINT((6000.,-125.,6000.));
#7745=IFCDIRECTION((0.,0.,1.));
#7746=IFCDIRECTION((1.,0.,0.));
#7747=IFCAXIS2PLACEMENT3D(#7744,#7745,#7746);
#7748=IFCLOCALPLACEMENT($,#7747);
#7749=IFCPROPERTYSET('1yELm6UOz4xP74$Necm3EB',$,'Other',$,(#7751,#7752));
#7750=IFCRELDEFINESBYPROPERTIES('2rM3v2AEPByAlHciq53Oxy',$,$,$,(#7727),#7749);
#7751=IFCPROPERTYSINGLEVALUE('Ax',$,IFCLABEL('0.001'),$);
#7752=IFCPROPERTYSINGLEVALUE('Ay',$,IFCLABEL('0.001'),$);
#7753=IFCBEAM('2BQrvi9dD1jwP_NIk1pI4L',$,$,$,$,#7774,#7764,$,$);
#7754=IFCCARTESIANPOINTLIST2D(((0.,0.),(0.,250.),(6000.,250.),(6000.,0.),(0.,0.)));
#7755=IFCINDEXEDPOLYCURVE(#7754,$,.F.);
#7756=IFCDIRECTION((0.,0.,1.));
#7757=IFCARBITRARYCLOSEDPROFILEDEF(.AREA.,$,#7755);
#7758=IFCCARTESIANPOINT((0.,0.,0.));
#7759=IFCDIRECTION((0.,0.,1.));
#7760=IFCDIRECTION((1.,0.,0.));
#7761=IFCAXIS2PLACEMENT3D(#7758,#7759,#7760);
#7762=IFCEXTRUDEDAREASOLID(#7757,#7761,#7756,-500.);
#7763=IFCSHAPEREPRESENTATION(#11,'Body','SweptSolid',(#7762));
#7764=IFCPRODUCTDEFINITIONSHAPE($,$,(#7763));
#7770=IFCCARTESIANPOINT((12000.,-125.,6000.));
#7771=IFCDIRECTION((0.,0.,1.));
#7772=IFCDIRECTION((1.,0.,0.));
#7773=IFCAXIS2PLACEMENT3D(#7770,#7771,#7772);
#7774=IFCLOCALPLACEMENT($,#7773);
#7775=IFCPROPERTYSET('2Y2tcYnuz0URIWKNCUojuW',$,'Other',$,(#7777,#7778));
#7776=IFCRELDEFINESBYPROPERTIES('2CUUdOP4z5MOI3WF0sUYLx',$,$,$,(#7753),#7775);
#7777=IFCPROPERTYSINGLEVALUE('Ax',$,IFCLABEL('0.001'),$);
#7778=IFCPROPERTYSINGLEVALUE('Ay',$,IFCLABEL('0.001'),$);
#7779=IFCBEAM('2jPLI318T9Nvrev0gD78RS',$,$,$,$,#7800,#7790,$,$);
#7780=IFCCARTESIANPOINTLIST2D(((0.,0.),(0.,250.),(6000.,250.),(6000.,0.),(0.,0.)));
#7781=IFCINDEXEDPOLYCURVE(#7780,$,.F.);
#7782=IFCDIRECTION((0.,0.,1.));
#7783=IFCARBITRARYCLOSEDPROFILEDEF(.AREA.,$,#7781);
#7784=IFCCARTESIANPOINT((0.,0.,0.));
#7785=IFCDIRECTION((0.,0.,1.));
#7786=IFCDIRECTION((1.,0.,0.));
#7787=IFCAXIS2PLACEMENT3D(#7784,#7785,#7786);
#7788=IFCEXTRUDEDAREASOLID(#7783,#7787,#7782,-500.);
#7789=IFCSHAPEREPRESENTATION(#11,'Body','SweptSolid',(#7788));
#7790=IFCPRODUCTDEFINITIONSHAPE($,$,(#7789));
#7796=IFCCARTESIANPOINT((18000.,-125.,6000.));
#7797=IFCDIRECTION((0.,0.,1.));
#7798=IFCDIRECTION((1.,0.,0.));
#7799=IFCAXIS2PLACEMENT3D(#7796,#7797,#7798);
#7800=IFCLOCALPLACEMENT($,#7799);
#7801=IFCPROPERTYSET('3dnalvXav8UhNeL23wtcn$',$,'Other',$,(#7803,#7804));
#7802=IFCRELDEFINESBYPROPERTIES('0T3xF90453RRQibMLo3a2Y',$,$,$,(#7779),#7801);
#7803=IFCPROPERTYSINGLEVALUE('Ax',$,IFCLABEL('0.001'),$);
#7804=IFCPROPERTYSINGLEVALUE('Ay',$,IFCLABEL('0.001'),$);
#7805=IFCBEAM('1mZeWfkWb5bxhuBZ8WgQrN',$,$,$,$,#7826,#7816,$,$);
#7806=IFCCARTESIANPOINTLIST2D(((0.,0.),(0.,250.),(6000.,250.),(6000.,0.),(0.,0.)));
#7807=IFCINDEXEDPOLYCURVE(#7806,$,.F.);
#7808=IFCDIRECTION((0.,0.,1.));
#7809=IFCARBITRARYCLOSEDPROFILEDEF(.AREA.,$,#7807);
#7810=IFCCARTESIANPOINT((0.,0.,0.));
#7811=IFCDIRECTION((0.,0.,1.));
#7812=IFCDIRECTION((1.,0.,0.));
#7813=IFCAXIS2PLACEMENT3D(#7810,#7811,#7812);
#7814=IFCEXTRUDEDAREASOLID(#7809,#7813,#7808,-500.);
#7815=IFCSHAPEREPRESENTATION(#11,'Body','SweptSolid',(#7814));
#7816=IFCPRODUCTDEFINITIONSHAPE($,$,(#7815));
#7822=IFCCARTESIANPOINT((0.,5875.,6000.));
#7823=IFCDIRECTION((0.,0.,1.));
#7824=IFCDIRECTION((1.,0.,0.));
#7825=IFCAXIS2PLACEMENT3D(#7822,#7823,#7824);
#7826=IFCLOCALPLACEMENT($,#7825);
#7827=IFCPROPERTYSET('2wKtNtciL3Pvu_FWainS2Q',$,'Other',$,(#7829,#7830));
#7828=IFCRELDEFINESBYPROPERTIES('3dp7O41vfDFwF$LFsGIGTe',$,$,$,(#7805),#7827);
#7829=IFCPROPERTYSINGLEVALUE('Ax',$,IFCLABEL('0.001'),$);
#7830=IFCPROPERTYSINGLEVALUE('Ay',$,IFCLABEL('0.001'),$);
#7831=IFCBEAM('1CoY3bJm52yetwc2dR3WPt',$,$,$,$,#7852,#7842,$,$);
#7832=IFCCARTESIANPOINTLIST2D(((0.,0.),(0.,250.),(6000.,250.),(6000.,0.),(0.,0.)));
#7833=IFCINDEXEDPOLYCURVE(#7832,$,.F.);
#7834=IFCDIRECTION((0.,0.,1.));
#7835=IFCARBITRARYCLOSEDPROFILEDEF(.AREA.,$,#7833);
#7836=IFCCARTESIANPOINT((0.,0.,0.));
#7837=IFCDIRECTION((0.,0.,1.));
#7838=IFCDIRECTION((1.,0.,0.));
#7839=IFCAXIS2PLACEMENT3D(#7836,#7837,#7838);
#7840=IFCEXTRUDEDAREASOLID(#7835,#7839,#7834,-500.);
#7841=IFCSHAPEREPRESENTATION(#11,'Body','SweptSolid',(#7840));
#7842=IFCPRODUCTDEFINITIONSHAPE($,$,(#7841));
#7848=IFCCARTESIANPOINT((6000.,5875.,6000.));
#7849=IFCDIRECTION((0.,0.,1.));
#7850=IFCDIRECTION((1.,0.,0.));
#7851=IFCAXIS2PLACEMENT3D(#7848,#7849,#7850);
#7852=IFCLOCALPLACEMENT($,#7851);
#7853=IFCPROPERTYSET('2LwfzwbE1B5gczYu1T2Aos',$,'Other',$,(#7855,#7856));
#7854=IFCRELDEFINESBYPROPERTIES('1cRUnWDrn1YvNjlIcADFWV',$,$,$,(#7831),#7853);
#7855=IFCPROPERTYSINGLEVALUE('Ax',$,IFCLABEL('0.001'),$);
#7856=IFCPROPERTYSINGLEVALUE('Ay',$,IFCLABEL('0.001'),$);
#7857=IFCBEAM('2iDBcoqeX1$g25eysz96_V',$,$,$,$,#7878,#7868,$,$);
#7858=IFCCARTESIANPOINTLIST2D(((0.,0.),(0.,250.),(6000.,250.),(6000.,0.),(0.,0.)));
#7859=IFCINDEXEDPOLYCURVE(#7858,$,.F.);
#7860=IFCDIRECTION((0.,0.,1.));
#7861=IFCARBITRARYCLOSEDPROFILEDEF(.AREA.,$,#7859);
#7862=IFCCARTESIANPOINT((0.,0.,0.));
#7863=IFCDIRECTION((0.,0.,1.));
#7864=IFCDIRECTION((1.,0.,0.));
#7865=IFCAXIS2PLACEMENT3D(#7862,#7863,#7864);
#7866=IFCEXTRUDEDAREASOLID(#7861,#7865,#7860,-500.);
#7867=IFCSHAPEREPRESENTATION(#11,'Body','SweptSolid',(#7866));
#7868=IFCPRODUCTDEFINITIONSHAPE($,$,(#7867));
#7874=IFCCARTESIANPOINT((12000.,5875.,6000.));
#7875=IFCDIRECTION((0.,0.,1.));
#7876=IFCDIRECTION((1.,0.,0.));
#7877=IFCAXIS2PLACEMENT3D(#7874,#7875,#7876);
#7878=IFCLOCALPLACEMENT($,#7877);
#7879=IFCPROPERTYSET('1KZeRsFsbFA9arYp$jhpXw',$,'Other',$,(#7881,#7882));
#7880=IFCRELDEFINESBYPROPERTIES('0DkP_Ri5z7JPZHGD_GDFzc',$,$,$,(#7857),#7879);
#7881=IFCPROPERTYSINGLEVALUE('Ax',$,IFCLABEL('0.001'),$);
#7882=IFCPROPERTYSINGLEVALUE('Ay',$,IFCLABEL('0.001'),$);
#7883=IFCBEAM('2J2P_RhYb4DBwLwcbAVGBg',$,$,$,$,#7904,#7894,$,$);
#7884=IFCCARTESIANPOINTLIST2D(((0.,0.),(0.,250.),(6000.,250.),(6000.,0.),(0.,0.)));
#7885=IFCINDEXEDPOLYCURVE(#7884,$,.F.);
#7886=IFCDIRECTION((0.,0.,1.));
#7887=IFCARBITRARYCLOSEDPROFILEDEF(.AREA.,$,#7885);
#7888=IFCCARTESIANPOINT((0.,0.,0.));
#7889=IFCDIRECTION((0.,0.,1.));
#7890=IFCDIRECTION((1.,0.,0.));
#7891=IFCAXIS2PLACEMENT3D(#7888,#7889,#7890);
#7892=IFCEXTRUDEDAREASOLID(#7887,#7891,#7886,-500.);
#7893=IFCSHAPEREPRESENTATION(#11,'Body','SweptSolid',(#7892));
#7894=IFCPRODUCTDEFINITIONSHAPE($,$,(#7893));
#7900=IFCCARTESIANPOINT((18000.,5875.,6000.));
#7901=IFCDIRECTION((0.,0.,1.));
#7902=IFCDIRECTION((1.,0.,0.));
#7903=IFCAXIS2PLACEMENT3D(#7900,#7901,#7902);
#7904=IFCLOCALPLACEMENT($,#7903);
#7905=IFCPROPERTYSET('0BL_y3kCL37vnMbTHh$Fjj',$,'Other',$,(#7907,#7908));
#7906=IFCRELDEFINESBYPROPERTIES('0dQ5TMrYv8Cvjc_2FFBhvm',$,$,$,(#7883),#7905);
#7907=IFCPROPERTYSINGLEVALUE('Ax',$,IFCLABEL('0.001'),$);
#7908=IFCPROPERTYSINGLEVALUE('Ay',$,IFCLABEL('0.001'),$);
#7909=IFCBEAM('1KLAPQwnT6mBgiSfhS7aUt',$,$,$,$,#7930,#7920,$,$);
#7910=IFCCARTESIANPOINTLIST2D(((0.,0.),(0.,250.),(6000.,250.),(6000.,0.),(0.,0.)));
#7911=IFCINDEXEDPOLYCURVE(#7910,$,.F.);
#7912=IFCDIRECTION((0.,0.,1.));
#7913=IFCARBITRARYCLOSEDPROFILEDEF(.AREA.,$,#7911);
#7914=IFCCARTESIANPOINT((0.,0.,0.));
#7915=IFCDIRECTION((0.,0.,1.));
#7916=IFCDIRECTION((1.,0.,0.));
#7917=IFCAXIS2PLACEMENT3D(#7914,#7915,#7916);
#7918=IFCEXTRUDEDAREASOLID(#7913,#7917,#7912,-500.);
#7919=IFCSHAPEREPRESENTATION(#11,'Body','SweptSolid',(#7918));
#7920=IFCPRODUCTDEFINITIONSHAPE($,$,(#7919));
#7926=IFCCARTESIANPOINT((24000.,5875.,6000.));
#7927=IFCDIRECTION((0.,0.,1.));
#7928=IFCDIRECTION((1.,0.,0.));
#7929=IFCAXIS2PLACEMENT3D(#7926,#7927,#7928);
#7930=IFCLOCALPLACEMENT($,#7929);
#7931=IFCPROPERTYSET('3zJYigTbn8TxuFNVcx3GMM',$,'Other',$,(#7933,#7934));
#7932=IFCRELDEFINESBYPROPERTIES('1VTckvHZ54avHrdCDFYDCT',$,$,$,(#7909),#7931);
#7933=IFCPROPERTYSINGLEVALUE('Ax',$,IFCLABEL('0.001'),$);
#7934=IFCPROPERTYSINGLEVALUE('Ay',$,IFCLABEL('0.001'),$);
#7935=IFCBEAM('128ZMCzF9BGgA5OJHgsnQa',$,$,$,$,#7956,#7946,$,$);
#7936=IFCCARTESIANPOINTLIST2D(((0.,0.),(0.,250.),(6000.,250.),(6000.,0.),(0.,0.)));
#7937=IFCINDEXEDPOLYCURVE(#7936,$,.F.);
#7938=IFCDIRECTION((0.,0.,1.));
#7939=IFCARBITRARYCLOSEDPROFILEDEF(.AREA.,$,#7937);
#7940=IFCCARTESIANPOINT((0.,0.,0.));
#7941=IFCDIRECTION((0.,0.,1.));
#7942=IFCDIRECTION((1.,0.,0.));
#7943=IFCAXIS2PLACEMENT3D(#7940,#7941,#7942);
#7944=IFCEXTRUDEDAREASOLID(#7939,#7943,#7938,-500.);
#7945=IFCSHAPEREPRESENTATION(#11,'Body','SweptSolid',(#7944));
#7946=IFCPRODUCTDEFINITIONSHAPE($,$,(#7945));
#7952=IFCCARTESIANPOINT((0.,11875.,6000.));
#7953=IFCDIRECTION((0.,0.,1.));
#7954=IFCDIRECTION((1.,0.,0.));
#7955=IFCAXIS2PLACEMENT3D(#7952,#7953,#7954);
#7956=IFCLOCALPLACEMENT($,#7955);
#7957=IFCPROPERTYSET('2tCG3NqtD3uPxyrE1gmRXD',$,'Other',$,(#7959,#7960));
#7958=IFCRELDEFINESBYPROPERTIES('1V938anNr7Evx51JS$tOyT',$,$,$,(#7935),#7957);
#7959=IFCPROPERTYSINGLEVALUE('Ax',$,IFCLABEL('0.001'),$);
#7960=IFCPROPERTYSINGLEVALUE('Ay',$,IFCLABEL('0.001'),$);
#7961=IFCBEAM('0QV56zZ1P9ORuus4QMOc0y',$,$,$,$,#7982,#7972,$,$);
#7962=IFCCARTESIANPOINTLIST2D(((0.,0.),(0.,250.),(6000.,250.),(6000.,0.),(0.,0.)));
#7963=IFCINDEXEDPOLYCURVE(#7962,$,.F.);
#7964=IFCDIRECTION((0.,0.,1.));
#7965=IFCARBITRARYCLOSEDPROFILEDEF(.AREA.,$,#7963);
#7966=IFCCARTESIANPOINT((0.,0.,0.));
#7967=IFCDIRECTION((0.,0.,1.));
#7968=IFCDIRECTION((1.,0.,0.));
#7969=IFCAXIS2PLACEMENT3D(#7966,#7967,#7968);
#7970=IFCEXTRUDEDAREASOLID(#7965,#7969,#7964,-500.);
#7971=IFCSHAPEREPRESENTATION(#11,'Body','SweptSolid',(#7970));
#7972=IFCPRODUCTDEFINITIONSHAPE($,$,(#7971));
#7978=IFCCARTESIANPOINT((6000.,11875.,6000.));
#7979=IFCDIRECTION((0.,0.,1.));
#7980=IFCDIRECTION((1.,0.,0.));
#7981=IFCAXIS2PLACEMENT3D(#7978,#7979,#7980);
#7982=IFCLOCALPLACEMENT($,#7981);
#7983=IFCPROPERTYSET('3A81raF3D2hwjFHy87Nnds',$,'Other',$,(#7985,#7986));
#7984=IFCRELDEFINESBYPROPERTIES('1ENpc7U5f4V8gK58Ln49XR',$,$,$,(#7961),#7983);
#7985=IFCPROPERTYSINGLEVALUE('Ax',$,IFCLABEL('0.001'),$);
#7986=IFCPROPERTYSINGLEVALUE('Ay',$,IFCLABEL('0.001'),$);
#7987=IFCBEAM('3MJBdOttD9h8DsBvsoQj66',$,$,$,$,#8008,#7998,$,$);
#7988=IFCCARTESIANPOINTLIST2D(((0.,0.),(0.,250.),(6000.,250.),(6000.,0.),(0.,0.)));
#7989=IFCINDEXEDPOLYCURVE(#7988,$,.F.);
#7990=IFCDIRECTION((0.,0.,1.));
#7991=IFCARBITRARYCLOSEDPROFILEDEF(.AREA.,$,#7989);
#7992=IFCCARTESIANPOINT((0.,0.,0.));
#7993=IFCDIRECTION((0.,0.,1.));
#7994=IFCDIRECTION((1.,0.,0.));
#7995=IFCAXIS2PLACEMENT3D(#7992,#7993,#7994);
#7996=IFCEXTRUDEDAREASOLID(#7991,#7995,#7990,-500.);
#7997=IFCSHAPEREPRESENTATION(#11,'Body','SweptSolid',(#7996));
#7998=IFCPRODUCTDEFINITIONSHAPE($,$,(#7997));
#8004=IFCCARTESIANPOINT((12000.,11875.,6000.));
#8005=IFCDIRECTION((0.,0.,1.));
#8006=IFCDIRECTION((1.,0.,0.));
#8007=IFCAXIS2PLACEMENT3D(#8004,#8005,#8006);
#8008=IFCLOCALPLACEMENT($,#8007);
#8009=IFCPROPERTYSET('1m7GHdsCz85Amyr7H71anE',$,'Other',$,(#8011,#8012));
#8010=IFCRELDEFINESBYPROPERTIES('0UjAFTyGv9wOxairmVZAus',$,$,$,(#7987),#8009);
#8011=IFCPROPERTYSINGLEVALUE('Ax',$,IFCLABEL('0.001'),$);
#8012=IFCPROPERTYSINGLEVALUE('Ay',$,IFCLABEL('0.001'),$);
#8013=IFCBEAM('0Y0VbYs8n1Ce9F0$PcLlJQ',$,$,$,$,#8034,#8024,$,$);
#8014=IFCCARTESIANPOINTLIST2D(((0.,0.),(0.,250.),(6000.,250.),(6000.,0.),(0.,0.)));
#8015=IFCINDEXEDPOLYCURVE(#8014,$,.F.);
#8016=IFCDIRECTION((0.,0.,1.));
#8017=IFCARBITRARYCLOSEDPROFILEDEF(.AREA.,$,#8015);
#8018=IFCCARTESIANPOINT((0.,0.,0.));
#8019=IFCDIRECTION((0.,0.,1.));
#8020=IFCDIRECTION((1.,0.,0.));
#8021=IFCAXIS2PLACEMENT3D(#8018,#8019,#8020);
#8022=IFCEXTRUDEDAREASOLID(#8017,#8021,#8016,-500.);
#8023=IFCSHAPEREPRESENTATION(#11,'Body','SweptSolid',(#8022));
#8024=IFCPRODUCTDEFINITIONSHAPE($,$,(#8023));
#8030=IFCCARTESIANPOINT((18000.,11875.,6000.));
#8031=IFCDIRECTION((0.,0.,1.));
#8032=IFCDIRECTION((1.,0.,0.));
#8033=IFCAXIS2PLACEMENT3D(#8030,#8031,#8032);
#8034=IFCLOCALPLACEMENT($,#8033);
#8035=IFCPROPERTYSET('3ktmI9S1fBnePIBmFSddKX',$,'Other',$,(#8037,#8038));
#8036=IFCRELDEFINESBYPROPERTIES('2lBkERge9ANQDiaTKft5JJ',$,$,$,(#8013),#8035);
#8037=IFCPROPERTYSINGLEVALUE('Ax',$,IFCLABEL('0.001'),$);
#8038=IFCPROPERTYSINGLEVALUE('Ay',$,IFCLABEL('0.001'),$);
#8039=IFCBEAM('3B_L$gS3jDBxm_COMJdgwe',$,$,$,$,#8060,#8050,$,$);
#8040=IFCCARTESIANPOINTLIST2D(((0.,0.),(0.,250.),(6000.,250.),(6000.,0.),(0.,0.)));
#8041=IFCINDEXEDPOLYCURVE(#8040,$,.F.);
#8042=IFCDIRECTION((0.,0.,1.));
#8043=IFCARBITRARYCLOSEDPROFILEDEF(.AREA.,$,#8041);
#8044=IFCCARTESIANPOINT((0.,0.,0.));
#8045=IFCDIRECTION((0.,0.,1.));
#8046=IFCDIRECTION((1.,0.,0.));
#8047=IFCAXIS2PLACEMENT3D(#8044,#8045,#8046);
#8048=IFCEXTRUDEDAREASOLID(#8043,#8047,#8042,-500.);
#8049=IFCSHAPEREPRESENTATION(#11,'Body','SweptSolid',(#8048));
#8050=IFCPRODUCTDEFINITIONSHAPE($,$,(#8049));
#8056=IFCCARTESIANPOINT((0.,17875.,6000.));
#8057=IFCDIRECTION((0.,0.,1.));
#8058=IFCDIRECTION((1.,0.,0.));
#8059=IFCAXIS2PLACEMENT3D(#8056,#8057,#8058);
#8060=IFCLOCALPLACEMENT($,#8059);
#8061=IFCPROPERTYSET('0TNZbnFjzEdBw8oIFl$ewc',$,'Other',$,(#8063,#8064));
#8062=IFCRELDEFINESBYPROPERTIES('24v705zJ52Nf1wRWVG2uto',$,$,$,(#8039),#8061);
#8063=IFCPROPERTYSINGLEVALUE('Ax',$,IFCLABEL('0.001'),$);
#8064=IFCPROPERTYSINGLEVALUE('Ay',$,IFCLABEL('0.001'),$);
#8065=IFCBEAM('200ucZkVH1lhukFQ7BGlvV',$,$,$,$,#8086,#8076,$,$);
#8066=IFCCARTESIANPOINTLIST2D(((0.,0.),(0.,250.),(6000.,250.),(6000.,0.),(0.,0.)));
#8067=IFCINDEXEDPOLYCURVE(#8066,$,.F.);
#8068=IFCDIRECTION((0.,0.,1.));
#8069=IFCARBITRARYCLOSEDPROFILEDEF(.AREA.,$,#8067);
#8070=IFCCARTESIANPOINT((0.,0.,0.));
#8071=IFCDIRECTION((0.,0.,1.));
#8072=IFCDIRECTION((1.,0.,0.));
#8073=IFCAXIS2PLACEMENT3D(#8070,#8071,#8072);
#8074=IFCEXTRUDEDAREASOLID(#8069,#8073,#8068,-500.);
#8075=IFCSHAPEREPRESENTATION(#11,'Body','SweptSolid',(#8074));
#8076=IFCPRODUCTDEFINITIONSHAPE($,$,(#8075));
#8082=IFCCARTESIANPOINT((6000.,17875.,6000.));
#8083=IFCDIRECTION((0.,0.,1.));
#8084=IFCDIRECTION((1.,0.,0.));
#8085=IFCAXIS2PLACEMENT3D(#8082,#8083,#8084);
#8086=IFCLOCALPLACEMENT($,#8085);
#8087=IFCPROPERTYSET('2_g3JlMwrENR6$5yzFqjmJ',$,'Other',$,(#8089,#8090));
#8088=IFCRELDEFINESBYPROPERTIES('28kFZNvrnChRe_krKzxt5w',$,$,$,(#8065),#8087);
#8089=IFCPROPERTYSINGLEVALUE('Ax',$,IFCLABEL('0.001'),$);
#8090=IFCPROPERTYSINGLEVALUE('Ay',$,IFCLABEL('0.001'),$);
#8091=IFCBEAM('1a0z85fMr8$B73jho89G8R',$,$,$,$,#8112,#8102,$,$);
#8092=IFCCARTESIANPOINTLIST2D(((0.,0.),(0.,250.),(6000.,250.),(6000.,0.),(0.,0.)));
#8093=IFCINDEXEDPOLYCURVE(#8092,$,.F.);
#8094=IFCDIRECTION((0.,0.,1.));
#8095=IFCARBITRARYCLOSEDPROFILEDEF(.AREA.,$,#8093);
#8096=IFCCARTESIANPOINT((0.,0.,0.));
#8097=IFCDIRECTION((0.,0.,1.));
#8098=IFCDIRECTION((1.,0.,0.));
#8099=IFCAXIS2PLACEMENT3D(#8096,#8097,#8098);
#8100=IFCEXTRUDEDAREASOLID(#8095,#8099,#8094,-500.);
#8101=IFCSHAPEREPRESENTATION(#11,'Body','SweptSolid',(#8100));
#8102=IFCPRODUCTDEFINITIONSHAPE($,$,(#8101));
#8108=IFCCARTESIANPOINT((12000.,17875.,6000.));
#8109=IFCDIRECTION((0.,0.,1.));
#8110=IFCDIRECTION((1.,0.,0.));
#8111=IFCAXIS2PLACEMENT3D(#8108,#8109,#8110);
#8112=IFCLOCALPLACEMENT($,#8111);
#8113=IFCPROPERTYSET('3Ax5gXJCn9zRk$bHJ2$l1P',$,'Other',$,(#8115,#8116));
#8114=IFCRELDEFINESBYPROPERTIES('0KpM1fio52vxVADhrlascc',$,$,$,(#8091),#8113);
#8115=IFCPROPERTYSINGLEVALUE('Ax',$,IFCLABEL('0.001'),$);
#8116=IFCPROPERTYSINGLEVALUE('Ay',$,IFCLABEL('0.001'),$);
#8117=IFCBEAM('0pMJvtxXP2ROR3R7vi1LcQ',$,$,$,$,#8138,#8128,$,$);
#8118=IFCCARTESIANPOINTLIST2D(((0.,0.),(0.,250.),(6000.,250.),(6000.,0.),(0.,0.)));
#8119=IFCINDEXEDPOLYCURVE(#8118,$,.F.);
#8120=IFCDIRECTION((0.,0.,1.));
#8121=IFCARBITRARYCLOSEDPROFILEDEF(.AREA.,$,#8119);
#8122=IFCCARTESIANPOINT((0.,0.,0.));
#8123=IFCDIRECTION((0.,0.,1.));
#8124=IFCDIRECTION((1.,0.,0.));
#8125=IFCAXIS2PLACEMENT3D(#8122,#8123,#8124);
#8126=IFCEXTRUDEDAREASOLID(#8121,#8125,#8120,-500.);
#8127=IFCSHAPEREPRESENTATION(#11,'Body','SweptSolid',(#8126));
#8128=IFCPRODUCTDEFINITIONSHAPE($,$,(#8127));
#8134=IFCCARTESIANPOINT((18000.,17875.,6000.));
#8135=IFCDIRECTION((0.,0.,1.));
#8136=IFCDIRECTION((1.,0.,0.));
#8137=IFCAXIS2PLACEMENT3D(#8134,#8135,#8136);
#8138=IFCLOCALPLACEMENT($,#8137);
#8139=IFCPROPERTYSET('1oSO0otTf0feMEfK8O0hFG',$,'Other',$,(#8141,#8142));
#8140=IFCRELDEFINESBYPROPERTIES('3irGVBGLzCvPq4K83suX57',$,$,$,(#8117),#8139);
#8141=IFCPROPERTYSINGLEVALUE('Ax',$,IFCLABEL('0.001'),$);
#8142=IFCPROPERTYSINGLEVALUE('Ay',$,IFCLABEL('0.001'),$);
#8143=IFCBEAM('2LPI5IhTLFGQ$LbXVG7skp',$,$,$,$,#8164,#8154,$,$);
#8144=IFCCARTESIANPOINTLIST2D(((0.,0.),(0.,250.),(6000.,250.),(6000.,0.),(0.,0.)));
#8145=IFCINDEXEDPOLYCURVE(#8144,$,.F.);
#8146=IFCDIRECTION((0.,0.,1.));
#8147=IFCARBITRARYCLOSEDPROFILEDEF(.AREA.,$,#8145);
#8148=IFCCARTESIANPOINT((0.,0.,0.));
#8149=IFCDIRECTION((0.,0.,1.));
#8150=IFCDIRECTION((1.,0.,0.));
#8151=IFCAXIS2PLACEMENT3D(#8148,#8149,#8150);
#8152=IFCEXTRUDEDAREASOLID(#8147,#8151,#8146,-500.);
#8153=IFCSHAPEREPRESENTATION(#11,'Body','SweptSolid',(#8152));
#8154=IFCPRODUCTDEFINITIONSHAPE($,$,(#8153));
#8160=IFCCARTESIANPOINT((24000.,17875.,6000.));
#8161=IFCDIRECTION((0.,0.,1.));
#8162=IFCDIRECTION((1.,0.,0.));
#8163=IFCAXIS2PLACEMENT3D(#8160,#8161,#8162);
#8164=IFCLOCALPLACEMENT($,#8163);
#8165=IFCPROPERTYSET('3ANOhkv3PCBOlpDuGRnePl',$,'Other',$,(#8167,#8168));
#8166=IFCRELDEFINESBYPROPERTIES('037gnmT4b7eegnSykMXK6D',$,$,$,(#8143),#8165);
#8167=IFCPROPERTYSINGLEVALUE('Ax',$,IFCLABEL('0.001'),$);
#8168=IFCPROPERTYSINGLEVALUE('Ay',$,IFCLABEL('0.001'),$);
#8169=IFCBEAM('3Oqh9_T4bAbh902phNdpCN',$,$,$,$,#8190,#8180,$,$);
#8170=IFCCARTESIANPOINTLIST2D(((0.,0.),(0.,250.),(6000.,250.),(6000.,0.),(0.,0.)));
#8171=IFCINDEXEDPOLYCURVE(#8170,$,.F.);
#8172=IFCDIRECTION((0.,0.,1.));
#8173=IFCARBITRARYCLOSEDPROFILEDEF(.AREA.,$,#8171);
#8174=IFCCARTESIANPOINT((0.,0.,0.));
#8175=IFCDIRECTION((0.,0.,1.));
#8176=IFCDIRECTION((1.,0.,0.));
#8177=IFCAXIS2PLACEMENT3D(#8174,#8175,#8176);
#8178=IFCEXTRUDEDAREASOLID(#8173,#8177,#8172,-400.);
#8179=IFCSHAPEREPRESENTATION(#11,'Body','SweptSolid',(#8178));
#8180=IFCPRODUCTDEFINITIONSHAPE($,$,(#8179));
#8186=IFCCARTESIANPOINT((2875.,18000.,6000.));
#8187=IFCDIRECTION((0.,0.,1.));
#8188=IFCDIRECTION((-1.8369701987210297E-16,-1.,0.));
#8189=IFCAXIS2PLACEMENT3D(#8186,#8187,#8188);
#8190=IFCLOCALPLACEMENT($,#8189);
#8191=IFCPROPERTYSET('0gNVEW7DHB_Pv09xNRXv1S',$,'Other',$,(#8193,#8194));
#8192=IFCRELDEFINESBYPROPERTIES('1UspFYDsX06BuX8jNq2aOC',$,$,$,(#8169),#8191);
#8193=IFCPROPERTYSINGLEVALUE('Ax',$,IFCLABEL('0.001'),$);
#8194=IFCPROPERTYSINGLEVALUE('Ay',$,IFCLABEL('0.001'),$);
#8195=IFCBEAM('0_8FruTbLBP80luorlbzUL',$,$,$,$,#8216,#8206,$,$);
#8196=IFCCARTESIANPOINTLIST2D(((0.,0.),(0.,250.),(6000.,250.),(6000.,0.),(0.,0.)));
#8197=IFCINDEXEDPOLYCURVE(#8196,$,.F.);
#8198=IFCDIRECTION((0.,0.,1.));
#8199=IFCARBITRARYCLOSEDPROFILEDEF(.AREA.,$,#8197);
#8200=IFCCARTESIANPOINT((0.,0.,0.));
#8201=IFCDIRECTION((0.,0.,1.));
#8202=IFCDIRECTION((1.,0.,0.));
#8203=IFCAXIS2PLACEMENT3D(#8200,#8201,#8202);
#8204=IFCEXTRUDEDAREASOLID(#8199,#8203,#8198,-400.);
#8205=IFCSHAPEREPRESENTATION(#11,'Body','SweptSolid',(#8204));
#8206=IFCPRODUCTDEFINITIONSHAPE($,$,(#8205));
#8212=IFCCARTESIANPOINT((2875.,12000.,6000.));
#8213=IFCDIRECTION((0.,0.,1.));
#8214=IFCDIRECTION((-1.8369701987210297E-16,-1.,0.));
#8215=IFCAXIS2PLACEMENT3D(#8212,#8213,#8214);
#8216=IFCLOCALPLACEMENT($,#8215);
#8217=IFCPROPERTYSET('1NQHU_yaTAAQ3waJZYL2vG',$,'Other',$,(#8219,#8220));
#8218=IFCRELDEFINESBYPROPERTIES('3FC65FB$9AKBy__hHBMpqa',$,$,$,(#8195),#8217);
#8219=IFCPROPERTYSINGLEVALUE('Ax',$,IFCLABEL('0.001'),$);
#8220=IFCPROPERTYSINGLEVALUE('Ay',$,IFCLABEL('0.001'),$);
#8221=IFCBEAM('0Vtr3KFb1BFwjjodegsVft',$,$,$,$,#8242,#8232,$,$);
#8222=IFCCARTESIANPOINTLIST2D(((0.,0.),(0.,250.),(6000.,250.),(6000.,0.),(0.,0.)));
#8223=IFCINDEXEDPOLYCURVE(#8222,$,.F.);
#8224=IFCDIRECTION((0.,0.,1.));
#8225=IFCARBITRARYCLOSEDPROFILEDEF(.AREA.,$,#8223);
#8226=IFCCARTESIANPOINT((0.,0.,0.));
#8227=IFCDIRECTION((0.,0.,1.));
#8228=IFCDIRECTION((1.,0.,0.));
#8229=IFCAXIS2PLACEMENT3D(#8226,#8227,#8228);
#8230=IFCEXTRUDEDAREASOLID(#8225,#8229,#8224,-400.);
#8231=IFCSHAPEREPRESENTATION(#11,'Body','SweptSolid',(#8230));
#8232=IFCPRODUCTDEFINITIONSHAPE($,$,(#8231));
#8238=IFCCARTESIANPOINT((8875.,18000.,6000.));
#8239=IFCDIRECTION((0.,0.,1.));
#8240=IFCDIRECTION((-1.8369701987210297E-16,-1.,0.));
#8241=IFCAXIS2PLACEMENT3D(#8238,#8239,#8240);
#8242=IFCLOCALPLACEMENT($,#8241);
#8243=IFCPROPERTYSET('0sqSxGHmv6IfvXvDrh0YZm',$,'Other',$,(#8245,#8246));
#8244=IFCRELDEFINESBYPROPERTIES('1kVjUwDkbCePKMRy4Y_aik',$,$,$,(#8221),#8243);
#8245=IFCPROPERTYSINGLEVALUE('Ax',$,IFCLABEL('0.001'),$);
#8246=IFCPROPERTYSINGLEVALUE('Ay',$,IFCLABEL('0.001'),$);
#8247=IFCBEAM('1Mg1ARLvX4AQtrEUaInoof',$,$,$,$,#8268,#8258,$,$);
#8248=IFCCARTESIANPOINTLIST2D(((0.,0.),(0.,250.),(6000.,250.),(6000.,0.),(0.,0.)));
#8249=IFCINDEXEDPOLYCURVE(#8248,$,.F.);
#8250=IFCDIRECTION((0.,0.,1.));
#8251=IFCARBITRARYCLOSEDPROFILEDEF(.AREA.,$,#8249);
#8252=IFCCARTESIANPOINT((0.,0.,0.));
#8253=IFCDIRECTION((0.,0.,1.));
#8254=IFCDIRECTION((1.,0.,0.));
#8255=IFCAXIS2PLACEMENT3D(#8252,#8253,#8254);
#8256=IFCEXTRUDEDAREASOLID(#8251,#8255,#8250,-400.);
#8257=IFCSHAPEREPRESENTATION(#11,'Body','SweptSolid',(#8256));
#8258=IFCPRODUCTDEFINITIONSHAPE($,$,(#8257));
#8264=IFCCARTESIANPOINT((8875.,12000.,6000.));
#8265=IFCDIRECTION((0.,0.,1.));
#8266=IFCDIRECTION((-1.8369701987210297E-16,-1.,0.));
#8267=IFCAXIS2PLACEMENT3D(#8264,#8265,#8266);
#8268=IFCLOCALPLACEMENT($,#8267);
#8269=IFCPROPERTYSET('1f2ZE7_ZnBFQG8JD6um2u$',$,'Other',$,(#8271,#8272));
#8270=IFCRELDEFINESBYPROPERTIES('0eRBRZghDF_wv5NyWLsXR_',$,$,$,(#8247),#8269);
#8271=IFCPROPERTYSINGLEVALUE('Ax',$,IFCLABEL('0.001'),$);
#8272=IFCPROPERTYSINGLEVALUE('Ay',$,IFCLABEL('0.001'),$);
#8273=IFCBEAM('0vI4Am5kf9PRITWBI_stns',$,$,$,$,#8294,#8284,$,$);
#8274=IFCCARTESIANPOINTLIST2D(((0.,0.),(0.,250.),(6000.,250.),(6000.,0.),(0.,0.)));
#8275=IFCINDEXEDPOLYCURVE(#8274,$,.F.);
#8276=IFCDIRECTION((0.,0.,1.));
#8277=IFCARBITRARYCLOSEDPROFILEDEF(.AREA.,$,#8275);
#8278=IFCCARTESIANPOINT((0.,0.,0.));
#8279=IFCDIRECTION((0.,0.,1.));
#8280=IFCDIRECTION((1.,0.,0.));
#8281=IFCAXIS2PLACEMENT3D(#8278,#8279,#8280);
#8282=IFCEXTRUDEDAREASOLID(#8277,#8281,#8276,-400.);
#8283=IFCSHAPEREPRESENTATION(#11,'Body','SweptSolid',(#8282));
#8284=IFCPRODUCTDEFINITIONSHAPE($,$,(#8283));
#8290=IFCCARTESIANPOINT((14875.,18000.,6000.));
#8291=IFCDIRECTION((0.,0.,1.));
#8292=IFCDIRECTION((-1.8369701987210297E-16,-1.,0.));
#8293=IFCAXIS2PLACEMENT3D(#8290,#8291,#8292);
#8294=IFCLOCALPLACEMENT($,#8293);
#8295=IFCPROPERTYSET('3Qxyy5KHn4qOxzLG0oO4Z1',$,'Other',$,(#8297,#8298));
#8296=IFCRELDEFINESBYPROPERTIES('20AH7ZffH2geoJj_ajMh2D',$,$,$,(#8273),#8295);
#8297=IFCPROPERTYSINGLEVALUE('Ax',$,IFCLABEL('0.001'),$);
#8298=IFCPROPERTYSINGLEVALUE('Ay',$,IFCLABEL('0.001'),$);
#8299=IFCBEAM('1PAqXitXn8QO3ZkKhSp3iG',$,$,$,$,#8320,#8310,$,$);
#8300=IFCCARTESIANPOINTLIST2D(((0.,0.),(0.,250.),(6000.,250.),(6000.,0.),(0.,0.)));
#8301=IFCINDEXEDPOLYCURVE(#8300,$,.F.);
#8302=IFCDIRECTION((0.,0.,1.));
#8303=IFCARBITRARYCLOSEDPROFILEDEF(.AREA.,$,#8301);
#8304=IFCCARTESIANPOINT((0.,0.,0.));
#8305=IFCDIRECTION((0.,0.,1.));
#8306=IFCDIRECTION((1.,0.,0.));
#8307=IFCAXIS2PLACEMENT3D(#8304,#8305,#8306);
#8308=IFCEXTRUDEDAREASOLID(#8303,#8307,#8302,-400.);
#8309=IFCSHAPEREPRESENTATION(#11,'Body','SweptSolid',(#8308));
#8310=IFCPRODUCTDEFINITIONSHAPE($,$,(#8309));
#8316=IFCCARTESIANPOINT((14875.,12000.,6000.));
#8317=IFCDIRECTION((0.,0.,1.));
#8318=IFCDIRECTION((-1.8369701987210297E-16,-1.,0.));
#8319=IFCAXIS2PLACEMENT3D(#8316,#8317,#8318);
#8320=IFCLOCALPLACEMENT($,#8319);
#8321=IFCPROPERTYSET('3AnBNkVzbEewzZwIrSFI21',$,'Other',$,(#8323,#8324));
#8322=IFCRELDEFINESBYPROPERTIES('2p6ymr$Tb57ACBPLJLtprM',$,$,$,(#8299),#8321);
#8323=IFCPROPERTYSINGLEVALUE('Ax',$,IFCLABEL('0.001'),$);
#8324=IFCPROPERTYSINGLEVALUE('Ay',$,IFCLABEL('0.001'),$);
#8325=IFCBEAM('3DU9jpnFn9LB5N92mnVZeI',$,$,$,$,#8346,#8336,$,$);
#8326=IFCCARTESIANPOINTLIST2D(((0.,0.),(0.,250.),(6000.,250.),(6000.,0.),(0.,0.)));
#8327=IFCINDEXEDPOLYCURVE(#8326,$,.F.);
#8328=IFCDIRECTION((0.,0.,1.));
#8329=IFCARBITRARYCLOSEDPROFILEDEF(.AREA.,$,#8327);
#8330=IFCCARTESIANPOINT((0.,0.,0.));
#8331=IFCDIRECTION((0.,0.,1.));
#8332=IFCDIRECTION((1.,0.,0.));
#8333=IFCAXIS2PLACEMENT3D(#8330,#8331,#8332);
#8334=IFCEXTRUDEDAREASOLID(#8329,#8333,#8328,-400.);
#8335=IFCSHAPEREPRESENTATION(#11,'Body','SweptSolid',(#8334));
#8336=IFCPRODUCTDEFINITIONSHAPE($,$,(#8335));
#8342=IFCCARTESIANPOINT((14875.,6000.,6000.));
#8343=IFCDIRECTION((0.,0.,1.));
#8344=IFCDIRECTION((-1.8369701987210297E-16,-1.,0.));
#8345=IFCAXIS2PLACEMENT3D(#8342,#8343,#8344);
#8346=IFCLOCALPLACEMENT($,#8345);
#8347=IFCPROPERTYSET('2i5eddv7rDNgx4g0M10F0C',$,'Other',$,(#8349,#8350));
#8348=IFCRELDEFINESBYPROPERTIES('0zQFUwbKz0DhaOSd9P4$LO',$,$,$,(#8325),#8347);
#8349=IFCPROPERTYSINGLEVALUE('Ax',$,IFCLABEL('0.001'),$);
#8350=IFCPROPERTYSINGLEVALUE('Ay',$,IFCLABEL('0.001'),$);
#8351=IFCBEAM('2Q83Y0vGvEbOkDf30g3yyg',$,$,$,$,#8372,#8362,$,$);
#8352=IFCCARTESIANPOINTLIST2D(((0.,0.),(0.,250.),(6000.,250.),(6000.,0.),(0.,0.)));
#8353=IFCINDEXEDPOLYCURVE(#8352,$,.F.);
#8354=IFCDIRECTION((0.,0.,1.));
#8355=IFCARBITRARYCLOSEDPROFILEDEF(.AREA.,$,#8353);
#8356=IFCCARTESIANPOINT((0.,0.,0.));
#8357=IFCDIRECTION((0.,0.,1.));
#8358=IFCDIRECTION((1.,0.,0.));
#8359=IFCAXIS2PLACEMENT3D(#8356,#8357,#8358);
#8360=IFCEXTRUDEDAREASOLID(#8355,#8359,#8354,-400.);
#8361=IFCSHAPEREPRESENTATION(#11,'Body','SweptSolid',(#8360));
#8362=IFCPRODUCTDEFINITIONSHAPE($,$,(#8361));
#8368=IFCCARTESIANPOINT((20875.,18000.,6000.));
#8369=IFCDIRECTION((0.,0.,1.));
#8370=IFCDIRECTION((-1.8369701987210297E-16,-1.,0.));
#8371=IFCAXIS2PLACEMENT3D(#8368,#8369,#8370);
#8372=IFCLOCALPLACEMENT($,#8371);
#8373=IFCPROPERTYSET('34YWGWIaL16ugu50y4qNzB',$,'Other',$,(#8375,#8376));
#8374=IFCRELDEFINESBYPROPERTIES('3U4DhsiuH6RO8YgO92ySPx',$,$,$,(#8351),#8373);
#8375=IFCPROPERTYSINGLEVALUE('Ax',$,IFCLABEL('0.001'),$);
#8376=IFCPROPERTYSINGLEVALUE('Ay',$,IFCLABEL('0.001'),$);
#8377=IFCBEAM('1X2I4c18j54uDDyMKK18JE',$,$,$,$,#8398,#8388,$,$);
#8378=IFCCARTESIANPOINTLIST2D(((0.,0.),(0.,250.),(6000.,250.),(6000.,0.),(0.,0.)));
#8379=IFCINDEXEDPOLYCURVE(#8378,$,.F.);
#8380=IFCDIRECTION((0.,0.,1.));
#8381=IFCARBITRARYCLOSEDPROFILEDEF(.AREA.,$,#8379);
#8382=IFCCARTESIANPOINT((0.,0.,0.));
#8383=IFCDIRECTION((0.,0.,1.));
#8384=IFCDIRECTION((1.,0.,0.));
#8385=IFCAXIS2PLACEMENT3D(#8382,#8383,#8384);
#8386=IFCEXTRUDEDAREASOLID(#8381,#8385,#8380,-400.);
#8387=IFCSHAPEREPRESENTATION(#11,'Body','SweptSolid',(#8386));
#8388=IFCPRODUCTDEFINITIONSHAPE($,$,(#8387));
#8394=IFCCARTESIANPOINT((20875.,12000.,6000.));
#8395=IFCDIRECTION((0.,0.,1.));
#8396=IFCDIRECTION((-1.8369701987210297E-16,-1.,0.));
#8397=IFCAXIS2PLACEMENT3D(#8394,#8395,#8396);
#8398=IFCLOCALPLACEMENT($,#8397);
#8399=IFCPROPERTYSET('2eksL$HT5DyvQ_Oh5U55tj',$,'Other',$,(#8401,#8402));
#8400=IFCRELDEFINESBYPROPERTIES('1S4ud1XVL9z8dQE3olBqxu',$,$,$,(#8377),#8399);
#8401=IFCPROPERTYSINGLEVALUE('Ax',$,IFCLABEL('0.001'),$);
#8402=IFCPROPERTYSINGLEVALUE('Ay',$,IFCLABEL('0.001'),$);
#8403=IFCBEAM('147aQvNav2hxqMZv8zdxVV',$,$,$,$,#8424,#8414,$,$);
#8404=IFCCARTESIANPOINTLIST2D(((0.,0.),(0.,250.),(6000.,250.),(6000.,0.),(0.,0.)));
#8405=IFCINDEXEDPOLYCURVE(#8404,$,.F.);
#8406=IFCDIRECTION((0.,0.,1.));
#8407=IFCARBITRARYCLOSEDPROFILEDEF(.AREA.,$,#8405);
#8408=IFCCARTESIANPOINT((0.,0.,0.));
#8409=IFCDIRECTION((0.,0.,1.));
#8410=IFCDIRECTION((1.,0.,0.));
#8411=IFCAXIS2PLACEMENT3D(#8408,#8409,#8410);
#8412=IFCEXTRUDEDAREASOLID(#8407,#8411,#8406,-400.);
#8413=IFCSHAPEREPRESENTATION(#11,'Body','SweptSolid',(#8412));
#8414=IFCPRODUCTDEFINITIONSHAPE($,$,(#8413));
#8420=IFCCARTESIANPOINT((20875.,6000.,6000.));
#8421=IFCDIRECTION((0.,0.,1.));
#8422=IFCDIRECTION((-1.8369701987210297E-16,-1.,0.));
#8423=IFCAXIS2PLACEMENT3D(#8420,#8421,#8422);
#8424=IFCLOCALPLACEMENT($,#8423);
#8425=IFCPROPERTYSET('2ZsdRrMxf62eQ4OYvH6pta',$,'Other',$,(#8427,#8428));
#8426=IFCRELDEFINESBYPROPERTIES('2nK7nSfF58yPog33SZVe6S',$,$,$,(#8403),#8425);
#8427=IFCPROPERTYSINGLEVALUE('Ax',$,IFCLABEL('0.001'),$);
#8428=IFCPROPERTYSINGLEVALUE('Ay',$,IFCLABEL('0.001'),$);
#8429=IFCBEAM('3kjN9fNvr0OhugKYxeXofE',$,$,$,$,#8450,#8440,$,$);
#8430=IFCCARTESIANPOINTLIST2D(((0.,0.),(0.,250.),(6000.,250.),(6000.,0.),(0.,0.)));
#8431=IFCINDEXEDPOLYCURVE(#8430,$,.F.);
#8432=IFCDIRECTION((0.,0.,1.));
#8433=IFCARBITRARYCLOSEDPROFILEDEF(.AREA.,$,#8431);
#8434=IFCCARTESIANPOINT((0.,0.,0.));
#8435=IFCDIRECTION((0.,0.,1.));
#8436=IFCDIRECTION((1.,0.,0.));
#8437=IFCAXIS2PLACEMENT3D(#8434,#8435,#8436);
#8438=IFCEXTRUDEDAREASOLID(#8433,#8437,#8432,-400.);
#8439=IFCSHAPEREPRESENTATION(#11,'Body','SweptSolid',(#8438));
#8440=IFCPRODUCTDEFINITIONSHAPE($,$,(#8439));
#8446=IFCCARTESIANPOINT((26875.,18000.,6000.));
#8447=IFCDIRECTION((0.,0.,1.));
#8448=IFCDIRECTION((-1.8369701987210297E-16,-1.,0.));
#8449=IFCAXIS2PLACEMENT3D(#8446,#8447,#8448);
#8450=IFCLOCALPLACEMENT($,#8449);
#8451=IFCPROPERTYSET('1K8Elyt$z07PmDX92XFJOB',$,'Other',$,(#8453,#8454));
#8452=IFCRELDEFINESBYPROPERTIES('1E00QEr_T35enfhT8yQa9g',$,$,$,(#8429),#8451);
#8453=IFCPROPERTYSINGLEVALUE('Ax',$,IFCLABEL('0.001'),$);
#8454=IFCPROPERTYSINGLEVALUE('Ay',$,IFCLABEL('0.001'),$);
#8455=IFCBEAM('3I_fRLHI1DkhMPiYcGQiFW',$,$,$,$,#8476,#8466,$,$);
#8456=IFCCARTESIANPOINTLIST2D(((0.,0.),(0.,250.),(6000.,250.),(6000.,0.),(0.,0.)));
#8457=IFCINDEXEDPOLYCURVE(#8456,$,.F.);
#8458=IFCDIRECTION((0.,0.,1.));
#8459=IFCARBITRARYCLOSEDPROFILEDEF(.AREA.,$,#8457);
#8460=IFCCARTESIANPOINT((0.,0.,0.));
#8461=IFCDIRECTION((0.,0.,1.));
#8462=IFCDIRECTION((1.,0.,0.));
#8463=IFCAXIS2PLACEMENT3D(#8460,#8461,#8462);
#8464=IFCEXTRUDEDAREASOLID(#8459,#8463,#8458,-400.);
#8465=IFCSHAPEREPRESENTATION(#11,'Body','SweptSolid',(#8464));
#8466=IFCPRODUCTDEFINITIONSHAPE($,$,(#8465));
#8472=IFCCARTESIANPOINT((8875.,6000.,6000.));
#8473=IFCDIRECTION((0.,0.,1.));
#8474=IFCDIRECTION((-1.8369701987210297E-16,-1.,0.));
#8475=IFCAXIS2PLACEMENT3D(#8472,#8473,#8474);
#8476=IFCLOCALPLACEMENT($,#8475);
#8477=IFCPROPERTYSET('2XtDlXRtX0OvUsZDaREToL',$,'Other',$,(#8479,#8480));
#8478=IFCRELDEFINESBYPROPERTIES('1B3J2KmcbCnBzrEHcCPup6',$,$,$,(#8455),#8477);
#8479=IFCPROPERTYSINGLEVALUE('Ax',$,IFCLABEL('0.001'),$);
#8480=IFCPROPERTYSINGLEVALUE('Ay',$,IFCLABEL('0.001'),$);
#8481=IFCBEAM('0lluTDglb8B8oJ__DbOZlH',$,$,$,$,#8502,#8492,$,$);
#8482=IFCCARTESIANPOINTLIST2D(((0.,0.),(0.,250.),(6000.,250.),(6000.,0.),(0.,0.)));
#8483=IFCINDEXEDPOLYCURVE(#8482,$,.F.);
#8484=IFCDIRECTION((0.,0.,1.));
#8485=IFCARBITRARYCLOSEDPROFILEDEF(.AREA.,$,#8483);
#8486=IFCCARTESIANPOINT((0.,0.,0.));
#8487=IFCDIRECTION((0.,0.,1.));
#8488=IFCDIRECTION((1.,0.,0.));
#8489=IFCAXIS2PLACEMENT3D(#8486,#8487,#8488);
#8490=IFCEXTRUDEDAREASOLID(#8485,#8489,#8484,-400.);
#8491=IFCSHAPEREPRESENTATION(#11,'Body','SweptSolid',(#8490));
#8492=IFCPRODUCTDEFINITIONSHAPE($,$,(#8491));
#8498=IFCCARTESIANPOINT((2875.,6000.,6000.));
#8499=IFCDIRECTION((0.,0.,1.));
#8500=IFCDIRECTION((-1.8369701987210297E-16,-1.,0.));
#8501=IFCAXIS2PLACEMENT3D(#8498,#8499,#8500);
#8502=IFCLOCALPLACEMENT($,#8501);
#8503=IFCPROPERTYSET('3TbAdkpPr2mfbYGA_UshYT',$,'Other',$,(#8505,#8506));
#8504=IFCRELDEFINESBYPROPERTIES('3OrYtyzXH4zAysuBVckZ26',$,$,$,(#8481),#8503);
#8505=IFCPROPERTYSINGLEVALUE('Ax',$,IFCLABEL('0.001'),$);
#8506=IFCPROPERTYSINGLEVALUE('Ay',$,IFCLABEL('0.001'),$);
#8507=IFCBEAM('2ef4kps3X5WxZg_bAfgVQH',$,$,$,$,#8528,#8518,$,$);
#8508=IFCCARTESIANPOINTLIST2D(((0.,0.),(0.,250.),(6000.,250.),(6000.,0.),(0.,0.)));
#8509=IFCINDEXEDPOLYCURVE(#8508,$,.F.);
#8510=IFCDIRECTION((0.,0.,1.));
#8511=IFCARBITRARYCLOSEDPROFILEDEF(.AREA.,$,#8509);
#8512=IFCCARTESIANPOINT((0.,0.,0.));
#8513=IFCDIRECTION((0.,0.,1.));
#8514=IFCDIRECTION((1.,0.,0.));
#8515=IFCAXIS2PLACEMENT3D(#8512,#8513,#8514);
#8516=IFCEXTRUDEDAREASOLID(#8511,#8515,#8510,-400.);
#8517=IFCSHAPEREPRESENTATION(#11,'Body','SweptSolid',(#8516));
#8518=IFCPRODUCTDEFINITIONSHAPE($,$,(#8517));
#8524=IFCCARTESIANPOINT((26875.,12000.,6000.));
#8525=IFCDIRECTION((0.,0.,1.));
#8526=IFCDIRECTION((-1.8369701987210297E-16,-1.,0.));
#8527=IFCAXIS2PLACEMENT3D(#8524,#8525,#8526);
#8528=IFCLOCALPLACEMENT($,#8527);
#8529=IFCPROPERTYSET('0g0Bi8209DdQj1OR_ny3lu',$,'Other',$,(#8531,#8532));
#8530=IFCRELDEFINESBYPROPERTIES('3Ur7DJnBL5vglZVwP3s3Km',$,$,$,(#8507),#8529);
#8531=IFCPROPERTYSINGLEVALUE('Ax',$,IFCLABEL('0.001'),$);
#8532=IFCPROPERTYSINGLEVALUE('Ay',$,IFCLABEL('0.001'),$);
#8533=IFCBEAM('0tb4vq3T5B0BC7DbV7vawv',$,$,$,$,#8554,#8544,$,$);
#8534=IFCCARTESIANPOINTLIST2D(((0.,0.),(0.,250.),(6000.,250.),(6000.,0.),(0.,0.)));
#8535=IFCINDEXEDPOLYCURVE(#8534,$,.F.);
#8536=IFCDIRECTION((0.,0.,1.));
#8537=IFCARBITRARYCLOSEDPROFILEDEF(.AREA.,$,#8535);
#8538=IFCCARTESIANPOINT((0.,0.,0.));
#8539=IFCDIRECTION((0.,0.,1.));
#8540=IFCDIRECTION((1.,0.,0.));
#8541=IFCAXIS2PLACEMENT3D(#8538,#8539,#8540);
#8542=IFCEXTRUDEDAREASOLID(#8537,#8541,#8536,-400.);
#8543=IFCSHAPEREPRESENTATION(#11,'Body','SweptSolid',(#8542));
#8544=IFCPRODUCTDEFINITIONSHAPE($,$,(#8543));
#8550=IFCCARTESIANPOINT((26875.,6000.,6000.));
#8551=IFCDIRECTION((0.,0.,1.));
#8552=IFCDIRECTION((-1.8369701987210297E-16,-1.,0.));
#8553=IFCAXIS2PLACEMENT3D(#8550,#8551,#8552);
#8554=IFCLOCALPLACEMENT($,#8553);
#8555=IFCPROPERTYSET('13jRSESP18v9k3ycNW3DPa',$,'Other',$,(#8557,#8558));
#8556=IFCRELDEFINESBYPROPERTIES('2xqZ_wdsv0NBgCYGVdmsIP',$,$,$,(#8533),#8555);
#8557=IFCPROPERTYSINGLEVALUE('Ax',$,IFCLABEL('0.001'),$);
#8558=IFCPROPERTYSINGLEVALUE('Ay',$,IFCLABEL('0.001'),$);
#8559=IFCBEAM('2PcDrrjmTF5gXyQjU0eD9o',$,$,$,$,#8580,#8570,$,$);
#8560=IFCCARTESIANPOINTLIST2D(((0.,0.),(0.,250.),(6000.,250.),(6000.,0.),(0.,0.)));
#8561=IFCINDEXEDPOLYCURVE(#8560,$,.F.);
#8562=IFCDIRECTION((0.,0.,1.));
#8563=IFCARBITRARYCLOSEDPROFILEDEF(.AREA.,$,#8561);
#8564=IFCCARTESIANPOINT((0.,0.,0.));
#8565=IFCDIRECTION((0.,0.,1.));
#8566=IFCDIRECTION((1.,0.,0.));
#8567=IFCAXIS2PLACEMENT3D(#8564,#8565,#8566);
#8568=IFCEXTRUDEDAREASOLID(#8563,#8567,#8562,-500.);
#8569=IFCSHAPEREPRESENTATION(#11,'Body','SweptSolid',(#8568));
#8570=IFCPRODUCTDEFINITIONSHAPE($,$,(#8569));
#8576=IFCCARTESIANPOINT((125.,6000.,3000.));
#8577=IFCDIRECTION((0.,0.,1.));
#8578=IFCDIRECTION((6.123233995736766E-17,1.,0.));
#8579=IFCAXIS2PLACEMENT3D(#8576,#8577,#8578);
#8580=IFCLOCALPLACEMENT($,#8579);
#8581=IFCPROPERTYSET('3c3BOO3D1Cfhy$uiTbmKWd',$,'Other',$,(#8583,#8584));
#8582=IFCRELDEFINESBYPROPERTIES('2MMaUYNNr4UvcfPLG93LlZ',$,$,$,(#8559),#8581);
#8583=IFCPROPERTYSINGLEVALUE('Ax',$,IFCLABEL('0.001'),$);
#8584=IFCPROPERTYSINGLEVALUE('Ay',$,IFCLABEL('0.001'),$);
#8585=IFCBEAM('24LeOchw937wL1nveFelBz',$,$,$,$,#8606,#8596,$,$);
#8586=IFCCARTESIANPOINTLIST2D(((0.,0.),(0.,250.),(6000.,250.),(6000.,0.),(0.,0.)));
#8587=IFCINDEXEDPOLYCURVE(#8586,$,.F.);
#8588=IFCDIRECTION((0.,0.,1.));
#8589=IFCARBITRARYCLOSEDPROFILEDEF(.AREA.,$,#8587);
#8590=IFCCARTESIANPOINT((0.,0.,0.));
#8591=IFCDIRECTION((0.,0.,1.));
#8592=IFCDIRECTION((1.,0.,0.));
#8593=IFCAXIS2PLACEMENT3D(#8590,#8591,#8592);
#8594=IFCEXTRUDEDAREASOLID(#8589,#8593,#8588,-500.);
#8595=IFCSHAPEREPRESENTATION(#11,'Body','SweptSolid',(#8594));
#8596=IFCPRODUCTDEFINITIONSHAPE($,$,(#8595));
#8602=IFCCARTESIANPOINT((125.,12000.,3000.));
#8603=IFCDIRECTION((0.,0.,1.));
#8604=IFCDIRECTION((6.123233995736766E-17,1.,0.));
#8605=IFCAXIS2PLACEMENT3D(#8602,#8603,#8604);
#8606=IFCLOCALPLACEMENT($,#8605);
#8607=IFCPROPERTYSET('2ejPgX3fHE5haw0bXiURLN',$,'Other',$,(#8609,#8610));
#8608=IFCRELDEFINESBYPROPERTIES('3M5e3xFDrDOOWoVt7yFVPN',$,$,$,(#8585),#8607);
#8609=IFCPROPERTYSINGLEVALUE('Ax',$,IFCLABEL('0.001'),$);
#8610=IFCPROPERTYSINGLEVALUE('Ay',$,IFCLABEL('0.001'),$);
#8611=IFCBEAM('3elGXbxer6L9rhxtg2eRMO',$,$,$,$,#8632,#8622,$,$);
#8612=IFCCARTESIANPOINTLIST2D(((0.,0.),(0.,250.),(6000.,250.),(6000.,0.),(0.,0.)));
#8613=IFCINDEXEDPOLYCURVE(#8612,$,.F.);
#8614=IFCDIRECTION((0.,0.,1.));
#8615=IFCARBITRARYCLOSEDPROFILEDEF(.AREA.,$,#8613);
#8616=IFCCARTESIANPOINT((0.,0.,0.));
#8617=IFCDIRECTION((0.,0.,1.));
#8618=IFCDIRECTION((1.,0.,0.));
#8619=IFCAXIS2PLACEMENT3D(#8616,#8617,#8618);
#8620=IFCEXTRUDEDAREASOLID(#8615,#8619,#8614,-500.);
#8621=IFCSHAPEREPRESENTATION(#11,'Body','SweptSolid',(#8620));
#8622=IFCPRODUCTDEFINITIONSHAPE($,$,(#8621));
#8628=IFCCARTESIANPOINT((6125.,6000.,3000.));
#8629=IFCDIRECTION((0.,0.,1.));
#8630=IFCDIRECTION((6.123233995736766E-17,1.,0.));
#8631=IFCAXIS2PLACEMENT3D(#8628,#8629,#8630);
#8632=IFCLOCALPLACEMENT($,#8631);
#8633=IFCPROPERTYSET('2qiWwWGo19Ahz9W1rjdEf9',$,'Other',$,(#8635,#8636));
#8634=IFCRELDEFINESBYPROPERTIES('3aBcYS4Dj5desnBqoFZpAs',$,$,$,(#8611),#8633);
#8635=IFCPROPERTYSINGLEVALUE('Ax',$,IFCLABEL('0.001'),$);
#8636=IFCPROPERTYSINGLEVALUE('Ay',$,IFCLABEL('0.001'),$);
#8637=IFCBEAM('2ucwOjNXzCrw8cu8UVY5Nm',$,$,$,$,#8658,#8648,$,$);
#8638=IFCCARTESIANPOINTLIST2D(((0.,0.),(0.,250.),(6000.,250.),(6000.,0.),(0.,0.)));
#8639=IFCINDEXEDPOLYCURVE(#8638,$,.F.);
#8640=IFCDIRECTION((0.,0.,1.));
#8641=IFCARBITRARYCLOSEDPROFILEDEF(.AREA.,$,#8639);
#8642=IFCCARTESIANPOINT((0.,0.,0.));
#8643=IFCDIRECTION((0.,0.,1.));
#8644=IFCDIRECTION((1.,0.,0.));
#8645=IFCAXIS2PLACEMENT3D(#8642,#8643,#8644);
#8646=IFCEXTRUDEDAREASOLID(#8641,#8645,#8640,-500.);
#8647=IFCSHAPEREPRESENTATION(#11,'Body','SweptSolid',(#8646));
#8648=IFCPRODUCTDEFINITIONSHAPE($,$,(#8647));
#8654=IFCCARTESIANPOINT((6125.,12000.,3000.));
#8655=IFCDIRECTION((0.,0.,1.));
#8656=IFCDIRECTION((6.123233995736766E-17,1.,0.));
#8657=IFCAXIS2PLACEMENT3D(#8654,#8655,#8656);
#8658=IFCLOCALPLACEMENT($,#8657);
#8659=IFCPROPERTYSET('1e53Jfkcz9Og9PaLObchaj',$,'Other',$,(#8661,#8662));
#8660=IFCRELDEFINESBYPROPERTIES('3l43VtUTf9neTF_83ws3fr',$,$,$,(#8637),#8659);
#8661=IFCPROPERTYSINGLEVALUE('Ax',$,IFCLABEL('0.001'),$);
#8662=IFCPROPERTYSINGLEVALUE('Ay',$,IFCLABEL('0.001'),$);
#8663=IFCBEAM('13EsMOym5BbQTQVlaWt4dI',$,$,$,$,#8684,#8674,$,$);
#8664=IFCCARTESIANPOINTLIST2D(((0.,0.),(0.,250.),(6000.,250.),(6000.,0.),(0.,0.)));
#8665=IFCINDEXEDPOLYCURVE(#8664,$,.F.);
#8666=IFCDIRECTION((0.,0.,1.));
#8667=IFCARBITRARYCLOSEDPROFILEDEF(.AREA.,$,#8665);
#8668=IFCCARTESIANPOINT((0.,0.,0.));
#8669=IFCDIRECTION((0.,0.,1.));
#8670=IFCDIRECTION((1.,0.,0.));
#8671=IFCAXIS2PLACEMENT3D(#8668,#8669,#8670);
#8672=IFCEXTRUDEDAREASOLID(#8667,#8671,#8666,-500.);
#8673=IFCSHAPEREPRESENTATION(#11,'Body','SweptSolid',(#8672));
#8674=IFCPRODUCTDEFINITIONSHAPE($,$,(#8673));
#8680=IFCCARTESIANPOINT((12125.,-7.6540424946709578E-15,3000.));
#8681=IFCDIRECTION((0.,0.,1.));
#8682=IFCDIRECTION((6.123233995736766E-17,1.,0.));
#8683=IFCAXIS2PLACEMENT3D(#8680,#8681,#8682);
#8684=IFCLOCALPLACEMENT($,#8683);
#8685=IFCPROPERTYSET('1BZP6a7dH1mvAP0MgWmtaV',$,'Other',$,(#8687,#8688));
#8686=IFCRELDEFINESBYPROPERTIES('1APqhT8B18e9dNWKdIz6US',$,$,$,(#8663),#8685);
#8687=IFCPROPERTYSINGLEVALUE('Ax',$,IFCLABEL('0.001'),$);
#8688=IFCPROPERTYSINGLEVALUE('Ay',$,IFCLABEL('0.001'),$);
#8689=IFCBEAM('2A7RHxlNrChA0SiUx72iH$',$,$,$,$,#8710,#8700,$,$);
#8690=IFCCARTESIANPOINTLIST2D(((0.,0.),(0.,250.),(6000.,250.),(6000.,0.),(0.,0.)));
#8691=IFCINDEXEDPOLYCURVE(#8690,$,.F.);
#8692=IFCDIRECTION((0.,0.,1.));
#8693=IFCARBITRARYCLOSEDPROFILEDEF(.AREA.,$,#8691);
#8694=IFCCARTESIANPOINT((0.,0.,0.));
#8695=IFCDIRECTION((0.,0.,1.));
#8696=IFCDIRECTION((1.,0.,0.));
#8697=IFCAXIS2PLACEMENT3D(#8694,#8695,#8696);
#8698=IFCEXTRUDEDAREASOLID(#8693,#8697,#8692,-500.);
#8699=IFCSHAPEREPRESENTATION(#11,'Body','SweptSolid',(#8698));
#8700=IFCPRODUCTDEFINITIONSHAPE($,$,(#8699));
#8706=IFCCARTESIANPOINT((12125.,6000.,3000.));
#8707=IFCDIRECTION((0.,0.,1.));
#8708=IFCDIRECTION((6.123233995736766E-17,1.,0.));
#8709=IFCAXIS2PLACEMENT3D(#8706,#8707,#8708);
#8710=IFCLOCALPLACEMENT($,#8709);
#8711=IFCPROPERTYSET('3hjHyuXkn2Ze0Umcp5Dl6e',$,'Other',$,(#8713,#8714));
#8712=IFCRELDEFINESBYPROPERTIES('2RY1xVgYjCIQ5_e0L5YK1q',$,$,$,(#8689),#8711);
#8713=IFCPROPERTYSINGLEVALUE('Ax',$,IFCLABEL('0.001'),$);
#8714=IFCPROPERTYSINGLEVALUE('Ay',$,IFCLABEL('0.001'),$);
#8715=IFCBEAM('1_2hObTqD3QwqQcMVubhnC',$,$,$,$,#8736,#8726,$,$);
#8716=IFCCARTESIANPOINTLIST2D(((0.,0.),(0.,250.),(6000.,250.),(6000.,0.),(0.,0.)));
#8717=IFCINDEXEDPOLYCURVE(#8716,$,.F.);
#8718=IFCDIRECTION((0.,0.,1.));
#8719=IFCARBITRARYCLOSEDPROFILEDEF(.AREA.,$,#8717);
#8720=IFCCARTESIANPOINT((0.,0.,0.));
#8721=IFCDIRECTION((0.,0.,1.));
#8722=IFCDIRECTION((1.,0.,0.));
#8723=IFCAXIS2PLACEMENT3D(#8720,#8721,#8722);
#8724=IFCEXTRUDEDAREASOLID(#8719,#8723,#8718,-500.);
#8725=IFCSHAPEREPRESENTATION(#11,'Body','SweptSolid',(#8724));
#8726=IFCPRODUCTDEFINITIONSHAPE($,$,(#8725));
#8732=IFCCARTESIANPOINT((12125.,12000.,3000.));
#8733=IFCDIRECTION((0.,0.,1.));
#8734=IFCDIRECTION((6.123233995736766E-17,1.,0.));
#8735=IFCAXIS2PLACEMENT3D(#8732,#8733,#8734);
#8736=IFCLOCALPLACEMENT($,#8735);
#8737=IFCPROPERTYSET('36VGW81Ab6gBRu1LkNyI9F',$,'Other',$,(#8739,#8740));
#8738=IFCRELDEFINESBYPROPERTIES('3LN7Wjekv8cB1grHWjjHI3',$,$,$,(#8715),#8737);
#8739=IFCPROPERTYSINGLEVALUE('Ax',$,IFCLABEL('0.001'),$);
#8740=IFCPROPERTYSINGLEVALUE('Ay',$,IFCLABEL('0.001'),$);
#8741=IFCBEAM('2cPB1Voc53heFtY$p4aedE',$,$,$,$,#8762,#8752,$,$);
#8742=IFCCARTESIANPOINTLIST2D(((0.,0.),(0.,250.),(6000.,250.),(6000.,0.),(0.,0.)));
#8743=IFCINDEXEDPOLYCURVE(#8742,$,.F.);
#8744=IFCDIRECTION((0.,0.,1.));
#8745=IFCARBITRARYCLOSEDPROFILEDEF(.AREA.,$,#8743);
#8746=IFCCARTESIANPOINT((0.,0.,0.));
#8747=IFCDIRECTION((0.,0.,1.));
#8748=IFCDIRECTION((1.,0.,0.));
#8749=IFCAXIS2PLACEMENT3D(#8746,#8747,#8748);
#8750=IFCEXTRUDEDAREASOLID(#8745,#8749,#8744,-500.);
#8751=IFCSHAPEREPRESENTATION(#11,'Body','SweptSolid',(#8750));
#8752=IFCPRODUCTDEFINITIONSHAPE($,$,(#8751));
#8758=IFCCARTESIANPOINT((18125.,-7.6540424946709578E-15,3000.));
#8759=IFCDIRECTION((0.,0.,1.));
#8760=IFCDIRECTION((6.123233995736766E-17,1.,0.));
#8761=IFCAXIS2PLACEMENT3D(#8758,#8759,#8760);
#8762=IFCLOCALPLACEMENT($,#8761);
#8763=IFCPROPERTYSET('1a_lDdt5L57fOcvF6BAhGH',$,'Other',$,(#8765,#8766));
#8764=IFCRELDEFINESBYPROPERTIES('0O1Ns2PjX4h8LeJYxYnhUs',$,$,$,(#8741),#8763);
#8765=IFCPROPERTYSINGLEVALUE('Ax',$,IFCLABEL('0.001'),$);
#8766=IFCPROPERTYSINGLEVALUE('Ay',$,IFCLABEL('0.001'),$);
#8767=IFCBEAM('1_9BumPS151hpLTYgWPiit',$,$,$,$,#8788,#8778,$,$);
#8768=IFCCARTESIANPOINTLIST2D(((0.,0.),(0.,250.),(6000.,250.),(6000.,0.),(0.,0.)));
#8769=IFCINDEXEDPOLYCURVE(#8768,$,.F.);
#8770=IFCDIRECTION((0.,0.,1.));
#8771=IFCARBITRARYCLOSEDPROFILEDEF(.AREA.,$,#8769);
#8772=IFCCARTESIANPOINT((0.,0.,0.));
#8773=IFCDIRECTION((0.,0.,1.));
#8774=IFCDIRECTION((1.,0.,0.));
#8775=IFCAXIS2PLACEMENT3D(#8772,#8773,#8774);
#8776=IFCEXTRUDEDAREASOLID(#8771,#8775,#8770,-500.);
#8777=IFCSHAPEREPRESENTATION(#11,'Body','SweptSolid',(#8776));
#8778=IFCPRODUCTDEFINITIONSHAPE($,$,(#8777));
#8784=IFCCARTESIANPOINT((18125.,6000.,3000.));
#8785=IFCDIRECTION((0.,0.,1.));
#8786=IFCDIRECTION((6.123233995736766E-17,1.,0.));
#8787=IFCAXIS2PLACEMENT3D(#8784,#8785,#8786);
#8788=IFCLOCALPLACEMENT($,#8787);
#8789=IFCPROPERTYSET('0OHCyJOPT06PDxBx_vES2i',$,'Other',$,(#8791,#8792));
#8790=IFCRELDEFINESBYPROPERTIES('3Gr8K4yYj0wBNSB1URCn0e',$,$,$,(#8767),#8789);
#8791=IFCPROPERTYSINGLEVALUE('Ax',$,IFCLABEL('0.001'),$);
#8792=IFCPROPERTYSINGLEVALUE('Ay',$,IFCLABEL('0.001'),$);
#8793=IFCBEAM('2A$4y2_Tn9qwHRaDpO2GLp',$,$,$,$,#8814,#8804,$,$);
#8794=IFCCARTESIANPOINTLIST2D(((0.,0.),(0.,250.),(6000.,250.),(6000.,0.),(0.,0.)));
#8795=IFCINDEXEDPOLYCURVE(#8794,$,.F.);
#8796=IFCDIRECTION((0.,0.,1.));
#8797=IFCARBITRARYCLOSEDPROFILEDEF(.AREA.,$,#8795);
#8798=IFCCARTESIANPOINT((0.,0.,0.));
#8799=IFCDIRECTION((0.,0.,1.));
#8800=IFCDIRECTION((1.,0.,0.));
#8801=IFCAXIS2PLACEMENT3D(#8798,#8799,#8800);
#8802=IFCEXTRUDEDAREASOLID(#8797,#8801,#8796,-500.);
#8803=IFCSHAPEREPRESENTATION(#11,'Body','SweptSolid',(#8802));
#8804=IFCPRODUCTDEFINITIONSHAPE($,$,(#8803));
#8810=IFCCARTESIANPOINT((18125.,12000.,3000.));
#8811=IFCDIRECTION((0.,0.,1.));
#8812=IFCDIRECTION((6.123233995736766E-17,1.,0.));
#8813=IFCAXIS2PLACEMENT3D(#8810,#8811,#8812);
#8814=IFCLOCALPLACEMENT($,#8813);
#8815=IFCPROPERTYSET('3jwsnwZxH529mOv8kd9ODw',$,'Other',$,(#8817,#8818));
#8816=IFCRELDEFINESBYPROPERTIES('0W1lNoHpDDDQvMU0fYrNMI',$,$,$,(#8793),#8815);
#8817=IFCPROPERTYSINGLEVALUE('Ax',$,IFCLABEL('0.001'),$);
#8818=IFCPROPERTYSINGLEVALUE('Ay',$,IFCLABEL('0.001'),$);
#8819=IFCBEAM('2Tqi2uhEDE5AJmL74yyc59',$,$,$,$,#8840,#8830,$,$);
#8820=IFCCARTESIANPOINTLIST2D(((0.,0.),(0.,250.),(6000.,250.),(6000.,0.),(0.,0.)));
#8821=IFCINDEXEDPOLYCURVE(#8820,$,.F.);
#8822=IFCDIRECTION((0.,0.,1.));
#8823=IFCARBITRARYCLOSEDPROFILEDEF(.AREA.,$,#8821);
#8824=IFCCARTESIANPOINT((0.,0.,0.));
#8825=IFCDIRECTION((0.,0.,1.));
#8826=IFCDIRECTION((1.,0.,0.));
#8827=IFCAXIS2PLACEMENT3D(#8824,#8825,#8826);
#8828=IFCEXTRUDEDAREASOLID(#8823,#8827,#8822,-500.);
#8829=IFCSHAPEREPRESENTATION(#11,'Body','SweptSolid',(#8828));
#8830=IFCPRODUCTDEFINITIONSHAPE($,$,(#8829));
#8836=IFCCARTESIANPOINT((24125.,-7.6540424946709578E-15,3000.));
#8837=IFCDIRECTION((0.,0.,1.));
#8838=IFCDIRECTION((6.123233995736766E-17,1.,0.));
#8839=IFCAXIS2PLACEMENT3D(#8836,#8837,#8838);
#8840=IFCLOCALPLACEMENT($,#8839);
#8841=IFCPROPERTYSET('0y5S0dYJX0D9YRq2lfNEGH',$,'Other',$,(#8843,#8844));
#8842=IFCRELDEFINESBYPROPERTIES('2iDeOADBrDDRCcHvX6RaY_',$,$,$,(#8819),#8841);
#8843=IFCPROPERTYSINGLEVALUE('Ax',$,IFCLABEL('0.001'),$);
#8844=IFCPROPERTYSINGLEVALUE('Ay',$,IFCLABEL('0.001'),$);
#8845=IFCBEAM('0PLbdzAkLAdAQSwImRWyPV',$,$,$,$,#8866,#8856,$,$);
#8846=IFCCARTESIANPOINTLIST2D(((0.,0.),(0.,250.),(6000.,250.),(6000.,0.),(0.,0.)));
#8847=IFCINDEXEDPOLYCURVE(#8846,$,.F.);
#8848=IFCDIRECTION((0.,0.,1.));
#8849=IFCARBITRARYCLOSEDPROFILEDEF(.AREA.,$,#8847);
#8850=IFCCARTESIANPOINT((0.,0.,0.));
#8851=IFCDIRECTION((0.,0.,1.));
#8852=IFCDIRECTION((1.,0.,0.));
#8853=IFCAXIS2PLACEMENT3D(#8850,#8851,#8852);
#8854=IFCEXTRUDEDAREASOLID(#8849,#8853,#8848,-500.);
#8855=IFCSHAPEREPRESENTATION(#11,'Body','SweptSolid',(#8854));
#8856=IFCPRODUCTDEFINITIONSHAPE($,$,(#8855));
#8862=IFCCARTESIANPOINT((24125.,6000.,3000.));
#8863=IFCDIRECTION((0.,0.,1.));
#8864=IFCDIRECTION((6.123233995736766E-17,1.,0.));
#8865=IFCAXIS2PLACEMENT3D(#8862,#8863,#8864);
#8866=IFCLOCALPLACEMENT($,#8865);
#8867=IFCPROPERTYSET('2_wJwbu39DdA$G4qMz4sur',$,'Other',$,(#8869,#8870));
#8868=IFCRELDEFINESBYPROPERTIES('2WLz6kZtf6wRuxp9_97rrO',$,$,$,(#8845),#8867);
#8869=IFCPROPERTYSINGLEVALUE('Ax',$,IFCLABEL('0.001'),$);
#8870=IFCPROPERTYSINGLEVALUE('Ay',$,IFCLABEL('0.001'),$);
#8871=IFCBEAM('1CEqDhl2z0lfVa5_oUUIIx',$,$,$,$,#8892,#8882,$,$);
#8872=IFCCARTESIANPOINTLIST2D(((0.,0.),(0.,250.),(6000.,250.),(6000.,0.),(0.,0.)));
#8873=IFCINDEXEDPOLYCURVE(#8872,$,.F.);
#8874=IFCDIRECTION((0.,0.,1.));
#8875=IFCARBITRARYCLOSEDPROFILEDEF(.AREA.,$,#8873);
#8876=IFCCARTESIANPOINT((0.,0.,0.));
#8877=IFCDIRECTION((0.,0.,1.));
#8878=IFCDIRECTION((1.,0.,0.));
#8879=IFCAXIS2PLACEMENT3D(#8876,#8877,#8878);
#8880=IFCEXTRUDEDAREASOLID(#8875,#8879,#8874,-500.);
#8881=IFCSHAPEREPRESENTATION(#11,'Body','SweptSolid',(#8880));
#8882=IFCPRODUCTDEFINITIONSHAPE($,$,(#8881));
#8888=IFCCARTESIANPOINT((24125.,12000.,3000.));
#8889=IFCDIRECTION((0.,0.,1.));
#8890=IFCDIRECTION((6.123233995736766E-17,1.,0.));
#8891=IFCAXIS2PLACEMENT3D(#8888,#8889,#8890);
#8892=IFCLOCALPLACEMENT($,#8891);
#8893=IFCPROPERTYSET('2$oRPnJvX18gVm7gceYHSq',$,'Other',$,(#8895,#8896));
#8894=IFCRELDEFINESBYPROPERTIES('3qvvXXBfXBaBIVLdFnlqRS',$,$,$,(#8871),#8893);
#8895=IFCPROPERTYSINGLEVALUE('Ax',$,IFCLABEL('0.001'),$);
#8896=IFCPROPERTYSINGLEVALUE('Ay',$,IFCLABEL('0.001'),$);
#8897=IFCBEAM('2_7ffwGyrAIuCAIMd0L20U',$,$,$,$,#8918,#8908,$,$);
#8898=IFCCARTESIANPOINTLIST2D(((0.,0.),(0.,250.),(6000.,250.),(6000.,0.),(0.,0.)));
#8899=IFCINDEXEDPOLYCURVE(#8898,$,.F.);
#8900=IFCDIRECTION((0.,0.,1.));
#8901=IFCARBITRARYCLOSEDPROFILEDEF(.AREA.,$,#8899);
#8902=IFCCARTESIANPOINT((0.,0.,0.));
#8903=IFCDIRECTION((0.,0.,1.));
#8904=IFCDIRECTION((1.,0.,0.));
#8905=IFCAXIS2PLACEMENT3D(#8902,#8903,#8904);
#8906=IFCEXTRUDEDAREASOLID(#8901,#8905,#8900,-500.);
#8907=IFCSHAPEREPRESENTATION(#11,'Body','SweptSolid',(#8906));
#8908=IFCPRODUCTDEFINITIONSHAPE($,$,(#8907));
#8914=IFCCARTESIANPOINT((0.,-125.,3000.));
#8915=IFCDIRECTION((0.,0.,1.));
#8916=IFCDIRECTION((1.,0.,0.));
#8917=IFCAXIS2PLACEMENT3D(#8914,#8915,#8916);
#8918=IFCLOCALPLACEMENT($,#8917);
#8919=IFCPROPERTYSET('3$7$EFJR13MARREWZJyigb',$,'Other',$,(#8921,#8922));
#8920=IFCRELDEFINESBYPROPERTIES('3Zo3VcQKzCQhseCL0X$cg4',$,$,$,(#8897),#8919);
#8921=IFCPROPERTYSINGLEVALUE('Ax',$,IFCLABEL('0.001'),$);
#8922=IFCPROPERTYSINGLEVALUE('Ay',$,IFCLABEL('0.001'),$);
#8923=IFCBEAM('1YkYkrSmTDNRJEWsT33kvo',$,$,$,$,#8944,#8934,$,$);
#8924=IFCCARTESIANPOINTLIST2D(((0.,0.),(0.,250.),(6000.,250.),(6000.,0.),(0.,0.)));
#8925=IFCINDEXEDPOLYCURVE(#8924,$,.F.);
#8926=IFCDIRECTION((0.,0.,1.));
#8927=IFCARBITRARYCLOSEDPROFILEDEF(.AREA.,$,#8925);
#8928=IFCCARTESIANPOINT((0.,0.,0.));
#8929=IFCDIRECTION((0.,0.,1.));
#8930=IFCDIRECTION((1.,0.,0.));
#8931=IFCAXIS2PLACEMENT3D(#8928,#8929,#8930);
#8932=IFCEXTRUDEDAREASOLID(#8927,#8931,#8926,-500.);
#8933=IFCSHAPEREPRESENTATION(#11,'Body','SweptSolid',(#8932));
#8934=IFCPRODUCTDEFINITIONSHAPE($,$,(#8933));
#8940=IFCCARTESIANPOINT((6000.,-125.,3000.));
#8941=IFCDIRECTION((0.,0.,1.));
#8942=IFCDIRECTION((1.,0.,0.));
#8943=IFCAXIS2PLACEMENT3D(#8940,#8941,#8942);
#8944=IFCLOCALPLACEMENT($,#8943);
#8945=IFCPROPERTYSET('1xbZn$gK1CC9dRavOXEnEH',$,'Other',$,(#8947,#8948));
#8946=IFCRELDEFINESBYPROPERTIES('18Z3sijHv3CPS9WSaoTamq',$,$,$,(#8923),#8945);
#8947=IFCPROPERTYSINGLEVALUE('Ax',$,IFCLABEL('0.001'),$);
#8948=IFCPROPERTYSINGLEVALUE('Ay',$,IFCLABEL('0.001'),$);
#8949=IFCBEAM('09wOp9TeH0thym8mCALumS',$,$,$,$,#8970,#8960,$,$);
#8950=IFCCARTESIANPOINTLIST2D(((0.,0.),(0.,250.),(6000.,250.),(6000.,0.),(0.,0.)));
#8951=IFCINDEXEDPOLYCURVE(#8950,$,.F.);
#8952=IFCDIRECTION((0.,0.,1.));
#8953=IFCARBITRARYCLOSEDPROFILEDEF(.AREA.,$,#8951);
#8954=IFCCARTESIANPOINT((0.,0.,0.));
#8955=IFCDIRECTION((0.,0.,1.));
#8956=IFCDIRECTION((1.,0.,0.));
#8957=IFCAXIS2PLACEMENT3D(#8954,#8955,#8956);
#8958=IFCEXTRUDEDAREASOLID(#8953,#8957,#8952,-500.);
#8959=IFCSHAPEREPRESENTATION(#11,'Body','SweptSolid',(#8958));
#8960=IFCPRODUCTDEFINITIONSHAPE($,$,(#8959));
#8966=IFCCARTESIANPOINT((12000.,-125.,3000.));
#8967=IFCDIRECTION((0.,0.,1.));
#8968=IFCDIRECTION((1.,0.,0.));
#8969=IFCAXIS2PLACEMENT3D(#8966,#8967,#8968);
#8970=IFCLOCALPLACEMENT($,#8969);
#8971=IFCPROPERTYSET('0pQfSaOtH09ftf4Bfg2MY0',$,'Other',$,(#8973,#8974));
#8972=IFCRELDEFINESBYPROPERTIES('0ritEXbtDC6eOcAujJ9Vko',$,$,$,(#8949),#8971);
#8973=IFCPROPERTYSINGLEVALUE('Ax',$,IFCLABEL('0.001'),$);
#8974=IFCPROPERTYSINGLEVALUE('Ay',$,IFCLABEL('0.001'),$);
#8975=IFCBEAM('3tE0VNcSn2ChbtnFAh2NAT',$,$,$,$,#8996,#8986,$,$);
#8976=IFCCARTESIANPOINTLIST2D(((0.,0.),(0.,250.),(6000.,250.),(6000.,0.),(0.,0.)));
#8977=IFCINDEXEDPOLYCURVE(#8976,$,.F.);
#8978=IFCDIRECTION((0.,0.,1.));
#8979=IFCARBITRARYCLOSEDPROFILEDEF(.AREA.,$,#8977);
#8980=IFCCARTESIANPOINT((0.,0.,0.));
#8981=IFCDIRECTION((0.,0.,1.));
#8982=IFCDIRECTION((1.,0.,0.));
#8983=IFCAXIS2PLACEMENT3D(#8980,#8981,#8982);
#8984=IFCEXTRUDEDAREASOLID(#8979,#8983,#8978,-500.);
#8985=IFCSHAPEREPRESENTATION(#11,'Body','SweptSolid',(#8984));
#8986=IFCPRODUCTDEFINITIONSHAPE($,$,(#8985));
#8992=IFCCARTESIANPOINT((18000.,-125.,3000.));
#8993=IFCDIRECTION((0.,0.,1.));
#8994=IFCDIRECTION((1.,0.,0.));
#8995=IFCAXIS2PLACEMENT3D(#8992,#8993,#8994);
#8996=IFCLOCALPLACEMENT($,#8995);
#8997=IFCPROPERTYSET('1iJvYtZG9DmANXlRNj2iq2',$,'Other',$,(#8999,#9000));
#8998=IFCRELDEFINESBYPROPERTIES('3IqCVazXTATht0OltQObJu',$,$,$,(#8975),#8997);
#8999=IFCPROPERTYSINGLEVALUE('Ax',$,IFCLABEL('0.001'),$);
#9000=IFCPROPERTYSINGLEVALUE('Ay',$,IFCLABEL('0.001'),$);
#9001=IFCBEAM('1IhVK4cxz0z9wusydIvanm',$,$,$,$,#9022,#9012,$,$);
#9002=IFCCARTESIANPOINTLIST2D(((0.,0.),(0.,250.),(6000.,250.),(6000.,0.),(0.,0.)));
#9003=IFCINDEXEDPOLYCURVE(#9002,$,.F.);
#9004=IFCDIRECTION((0.,0.,1.));
#9005=IFCARBITRARYCLOSEDPROFILEDEF(.AREA.,$,#9003);
#9006=IFCCARTESIANPOINT((0.,0.,0.));
#9007=IFCDIRECTION((0.,0.,1.));
#9008=IFCDIRECTION((1.,0.,0.));
#9009=IFCAXIS2PLACEMENT3D(#9006,#9007,#9008);
#9010=IFCEXTRUDEDAREASOLID(#9005,#9009,#9004,-500.);
#9011=IFCSHAPEREPRESENTATION(#11,'Body','SweptSolid',(#9010));
#9012=IFCPRODUCTDEFINITIONSHAPE($,$,(#9011));
#9018=IFCCARTESIANPOINT((0.,5875.,3000.));
#9019=IFCDIRECTION((0.,0.,1.));
#9020=IFCDIRECTION((1.,0.,0.));
#9021=IFCAXIS2PLACEMENT3D(#9018,#9019,#9020);
#9022=IFCLOCALPLACEMENT($,#9021);
#9023=IFCPROPERTYSET('1CMNCZMSz6fwlTWdmGr6Mq',$,'Other',$,(#9025,#9026));
#9024=IFCRELDEFINESBYPROPERTIES('39h1I6vsL1TQmfgw_zv6Nz',$,$,$,(#9001),#9023);
#9025=IFCPROPERTYSINGLEVALUE('Ax',$,IFCLABEL('0.001'),$);
#9026=IFCPROPERTYSINGLEVALUE('Ay',$,IFCLABEL('0.001'),$);
#9027=IFCBEAM('0D4te7qy1BVOdSUrBTbNYA',$,$,$,$,#9048,#9038,$,$);
#9028=IFCCARTESIANPOINTLIST2D(((0.,0.),(0.,250.),(6000.,250.),(6000.,0.),(0.,0.)));
#9029=IFCINDEXEDPOLYCURVE(#9028,$,.F.);
#9030=IFCDIRECTION((0.,0.,1.));
#9031=IFCARBITRARYCLOSEDPROFILEDEF(.AREA.,$,#9029);
#9032=IFCCARTESIANPOINT((0.,0.,0.));
#9033=IFCDIRECTION((0.,0.,1.));
#9034=IFCDIRECTION((1.,0.,0.));
#9035=IFCAXIS2PLACEMENT3D(#9032,#9033,#9034);
#9036=IFCEXTRUDEDAREASOLID(#9031,#9035,#9030,-500.);
#9037=IFCSHAPEREPRESENTATION(#11,'Body','SweptSolid',(#9036));
#9038=IFCPRODUCTDEFINITIONSHAPE($,$,(#9037));
#9044=IFCCARTESIANPOINT((6000.,5875.,3000.));
#9045=IFCDIRECTION((0.,0.,1.));
#9046=IFCDIRECTION((1.,0.,0.));
#9047=IFCAXIS2PLACEMENT3D(#9044,#9045,#9046);
#9048=IFCLOCALPLACEMENT($,#9047);
#9049=IFCPROPERTYSET('159YFiJf5BlRUvkUadBICo',$,'Other',$,(#9051,#9052));
#9050=IFCRELDEFINESBYPROPERTIES('0zwqwZa3bAzBrZNUAlEBkY',$,$,$,(#9027),#9049);
#9051=IFCPROPERTYSINGLEVALUE('Ax',$,IFCLABEL('0.001'),$);
#9052=IFCPROPERTYSINGLEVALUE('Ay',$,IFCLABEL('0.001'),$);
#9053=IFCBEAM('0aLkUA30T8AQShlaOW86eF',$,$,$,$,#9074,#9064,$,$);
#9054=IFCCARTESIANPOINTLIST2D(((0.,0.),(0.,250.),(6000.,250.),(6000.,0.),(0.,0.)));
#9055=IFCINDEXEDPOLYCURVE(#9054,$,.F.);
#9056=IFCDIRECTION((0.,0.,1.));
#9057=IFCARBITRARYCLOSEDPROFILEDEF(.AREA.,$,#9055);
#9058=IFCCARTESIANPOINT((0.,0.,0.));
#9059=IFCDIRECTION((0.,0.,1.));
#9060=IFCDIRECTION((1.,0.,0.));
#9061=IFCAXIS2PLACEMENT3D(#9058,#9059,#9060);
#9062=IFCEXTRUDEDAREASOLID(#9057,#9061,#9056,-500.);
#9063=IFCSHAPEREPRESENTATION(#11,'Body','SweptSolid',(#9062));
#9064=IFCPRODUCTDEFINITIONSHAPE($,$,(#9063));
#9070=IFCCARTESIANPOINT((12000.,5875.,3000.));
#9071=IFCDIRECTION((0.,0.,1.));
#9072=IFCDIRECTION((1.,0.,0.));
#9073=IFCAXIS2PLACEMENT3D(#9070,#9071,#9072);
#9074=IFCLOCALPLACEMENT($,#9073);
#9075=IFCPROPERTYSET('2oXwgNKC5ELfev$0sUR6ts',$,'Other',$,(#9077,#9078));
#9076=IFCRELDEFINESBYPROPERTIES('13Wj9SIDv45AJ9Az_$5YfZ',$,$,$,(#9053),#9075);
#9077=IFCPROPERTYSINGLEVALUE('Ax',$,IFCLABEL('0.001'),$);
#9078=IFCPROPERTYSINGLEVALUE('Ay',$,IFCLABEL('0.001'),$);
#9079=IFCBEAM('2$nTUfryzAPPHnULYYG4qo',$,$,$,$,#9100,#9090,$,$);
#9080=IFCCARTESIANPOINTLIST2D(((0.,0.),(0.,250.),(6000.,250.),(6000.,0.),(0.,0.)));
#9081=IFCINDEXEDPOLYCURVE(#9080,$,.F.);
#9082=IFCDIRECTION((0.,0.,1.));
#9083=IFCARBITRARYCLOSEDPROFILEDEF(.AREA.,$,#9081);
#9084=IFCCARTESIANPOINT((0.,0.,0.));
#9085=IFCDIRECTION((0.,0.,1.));
#9086=IFCDIRECTION((1.,0.,0.));
#9087=IFCAXIS2PLACEMENT3D(#9084,#9085,#9086);
#9088=IFCEXTRUDEDAREASOLID(#9083,#9087,#9082,-500.);
#9089=IFCSHAPEREPRESENTATION(#11,'Body','SweptSolid',(#9088));
#9090=IFCPRODUCTDEFINITIONSHAPE($,$,(#9089));
#9096=IFCCARTESIANPOINT((18000.,5875.,3000.));
#9097=IFCDIRECTION((0.,0.,1.));
#9098=IFCDIRECTION((1.,0.,0.));
#9099=IFCAXIS2PLACEMENT3D(#9096,#9097,#9098);
#9100=IFCLOCALPLACEMENT($,#9099);
#9101=IFCPROPERTYSET('1UScKpBSD7SgjzmokL4nvH',$,'Other',$,(#9103,#9104));
#9102=IFCRELDEFINESBYPROPERTIES('2KI3LaEabCguSK0E6gwiMQ',$,$,$,(#9079),#9101);
#9103=IFCPROPERTYSINGLEVALUE('Ax',$,IFCLABEL('0.001'),$);
#9104=IFCPROPERTYSINGLEVALUE('Ay',$,IFCLABEL('0.001'),$);
#9105=IFCBEAM('3vpEF62QjDghdVRVqQNeCc',$,$,$,$,#9126,#9116,$,$);
#9106=IFCCARTESIANPOINTLIST2D(((0.,0.),(0.,250.),(6000.,250.),(6000.,0.),(0.,0.)));
#9107=IFCINDEXEDPOLYCURVE(#9106,$,.F.);
#9108=IFCDIRECTION((0.,0.,1.));
#9109=IFCARBITRARYCLOSEDPROFILEDEF(.AREA.,$,#9107);
#9110=IFCCARTESIANPOINT((0.,0.,0.));
#9111=IFCDIRECTION((0.,0.,1.));
#9112=IFCDIRECTION((1.,0.,0.));
#9113=IFCAXIS2PLACEMENT3D(#9110,#9111,#9112);
#9114=IFCEXTRUDEDAREASOLID(#9109,#9113,#9108,-500.);
#9115=IFCSHAPEREPRESENTATION(#11,'Body','SweptSolid',(#9114));
#9116=IFCPRODUCTDEFINITIONSHAPE($,$,(#9115));
#9122=IFCCARTESIANPOINT((24000.,5875.,3000.));
#9123=IFCDIRECTION((0.,0.,1.));
#9124=IFCDIRECTION((1.,0.,0.));
#9125=IFCAXIS2PLACEMENT3D(#9122,#9123,#9124);
#9126=IFCLOCALPLACEMENT($,#9125);
#9127=IFCPROPERTYSET('2KQvFpIdX34vL4meQgsUDb',$,'Other',$,(#9129,#9130));
#9128=IFCRELDEFINESBYPROPERTIES('3HYdr4zrD3bPROaa08BFm7',$,$,$,(#9105),#9127);
#9129=IFCPROPERTYSINGLEVALUE('Ax',$,IFCLABEL('0.001'),$);
#9130=IFCPROPERTYSINGLEVALUE('Ay',$,IFCLABEL('0.001'),$);
#9131=IFCBEAM('2vTZ0AW1P3xutRR2rjMkzN',$,$,$,$,#9152,#9142,$,$);
#9132=IFCCARTESIANPOINTLIST2D(((0.,0.),(0.,250.),(6000.,250.),(6000.,0.),(0.,0.)));
#9133=IFCINDEXEDPOLYCURVE(#9132,$,.F.);
#9134=IFCDIRECTION((0.,0.,1.));
#9135=IFCARBITRARYCLOSEDPROFILEDEF(.AREA.,$,#9133);
#9136=IFCCARTESIANPOINT((0.,0.,0.));
#9137=IFCDIRECTION((0.,0.,1.));
#9138=IFCDIRECTION((1.,0.,0.));
#9139=IFCAXIS2PLACEMENT3D(#9136,#9137,#9138);
#9140=IFCEXTRUDEDAREASOLID(#9135,#9139,#9134,-500.);
#9141=IFCSHAPEREPRESENTATION(#11,'Body','SweptSolid',(#9140));
#9142=IFCPRODUCTDEFINITIONSHAPE($,$,(#9141));
#9148=IFCCARTESIANPOINT((0.,11875.,3000.));
#9149=IFCDIRECTION((0.,0.,1.));
#9150=IFCDIRECTION((1.,0.,0.));
#9151=IFCAXIS2PLACEMENT3D(#9148,#9149,#9150);
#9152=IFCLOCALPLACEMENT($,#9151);
#9153=IFCPROPERTYSET('2P14xqDVL8QR52S70BukHx',$,'Other',$,(#9155,#9156));
#9154=IFCRELDEFINESBYPROPERTIES('2_FP0ruq99te1CzOskdGej',$,$,$,(#9131),#9153);
#9155=IFCPROPERTYSINGLEVALUE('Ax',$,IFCLABEL('0.001'),$);
#9156=IFCPROPERTYSINGLEVALUE('Ay',$,IFCLABEL('0.001'),$);
#9157=IFCBEAM('1PgIOWRWnCw8QV8jD9Zp9C',$,$,$,$,#9178,#9168,$,$);
#9158=IFCCARTESIANPOINTLIST2D(((0.,0.),(0.,250.),(6000.,250.),(6000.,0.),(0.,0.)));
#9159=IFCINDEXEDPOLYCURVE(#9158,$,.F.);
#9160=IFCDIRECTION((0.,0.,1.));
#9161=IFCARBITRARYCLOSEDPROFILEDEF(.AREA.,$,#9159);
#9162=IFCCARTESIANPOINT((0.,0.,0.));
#9163=IFCDIRECTION((0.,0.,1.));
#9164=IFCDIRECTION((1.,0.,0.));
#9165=IFCAXIS2PLACEMENT3D(#9162,#9163,#9164);
#9166=IFCEXTRUDEDAREASOLID(#9161,#9165,#9160,-500.);
#9167=IFCSHAPEREPRESENTATION(#11,'Body','SweptSolid',(#9166));
#9168=IFCPRODUCTDEFINITIONSHAPE($,$,(#9167));
#9174=IFCCARTESIANPOINT((6000.,11875.,3000.));
#9175=IFCDIRECTION((0.,0.,1.));
#9176=IFCDIRECTION((1.,0.,0.));
#9177=IFCAXIS2PLACEMENT3D(#9174,#9175,#9176);
#9178=IFCLOCALPLACEMENT($,#9177);
#9179=IFCPROPERTYSET('0Rso1TK6517BPk79QC0wKF',$,'Other',$,(#9181,#9182));
#9180=IFCRELDEFINESBYPROPERTIES('1eA8tZymD7UQN_9UFLR8Nr',$,$,$,(#9157),#9179);
#9181=IFCPROPERTYSINGLEVALUE('Ax',$,IFCLABEL('0.001'),$);
#9182=IFCPROPERTYSINGLEVALUE('Ay',$,IFCLABEL('0.001'),$);
#9183=IFCBEAM('1U86bNHprAuwRKEfLTUG5d',$,$,$,$,#9204,#9194,$,$);
#9184=IFCCARTESIANPOINTLIST2D(((0.,0.),(0.,250.),(6000.,250.),(6000.,0.),(0.,0.)));
#9185=IFCINDEXEDPOLYCURVE(#9184,$,.F.);
#9186=IFCDIRECTION((0.,0.,1.));
#9187=IFCARBITRARYCLOSEDPROFILEDEF(.AREA.,$,#9185);
#9188=IFCCARTESIANPOINT((0.,0.,0.));
#9189=IFCDIRECTION((0.,0.,1.));
#9190=IFCDIRECTION((1.,0.,0.));
#9191=IFCAXIS2PLACEMENT3D(#9188,#9189,#9190);
#9192=IFCEXTRUDEDAREASOLID(#9187,#9191,#9186,-500.);
#9193=IFCSHAPEREPRESENTATION(#11,'Body','SweptSolid',(#9192));
#9194=IFCPRODUCTDEFINITIONSHAPE($,$,(#9193));
#9200=IFCCARTESIANPOINT((12000.,11875.,3000.));
#9201=IFCDIRECTION((0.,0.,1.));
#9202=IFCDIRECTION((1.,0.,0.));
#9203=IFCAXIS2PLACEMENT3D(#9200,#9201,#9202);
#9204=IFCLOCALPLACEMENT($,#9203);
#9205=IFCPROPERTYSET('2s$uaz7fzErBZLgnn8gfUo',$,'Other',$,(#9207,#9208));
#9206=IFCRELDEFINESBYPROPERTIES('1rgjDGhs90xOeGNmimNp12',$,$,$,(#9183),#9205);
#9207=IFCPROPERTYSINGLEVALUE('Ax',$,IFCLABEL('0.001'),$);
#9208=IFCPROPERTYSINGLEVALUE('Ay',$,IFCLABEL('0.001'),$);
#9209=IFCBEAM('1AqnvOtiX3UBd_uFw2TpET',$,$,$,$,#9230,#9220,$,$);
#9210=IFCCARTESIANPOINTLIST2D(((0.,0.),(0.,250.),(6000.,250.),(6000.,0.),(0.,0.)));
#9211=IFCINDEXEDPOLYCURVE(#9210,$,.F.);
#9212=IFCDIRECTION((0.,0.,1.));
#9213=IFCARBITRARYCLOSEDPROFILEDEF(.AREA.,$,#9211);
#9214=IFCCARTESIANPOINT((0.,0.,0.));
#9215=IFCDIRECTION((0.,0.,1.));
#9216=IFCDIRECTION((1.,0.,0.));
#9217=IFCAXIS2PLACEMENT3D(#9214,#9215,#9216);
#9218=IFCEXTRUDEDAREASOLID(#9213,#9217,#9212,-500.);
#9219=IFCSHAPEREPRESENTATION(#11,'Body','SweptSolid',(#9218));
#9220=IFCPRODUCTDEFINITIONSHAPE($,$,(#9219));
#9226=IFCCARTESIANPOINT((18000.,11875.,3000.));
#9227=IFCDIRECTION((0.,0.,1.));
#9228=IFCDIRECTION((1.,0.,0.));
#9229=IFCAXIS2PLACEMENT3D(#9226,#9227,#9228);
#9230=IFCLOCALPLACEMENT($,#9229);
#9231=IFCPROPERTYSET('0hGzNfkFjDT9Dplf9UJFyu',$,'Other',$,(#9233,#9234));
#9232=IFCRELDEFINESBYPROPERTIES('2hvEWQlSL6XQj7IvXxJLW9',$,$,$,(#9209),#9231);
#9233=IFCPROPERTYSINGLEVALUE('Ax',$,IFCLABEL('0.001'),$);
#9234=IFCPROPERTYSINGLEVALUE('Ay',$,IFCLABEL('0.001'),$);
#9235=IFCBEAM('11i4yCodrC2PdAqfob5saF',$,$,$,$,#9256,#9246,$,$);
#9236=IFCCARTESIANPOINTLIST2D(((0.,0.),(0.,250.),(6000.,250.),(6000.,0.),(0.,0.)));
#9237=IFCINDEXEDPOLYCURVE(#9236,$,.F.);
#9238=IFCDIRECTION((0.,0.,1.));
#9239=IFCARBITRARYCLOSEDPROFILEDEF(.AREA.,$,#9237);
#9240=IFCCARTESIANPOINT((0.,0.,0.));
#9241=IFCDIRECTION((0.,0.,1.));
#9242=IFCDIRECTION((1.,0.,0.));
#9243=IFCAXIS2PLACEMENT3D(#9240,#9241,#9242);
#9244=IFCEXTRUDEDAREASOLID(#9239,#9243,#9238,-500.);
#9245=IFCSHAPEREPRESENTATION(#11,'Body','SweptSolid',(#9244));
#9246=IFCPRODUCTDEFINITIONSHAPE($,$,(#9245));
#9252=IFCCARTESIANPOINT((0.,17875.,3000.));
#9253=IFCDIRECTION((0.,0.,1.));
#9254=IFCDIRECTION((1.,0.,0.));
#9255=IFCAXIS2PLACEMENT3D(#9252,#9253,#9254);
#9256=IFCLOCALPLACEMENT($,#9255);
#9257=IFCPROPERTYSET('220D2fWnP4tuWMeicGIa55',$,'Other',$,(#9259,#9260));
#9258=IFCRELDEFINESBYPROPERTIES('2pvHznS1X9AhDxh5mIgN9B',$,$,$,(#9235),#9257);
#9259=IFCPROPERTYSINGLEVALUE('Ax',$,IFCLABEL('0.001'),$);
#9260=IFCPROPERTYSINGLEVALUE('Ay',$,IFCLABEL('0.001'),$);
#9261=IFCBEAM('3udPNVtCTBwOxPDeonnpIJ',$,$,$,$,#9282,#9272,$,$);
#9262=IFCCARTESIANPOINTLIST2D(((0.,0.),(0.,250.),(6000.,250.),(6000.,0.),(0.,0.)));
#9263=IFCINDEXEDPOLYCURVE(#9262,$,.F.);
#9264=IFCDIRECTION((0.,0.,1.));
#9265=IFCARBITRARYCLOSEDPROFILEDEF(.AREA.,$,#9263);
#9266=IFCCARTESIANPOINT((0.,0.,0.));
#9267=IFCDIRECTION((0.,0.,1.));
#9268=IFCDIRECTION((1.,0.,0.));
#9269=IFCAXIS2PLACEMENT3D(#9266,#9267,#9268);
#9270=IFCEXTRUDEDAREASOLID(#9265,#9269,#9264,-500.);
#9271=IFCSHAPEREPRESENTATION(#11,'Body','SweptSolid',(#9270));
#9272=IFCPRODUCTDEFINITIONSHAPE($,$,(#9271));
#9278=IFCCARTESIANPOINT((6000.,17875.,3000.));
#9279=IFCDIRECTION((0.,0.,1.));
#9280=IFCDIRECTION((1.,0.,0.));
#9281=IFCAXIS2PLACEMENT3D(#9278,#9279,#9280);
#9282=IFCLOCALPLACEMENT($,#9281);
#9283=IFCPROPERTYSET('0wVuK6Osb3pOLOX$Q_eAtd',$,'Other',$,(#9285,#9286));
#9284=IFCRELDEFINESBYPROPERTIES('2TYKfzt2n6sef7kIJTZ25T',$,$,$,(#9261),#9283);
#9285=IFCPROPERTYSINGLEVALUE('Ax',$,IFCLABEL('0.001'),$);
#9286=IFCPROPERTYSINGLEVALUE('Ay',$,IFCLABEL('0.001'),$);
#9287=IFCBEAM('26jjmMBwX1VvLyBgJN73Yj',$,$,$,$,#9308,#9298,$,$);
#9288=IFCCARTESIANPOINTLIST2D(((0.,0.),(0.,250.),(6000.,250.),(6000.,0.),(0.,0.)));
#9289=IFCINDEXEDPOLYCURVE(#9288,$,.F.);
#9290=IFCDIRECTION((0.,0.,1.));
#9291=IFCARBITRARYCLOSEDPROFILEDEF(.AREA.,$,#9289);
#9292=IFCCARTESIANPOINT((0.,0.,0.));
#9293=IFCDIRECTION((0.,0.,1.));
#9294=IFCDIRECTION((1.,0.,0.));
#9295=IFCAXIS2PLACEMENT3D(#9292,#9293,#9294);
#9296=IFCEXTRUDEDAREASOLID(#9291,#9295,#9290,-500.);
#9297=IFCSHAPEREPRESENTATION(#11,'Body','SweptSolid',(#9296));
#9298=IFCPRODUCTDEFINITIONSHAPE($,$,(#9297));
#9304=IFCCARTESIANPOINT((12000.,17875.,3000.));
#9305=IFCDIRECTION((0.,0.,1.));
#9306=IFCDIRECTION((1.,0.,0.));
#9307=IFCAXIS2PLACEMENT3D(#9304,#9305,#9306);
#9308=IFCLOCALPLACEMENT($,#9307);
#9309=IFCPROPERTYSET('1pMtcz3OD9s8FpHm18N_xs',$,'Other',$,(#9311,#9312));
#9310=IFCRELDEFINESBYPROPERTIES('3Pizq$qCj9M8XkxcayjqRT',$,$,$,(#9287),#9309);
#9311=IFCPROPERTYSINGLEVALUE('Ax',$,IFCLABEL('0.001'),$);
#9312=IFCPROPERTYSINGLEVALUE('Ay',$,IFCLABEL('0.001'),$);
#9313=IFCBEAM('0k3gFYNgrF_e86O5m0uk$m',$,$,$,$,#9334,#9324,$,$);
#9314=IFCCARTESIANPOINTLIST2D(((0.,0.),(0.,250.),(6000.,250.),(6000.,0.),(0.,0.)));
#9315=IFCINDEXEDPOLYCURVE(#9314,$,.F.);
#9316=IFCDIRECTION((0.,0.,1.));
#9317=IFCARBITRARYCLOSEDPROFILEDEF(.AREA.,$,#9315);
#9318=IFCCARTESIANPOINT((0.,0.,0.));
#9319=IFCDIRECTION((0.,0.,1.));
#9320=IFCDIRECTION((1.,0.,0.));
#9321=IFCAXIS2PLACEMENT3D(#9318,#9319,#9320);
#9322=IFCEXTRUDEDAREASOLID(#9317,#9321,#9316,-500.);
#9323=IFCSHAPEREPRESENTATION(#11,'Body','SweptSolid',(#9322));
#9324=IFCPRODUCTDEFINITIONSHAPE($,$,(#9323));
#9330=IFCCARTESIANPOINT((18000.,17875.,3000.));
#9331=IFCDIRECTION((0.,0.,1.));
#9332=IFCDIRECTION((1.,0.,0.));
#9333=IFCAXIS2PLACEMENT3D(#9330,#9331,#9332);
#9334=IFCLOCALPLACEMENT($,#9333);
#9335=IFCPROPERTYSET('1FR3D29dHALA_9ddwlycr1',$,'Other',$,(#9337,#9338));
#9336=IFCRELDEFINESBYPROPERTIES('14GafOm6P1AgNCqMRZ$MWV',$,$,$,(#9313),#9335);
#9337=IFCPROPERTYSINGLEVALUE('Ax',$,IFCLABEL('0.001'),$);
#9338=IFCPROPERTYSINGLEVALUE('Ay',$,IFCLABEL('0.001'),$);
#9339=IFCBEAM('2Jn$YVvyb1Ch5tACU8iUqJ',$,$,$,$,#9360,#9350,$,$);
#9340=IFCCARTESIANPOINTLIST2D(((0.,0.),(0.,250.),(6000.,250.),(6000.,0.),(0.,0.)));
#9341=IFCINDEXEDPOLYCURVE(#9340,$,.F.);
#9342=IFCDIRECTION((0.,0.,1.));
#9343=IFCARBITRARYCLOSEDPROFILEDEF(.AREA.,$,#9341);
#9344=IFCCARTESIANPOINT((0.,0.,0.));
#9345=IFCDIRECTION((0.,0.,1.));
#9346=IFCDIRECTION((1.,0.,0.));
#9347=IFCAXIS2PLACEMENT3D(#9344,#9345,#9346);
#9348=IFCEXTRUDEDAREASOLID(#9343,#9347,#9342,-500.);
#9349=IFCSHAPEREPRESENTATION(#11,'Body','SweptSolid',(#9348));
#9350=IFCPRODUCTDEFINITIONSHAPE($,$,(#9349));
#9356=IFCCARTESIANPOINT((24000.,17875.,3000.));
#9357=IFCDIRECTION((0.,0.,1.));
#9358=IFCDIRECTION((1.,0.,0.));
#9359=IFCAXIS2PLACEMENT3D(#9356,#9357,#9358);
#9360=IFCLOCALPLACEMENT($,#9359);
#9361=IFCPROPERTYSET('3sAJILWgn6POTCUKCWu7y6',$,'Other',$,(#9363,#9364));
#9362=IFCRELDEFINESBYPROPERTIES('3$NaFVJfP4txDmF7fTI5mN',$,$,$,(#9339),#9361);
#9363=IFCPROPERTYSINGLEVALUE('Ax',$,IFCLABEL('0.001'),$);
#9364=IFCPROPERTYSINGLEVALUE('Ay',$,IFCLABEL('0.001'),$);
#9365=IFCBEAM('1R9LxjiyPE3wLXBbQ3PS3i',$,$,$,$,#9386,#9376,$,$);
#9366=IFCCARTESIANPOINTLIST2D(((0.,0.),(0.,250.),(6000.,250.),(6000.,0.),(0.,0.)));
#9367=IFCINDEXEDPOLYCURVE(#9366,$,.F.);
#9368=IFCDIRECTION((0.,0.,1.));
#9369=IFCARBITRARYCLOSEDPROFILEDEF(.AREA.,$,#9367);
#9370=IFCCARTESIANPOINT((0.,0.,0.));
#9371=IFCDIRECTION((0.,0.,1.));
#9372=IFCDIRECTION((1.,0.,0.));
#9373=IFCAXIS2PLACEMENT3D(#9370,#9371,#9372);
#9374=IFCEXTRUDEDAREASOLID(#9369,#9373,#9368,-400.);
#9375=IFCSHAPEREPRESENTATION(#11,'Body','SweptSolid',(#9374));
#9376=IFCPRODUCTDEFINITIONSHAPE($,$,(#9375));
#9382=IFCCARTESIANPOINT((2875.,18000.,3000.));
#9383=IFCDIRECTION((0.,0.,1.));
#9384=IFCDIRECTION((-1.8369701987210297E-16,-1.,0.));
#9385=IFCAXIS2PLACEMENT3D(#9382,#9383,#9384);
#9386=IFCLOCALPLACEMENT($,#9385);
#9387=IFCPROPERTYSET('1WhOMHKmz0ZAn4S0D2gkeX',$,'Other',$,(#9389,#9390));
#9388=IFCRELDEFINESBYPROPERTIES('3tU_UTlEP69QfpWjf0CLOf',$,$,$,(#9365),#9387);
#9389=IFCPROPERTYSINGLEVALUE('Ax',$,IFCLABEL('0.001'),$);
#9390=IFCPROPERTYSINGLEVALUE('Ay',$,IFCLABEL('0.001'),$);
#9391=IFCBEAM('0wjMUqGcbA$RMsXWNhcqdi',$,$,$,$,#9412,#9402,$,$);
#9392=IFCCARTESIANPOINTLIST2D(((0.,0.),(0.,250.),(6000.,250.),(6000.,0.),(0.,0.)));
#9393=IFCINDEXEDPOLYCURVE(#9392,$,.F.);
#9394=IFCDIRECTION((0.,0.,1.));
#9395=IFCARBITRARYCLOSEDPROFILEDEF(.AREA.,$,#9393);
#9396=IFCCARTESIANPOINT((0.,0.,0.));
#9397=IFCDIRECTION((0.,0.,1.));
#9398=IFCDIRECTION((1.,0.,0.));
#9399=IFCAXIS2PLACEMENT3D(#9396,#9397,#9398);
#9400=IFCEXTRUDEDAREASOLID(#9395,#9399,#9394,-400.);
#9401=IFCSHAPEREPRESENTATION(#11,'Body','SweptSolid',(#9400));
#9402=IFCPRODUCTDEFINITIONSHAPE($,$,(#9401));
#9408=IFCCARTESIANPOINT((2875.,12000.,3000.));
#9409=IFCDIRECTION((0.,0.,1.));
#9410=IFCDIRECTION((-1.8369701987210297E-16,-1.,0.));
#9411=IFCAXIS2PLACEMENT3D(#9408,#9409,#9410);
#9412=IFCLOCALPLACEMENT($,#9411);
#9413=IFCPROPERTYSET('023PVf7B585uLXX4tzGvTL',$,'Other',$,(#9415,#9416));
#9414=IFCRELDEFINESBYPROPERTIES('1bW8ZyOJfBl9QjCpvuzhnR',$,$,$,(#9391),#9413);
#9415=IFCPROPERTYSINGLEVALUE('Ax',$,IFCLABEL('0.001'),$);
#9416=IFCPROPERTYSINGLEVALUE('Ay',$,IFCLABEL('0.001'),$);
#9417=IFCBEAM('2n2b3BuXv2IuPwcLXl1Xwd',$,$,$,$,#9438,#9428,$,$);
#9418=IFCCARTESIANPOINTLIST2D(((0.,0.),(0.,250.),(6000.,250.),(6000.,0.),(0.,0.)));
#9419=IFCINDEXEDPOLYCURVE(#9418,$,.F.);
#9420=IFCDIRECTION((0.,0.,1.));
#9421=IFCARBITRARYCLOSEDPROFILEDEF(.AREA.,$,#9419);
#9422=IFCCARTESIANPOINT((0.,0.,0.));
#9423=IFCDIRECTION((0.,0.,1.));
#9424=IFCDIRECTION((1.,0.,0.));
#9425=IFCAXIS2PLACEMENT3D(#9422,#9423,#9424);
#9426=IFCEXTRUDEDAREASOLID(#9421,#9425,#9420,-400.);
#9427=IFCSHAPEREPRESENTATION(#11,'Body','SweptSolid',(#9426));
#9428=IFCPRODUCTDEFINITIONSHAPE($,$,(#9427));
#9434=IFCCARTESIANPOINT((8875.,18000.,3000.));
#9435=IFCDIRECTION((0.,0.,1.));
#9436=IFCDIRECTION((-1.8369701987210297E-16,-1.,0.));
#9437=IFCAXIS2PLACEMENT3D(#9434,#9435,#9436);
#9438=IFCLOCALPLACEMENT($,#9437);
#9439=IFCPROPERTYSET('3uxKu_xfz4qhDNU_bm_dJU',$,'Other',$,(#9441,#9442));
#9440=IFCRELDEFINESBYPROPERTIES('2KtJCRHAP22AFgc$JUozG5',$,$,$,(#9417),#9439);
#9441=IFCPROPERTYSINGLEVALUE('Ax',$,IFCLABEL('0.001'),$);
#9442=IFCPROPERTYSINGLEVALUE('Ay',$,IFCLABEL('0.001'),$);
#9443=IFCBEAM('1XdgpBNjLCkPf1hIbUXWiD',$,$,$,$,#9464,#9454,$,$);
#9444=IFCCARTESIANPOINTLIST2D(((0.,0.),(0.,250.),(6000.,250.),(6000.,0.),(0.,0.)));
#9445=IFCINDEXEDPOLYCURVE(#9444,$,.F.);
#9446=IFCDIRECTION((0.,0.,1.));
#9447=IFCARBITRARYCLOSEDPROFILEDEF(.AREA.,$,#9445);
#9448=IFCCARTESIANPOINT((0.,0.,0.));
#9449=IFCDIRECTION((0.,0.,1.));
#9450=IFCDIRECTION((1.,0.,0.));
#9451=IFCAXIS2PLACEMENT3D(#9448,#9449,#9450);
#9452=IFCEXTRUDEDAREASOLID(#9447,#9451,#9446,-400.);
#9453=IFCSHAPEREPRESENTATION(#11,'Body','SweptSolid',(#9452));
#9454=IFCPRODUCTDEFINITIONSHAPE($,$,(#9453));
#9460=IFCCARTESIANPOINT((8875.,12000.,3000.));
#9461=IFCDIRECTION((0.,0.,1.));
#9462=IFCDIRECTION((-1.8369701987210297E-16,-1.,0.));
#9463=IFCAXIS2PLACEMENT3D(#9460,#9461,#9462);
#9464=IFCLOCALPLACEMENT($,#9463);
#9465=IFCPROPERTYSET('0p9AcBH5bDCQ5z1DrHNJs_',$,'Other',$,(#9467,#9468));
#9466=IFCRELDEFINESBYPROPERTIES('3qXFvt7hbDT8v28mrKqnA9',$,$,$,(#9443),#9465);
#9467=IFCPROPERTYSINGLEVALUE('Ax',$,IFCLABEL('0.001'),$);
#9468=IFCPROPERTYSINGLEVALUE('Ay',$,IFCLABEL('0.001'),$);
#9469=IFCBEAM('3VjMWQahr9kvIGNzkTr0RK',$,$,$,$,#9490,#9480,$,$);
#9470=IFCCARTESIANPOINTLIST2D(((0.,0.),(0.,250.),(6000.,250.),(6000.,0.),(0.,0.)));
#9471=IFCINDEXEDPOLYCURVE(#9470,$,.F.);
#9472=IFCDIRECTION((0.,0.,1.));
#9473=IFCARBITRARYCLOSEDPROFILEDEF(.AREA.,$,#9471);
#9474=IFCCARTESIANPOINT((0.,0.,0.));
#9475=IFCDIRECTION((0.,0.,1.));
#9476=IFCDIRECTION((1.,0.,0.));
#9477=IFCAXIS2PLACEMENT3D(#9474,#9475,#9476);
#9478=IFCEXTRUDEDAREASOLID(#9473,#9477,#9472,-400.);
#9479=IFCSHAPEREPRESENTATION(#11,'Body','SweptSolid',(#9478));
#9480=IFCPRODUCTDEFINITIONSHAPE($,$,(#9479));
#9486=IFCCARTESIANPOINT((14875.,18000.,3000.));
#9487=IFCDIRECTION((0.,0.,1.));
#9488=IFCDIRECTION((-1.8369701987210297E-16,-1.,0.));
#9489=IFCAXIS2PLACEMENT3D(#9486,#9487,#9488);
#9490=IFCLOCALPLACEMENT($,#9489);
#9491=IFCPROPERTYSET('1zSUdDWbn66OVSXfvg9HTH',$,'Other',$,(#9493,#9494));
#9492=IFCRELDEFINESBYPROPERTIES('1XmTrM00L8_gD3YF2k4oA8',$,$,$,(#9469),#9491);
#9493=IFCPROPERTYSINGLEVALUE('Ax',$,IFCLABEL('0.001'),$);
#9494=IFCPROPERTYSINGLEVALUE('Ay',$,IFCLABEL('0.001'),$);
#9495=IFCBEAM('0VNEbPXL984OHG3mvu6ssv',$,$,$,$,#9516,#9506,$,$);
#9496=IFCCARTESIANPOINTLIST2D(((0.,0.),(0.,250.),(6000.,250.),(6000.,0.),(0.,0.)));
#9497=IFCINDEXEDPOLYCURVE(#9496,$,.F.);
#9498=IFCDIRECTION((0.,0.,1.));
#9499=IFCARBITRARYCLOSEDPROFILEDEF(.AREA.,$,#9497);
#9500=IFCCARTESIANPOINT((0.,0.,0.));
#9501=IFCDIRECTION((0.,0.,1.));
#9502=IFCDIRECTION((1.,0.,0.));
#9503=IFCAXIS2PLACEMENT3D(#9500,#9501,#9502);
#9504=IFCEXTRUDEDAREASOLID(#9499,#9503,#9498,-400.);
#9505=IFCSHAPEREPRESENTATION(#11,'Body','SweptSolid',(#9504));
#9506=IFCPRODUCTDEFINITIONSHAPE($,$,(#9505));
#9512=IFCCARTESIANPOINT((14875.,12000.,3000.));
#9513=IFCDIRECTION((0.,0.,1.));
#9514=IFCDIRECTION((-1.8369701987210297E-16,-1.,0.));
#9515=IFCAXIS2PLACEMENT3D(#9512,#9513,#9514);
#9516=IFCLOCALPLACEMENT($,#9515);
#9517=IFCPROPERTYSET('3$mHTXSVr29PZWj3lwSmrO',$,'Other',$,(#9519,#9520));
#9518=IFCRELDEFINESBYPROPERTIES('2y8ycU_dn8LhCcQSIBKlBI',$,$,$,(#9495),#9517);
#9519=IFCPROPERTYSINGLEVALUE('Ax',$,IFCLABEL('0.001'),$);
#9520=IFCPROPERTYSINGLEVALUE('Ay',$,IFCLABEL('0.001'),$);
#9521=IFCBEAM('0hwOFxoh93S8iHx23EMjU7',$,$,$,$,#9542,#9532,$,$);
#9522=IFCCARTESIANPOINTLIST2D(((0.,0.),(0.,250.),(6000.,250.),(6000.,0.),(0.,0.)));
#9523=IFCINDEXEDPOLYCURVE(#9522,$,.F.);
#9524=IFCDIRECTION((0.,0.,1.));
#9525=IFCARBITRARYCLOSEDPROFILEDEF(.AREA.,$,#9523);
#9526=IFCCARTESIANPOINT((0.,0.,0.));
#9527=IFCDIRECTION((0.,0.,1.));
#9528=IFCDIRECTION((1.,0.,0.));
#9529=IFCAXIS2PLACEMENT3D(#9526,#9527,#9528);
#9530=IFCEXTRUDEDAREASOLID(#9525,#9529,#9524,-400.);
#9531=IFCSHAPEREPRESENTATION(#11,'Body','SweptSolid',(#9530));
#9532=IFCPRODUCTDEFINITIONSHAPE($,$,(#9531));
#9538=IFCCARTESIANPOINT((14875.,6000.,3000.));
#9539=IFCDIRECTION((0.,0.,1.));
#9540=IFCDIRECTION((-1.8369701987210297E-16,-1.,0.));
#9541=IFCAXIS2PLACEMENT3D(#9538,#9539,#9540);
#9542=IFCLOCALPLACEMENT($,#9541);
#9543=IFCPROPERTYSET('2XinoYkHfDWfW2wdFeZfoB',$,'Other',$,(#9545,#9546));
#9544=IFCRELDEFINESBYPROPERTIES('3z6BuVppP1mfCxzZAbK5Jx',$,$,$,(#9521),#9543);
#9545=IFCPROPERTYSINGLEVALUE('Ax',$,IFCLABEL('0.001'),$);
#9546=IFCPROPERTYSINGLEVALUE('Ay',$,IFCLABEL('0.001'),$);
#9547=IFCBEAM('1QLmu2wfz5qOn3ddIou8Q2',$,$,$,$,#9568,#9558,$,$);
#9548=IFCCARTESIANPOINTLIST2D(((0.,0.),(0.,250.),(6000.,250.),(6000.,0.),(0.,0.)));
#9549=IFCINDEXEDPOLYCURVE(#9548,$,.F.);
#9550=IFCDIRECTION((0.,0.,1.));
#9551=IFCARBITRARYCLOSEDPROFILEDEF(.AREA.,$,#9549);
#9552=IFCCARTESIANPOINT((0.,0.,0.));
#9553=IFCDIRECTION((0.,0.,1.));
#9554=IFCDIRECTION((1.,0.,0.));
#9555=IFCAXIS2PLACEMENT3D(#9552,#9553,#9554);
#9556=IFCEXTRUDEDAREASOLID(#9551,#9555,#9550,-400.);
#9557=IFCSHAPEREPRESENTATION(#11,'Body','SweptSolid',(#9556));
#9558=IFCPRODUCTDEFINITIONSHAPE($,$,(#9557));
#9564=IFCCARTESIANPOINT((20875.,18000.,3000.));
#9565=IFCDIRECTION((0.,0.,1.));
#9566=IFCDIRECTION((-1.8369701987210297E-16,-1.,0.));
#9567=IFCAXIS2PLACEMENT3D(#9564,#9565,#9566);
#9568=IFCLOCALPLACEMENT($,#9567);
#9569=IFCPROPERTYSET('28_cBOIWvCoAE$VJoK3j7g',$,'Other',$,(#9571,#9572));
#9570=IFCRELDEFINESBYPROPERTIES('2S8TBb$69Bigjea3PBYlPK',$,$,$,(#9547),#9569);
#9571=IFCPROPERTYSINGLEVALUE('Ax',$,IFCLABEL('0.001'),$);
#9572=IFCPROPERTYSINGLEVALUE('Ay',$,IFCLABEL('0.001'),$);
#9573=IFCBEAM('201QaGQ51EGBGsGOI0ltyF',$,$,$,$,#9594,#9584,$,$);
#9574=IFCCARTESIANPOINTLIST2D(((0.,0.),(0.,250.),(6000.,250.),(6000.,0.),(0.,0.)));
#9575=IFCINDEXEDPOLYCURVE(#9574,$,.F.);
#9576=IFCDIRECTION((0.,0.,1.));
#9577=IFCARBITRARYCLOSEDPROFILEDEF(.AREA.,$,#9575);
#9578=IFCCARTESIANPOINT((0.,0.,0.));
#9579=IFCDIRECTION((0.,0.,1.));
#9580=IFCDIRECTION((1.,0.,0.));
#9581=IFCAXIS2PLACEMENT3D(#9578,#9579,#9580);
#9582=IFCEXTRUDEDAREASOLID(#9577,#9581,#9576,-400.);
#9583=IFCSHAPEREPRESENTATION(#11,'Body','SweptSolid',(#9582));
#9584=IFCPRODUCTDEFINITIONSHAPE($,$,(#9583));
#9590=IFCCARTESIANPOINT((20875.,12000.,3000.));
#9591=IFCDIRECTION((0.,0.,1.));
#9592=IFCDIRECTION((-1.8369701987210297E-16,-1.,0.));
#9593=IFCAXIS2PLACEMENT3D(#9590,#9591,#9592);
#9594=IFCLOCALPLACEMENT($,#9593);
#9595=IFCPROPERTYSET('2qkGHw9gb2Lf4EuHuWMq3y',$,'Other',$,(#9597,#9598));
#9596=IFCRELDEFINESBYPROPERTIES('2k_IRiUrjAgAa0qqPL2eIB',$,$,$,(#9573),#9595);
#9597=IFCPROPERTYSINGLEVALUE('Ax',$,IFCLABEL('0.001'),$);
#9598=IFCPROPERTYSINGLEVALUE('Ay',$,IFCLABEL('0.001'),$);
#9599=IFCBEAM('2QrejJrNr4nBKECqphMjbd',$,$,$,$,#9620,#9610,$,$);
#9600=IFCCARTESIANPOINTLIST2D(((0.,0.),(0.,250.),(6000.,250.),(6000.,0.),(0.,0.)));
#9601=IFCINDEXEDPOLYCURVE(#9600,$,.F.);
#9602=IFCDIRECTION((0.,0.,1.));
#9603=IFCARBITRARYCLOSEDPROFILEDEF(.AREA.,$,#9601);
#9604=IFCCARTESIANPOINT((0.,0.,0.));
#9605=IFCDIRECTION((0.,0.,1.));
#9606=IFCDIRECTION((1.,0.,0.));
#9607=IFCAXIS2PLACEMENT3D(#9604,#9605,#9606);
#9608=IFCEXTRUDEDAREASOLID(#9603,#9607,#9602,-400.);
#9609=IFCSHAPEREPRESENTATION(#11,'Body','SweptSolid',(#9608));
#9610=IFCPRODUCTDEFINITIONSHAPE($,$,(#9609));
#9616=IFCCARTESIANPOINT((20875.,6000.,3000.));
#9617=IFCDIRECTION((0.,0.,1.));
#9618=IFCDIRECTION((-1.8369701987210297E-16,-1.,0.));
#9619=IFCAXIS2PLACEMENT3D(#9616,#9617,#9618);
#9620=IFCLOCALPLACEMENT($,#9619);
#9621=IFCPROPERTYSET('379x5PCi9CVx$c9uLiNZlL',$,'Other',$,(#9623,#9624));
#9622=IFCRELDEFINESBYPROPERTIES('2L5rGdX8PFKPtAllyM8uNG',$,$,$,(#9599),#9621);
#9623=IFCPROPERTYSINGLEVALUE('Ax',$,IFCLABEL('0.001'),$);
#9624=IFCPROPERTYSINGLEVALUE('Ay',$,IFCLABEL('0.001'),$);
#9625=IFCBEAM('37SoMQW1D7A9BV_mx4aNV_',$,$,$,$,#9646,#9636,$,$);
#9626=IFCCARTESIANPOINTLIST2D(((0.,0.),(0.,250.),(6000.,250.),(6000.,0.),(0.,0.)));
#9627=IFCINDEXEDPOLYCURVE(#9626,$,.F.);
#9628=IFCDIRECTION((0.,0.,1.));
#9629=IFCARBITRARYCLOSEDPROFILEDEF(.AREA.,$,#9627);
#9630=IFCCARTESIANPOINT((0.,0.,0.));
#9631=IFCDIRECTION((0.,0.,1.));
#9632=IFCDIRECTION((1.,0.,0.));
#9633=IFCAXIS2PLACEMENT3D(#9630,#9631,#9632);
#9634=IFCEXTRUDEDAREASOLID(#9629,#9633,#9628,-400.);
#9635=IFCSHAPEREPRESENTATION(#11,'Body','SweptSolid',(#9634));
#9636=IFCPRODUCTDEFINITIONSHAPE($,$,(#9635));
#9642=IFCCARTESIANPOINT((8875.,6000.,3000.));
#9643=IFCDIRECTION((0.,0.,1.));
#9644=IFCDIRECTION((-1.8369701987210297E-16,-1.,0.));
#9645=IFCAXIS2PLACEMENT3D(#9642,#9643,#9644);
#9646=IFCLOCALPLACEMENT($,#9645);
#9647=IFCPROPERTYSET('0oUOub1l11vx7fciDU34JX',$,'Other',$,(#9649,#9650));
#9648=IFCRELDEFINESBYPROPERTIES('37UsaYknT76R2Vt2Wb7N6s',$,$,$,(#9625),#9647);
#9649=IFCPROPERTYSINGLEVALUE('Ax',$,IFCLABEL('0.001'),$);
#9650=IFCPROPERTYSINGLEVALUE('Ay',$,IFCLABEL('0.001'),$);
#9651=IFCBEAM('0rS0cWeIj5NPM0qZWyVgsX',$,$,$,$,#9672,#9662,$,$);
#9652=IFCCARTESIANPOINTLIST2D(((0.,0.),(0.,250.),(6000.,250.),(6000.,0.),(0.,0.)));
#9653=IFCINDEXEDPOLYCURVE(#9652,$,.F.);
#9654=IFCDIRECTION((0.,0.,1.));
#9655=IFCARBITRARYCLOSEDPROFILEDEF(.AREA.,$,#9653);
#9656=IFCCARTESIANPOINT((0.,0.,0.));
#9657=IFCDIRECTION((0.,0.,1.));
#9658=IFCDIRECTION((1.,0.,0.));
#9659=IFCAXIS2PLACEMENT3D(#9656,#9657,#9658);
#9660=IFCEXTRUDEDAREASOLID(#9655,#9659,#9654,-400.);
#9661=IFCSHAPEREPRESENTATION(#11,'Body','SweptSolid',(#9660));
#9662=IFCPRODUCTDEFINITIONSHAPE($,$,(#9661));
#9668=IFCCARTESIANPOINT((2875.,6000.,3000.));
#9669=IFCDIRECTION((0.,0.,1.));
#9670=IFCDIRECTION((-1.8369701987210297E-16,-1.,0.));
#9671=IFCAXIS2PLACEMENT3D(#9668,#9669,#9670);
#9672=IFCLOCALPLACEMENT($,#9671);
#9673=IFCPROPERTYSET('2AsAR8_CDBVezagt_zecqE',$,'Other',$,(#9675,#9676));
#9674=IFCRELDEFINESBYPROPERTIES('1Py8L33Bn2uuJz0xLBswWB',$,$,$,(#9651),#9673);
#9675=IFCPROPERTYSINGLEVALUE('Ax',$,IFCLABEL('0.001'),$);
#9676=IFCPROPERTYSINGLEVALUE('Ay',$,IFCLABEL('0.001'),$);
#9677=IFCBEAM('177ZzUcqz90BBKJ9MixTA0',$,$,$,$,#9698,#9688,$,$);
#9678=IFCCARTESIANPOINTLIST2D(((0.,0.),(0.,250.),(6000.,250.),(6000.,0.),(0.,0.)));
#9679=IFCINDEXEDPOLYCURVE(#9678,$,.F.);
#9680=IFCDIRECTION((0.,0.,1.));
#9681=IFCARBITRARYCLOSEDPROFILEDEF(.AREA.,$,#9679);
#9682=IFCCARTESIANPOINT((0.,0.,0.));
#9683=IFCDIRECTION((0.,0.,1.));
#9684=IFCDIRECTION((1.,0.,0.));
#9685=IFCAXIS2PLACEMENT3D(#9682,#9683,#9684);
#9686=IFCEXTRUDEDAREASOLID(#9681,#9685,#9680,-400.);
#9687=IFCSHAPEREPRESENTATION(#11,'Body','SweptSolid',(#9686));
#9688=IFCPRODUCTDEFINITIONSHAPE($,$,(#9687));
#9694=IFCCARTESIANPOINT((26875.,12000.,3000.));
#9695=IFCDIRECTION((0.,0.,1.));
#9696=IFCDIRECTION((-1.8369701987210297E-16,-1.,0.));
#9697=IFCAXIS2PLACEMENT3D(#9694,#9695,#9696);
#9698=IFCLOCALPLACEMENT($,#9697);
#9699=IFCPROPERTYSET('2gWmqbm$DB1eeiOTJpUdlb',$,'Other',$,(#9701,#9702));
#9700=IFCRELDEFINESBYPROPERTIES('0KK$b5IhjD5ODxGc5tkyVq',$,$,$,(#9677),#9699);
#9701=IFCPROPERTYSINGLEVALUE('Ax',$,IFCLABEL('0.001'),$);
#9702=IFCPROPERTYSINGLEVALUE('Ay',$,IFCLABEL('0.001'),$);
#9703=IFCBEAM('1DJlnPMK1Dmv5l0_WCesEU',$,$,$,$,#9724,#9714,$,$);
#9704=IFCCARTESIANPOINTLIST2D(((0.,0.),(0.,250.),(6000.,250.),(6000.,0.),(0.,0.)));
#9705=IFCINDEXEDPOLYCURVE(#9704,$,.F.);
#9706=IFCDIRECTION((0.,0.,1.));
#9707=IFCARBITRARYCLOSEDPROFILEDEF(.AREA.,$,#9705);
#9708=IFCCARTESIANPOINT((0.,0.,0.));
#9709=IFCDIRECTION((0.,0.,1.));
#9710=IFCDIRECTION((1.,0.,0.));
#9711=IFCAXIS2PLACEMENT3D(#9708,#9709,#9710);
#9712=IFCEXTRUDEDAREASOLID(#9707,#9711,#9706,-400.);
#9713=IFCSHAPEREPRESENTATION(#11,'Body','SweptSolid',(#9712));
#9714=IFCPRODUCTDEFINITIONSHAPE($,$,(#9713));
#9720=IFCCARTESIANPOINT((26875.,6000.,3000.));
#9721=IFCDIRECTION((0.,0.,1.));
#9722=IFCDIRECTION((-1.8369701987210297E-16,-1.,0.));
#9723=IFCAXIS2PLACEMENT3D(#9720,#9721,#9722);
#9724=IFCLOCALPLACEMENT($,#9723);
#9725=IFCPROPERTYSET('2f7rpxwxfBSAro5$3$wJMK',$,'Other',$,(#9727,#9728));
#9726=IFCRELDEFINESBYPROPERTIES('142k1rRFz98uUYGJHwfjvN',$,$,$,(#9703),#9725);
#9727=IFCPROPERTYSINGLEVALUE('Ax',$,IFCLABEL('0.001'),$);
#9728=IFCPROPERTYSINGLEVALUE('Ay',$,IFCLABEL('0.001'),$);
#9729=IFCBEAM('3qTghXszfCIggMW$xtNqfD',$,$,$,$,#9750,#9740,$,$);
#9730=IFCCARTESIANPOINTLIST2D(((0.,0.),(0.,250.),(6000.,250.),(6000.,0.),(0.,0.)));
#9731=IFCINDEXEDPOLYCURVE(#9730,$,.F.);
#9732=IFCDIRECTION((0.,0.,1.));
#9733=IFCARBITRARYCLOSEDPROFILEDEF(.AREA.,$,#9731);
#9734=IFCCARTESIANPOINT((0.,0.,0.));
#9735=IFCDIRECTION((0.,0.,1.));
#9736=IFCDIRECTION((1.,0.,0.));
#9737=IFCAXIS2PLACEMENT3D(#9734,#9735,#9736);
#9738=IFCEXTRUDEDAREASOLID(#9733,#9737,#9732,-500.);
#9739=IFCSHAPEREPRESENTATION(#11,'Body','SweptSolid',(#9738));
#9740=IFCPRODUCTDEFINITIONSHAPE($,$,(#9739));
#9746=IFCCARTESIANPOINT((24000.,14875.,3000.));
#9747=IFCDIRECTION((0.,0.,1.));
#9748=IFCDIRECTION((1.,0.,0.));
#9749=IFCAXIS2PLACEMENT3D(#9746,#9747,#9748);
#9750=IFCLOCALPLACEMENT($,#9749);
#9751=IFCPROPERTYSET('0gGtcONz57cuN5hYnPBm6l',$,'Other',$,(#9753,#9754));
#9752=IFCRELDEFINESBYPROPERTIES('3ArOyG52z7H90_FL4U51kZ',$,$,$,(#9729),#9751);
#9753=IFCPROPERTYSINGLEVALUE('Ax',$,IFCLABEL('0.001'),$);
#9754=IFCPROPERTYSINGLEVALUE('Ay',$,IFCLABEL('0.001'),$);
#9755=IFCBEAM('3HvruJCqf4pg9cHe9eGJWY',$,$,$,$,#9776,#9766,$,$);
#9756=IFCCARTESIANPOINTLIST2D(((0.,0.),(0.,250.),(6000.,250.),(6000.,0.),(0.,0.)));
#9757=IFCINDEXEDPOLYCURVE(#9756,$,.F.);
#9758=IFCDIRECTION((0.,0.,1.));
#9759=IFCARBITRARYCLOSEDPROFILEDEF(.AREA.,$,#9757);
#9760=IFCCARTESIANPOINT((0.,0.,0.));
#9761=IFCDIRECTION((0.,0.,1.));
#9762=IFCDIRECTION((1.,0.,0.));
#9763=IFCAXIS2PLACEMENT3D(#9760,#9761,#9762);
#9764=IFCEXTRUDEDAREASOLID(#9759,#9763,#9758,-400.);
#9765=IFCSHAPEREPRESENTATION(#11,'Body','SweptSolid',(#9764));
#9766=IFCPRODUCTDEFINITIONSHAPE($,$,(#9765));
#9772=IFCCARTESIANPOINT((29875.,18000.,3000.));
#9773=IFCDIRECTION((0.,0.,1.));
#9774=IFCDIRECTION((-1.8369701987210297E-16,-1.,0.));
#9775=IFCAXIS2PLACEMENT3D(#9772,#9773,#9774);
#9776=IFCLOCALPLACEMENT($,#9775);
#9777=IFCPROPERTYSET('0bSie$tF57of_0engnXdHv',$,'Other',$,(#9779,#9780));
#9778=IFCRELDEFINESBYPROPERTIES('2xXXo3B_n9BfqdHLN8yi1W',$,$,$,(#9755),#9777);
#9779=IFCPROPERTYSINGLEVALUE('Ax',$,IFCLABEL('0.001'),$);
#9780=IFCPROPERTYSINGLEVALUE('Ay',$,IFCLABEL('0.001'),$);
#9781=IFCBEAM('0qg6lpUWfFoBo8IWuMeocu',$,$,$,$,#9802,#9792,$,$);
#9782=IFCCARTESIANPOINTLIST2D(((0.,0.),(0.,250.),(6000.,250.),(6000.,0.),(0.,0.)));
#9783=IFCINDEXEDPOLYCURVE(#9782,$,.F.);
#9784=IFCDIRECTION((0.,0.,1.));
#9785=IFCARBITRARYCLOSEDPROFILEDEF(.AREA.,$,#9783);
#9786=IFCCARTESIANPOINT((0.,0.,0.));
#9787=IFCDIRECTION((0.,0.,1.));
#9788=IFCDIRECTION((1.,0.,0.));
#9789=IFCAXIS2PLACEMENT3D(#9786,#9787,#9788);
#9790=IFCEXTRUDEDAREASOLID(#9785,#9789,#9784,-400.);
#9791=IFCSHAPEREPRESENTATION(#11,'Body','SweptSolid',(#9790));
#9792=IFCPRODUCTDEFINITIONSHAPE($,$,(#9791));
#9798=IFCCARTESIANPOINT((24000.,11875.,24000.));
#9799=IFCDIRECTION((0.,0.,1.));
#9800=IFCDIRECTION((1.,0.,0.));
#9801=IFCAXIS2PLACEMENT3D(#9798,#9799,#9800);
#9802=IFCLOCALPLACEMENT($,#9801);
#9803=IFCPROPERTYSET('3YK5QGknP8OeGTax$OZLc3',$,'Other',$,(#9805,#9806));
#9804=IFCRELDEFINESBYPROPERTIES('1MHCCD6nb8GwNcgFDhMkze',$,$,$,(#9781),#9803);
#9805=IFCPROPERTYSINGLEVALUE('Ax',$,IFCLABEL('0.001'),$);
#9806=IFCPROPERTYSINGLEVALUE('Ay',$,IFCLABEL('0.001'),$);
#9807=IFCBEAM('0Np681Euz5CB5wz3ucA6NT',$,$,$,$,#9828,#9818,$,$);
#9808=IFCCARTESIANPOINTLIST2D(((0.,0.),(0.,250.),(6000.,250.),(6000.,0.),(0.,0.)));
#9809=IFCINDEXEDPOLYCURVE(#9808,$,.F.);
#9810=IFCDIRECTION((0.,0.,1.));
#9811=IFCARBITRARYCLOSEDPROFILEDEF(.AREA.,$,#9809);
#9812=IFCCARTESIANPOINT((0.,0.,0.));
#9813=IFCDIRECTION((0.,0.,1.));
#9814=IFCDIRECTION((1.,0.,0.));
#9815=IFCAXIS2PLACEMENT3D(#9812,#9813,#9814);
#9816=IFCEXTRUDEDAREASOLID(#9811,#9815,#9810,-400.);
#9817=IFCSHAPEREPRESENTATION(#11,'Body','SweptSolid',(#9816));
#9818=IFCPRODUCTDEFINITIONSHAPE($,$,(#9817));
#9824=IFCCARTESIANPOINT((24000.,11875.,21000.));
#9825=IFCDIRECTION((0.,0.,1.));
#9826=IFCDIRECTION((1.,0.,0.));
#9827=IFCAXIS2PLACEMENT3D(#9824,#9825,#9826);
#9828=IFCLOCALPLACEMENT($,#9827);
#9829=IFCPROPERTYSET('2rin3xG1z2rAu9vzV2AC5S',$,'Other',$,(#9831,#9832));
#9830=IFCRELDEFINESBYPROPERTIES('39TMAy079CYB03ftdn8WMu',$,$,$,(#9807),#9829);
#9831=IFCPROPERTYSINGLEVALUE('Ax',$,IFCLABEL('0.001'),$);
#9832=IFCPROPERTYSINGLEVALUE('Ay',$,IFCLABEL('0.001'),$);
#9833=IFCBEAM('16ocobrlTDwxMQjdjsqbqN',$,$,$,$,#9854,#9844,$,$);
#9834=IFCCARTESIANPOINTLIST2D(((0.,0.),(0.,250.),(6000.,250.),(6000.,0.),(0.,0.)));
#9835=IFCINDEXEDPOLYCURVE(#9834,$,.F.);
#9836=IFCDIRECTION((0.,0.,1.));
#9837=IFCARBITRARYCLOSEDPROFILEDEF(.AREA.,$,#9835);
#9838=IFCCARTESIANPOINT((0.,0.,0.));
#9839=IFCDIRECTION((0.,0.,1.));
#9840=IFCDIRECTION((1.,0.,0.));
#9841=IFCAXIS2PLACEMENT3D(#9838,#9839,#9840);
#9842=IFCEXTRUDEDAREASOLID(#9837,#9841,#9836,-400.);
#9843=IFCSHAPEREPRESENTATION(#11,'Body','SweptSolid',(#9842));
#9844=IFCPRODUCTDEFINITIONSHAPE($,$,(#9843));
#9850=IFCCARTESIANPOINT((24000.,11875.,18000.));
#9851=IFCDIRECTION((0.,0.,1.));
#9852=IFCDIRECTION((1.,0.,0.));
#9853=IFCAXIS2PLACEMENT3D(#9850,#9851,#9852);
#9854=IFCLOCALPLACEMENT($,#9853);
#9855=IFCPROPERTYSET('3fLAY_CVP7_8cXkx$bx4TY',$,'Other',$,(#9857,#9858));
#9856=IFCRELDEFINESBYPROPERTIES('1QOK5B72f759ba26CsijTQ',$,$,$,(#9833),#9855);
#9857=IFCPROPERTYSINGLEVALUE('Ax',$,IFCLABEL('0.001'),$);
#9858=IFCPROPERTYSINGLEVALUE('Ay',$,IFCLABEL('0.001'),$);
#9859=IFCBEAM('0fiBZPfgPD6QGII8gIRqKs',$,$,$,$,#9880,#9870,$,$);
#9860=IFCCARTESIANPOINTLIST2D(((0.,0.),(0.,250.),(6000.,250.),(6000.,0.),(0.,0.)));
#9861=IFCINDEXEDPOLYCURVE(#9860,$,.F.);
#9862=IFCDIRECTION((0.,0.,1.));
#9863=IFCARBITRARYCLOSEDPROFILEDEF(.AREA.,$,#9861);
#9864=IFCCARTESIANPOINT((0.,0.,0.));
#9865=IFCDIRECTION((0.,0.,1.));
#9866=IFCDIRECTION((1.,0.,0.));
#9867=IFCAXIS2PLACEMENT3D(#9864,#9865,#9866);
#9868=IFCEXTRUDEDAREASOLID(#9863,#9867,#9862,-400.);
#9869=IFCSHAPEREPRESENTATION(#11,'Body','SweptSolid',(#9868));
#9870=IFCPRODUCTDEFINITIONSHAPE($,$,(#9869));
#9876=IFCCARTESIANPOINT((24000.,11875.,15000.));
#9877=IFCDIRECTION((0.,0.,1.));
#9878=IFCDIRECTION((1.,0.,0.));
#9879=IFCAXIS2PLACEMENT3D(#9876,#9877,#9878);
#9880=IFCLOCALPLACEMENT($,#9879);
#9881=IFCPROPERTYSET('1LX6b1zR1FzAyJJt$VVyb1',$,'Other',$,(#9883,#9884));
#9882=IFCRELDEFINESBYPROPERTIES('2ZJwXuAuj01wxyeEDHa9K0',$,$,$,(#9859),#9881);
#9883=IFCPROPERTYSINGLEVALUE('Ax',$,IFCLABEL('0.001'),$);
#9884=IFCPROPERTYSINGLEVALUE('Ay',$,IFCLABEL('0.001'),$);
#9885=IFCBEAM('2PMQHNL813eBpNjvImcw4O',$,$,$,$,#9906,#9896,$,$);
#9886=IFCCARTESIANPOINTLIST2D(((0.,0.),(0.,250.),(6000.,250.),(6000.,0.),(0.,0.)));
#9887=IFCINDEXEDPOLYCURVE(#9886,$,.F.);
#9888=IFCDIRECTION((0.,0.,1.));
#9889=IFCARBITRARYCLOSEDPROFILEDEF(.AREA.,$,#9887);
#9890=IFCCARTESIANPOINT((0.,0.,0.));
#9891=IFCDIRECTION((0.,0.,1.));
#9892=IFCDIRECTION((1.,0.,0.));
#9893=IFCAXIS2PLACEMENT3D(#9890,#9891,#9892);
#9894=IFCEXTRUDEDAREASOLID(#9889,#9893,#9888,-400.);
#9895=IFCSHAPEREPRESENTATION(#11,'Body','SweptSolid',(#9894));
#9896=IFCPRODUCTDEFINITIONSHAPE($,$,(#9895));
#9902=IFCCARTESIANPOINT((24000.,11875.,12000.));
#9903=IFCDIRECTION((0.,0.,1.));
#9904=IFCDIRECTION((1.,0.,0.));
#9905=IFCAXIS2PLACEMENT3D(#9902,#9903,#9904);
#9906=IFCLOCALPLACEMENT($,#9905);
#9907=IFCPROPERTYSET('09AC9I4gD4EuZ8AKWNLBpi',$,'Other',$,(#9909,#9910));
#9908=IFCRELDEFINESBYPROPERTIES('2jOe78A41BnOXEwau6TvlP',$,$,$,(#9885),#9907);
#9909=IFCPROPERTYSINGLEVALUE('Ax',$,IFCLABEL('0.001'),$);
#9910=IFCPROPERTYSINGLEVALUE('Ay',$,IFCLABEL('0.001'),$);
#9911=IFCBEAM('0sjqsLF6j4DwigPaaeAWG_',$,$,$,$,#9932,#9922,$,$);
#9912=IFCCARTESIANPOINTLIST2D(((0.,0.),(0.,250.),(6000.,250.),(6000.,0.),(0.,0.)));
#9913=IFCINDEXEDPOLYCURVE(#9912,$,.F.);
#9914=IFCDIRECTION((0.,0.,1.));
#9915=IFCARBITRARYCLOSEDPROFILEDEF(.AREA.,$,#9913);
#9916=IFCCARTESIANPOINT((0.,0.,0.));
#9917=IFCDIRECTION((0.,0.,1.));
#9918=IFCDIRECTION((1.,0.,0.));
#9919=IFCAXIS2PLACEMENT3D(#9916,#9917,#9918);
#9920=IFCEXTRUDEDAREASOLID(#9915,#9919,#9914,-400.);
#9921=IFCSHAPEREPRESENTATION(#11,'Body','SweptSolid',(#9920));
#9922=IFCPRODUCTDEFINITIONSHAPE($,$,(#9921));
#9928=IFCCARTESIANPOINT((24000.,11875.,9000.));
#9929=IFCDIRECTION((0.,0.,1.));
#9930=IFCDIRECTION((1.,0.,0.));
#9931=IFCAXIS2PLACEMENT3D(#9928,#9929,#9930);
#9932=IFCLOCALPLACEMENT($,#9931);
#9933=IFCPROPERTYSET('0Ric31bpLEnviQurx8kdRP',$,'Other',$,(#9935,#9936));
#9934=IFCRELDEFINESBYPROPERTIES('0MQv60JiDAqu3xPNxxNNCy',$,$,$,(#9911),#9933);
#9935=IFCPROPERTYSINGLEVALUE('Ax',$,IFCLABEL('0.001'),$);
#9936=IFCPROPERTYSINGLEVALUE('Ay',$,IFCLABEL('0.001'),$);
#9937=IFCBEAM('34sOMpl058zhh4tyBi82ee',$,$,$,$,#9958,#9948,$,$);
#9938=IFCCARTESIANPOINTLIST2D(((0.,0.),(0.,250.),(6000.,250.),(6000.,0.),(0.,0.)));
#9939=IFCINDEXEDPOLYCURVE(#9938,$,.F.);
#9940=IFCDIRECTION((0.,0.,1.));
#9941=IFCARBITRARYCLOSEDPROFILEDEF(.AREA.,$,#9939);
#9942=IFCCARTESIANPOINT((0.,0.,0.));
#9943=IFCDIRECTION((0.,0.,1.));
#9944=IFCDIRECTION((1.,0.,0.));
#9945=IFCAXIS2PLACEMENT3D(#9942,#9943,#9944);
#9946=IFCEXTRUDEDAREASOLID(#9941,#9945,#9940,-400.);
#9947=IFCSHAPEREPRESENTATION(#11,'Body','SweptSolid',(#9946));
#9948=IFCPRODUCTDEFINITIONSHAPE($,$,(#9947));
#9954=IFCCARTESIANPOINT((24000.,11875.,6000.));
#9955=IFCDIRECTION((0.,0.,1.));
#9956=IFCDIRECTION((1.,0.,0.));
#9957=IFCAXIS2PLACEMENT3D(#9954,#9955,#9956);
#9958=IFCLOCALPLACEMENT($,#9957);
#9959=IFCPROPERTYSET('0i5UBWV4X0Ag0vqk_PkS2b',$,'Other',$,(#9961,#9962));
#9960=IFCRELDEFINESBYPROPERTIES('3ZMyXyq916hAA_jtFZtRx_',$,$,$,(#9937),#9959);
#9961=IFCPROPERTYSINGLEVALUE('Ax',$,IFCLABEL('0.001'),$);
#9962=IFCPROPERTYSINGLEVALUE('Ay',$,IFCLABEL('0.001'),$);
#9963=IFCBEAM('3w6jvAUBf2qPc$SCKnszZa',$,$,$,$,#9984,#9974,$,$);
#9964=IFCCARTESIANPOINTLIST2D(((0.,0.),(0.,250.),(6000.,250.),(6000.,0.),(0.,0.)));
#9965=IFCINDEXEDPOLYCURVE(#9964,$,.F.);
#9966=IFCDIRECTION((0.,0.,1.));
#9967=IFCARBITRARYCLOSEDPROFILEDEF(.AREA.,$,#9965);
#9968=IFCCARTESIANPOINT((0.,0.,0.));
#9969=IFCDIRECTION((0.,0.,1.));
#9970=IFCDIRECTION((1.,0.,0.));
#9971=IFCAXIS2PLACEMENT3D(#9968,#9969,#9970);
#9972=IFCEXTRUDEDAREASOLID(#9967,#9971,#9966,-400.);
#9973=IFCSHAPEREPRESENTATION(#11,'Body','SweptSolid',(#9972));
#9974=IFCPRODUCTDEFINITIONSHAPE($,$,(#9973));
#9980=IFCCARTESIANPOINT((24000.,11875.,3000.));
#9981=IFCDIRECTION((0.,0.,1.));
#9982=IFCDIRECTION((1.,0.,0.));
#9983=IFCAXIS2PLACEMENT3D(#9980,#9981,#9982);
#9984=IFCLOCALPLACEMENT($,#9983);
#9985=IFCPROPERTYSET('1jWlTorHrEKwnPMMKfuYRO',$,'Other',$,(#9987,#9988));
#9986=IFCRELDEFINESBYPROPERTIES('1JTbQbi6bEX9rbPcrZ5SqV',$,$,$,(#9963),#9985);
#9987=IFCPROPERTYSINGLEVALUE('Ax',$,IFCLABEL('0.001'),$);
#9988=IFCPROPERTYSINGLEVALUE('Ay',$,IFCLABEL('0.001'),$);
#9989=IFCBEAM('2jgHX0yPjENA6Op0pZ5P99',$,$,$,$,#10010,#10000,$,$);
#9990=IFCCARTESIANPOINTLIST2D(((0.,0.),(0.,250.),(6000.,250.),(6000.,0.),(0.,0.)));
#9991=IFCINDEXEDPOLYCURVE(#9990,$,.F.);
#9992=IFCDIRECTION((0.,0.,1.));
#9993=IFCARBITRARYCLOSEDPROFILEDEF(.AREA.,$,#9991);
#9994=IFCCARTESIANPOINT((0.,0.,0.));
#9995=IFCDIRECTION((0.,0.,1.));
#9996=IFCDIRECTION((1.,0.,0.));
#9997=IFCAXIS2PLACEMENT3D(#9994,#9995,#9996);
#9998=IFCEXTRUDEDAREASOLID(#9993,#9997,#9992,-400.);
#9999=IFCSHAPEREPRESENTATION(#11,'Body','SweptSolid',(#9998));
#10000=IFCPRODUCTDEFINITIONSHAPE($,$,(#9999));
#10006=IFCCARTESIANPOINT((24000.,11875.,0.));
#10007=IFCDIRECTION((0.,0.,1.));
#10008=IFCDIRECTION((1.,0.,0.));
#10009=IFCAXIS2PLACEMENT3D(#10006,#10007,#10008);
#10010=IFCLOCALPLACEMENT($,#10009);
#10011=IFCPROPERTYSET('13YxwswBbDIu9Cv3kyThvG',$,'Other',$,(#10013,#10014));
#10012=IFCRELDEFINESBYPROPERTIES('2mVChJZ4v3UfV6XmswTV1W',$,$,$,(#9989),#10011);
#10013=IFCPROPERTYSINGLEVALUE('Ax',$,IFCLABEL('0.001'),$);
#10014=IFCPROPERTYSINGLEVALUE('Ay',$,IFCLABEL('0.001'),$);
#10015=IFCBEAM('2LIzYFIbj83f5a8jCYKIas',$,$,$,$,#10036,#10026,$,$);
#10016=IFCCARTESIANPOINTLIST2D(((0.,0.),(0.,250.),(6000.,250.),(6000.,0.),(0.,0.)));
#10017=IFCINDEXEDPOLYCURVE(#10016,$,.F.);
#10018=IFCDIRECTION((0.,0.,1.));
#10019=IFCARBITRARYCLOSEDPROFILEDEF(.AREA.,$,#10017);
#10020=IFCCARTESIANPOINT((0.,0.,0.));
#10021=IFCDIRECTION((0.,0.,1.));
#10022=IFCDIRECTION((1.,0.,0.));
#10023=IFCAXIS2PLACEMENT3D(#10020,#10021,#10022);
#10024=IFCEXTRUDEDAREASOLID(#10019,#10023,#10018,-400.);
#10025=IFCSHAPEREPRESENTATION(#11,'Body','SweptSolid',(#10024));
#10026=IFCPRODUCTDEFINITIONSHAPE($,$,(#10025));
#10032=IFCCARTESIANPOINT((29875.,12000.,24000.));
#10033=IFCDIRECTION((0.,0.,1.));
#10034=IFCDIRECTION((-1.8369701987210297E-16,-1.,0.));
#10035=IFCAXIS2PLACEMENT3D(#10032,#10033,#10034);
#10036=IFCLOCALPLACEMENT($,#10035);
#10037=IFCPROPERTYSET('07rR29MmbBYetv2Bko3epc',$,'Other',$,(#10039,#10040));
#10038=IFCRELDEFINESBYPROPERTIES('2xUufUWML2KPmdl3heS0QL',$,$,$,(#10015),#10037);
#10039=IFCPROPERTYSINGLEVALUE('Ax',$,IFCLABEL('0.001'),$);
#10040=IFCPROPERTYSINGLEVALUE('Ay',$,IFCLABEL('0.001'),$);
#10041=IFCBEAM('1ov0spWjHFAxgo$1wtZD2n',$,$,$,$,#10062,#10052,$,$);
#10042=IFCCARTESIANPOINTLIST2D(((0.,0.),(0.,250.),(6000.,250.),(6000.,0.),(0.,0.)));
#10043=IFCINDEXEDPOLYCURVE(#10042,$,.F.);
#10044=IFCDIRECTION((0.,0.,1.));
#10045=IFCARBITRARYCLOSEDPROFILEDEF(.AREA.,$,#10043);
#10046=IFCCARTESIANPOINT((0.,0.,0.));
#10047=IFCDIRECTION((0.,0.,1.));
#10048=IFCDIRECTION((1.,0.,0.));
#10049=IFCAXIS2PLACEMENT3D(#10046,#10047,#10048);
#10050=IFCEXTRUDEDAREASOLID(#10045,#10049,#10044,-400.);
#10051=IFCSHAPEREPRESENTATION(#11,'Body','SweptSolid',(#10050));
#10052=IFCPRODUCTDEFINITIONSHAPE($,$,(#10051));
#10058=IFCCARTESIANPOINT((29875.,12000.,21000.));
#10059=IFCDIRECTION((0.,0.,1.));
#10060=IFCDIRECTION((-1.8369701987210297E-16,-1.,0.));
#10061=IFCAXIS2PLACEMENT3D(#10058,#10059,#10060);
#10062=IFCLOCALPLACEMENT($,#10061);
#10063=IFCPROPERTYSET('1YJ_pY95L489rbLvBvKJmH',$,'Other',$,(#10065,#10066));
#10064=IFCRELDEFINESBYPROPERTIES('15lG77pi5EWxeiaH7UElg_',$,$,$,(#10041),#10063);
#10065=IFCPROPERTYSINGLEVALUE('Ax',$,IFCLABEL('0.001'),$);
#10066=IFCPROPERTYSINGLEVALUE('Ay',$,IFCLABEL('0.001'),$);
#10067=IFCBEAM('3kEqTaozjExu3kkLV$wRwI',$,$,$,$,#10088,#10078,$,$);
#10068=IFCCARTESIANPOINTLIST2D(((0.,0.),(0.,250.),(6000.,250.),(6000.,0.),(0.,0.)));
#10069=IFCINDEXEDPOLYCURVE(#10068,$,.F.);
#10070=IFCDIRECTION((0.,0.,1.));
#10071=IFCARBITRARYCLOSEDPROFILEDEF(.AREA.,$,#10069);
#10072=IFCCARTESIANPOINT((0.,0.,0.));
#10073=IFCDIRECTION((0.,0.,1.));
#10074=IFCDIRECTION((1.,0.,0.));
#10075=IFCAXIS2PLACEMENT3D(#10072,#10073,#10074);
#10076=IFCEXTRUDEDAREASOLID(#10071,#10075,#10070,-400.);
#10077=IFCSHAPEREPRESENTATION(#11,'Body','SweptSolid',(#10076));
#10078=IFCPRODUCTDEFINITIONSHAPE($,$,(#10077));
#10084=IFCCARTESIANPOINT((29875.,12000.,18000.));
#10085=IFCDIRECTION((0.,0.,1.));
#10086=IFCDIRECTION((-1.8369701987210297E-16,-1.,0.));
#10087=IFCAXIS2PLACEMENT3D(#10084,#10085,#10086);
#10088=IFCLOCALPLACEMENT($,#10087);
#10089=IFCPROPERTYSET('1IERcqHBPFqBUUNoJDXxlI',$,'Other',$,(#10091,#10092));
#10090=IFCRELDEFINESBYPROPERTIES('3HPLP3XhD8tBwRV_AO1x6E',$,$,$,(#10067),#10089);
#10091=IFCPROPERTYSINGLEVALUE('Ax',$,IFCLABEL('0.001'),$);
#10092=IFCPROPERTYSINGLEVALUE('Ay',$,IFCLABEL('0.001'),$);
#10093=IFCBEAM('3Cr3dq3Av2PwBeHjybsntG',$,$,$,$,#10114,#10104,$,$);
#10094=IFCCARTESIANPOINTLIST2D(((0.,0.),(0.,250.),(6000.,250.),(6000.,0.),(0.,0.)));
#10095=IFCINDEXEDPOLYCURVE(#10094,$,.F.);
#10096=IFCDIRECTION((0.,0.,1.));
#10097=IFCARBITRARYCLOSEDPROFILEDEF(.AREA.,$,#10095);
#10098=IFCCARTESIANPOINT((0.,0.,0.));
#10099=IFCDIRECTION((0.,0.,1.));
#10100=IFCDIRECTION((1.,0.,0.));
#10101=IFCAXIS2PLACEMENT3D(#10098,#10099,#10100);
#10102=IFCEXTRUDEDAREASOLID(#10097,#10101,#10096,-400.);
#10103=IFCSHAPEREPRESENTATION(#11,'Body','SweptSolid',(#10102));
#10104=IFCPRODUCTDEFINITIONSHAPE($,$,(#10103));
#10110=IFCCARTESIANPOINT((29875.,12000.,15000.));
#10111=IFCDIRECTION((0.,0.,1.));
#10112=IFCDIRECTION((-1.8369701987210297E-16,-1.,0.));
#10113=IFCAXIS2PLACEMENT3D(#10110,#10111,#10112);
#10114=IFCLOCALPLACEMENT($,#10113);
#10115=IFCPROPERTYSET('06vU$a9YnD9gKq3dVMQakf',$,'Other',$,(#10117,#10118));
#10116=IFCRELDEFINESBYPROPERTIES('1WERgfavj5TvOnrECIa1Y7',$,$,$,(#10093),#10115);
#10117=IFCPROPERTYSINGLEVALUE('Ax',$,IFCLABEL('0.001'),$);
#10118=IFCPROPERTYSINGLEVALUE('Ay',$,IFCLABEL('0.001'),$);
#10119=IFCBEAM('1W$ikUKjHAhv81RpoNflxn',$,$,$,$,#10140,#10130,$,$);
#10120=IFCCARTESIANPOINTLIST2D(((0.,0.),(0.,250.),(6000.,250.),(6000.,0.),(0.,0.)));
#10121=IFCINDEXEDPOLYCURVE(#10120,$,.F.);
#10122=IFCDIRECTION((0.,0.,1.));
#10123=IFCARBITRARYCLOSEDPROFILEDEF(.AREA.,$,#10121);
#10124=IFCCARTESIANPOINT((0.,0.,0.));
#10125=IFCDIRECTION((0.,0.,1.));
#10126=IFCDIRECTION((1.,0.,0.));
#10127=IFCAXIS2PLACEMENT3D(#10124,#10125,#10126);
#10128=IFCEXTRUDEDAREASOLID(#10123,#10127,#10122,-400.);
#10129=IFCSHAPEREPRESENTATION(#11,'Body','SweptSolid',(#10128));
#10130=IFCPRODUCTDEFINITIONSHAPE($,$,(#10129));
#10136=IFCCARTESIANPOINT((29875.,12000.,12000.));
#10137=IFCDIRECTION((0.,0.,1.));
#10138=IFCDIRECTION((-1.8369701987210297E-16,-1.,0.));
#10139=IFCAXIS2PLACEMENT3D(#10136,#10137,#10138);
#10140=IFCLOCALPLACEMENT($,#10139);
#10141=IFCPROPERTYSET('31PfzMdCP3HAEDdtGA5_lh',$,'Other',$,(#10143,#10144));
#10142=IFCRELDEFINESBYPROPERTIES('2UCsppIl990u73kfZJkBU$',$,$,$,(#10119),#10141);
#10143=IFCPROPERTYSINGLEVALUE('Ax',$,IFCLABEL('0.001'),$);
#10144=IFCPROPERTYSINGLEVALUE('Ay',$,IFCLABEL('0.001'),$);
#10145=IFCBEAM('2U7p_GYUPAPuQEwCOMF_Lx',$,$,$,$,#10166,#10156,$,$);
#10146=IFCCARTESIANPOINTLIST2D(((0.,0.),(0.,250.),(6000.,250.),(6000.,0.),(0.,0.)));
#10147=IFCINDEXEDPOLYCURVE(#10146,$,.F.);
#10148=IFCDIRECTION((0.,0.,1.));
#10149=IFCARBITRARYCLOSEDPROFILEDEF(.AREA.,$,#10147);
#10150=IFCCARTESIANPOINT((0.,0.,0.));
#10151=IFCDIRECTION((0.,0.,1.));
#10152=IFCDIRECTION((1.,0.,0.));
#10153=IFCAXIS2PLACEMENT3D(#10150,#10151,#10152);
#10154=IFCEXTRUDEDAREASOLID(#10149,#10153,#10148,-400.);
#10155=IFCSHAPEREPRESENTATION(#11,'Body','SweptSolid',(#10154));
#10156=IFCPRODUCTDEFINITIONSHAPE($,$,(#10155));
#10162=IFCCARTESIANPOINT((29875.,12000.,9000.));
#10163=IFCDIRECTION((0.,0.,1.));
#10164=IFCDIRECTION((-1.8369701987210297E-16,-1.,0.));
#10165=IFCAXIS2PLACEMENT3D(#10162,#10163,#10164);
#10166=IFCLOCALPLACEMENT($,#10165);
#10167=IFCPROPERTYSET('1gFdsL16b1kQuONFc3a6cz',$,'Other',$,(#10169,#10170));
#10168=IFCRELDEFINESBYPROPERTIES('1bEvbi76TAb8sBG5sW8p6B',$,$,$,(#10145),#10167);
#10169=IFCPROPERTYSINGLEVALUE('Ax',$,IFCLABEL('0.001'),$);
#10170=IFCPROPERTYSINGLEVALUE('Ay',$,IFCLABEL('0.001'),$);
#10171=IFCBEAM('3lvGca6bf4avZvHSzjQyUv',$,$,$,$,#10192,#10182,$,$);
#10172=IFCCARTESIANPOINTLIST2D(((0.,0.),(0.,250.),(6000.,250.),(6000.,0.),(0.,0.)));
#10173=IFCINDEXEDPOLYCURVE(#10172,$,.F.);
#10174=IFCDIRECTION((0.,0.,1.));
#10175=IFCARBITRARYCLOSEDPROFILEDEF(.AREA.,$,#10173);
#10176=IFCCARTESIANPOINT((0.,0.,0.));
#10177=IFCDIRECTION((0.,0.,1.));
#10178=IFCDIRECTION((1.,0.,0.));
#10179=IFCAXIS2PLACEMENT3D(#10176,#10177,#10178);
#10180=IFCEXTRUDEDAREASOLID(#10175,#10179,#10174,-400.);
#10181=IFCSHAPEREPRESENTATION(#11,'Body','SweptSolid',(#10180));
#10182=IFCPRODUCTDEFINITIONSHAPE($,$,(#10181));
#10188=IFCCARTESIANPOINT((29875.,12000.,6000.));
#10189=IFCDIRECTION((0.,0.,1.));
#10190=IFCDIRECTION((-1.8369701987210297E-16,-1.,0.));
#10191=IFCAXIS2PLACEMENT3D(#10188,#10189,#10190);
#10192=IFCLOCALPLACEMENT($,#10191);
#10193=IFCPROPERTYSET('3ED2doGp979fxiKrf_y8g3',$,'Other',$,(#10195,#10196));
#10194=IFCRELDEFINESBYPROPERTIES('3hVgMR$$z3rfj5UV2vS34P',$,$,$,(#10171),#10193);
#10195=IFCPROPERTYSINGLEVALUE('Ax',$,IFCLABEL('0.001'),$);
#10196=IFCPROPERTYSINGLEVALUE('Ay',$,IFCLABEL('0.001'),$);
#10197=IFCBEAM('2HLlbOR1HEZAX3WMf9QqVi',$,$,$,$,#10218,#10208,$,$);
#10198=IFCCARTESIANPOINTLIST2D(((0.,0.),(0.,250.),(6000.,250.),(6000.,0.),(0.,0.)));
#10199=IFCINDEXEDPOLYCURVE(#10198,$,.F.);
#10200=IFCDIRECTION((0.,0.,1.));
#10201=IFCARBITRARYCLOSEDPROFILEDEF(.AREA.,$,#10199);
#10202=IFCCARTESIANPOINT((0.,0.,0.));
#10203=IFCDIRECTION((0.,0.,1.));
#10204=IFCDIRECTION((1.,0.,0.));
#10205=IFCAXIS2PLACEMENT3D(#10202,#10203,#10204);
#10206=IFCEXTRUDEDAREASOLID(#10201,#10205,#10200,-400.);
#10207=IFCSHAPEREPRESENTATION(#11,'Body','SweptSolid',(#10206));
#10208=IFCPRODUCTDEFINITIONSHAPE($,$,(#10207));
#10214=IFCCARTESIANPOINT((29875.,12000.,3000.));
#10215=IFCDIRECTION((0.,0.,1.));
#10216=IFCDIRECTION((-1.8369701987210297E-16,-1.,0.));
#10217=IFCAXIS2PLACEMENT3D(#10214,#10215,#10216);
#10218=IFCLOCALPLACEMENT($,#10217);
#10219=IFCPROPERTYSET('1T$9JfsufA0wAbwDatqqjw',$,'Other',$,(#10221,#10222));
#10220=IFCRELDEFINESBYPROPERTIES('1OtnexQWrDygsItveci5fe',$,$,$,(#10197),#10219);
#10221=IFCPROPERTYSINGLEVALUE('Ax',$,IFCLABEL('0.001'),$);
#10222=IFCPROPERTYSINGLEVALUE('Ay',$,IFCLABEL('0.001'),$);
#10223=IFCBEAM('2398ka3Mj8sxZxEYaInCPV',$,$,$,$,#10244,#10234,$,$);
#10224=IFCCARTESIANPOINTLIST2D(((0.,0.),(0.,250.),(6000.,250.),(6000.,0.),(0.,0.)));
#10225=IFCINDEXEDPOLYCURVE(#10224,$,.F.);
#10226=IFCDIRECTION((0.,0.,1.));
#10227=IFCARBITRARYCLOSEDPROFILEDEF(.AREA.,$,#10225);
#10228=IFCCARTESIANPOINT((0.,0.,0.));
#10229=IFCDIRECTION((0.,0.,1.));
#10230=IFCDIRECTION((1.,0.,0.));
#10231=IFCAXIS2PLACEMENT3D(#10228,#10229,#10230);
#10232=IFCEXTRUDEDAREASOLID(#10227,#10231,#10226,-400.);
#10233=IFCSHAPEREPRESENTATION(#11,'Body','SweptSolid',(#10232));
#10234=IFCPRODUCTDEFINITIONSHAPE($,$,(#10233));
#10240=IFCCARTESIANPOINT((29875.,12000.,0.));
#10241=IFCDIRECTION((0.,0.,1.));
#10242=IFCDIRECTION((-1.8369701987210297E-16,-1.,0.));
#10243=IFCAXIS2PLACEMENT3D(#10240,#10241,#10242);
#10244=IFCLOCALPLACEMENT($,#10243);
#10245=IFCPROPERTYSET('2nXAg46Nj7EflTNJ20CHIH',$,'Other',$,(#10247,#10248));
#10246=IFCRELDEFINESBYPROPERTIES('16VOorisH01Pldnh11CbpS',$,$,$,(#10223),#10245);
#10247=IFCPROPERTYSINGLEVALUE('Ax',$,IFCLABEL('0.001'),$);
#10248=IFCPROPERTYSINGLEVALUE('Ay',$,IFCLABEL('0.001'),$);
#10249=IFCBEAM('2QTa1T4cjCpxwhHmBM6fAb',$,$,$,$,#10270,#10260,$,$);
#10250=IFCCARTESIANPOINTLIST2D(((0.,0.),(0.,250.),(6000.,250.),(6000.,0.),(0.,0.)));
#10251=IFCINDEXEDPOLYCURVE(#10250,$,.F.);
#10252=IFCDIRECTION((0.,0.,1.));
#10253=IFCARBITRARYCLOSEDPROFILEDEF(.AREA.,$,#10251);
#10254=IFCCARTESIANPOINT((0.,0.,0.));
#10255=IFCDIRECTION((0.,0.,1.));
#10256=IFCDIRECTION((1.,0.,0.));
#10257=IFCAXIS2PLACEMENT3D(#10254,#10255,#10256);
#10258=IFCEXTRUDEDAREASOLID(#10253,#10257,#10252,-400.);
#10259=IFCSHAPEREPRESENTATION(#11,'Body','SweptSolid',(#10258));
#10260=IFCPRODUCTDEFINITIONSHAPE($,$,(#10259));
#10266=IFCCARTESIANPOINT((29875.,6000.,24000.));
#10267=IFCDIRECTION((0.,0.,1.));
#10268=IFCDIRECTION((-1.8369701987210297E-16,-1.,0.));
#10269=IFCAXIS2PLACEMENT3D(#10266,#10267,#10268);
#10270=IFCLOCALPLACEMENT($,#10269);
#10271=IFCPROPERTYSET('2QzPt14$v6oAwdeg8yDZX8',$,'Other',$,(#10273,#10274));
#10272=IFCRELDEFINESBYPROPERTIES('1F6naHP3LFwPUdIBywavvC',$,$,$,(#10249),#10271);
#10273=IFCPROPERTYSINGLEVALUE('Ax',$,IFCLABEL('0.001'),$);
#10274=IFCPROPERTYSINGLEVALUE('Ay',$,IFCLABEL('0.001'),$);
#10275=IFCBEAM('0T9NrIwEHDKvfL7BsgShla',$,$,$,$,#10296,#10286,$,$);
#10276=IFCCARTESIANPOINTLIST2D(((0.,0.),(0.,250.),(6000.,250.),(6000.,0.),(0.,0.)));
#10277=IFCINDEXEDPOLYCURVE(#10276,$,.F.);
#10278=IFCDIRECTION((0.,0.,1.));
#10279=IFCARBITRARYCLOSEDPROFILEDEF(.AREA.,$,#10277);
#10280=IFCCARTESIANPOINT((0.,0.,0.));
#10281=IFCDIRECTION((0.,0.,1.));
#10282=IFCDIRECTION((1.,0.,0.));
#10283=IFCAXIS2PLACEMENT3D(#10280,#10281,#10282);
#10284=IFCEXTRUDEDAREASOLID(#10279,#10283,#10278,-400.);
#10285=IFCSHAPEREPRESENTATION(#11,'Body','SweptSolid',(#10284));
#10286=IFCPRODUCTDEFINITIONSHAPE($,$,(#10285));
#10292=IFCCARTESIANPOINT((29875.,6000.,21000.));
#10293=IFCDIRECTION((0.,0.,1.));
#10294=IFCDIRECTION((-1.8369701987210297E-16,-1.,0.));
#10295=IFCAXIS2PLACEMENT3D(#10292,#10293,#10294);
#10296=IFCLOCALPLACEMENT($,#10295);
#10297=IFCPROPERTYSET('3zlhINYEbCGfFi1f3GuWM1',$,'Other',$,(#10299,#10300));
#10298=IFCRELDEFINESBYPROPERTIES('3m3vw1h6P2F9OAX5QmLsc$',$,$,$,(#10275),#10297);
#10299=IFCPROPERTYSINGLEVALUE('Ax',$,IFCLABEL('0.001'),$);
#10300=IFCPROPERTYSINGLEVALUE('Ay',$,IFCLABEL('0.001'),$);
#10301=IFCBEAM('2v8WqMRx1DR8XXNDtMFoc0',$,$,$,$,#10322,#10312,$,$);
#10302=IFCCARTESIANPOINTLIST2D(((0.,0.),(0.,250.),(6000.,250.),(6000.,0.),(0.,0.)));
#10303=IFCINDEXEDPOLYCURVE(#10302,$,.F.);
#10304=IFCDIRECTION((0.,0.,1.));
#10305=IFCARBITRARYCLOSEDPROFILEDEF(.AREA.,$,#10303);
#10306=IFCCARTESIANPOINT((0.,0.,0.));
#10307=IFCDIRECTION((0.,0.,1.));
#10308=IFCDIRECTION((1.,0.,0.));
#10309=IFCAXIS2PLACEMENT3D(#10306,#10307,#10308);
#10310=IFCEXTRUDEDAREASOLID(#10305,#10309,#10304,-400.);
#10311=IFCSHAPEREPRESENTATION(#11,'Body','SweptSolid',(#10310));
#10312=IFCPRODUCTDEFINITIONSHAPE($,$,(#10311));
#10318=IFCCARTESIANPOINT((29875.,6000.,18000.));
#10319=IFCDIRECTION((0.,0.,1.));
#10320=IFCDIRECTION((-1.8369701987210297E-16,-1.,0.));
#10321=IFCAXIS2PLACEMENT3D(#10318,#10319,#10320);
#10322=IFCLOCALPLACEMENT($,#10321);
#10323=IFCPROPERTYSET('0tP_ooz2nELRI0KR2NX3Bu',$,'Other',$,(#10325,#10326));
#10324=IFCRELDEFINESBYPROPERTIES('2IHzCIiIf5y8DF0e_QA4$l',$,$,$,(#10301),#10323);
#10325=IFCPROPERTYSINGLEVALUE('Ax',$,IFCLABEL('0.001'),$);
#10326=IFCPROPERTYSINGLEVALUE('Ay',$,IFCLABEL('0.001'),$);
#10327=IFCBEAM('086Q5K39PE5R3Oji0VTrys',$,$,$,$,#10348,#10338,$,$);
#10328=IFCCARTESIANPOINTLIST2D(((0.,0.),(0.,250.),(6000.,250.),(6000.,0.),(0.,0.)));
#10329=IFCINDEXEDPOLYCURVE(#10328,$,.F.);
#10330=IFCDIRECTION((0.,0.,1.));
#10331=IFCARBITRARYCLOSEDPROFILEDEF(.AREA.,$,#10329);
#10332=IFCCARTESIANPOINT((0.,0.,0.));
#10333=IFCDIRECTION((0.,0.,1.));
#10334=IFCDIRECTION((1.,0.,0.));
#10335=IFCAXIS2PLACEMENT3D(#10332,#10333,#10334);
#10336=IFCEXTRUDEDAREASOLID(#10331,#10335,#10330,-400.);
#10337=IFCSHAPEREPRESENTATION(#11,'Body','SweptSolid',(#10336));
#10338=IFCPRODUCTDEFINITIONSHAPE($,$,(#10337));
#10344=IFCCARTESIANPOINT((29875.,6000.,15000.));
#10345=IFCDIRECTION((0.,0.,1.));
#10346=IFCDIRECTION((-1.8369701987210297E-16,-1.,0.));
#10347=IFCAXIS2PLACEMENT3D(#10344,#10345,#10346);
#10348=IFCLOCALPLACEMENT($,#10347);
#10349=IFCPROPERTYSET('10OmtOEHX1quDyfu9ZYbK9',$,'Other',$,(#10351,#10352));
#10350=IFCRELDEFINESBYPROPERTIES('1Uud57V_P4XhbF$yA7ZZbC',$,$,$,(#10327),#10349);
#10351=IFCPROPERTYSINGLEVALUE('Ax',$,IFCLABEL('0.001'),$);
#10352=IFCPROPERTYSINGLEVALUE('Ay',$,IFCLABEL('0.001'),$);
#10353=IFCBEAM('2funG$mej8nh_J461xikeO',$,$,$,$,#10374,#10364,$,$);
#10354=IFCCARTESIANPOINTLIST2D(((0.,0.),(0.,250.),(6000.,250.),(6000.,0.),(0.,0.)));
#10355=IFCINDEXEDPOLYCURVE(#10354,$,.F.);
#10356=IFCDIRECTION((0.,0.,1.));
#10357=IFCARBITRARYCLOSEDPROFILEDEF(.AREA.,$,#10355);
#10358=IFCCARTESIANPOINT((0.,0.,0.));
#10359=IFCDIRECTION((0.,0.,1.));
#10360=IFCDIRECTION((1.,0.,0.));
#10361=IFCAXIS2PLACEMENT3D(#10358,#10359,#10360);
#10362=IFCEXTRUDEDAREASOLID(#10357,#10361,#10356,-400.);
#10363=IFCSHAPEREPRESENTATION(#11,'Body','SweptSolid',(#10362));
#10364=IFCPRODUCTDEFINITIONSHAPE($,$,(#10363));
#10370=IFCCARTESIANPOINT((29875.,6000.,12000.));
#10371=IFCDIRECTION((0.,0.,1.));
#10372=IFCDIRECTION((-1.8369701987210297E-16,-1.,0.));
#10373=IFCAXIS2PLACEMENT3D(#10370,#10371,#10372);
#10374=IFCLOCALPLACEMENT($,#10373);
#10375=IFCPROPERTYSET('2LrcLzXvPDpR52Xgw1GdA2',$,'Other',$,(#10377,#10378));
#10376=IFCRELDEFINESBYPROPERTIES('2wTJJTXS91cQsLyllC6lOJ',$,$,$,(#10353),#10375);
#10377=IFCPROPERTYSINGLEVALUE('Ax',$,IFCLABEL('0.001'),$);
#10378=IFCPROPERTYSINGLEVALUE('Ay',$,IFCLABEL('0.001'),$);
#10379=IFCBEAM('1Ua31bTjTDkgGfJGhdEJMg',$,$,$,$,#10400,#10390,$,$);
#10380=IFCCARTESIANPOINTLIST2D(((0.,0.),(0.,250.),(6000.,250.),(6000.,0.),(0.,0.)));
#10381=IFCINDEXEDPOLYCURVE(#10380,$,.F.);
#10382=IFCDIRECTION((0.,0.,1.));
#10383=IFCARBITRARYCLOSEDPROFILEDEF(.AREA.,$,#10381);
#10384=IFCCARTESIANPOINT((0.,0.,0.));
#10385=IFCDIRECTION((0.,0.,1.));
#10386=IFCDIRECTION((1.,0.,0.));
#10387=IFCAXIS2PLACEMENT3D(#10384,#10385,#10386);
#10388=IFCEXTRUDEDAREASOLID(#10383,#10387,#10382,-400.);
#10389=IFCSHAPEREPRESENTATION(#11,'Body','SweptSolid',(#10388));
#10390=IFCPRODUCTDEFINITIONSHAPE($,$,(#10389));
#10396=IFCCARTESIANPOINT((29875.,6000.,9000.));
#10397=IFCDIRECTION((0.,0.,1.));
#10398=IFCDIRECTION((-1.8369701987210297E-16,-1.,0.));
#10399=IFCAXIS2PLACEMENT3D(#10396,#10397,#10398);
#10400=IFCLOCALPLACEMENT($,#10399);
#10401=IFCPROPERTYSET('2HwS9tbbXAueje3kVdnxcC',$,'Other',$,(#10403,#10404));
#10402=IFCRELDEFINESBYPROPERTIES('2Qy190eZvBJuyWCn6mR$P$',$,$,$,(#10379),#10401);
#10403=IFCPROPERTYSINGLEVALUE('Ax',$,IFCLABEL('0.001'),$);
#10404=IFCPROPERTYSINGLEVALUE('Ay',$,IFCLABEL('0.001'),$);
#10405=IFCBEAM('3TBUOFXfv5GOFXSbL_$8VM',$,$,$,$,#10426,#10416,$,$);
#10406=IFCCARTESIANPOINTLIST2D(((0.,0.),(0.,250.),(6000.,250.),(6000.,0.),(0.,0.)));
#10407=IFCINDEXEDPOLYCURVE(#10406,$,.F.);
#10408=IFCDIRECTION((0.,0.,1.));
#10409=IFCARBITRARYCLOSEDPROFILEDEF(.AREA.,$,#10407);
#10410=IFCCARTESIANPOINT((0.,0.,0.));
#10411=IFCDIRECTION((0.,0.,1.));
#10412=IFCDIRECTION((1.,0.,0.));
#10413=IFCAXIS2PLACEMENT3D(#10410,#10411,#10412);
#10414=IFCEXTRUDEDAREASOLID(#10409,#10413,#10408,-400.);
#10415=IFCSHAPEREPRESENTATION(#11,'Body','SweptSolid',(#10414));
#10416=IFCPRODUCTDEFINITIONSHAPE($,$,(#10415));
#10422=IFCCARTESIANPOINT((29875.,6000.,6000.));
#10423=IFCDIRECTION((0.,0.,1.));
#10424=IFCDIRECTION((-1.8369701987210297E-16,-1.,0.));
#10425=IFCAXIS2PLACEMENT3D(#10422,#10423,#10424);
#10426=IFCLOCALPLACEMENT($,#10425);
#10427=IFCPROPERTYSET('2GJTOgu0r17xxZHeuz3iFW',$,'Other',$,(#10429,#10430));
#10428=IFCRELDEFINESBYPROPERTIES('1kak54LDX2P84uSE3yONUi',$,$,$,(#10405),#10427);
#10429=IFCPROPERTYSINGLEVALUE('Ax',$,IFCLABEL('0.001'),$);
#10430=IFCPROPERTYSINGLEVALUE('Ay',$,IFCLABEL('0.001'),$);
#10431=IFCBEAM('3b2$8oNh12O9qv365LJ_FP',$,$,$,$,#10452,#10442,$,$);
#10432=IFCCARTESIANPOINTLIST2D(((0.,0.),(0.,250.),(6000.,250.),(6000.,0.),(0.,0.)));
#10433=IFCINDEXEDPOLYCURVE(#10432,$,.F.);
#10434=IFCDIRECTION((0.,0.,1.));
#10435=IFCARBITRARYCLOSEDPROFILEDEF(.AREA.,$,#10433);
#10436=IFCCARTESIANPOINT((0.,0.,0.));
#10437=IFCDIRECTION((0.,0.,1.));
#10438=IFCDIRECTION((1.,0.,0.));
#10439=IFCAXIS2PLACEMENT3D(#10436,#10437,#10438);
#10440=IFCEXTRUDEDAREASOLID(#10435,#10439,#10434,-400.);
#10441=IFCSHAPEREPRESENTATION(#11,'Body','SweptSolid',(#10440));
#10442=IFCPRODUCTDEFINITIONSHAPE($,$,(#10441));
#10448=IFCCARTESIANPOINT((29875.,6000.,3000.));
#10449=IFCDIRECTION((0.,0.,1.));
#10450=IFCDIRECTION((-1.8369701987210297E-16,-1.,0.));
#10451=IFCAXIS2PLACEMENT3D(#10448,#10449,#10450);
#10452=IFCLOCALPLACEMENT($,#10451);
#10453=IFCPROPERTYSET('3WPXHJr8r8jOKmkZhb$xdM',$,'Other',$,(#10455,#10456));
#10454=IFCRELDEFINESBYPROPERTIES('20GpwjanfAHwCkJj$1Y1Tf',$,$,$,(#10431),#10453);
#10455=IFCPROPERTYSINGLEVALUE('Ax',$,IFCLABEL('0.001'),$);
#10456=IFCPROPERTYSINGLEVALUE('Ay',$,IFCLABEL('0.001'),$);
#10457=IFCBEAM('25Dfz_w5j3oQF5Inf71TYa',$,$,$,$,#10478,#10468,$,$);
#10458=IFCCARTESIANPOINTLIST2D(((0.,0.),(0.,250.),(6000.,250.),(6000.,0.),(0.,0.)));
#10459=IFCINDEXEDPOLYCURVE(#10458,$,.F.);
#10460=IFCDIRECTION((0.,0.,1.));
#10461=IFCARBITRARYCLOSEDPROFILEDEF(.AREA.,$,#10459);
#10462=IFCCARTESIANPOINT((0.,0.,0.));
#10463=IFCDIRECTION((0.,0.,1.));
#10464=IFCDIRECTION((1.,0.,0.));
#10465=IFCAXIS2PLACEMENT3D(#10462,#10463,#10464);
#10466=IFCEXTRUDEDAREASOLID(#10461,#10465,#10460,-400.);
#10467=IFCSHAPEREPRESENTATION(#11,'Body','SweptSolid',(#10466));
#10468=IFCPRODUCTDEFINITIONSHAPE($,$,(#10467));
#10474=IFCCARTESIANPOINT((29875.,6000.,0.));
#10475=IFCDIRECTION((0.,0.,1.));
#10476=IFCDIRECTION((-1.8369701987210297E-16,-1.,0.));
#10477=IFCAXIS2PLACEMENT3D(#10474,#10475,#10476);
#10478=IFCLOCALPLACEMENT($,#10477);
#10479=IFCPROPERTYSET('2og0Bll_r07fOmzzBdgMeY',$,'Other',$,(#10481,#10482));
#10480=IFCRELDEFINESBYPROPERTIES('1yERTnoKTDJgzLQq1WlXNU',$,$,$,(#10457),#10479);
#10481=IFCPROPERTYSINGLEVALUE('Ax',$,IFCLABEL('0.001'),$);
#10482=IFCPROPERTYSINGLEVALUE('Ay',$,IFCLABEL('0.001'),$);
#10483=IFCBEAM('0CWlOmqij89hC5SdxMKFhd',$,$,$,$,#10504,#10494,$,$);
#10484=IFCCARTESIANPOINTLIST2D(((0.,0.),(0.,250.),(6000.,250.),(6000.,0.),(0.,0.)));
#10485=IFCINDEXEDPOLYCURVE(#10484,$,.F.);
#10486=IFCDIRECTION((0.,0.,1.));
#10487=IFCARBITRARYCLOSEDPROFILEDEF(.AREA.,$,#10485);
#10488=IFCCARTESIANPOINT((0.,0.,0.));
#10489=IFCDIRECTION((0.,0.,1.));
#10490=IFCDIRECTION((1.,0.,0.));
#10491=IFCAXIS2PLACEMENT3D(#10488,#10489,#10490);
#10492=IFCEXTRUDEDAREASOLID(#10487,#10491,#10486,-400.);
#10493=IFCSHAPEREPRESENTATION(#11,'Body','SweptSolid',(#10492));
#10494=IFCPRODUCTDEFINITIONSHAPE($,$,(#10493));
#10500=IFCCARTESIANPOINT((24000.,-125.,24000.));
#10501=IFCDIRECTION((0.,0.,1.));
#10502=IFCDIRECTION((1.,0.,0.));
#10503=IFCAXIS2PLACEMENT3D(#10500,#10501,#10502);
#10504=IFCLOCALPLACEMENT($,#10503);
#10505=IFCPROPERTYSET('1YjjQYGi1AweQwDWq7gtGF',$,'Other',$,(#10507,#10508));
#10506=IFCRELDEFINESBYPROPERTIES('16WxVV3KzCYg55kWEaMqtn',$,$,$,(#10483),#10505);
#10507=IFCPROPERTYSINGLEVALUE('Ax',$,IFCLABEL('0.001'),$);
#10508=IFCPROPERTYSINGLEVALUE('Ay',$,IFCLABEL('0.001'),$);
#10509=IFCBEAM('3j3P9yLeT36wx$pMxJPAd2',$,$,$,$,#10530,#10520,$,$);
#10510=IFCCARTESIANPOINTLIST2D(((0.,0.),(0.,250.),(6000.,250.),(6000.,0.),(0.,0.)));
#10511=IFCINDEXEDPOLYCURVE(#10510,$,.F.);
#10512=IFCDIRECTION((0.,0.,1.));
#10513=IFCARBITRARYCLOSEDPROFILEDEF(.AREA.,$,#10511);
#10514=IFCCARTESIANPOINT((0.,0.,0.));
#10515=IFCDIRECTION((0.,0.,1.));
#10516=IFCDIRECTION((1.,0.,0.));
#10517=IFCAXIS2PLACEMENT3D(#10514,#10515,#10516);
#10518=IFCEXTRUDEDAREASOLID(#10513,#10517,#10512,-400.);
#10519=IFCSHAPEREPRESENTATION(#11,'Body','SweptSolid',(#10518));
#10520=IFCPRODUCTDEFINITIONSHAPE($,$,(#10519));
#10526=IFCCARTESIANPOINT((24000.,-125.,21000.));
#10527=IFCDIRECTION((0.,0.,1.));
#10528=IFCDIRECTION((1.,0.,0.));
#10529=IFCAXIS2PLACEMENT3D(#10526,#10527,#10528);
#10530=IFCLOCALPLACEMENT($,#10529);
#10531=IFCPROPERTYSET('3J7HZeL493XfLkCdafFhnF',$,'Other',$,(#10533,#10534));
#10532=IFCRELDEFINESBYPROPERTIES('0t0qbUDpzBxg_Ndng21rOI',$,$,$,(#10509),#10531);
#10533=IFCPROPERTYSINGLEVALUE('Ax',$,IFCLABEL('0.001'),$);
#10534=IFCPROPERTYSINGLEVALUE('Ay',$,IFCLABEL('0.001'),$);
#10535=IFCBEAM('24fUMTBYX2ze61IYvhLyDG',$,$,$,$,#10556,#10546,$,$);
#10536=IFCCARTESIANPOINTLIST2D(((0.,0.),(0.,250.),(6000.,250.),(6000.,0.),(0.,0.)));
#10537=IFCINDEXEDPOLYCURVE(#10536,$,.F.);
#10538=IFCDIRECTION((0.,0.,1.));
#10539=IFCARBITRARYCLOSEDPROFILEDEF(.AREA.,$,#10537);
#10540=IFCCARTESIANPOINT((0.,0.,0.));
#10541=IFCDIRECTION((0.,0.,1.));
#10542=IFCDIRECTION((1.,0.,0.));
#10543=IFCAXIS2PLACEMENT3D(#10540,#10541,#10542);
#10544=IFCEXTRUDEDAREASOLID(#10539,#10543,#10538,-400.);
#10545=IFCSHAPEREPRESENTATION(#11,'Body','SweptSolid',(#10544));
#10546=IFCPRODUCTDEFINITIONSHAPE($,$,(#10545));
#10552=IFCCARTESIANPOINT((24000.,-125.,18000.));
#10553=IFCDIRECTION((0.,0.,1.));
#10554=IFCDIRECTION((1.,0.,0.));
#10555=IFCAXIS2PLACEMENT3D(#10552,#10553,#10554);
#10556=IFCLOCALPLACEMENT($,#10555);
#10557=IFCPROPERTYSET('0NIj30Ii17sfVYOouYpGzA',$,'Other',$,(#10559,#10560));
#10558=IFCRELDEFINESBYPROPERTIES('01_WMLrPzAeBRwnnyw_aD2',$,$,$,(#10535),#10557);
#10559=IFCPROPERTYSINGLEVALUE('Ax',$,IFCLABEL('0.001'),$);
#10560=IFCPROPERTYSINGLEVALUE('Ay',$,IFCLABEL('0.001'),$);
#10561=IFCBEAM('0eW_xqb$z9Dh8V6FtMfDjK',$,$,$,$,#10582,#10572,$,$);
#10562=IFCCARTESIANPOINTLIST2D(((0.,0.),(0.,250.),(6000.,250.),(6000.,0.),(0.,0.)));
#10563=IFCINDEXEDPOLYCURVE(#10562,$,.F.);
#10564=IFCDIRECTION((0.,0.,1.));
#10565=IFCARBITRARYCLOSEDPROFILEDEF(.AREA.,$,#10563);
#10566=IFCCARTESIANPOINT((0.,0.,0.));
#10567=IFCDIRECTION((0.,0.,1.));
#10568=IFCDIRECTION((1.,0.,0.));
#10569=IFCAXIS2PLACEMENT3D(#10566,#10567,#10568);
#10570=IFCEXTRUDEDAREASOLID(#10565,#10569,#10564,-400.);
#10571=IFCSHAPEREPRESENTATION(#11,'Body','SweptSolid',(#10570));
#10572=IFCPRODUCTDEFINITIONSHAPE($,$,(#10571));
#10578=IFCCARTESIANPOINT((24000.,-125.,15000.));
#10579=IFCDIRECTION((0.,0.,1.));
#10580=IFCDIRECTION((1.,0.,0.));
#10581=IFCAXIS2PLACEMENT3D(#10578,#10579,#10580);
#10582=IFCLOCALPLACEMENT($,#10581);
#10583=IFCPROPERTYSET('03u5qmUj9CphYvbOrMIjbK',$,'Other',$,(#10585,#10586));
#10584=IFCRELDEFINESBYPROPERTIES('2AnCpEubPFveRxVV83fUOC',$,$,$,(#10561),#10583);
#10585=IFCPROPERTYSINGLEVALUE('Ax',$,IFCLABEL('0.001'),$);
#10586=IFCPROPERTYSINGLEVALUE('Ay',$,IFCLABEL('0.001'),$);
#10587=IFCBEAM('1neBJS9BzFBBDL1hBVXtLc',$,$,$,$,#10608,#10598,$,$);
#10588=IFCCARTESIANPOINTLIST2D(((0.,0.),(0.,250.),(6000.,250.),(6000.,0.),(0.,0.)));
#10589=IFCINDEXEDPOLYCURVE(#10588,$,.F.);
#10590=IFCDIRECTION((0.,0.,1.));
#10591=IFCARBITRARYCLOSEDPROFILEDEF(.AREA.,$,#10589);
#10592=IFCCARTESIANPOINT((0.,0.,0.));
#10593=IFCDIRECTION((0.,0.,1.));
#10594=IFCDIRECTION((1.,0.,0.));
#10595=IFCAXIS2PLACEMENT3D(#10592,#10593,#10594);
#10596=IFCEXTRUDEDAREASOLID(#10591,#10595,#10590,-400.);
#10597=IFCSHAPEREPRESENTATION(#11,'Body','SweptSolid',(#10596));
#10598=IFCPRODUCTDEFINITIONSHAPE($,$,(#10597));
#10604=IFCCARTESIANPOINT((24000.,-125.,12000.));
#10605=IFCDIRECTION((0.,0.,1.));
#10606=IFCDIRECTION((1.,0.,0.));
#10607=IFCAXIS2PLACEMENT3D(#10604,#10605,#10606);
#10608=IFCLOCALPLACEMENT($,#10607);
#10609=IFCPROPERTYSET('1o30m3NzzD_B8p74cqwEkY',$,'Other',$,(#10611,#10612));
#10610=IFCRELDEFINESBYPROPERTIES('0Xk0PVbQTCXAwcSeMuFWK8',$,$,$,(#10587),#10609);
#10611=IFCPROPERTYSINGLEVALUE('Ax',$,IFCLABEL('0.001'),$);
#10612=IFCPROPERTYSINGLEVALUE('Ay',$,IFCLABEL('0.001'),$);
#10613=IFCBEAM('0D1ygY5WzFN8kiNbAOo51b',$,$,$,$,#10634,#10624,$,$);
#10614=IFCCARTESIANPOINTLIST2D(((0.,0.),(0.,250.),(6000.,250.),(6000.,0.),(0.,0.)));
#10615=IFCINDEXEDPOLYCURVE(#10614,$,.F.);
#10616=IFCDIRECTION((0.,0.,1.));
#10617=IFCARBITRARYCLOSEDPROFILEDEF(.AREA.,$,#10615);
#10618=IFCCARTESIANPOINT((0.,0.,0.));
#10619=IFCDIRECTION((0.,0.,1.));
#10620=IFCDIRECTION((1.,0.,0.));
#10621=IFCAXIS2PLACEMENT3D(#10618,#10619,#10620);
#10622=IFCEXTRUDEDAREASOLID(#10617,#10621,#10616,-400.);
#10623=IFCSHAPEREPRESENTATION(#11,'Body','SweptSolid',(#10622));
#10624=IFCPRODUCTDEFINITIONSHAPE($,$,(#10623));
#10630=IFCCARTESIANPOINT((24000.,-125.,9000.));
#10631=IFCDIRECTION((0.,0.,1.));
#10632=IFCDIRECTION((1.,0.,0.));
#10633=IFCAXIS2PLACEMENT3D(#10630,#10631,#10632);
#10634=IFCLOCALPLACEMENT($,#10633);
#10635=IFCPROPERTYSET('20KbO9fkL4qBZJJO8i8Z8a',$,'Other',$,(#10637,#10638));
#10636=IFCRELDEFINESBYPROPERTIES('2RfvKAawf108eED83_wPEB',$,$,$,(#10613),#10635);
#10637=IFCPROPERTYSINGLEVALUE('Ax',$,IFCLABEL('0.001'),$);
#10638=IFCPROPERTYSINGLEVALUE('Ay',$,IFCLABEL('0.001'),$);
#10639=IFCBEAM('0Ti4O$IunAyBqz5$Dgiu6V',$,$,$,$,#10660,#10650,$,$);
#10640=IFCCARTESIANPOINTLIST2D(((0.,0.),(0.,250.),(6000.,250.),(6000.,0.),(0.,0.)));
#10641=IFCINDEXEDPOLYCURVE(#10640,$,.F.);
#10642=IFCDIRECTION((0.,0.,1.));
#10643=IFCARBITRARYCLOSEDPROFILEDEF(.AREA.,$,#10641);
#10644=IFCCARTESIANPOINT((0.,0.,0.));
#10645=IFCDIRECTION((0.,0.,1.));
#10646=IFCDIRECTION((1.,0.,0.));
#10647=IFCAXIS2PLACEMENT3D(#10644,#10645,#10646);
#10648=IFCEXTRUDEDAREASOLID(#10643,#10647,#10642,-400.);
#10649=IFCSHAPEREPRESENTATION(#11,'Body','SweptSolid',(#10648));
#10650=IFCPRODUCTDEFINITIONSHAPE($,$,(#10649));
#10656=IFCCARTESIANPOINT((24000.,-125.,6000.));
#10657=IFCDIRECTION((0.,0.,1.));
#10658=IFCDIRECTION((1.,0.,0.));
#10659=IFCAXIS2PLACEMENT3D(#10656,#10657,#10658);
#10660=IFCLOCALPLACEMENT($,#10659);
#10661=IFCPROPERTYSET('2K0yogTGX78gFJX_5Diqd9',$,'Other',$,(#10663,#10664));
#10662=IFCRELDEFINESBYPROPERTIES('2kCxetJ014qwUK8cM0Gp0R',$,$,$,(#10639),#10661);
#10663=IFCPROPERTYSINGLEVALUE('Ax',$,IFCLABEL('0.001'),$);
#10664=IFCPROPERTYSINGLEVALUE('Ay',$,IFCLABEL('0.001'),$);
#10665=IFCBEAM('3OOWtMutL8U8dNXRsh0c74',$,$,$,$,#10686,#10676,$,$);
#10666=IFCCARTESIANPOINTLIST2D(((0.,0.),(0.,250.),(6000.,250.),(6000.,0.),(0.,0.)));
#10667=IFCINDEXEDPOLYCURVE(#10666,$,.F.);
#10668=IFCDIRECTION((0.,0.,1.));
#10669=IFCARBITRARYCLOSEDPROFILEDEF(.AREA.,$,#10667);
#10670=IFCCARTESIANPOINT((0.,0.,0.));
#10671=IFCDIRECTION((0.,0.,1.));
#10672=IFCDIRECTION((1.,0.,0.));
#10673=IFCAXIS2PLACEMENT3D(#10670,#10671,#10672);
#10674=IFCEXTRUDEDAREASOLID(#10669,#10673,#10668,-400.);
#10675=IFCSHAPEREPRESENTATION(#11,'Body','SweptSolid',(#10674));
#10676=IFCPRODUCTDEFINITIONSHAPE($,$,(#10675));
#10682=IFCCARTESIANPOINT((24000.,-125.,3000.));
#10683=IFCDIRECTION((0.,0.,1.));
#10684=IFCDIRECTION((1.,0.,0.));
#10685=IFCAXIS2PLACEMENT3D(#10682,#10683,#10684);
#10686=IFCLOCALPLACEMENT($,#10685);
#10687=IFCPROPERTYSET('3GsF4sA3L1lP7sKf9vXywO',$,'Other',$,(#10689,#10690));
#10688=IFCRELDEFINESBYPROPERTIES('2yDvSAj3zDSwRdCgnJVTAc',$,$,$,(#10665),#10687);
#10689=IFCPROPERTYSINGLEVALUE('Ax',$,IFCLABEL('0.001'),$);
#10690=IFCPROPERTYSINGLEVALUE('Ay',$,IFCLABEL('0.001'),$);
#10691=IFCBEAM('0NY3nxt3P6OP9KDXIxZVVz',$,$,$,$,#10712,#10702,$,$);
#10692=IFCCARTESIANPOINTLIST2D(((0.,0.),(0.,250.),(6000.,250.),(6000.,0.),(0.,0.)));
#10693=IFCINDEXEDPOLYCURVE(#10692,$,.F.);
#10694=IFCDIRECTION((0.,0.,1.));
#10695=IFCARBITRARYCLOSEDPROFILEDEF(.AREA.,$,#10693);
#10696=IFCCARTESIANPOINT((0.,0.,0.));
#10697=IFCDIRECTION((0.,0.,1.));
#10698=IFCDIRECTION((1.,0.,0.));
#10699=IFCAXIS2PLACEMENT3D(#10696,#10697,#10698);
#10700=IFCEXTRUDEDAREASOLID(#10695,#10699,#10694,-400.);
#10701=IFCSHAPEREPRESENTATION(#11,'Body','SweptSolid',(#10700));
#10702=IFCPRODUCTDEFINITIONSHAPE($,$,(#10701));
#10708=IFCCARTESIANPOINT((24000.,-125.,0.));
#10709=IFCDIRECTION((0.,0.,1.));
#10710=IFCDIRECTION((1.,0.,0.));
#10711=IFCAXIS2PLACEMENT3D(#10708,#10709,#10710);
#10712=IFCLOCALPLACEMENT($,#10711);
#10713=IFCPROPERTYSET('3fpgceOwv8IBQiP5rNMq_w',$,'Other',$,(#10715,#10716));
#10714=IFCRELDEFINESBYPROPERTIES('3KkhYwZbf6oR9TpGCvGD7P',$,$,$,(#10691),#10713);
#10715=IFCPROPERTYSINGLEVALUE('Ax',$,IFCLABEL('0.001'),$);
#10716=IFCPROPERTYSINGLEVALUE('Ay',$,IFCLABEL('0.001'),$);
#10717=IFCBEAM('2WL85hwt151BXw3RNdqFx9',$,$,$,$,#10738,#10728,$,$);
#10718=IFCCARTESIANPOINTLIST2D(((0.,0.),(0.,250.),(6000.,250.),(6000.,0.),(0.,0.)));
#10719=IFCINDEXEDPOLYCURVE(#10718,$,.F.);
#10720=IFCDIRECTION((0.,0.,1.));
#10721=IFCARBITRARYCLOSEDPROFILEDEF(.AREA.,$,#10719);
#10722=IFCCARTESIANPOINT((0.,0.,0.));
#10723=IFCDIRECTION((0.,0.,1.));
#10724=IFCDIRECTION((1.,0.,0.));
#10725=IFCAXIS2PLACEMENT3D(#10722,#10723,#10724);
#10726=IFCEXTRUDEDAREASOLID(#10721,#10725,#10720,-400.);
#10727=IFCSHAPEREPRESENTATION(#11,'Body','SweptSolid',(#10726));
#10728=IFCPRODUCTDEFINITIONSHAPE($,$,(#10727));
#10734=IFCCARTESIANPOINT((5875.,6000.,24000.));
#10735=IFCDIRECTION((0.,0.,1.));
#10736=IFCDIRECTION((-1.8369701987210297E-16,-1.,0.));
#10737=IFCAXIS2PLACEMENT3D(#10734,#10735,#10736);
#10738=IFCLOCALPLACEMENT($,#10737);
#10739=IFCPROPERTYSET('3mAf2ry7b1n8nQ7MldO79N',$,'Other',$,(#10741,#10742));
#10740=IFCRELDEFINESBYPROPERTIES('2xSbbkXN97DPHAu0Q58QU6',$,$,$,(#10717),#10739);
#10741=IFCPROPERTYSINGLEVALUE('Ax',$,IFCLABEL('0.001'),$);
#10742=IFCPROPERTYSINGLEVALUE('Ay',$,IFCLABEL('0.001'),$);
#10743=IFCBEAM('1GZECA6wjFbhwGndIVqGi$',$,$,$,$,#10764,#10754,$,$);
#10744=IFCCARTESIANPOINTLIST2D(((0.,0.),(0.,250.),(6000.,250.),(6000.,0.),(0.,0.)));
#10745=IFCINDEXEDPOLYCURVE(#10744,$,.F.);
#10746=IFCDIRECTION((0.,0.,1.));
#10747=IFCARBITRARYCLOSEDPROFILEDEF(.AREA.,$,#10745);
#10748=IFCCARTESIANPOINT((0.,0.,0.));
#10749=IFCDIRECTION((0.,0.,1.));
#10750=IFCDIRECTION((1.,0.,0.));
#10751=IFCAXIS2PLACEMENT3D(#10748,#10749,#10750);
#10752=IFCEXTRUDEDAREASOLID(#10747,#10751,#10746,-400.);
#10753=IFCSHAPEREPRESENTATION(#11,'Body','SweptSolid',(#10752));
#10754=IFCPRODUCTDEFINITIONSHAPE($,$,(#10753));
#10760=IFCCARTESIANPOINT((5875.,6000.,21000.));
#10761=IFCDIRECTION((0.,0.,1.));
#10762=IFCDIRECTION((-1.8369701987210297E-16,-1.,0.));
#10763=IFCAXIS2PLACEMENT3D(#10760,#10761,#10762);
#10764=IFCLOCALPLACEMENT($,#10763);
#10765=IFCPROPERTYSET('1Lszzysdb8SfhTv3lAmKrT',$,'Other',$,(#10767,#10768));
#10766=IFCRELDEFINESBYPROPERTIES('0wqJqtszjArf9jXr71ON3A',$,$,$,(#10743),#10765);
#10767=IFCPROPERTYSINGLEVALUE('Ax',$,IFCLABEL('0.001'),$);
#10768=IFCPROPERTYSINGLEVALUE('Ay',$,IFCLABEL('0.001'),$);
#10769=IFCBEAM('0RlsDIkaj3uR6A317KhTpJ',$,$,$,$,#10790,#10780,$,$);
#10770=IFCCARTESIANPOINTLIST2D(((0.,0.),(0.,250.),(6000.,250.),(6000.,0.),(0.,0.)));
#10771=IFCINDEXEDPOLYCURVE(#10770,$,.F.);
#10772=IFCDIRECTION((0.,0.,1.));
#10773=IFCARBITRARYCLOSEDPROFILEDEF(.AREA.,$,#10771);
#10774=IFCCARTESIANPOINT((0.,0.,0.));
#10775=IFCDIRECTION((0.,0.,1.));
#10776=IFCDIRECTION((1.,0.,0.));
#10777=IFCAXIS2PLACEMENT3D(#10774,#10775,#10776);
#10778=IFCEXTRUDEDAREASOLID(#10773,#10777,#10772,-400.);
#10779=IFCSHAPEREPRESENTATION(#11,'Body','SweptSolid',(#10778));
#10780=IFCPRODUCTDEFINITIONSHAPE($,$,(#10779));
#10786=IFCCARTESIANPOINT((5875.,6000.,18000.));
#10787=IFCDIRECTION((0.,0.,1.));
#10788=IFCDIRECTION((-1.8369701987210297E-16,-1.,0.));
#10789=IFCAXIS2PLACEMENT3D(#10786,#10787,#10788);
#10790=IFCLOCALPLACEMENT($,#10789);
#10791=IFCPROPERTYSET('18UO8wKbv2IfouLq97tl7o',$,'Other',$,(#10793,#10794));
#10792=IFCRELDEFINESBYPROPERTIES('36QvJYC0j828rD50KQNuvb',$,$,$,(#10769),#10791);
#10793=IFCPROPERTYSINGLEVALUE('Ax',$,IFCLABEL('0.001'),$);
#10794=IFCPROPERTYSINGLEVALUE('Ay',$,IFCLABEL('0.001'),$);
#10795=IFCBEAM('20DYDTlCf168vbq6cr0BLS',$,$,$,$,#10816,#10806,$,$);
#10796=IFCCARTESIANPOINTLIST2D(((0.,0.),(0.,250.),(6000.,250.),(6000.,0.),(0.,0.)));
#10797=IFCINDEXEDPOLYCURVE(#10796,$,.F.);
#10798=IFCDIRECTION((0.,0.,1.));
#10799=IFCARBITRARYCLOSEDPROFILEDEF(.AREA.,$,#10797);
#10800=IFCCARTESIANPOINT((0.,0.,0.));
#10801=IFCDIRECTION((0.,0.,1.));
#10802=IFCDIRECTION((1.,0.,0.));
#10803=IFCAXIS2PLACEMENT3D(#10800,#10801,#10802);
#10804=IFCEXTRUDEDAREASOLID(#10799,#10803,#10798,-400.);
#10805=IFCSHAPEREPRESENTATION(#11,'Body','SweptSolid',(#10804));
#10806=IFCPRODUCTDEFINITIONSHAPE($,$,(#10805));
#10812=IFCCARTESIANPOINT((5875.,6000.,15000.));
#10813=IFCDIRECTION((0.,0.,1.));
#10814=IFCDIRECTION((-1.8369701987210297E-16,-1.,0.));
#10815=IFCAXIS2PLACEMENT3D(#10812,#10813,#10814);
#10816=IFCLOCALPLACEMENT($,#10815);
#10817=IFCPROPERTYSET('2SdNYRavvE7wMt3O4Ng48n',$,'Other',$,(#10819,#10820));
#10818=IFCRELDEFINESBYPROPERTIES('0RNyN7pZ9Fy89_ziVORn1g',$,$,$,(#10795),#10817);
#10819=IFCPROPERTYSINGLEVALUE('Ax',$,IFCLABEL('0.001'),$);
#10820=IFCPROPERTYSINGLEVALUE('Ay',$,IFCLABEL('0.001'),$);
#10821=IFCBEAM('10utmBnMT8X8OLrQ$N4QsF',$,$,$,$,#10842,#10832,$,$);
#10822=IFCCARTESIANPOINTLIST2D(((0.,0.),(0.,250.),(6000.,250.),(6000.,0.),(0.,0.)));
#10823=IFCINDEXEDPOLYCURVE(#10822,$,.F.);
#10824=IFCDIRECTION((0.,0.,1.));
#10825=IFCARBITRARYCLOSEDPROFILEDEF(.AREA.,$,#10823);
#10826=IFCCARTESIANPOINT((0.,0.,0.));
#10827=IFCDIRECTION((0.,0.,1.));
#10828=IFCDIRECTION((1.,0.,0.));
#10829=IFCAXIS2PLACEMENT3D(#10826,#10827,#10828);
#10830=IFCEXTRUDEDAREASOLID(#10825,#10829,#10824,-400.);
#10831=IFCSHAPEREPRESENTATION(#11,'Body','SweptSolid',(#10830));
#10832=IFCPRODUCTDEFINITIONSHAPE($,$,(#10831));
#10838=IFCCARTESIANPOINT((5875.,6000.,12000.));
#10839=IFCDIRECTION((0.,0.,1.));
#10840=IFCDIRECTION((-1.8369701987210297E-16,-1.,0.));
#10841=IFCAXIS2PLACEMENT3D(#10838,#10839,#10840);
#10842=IFCLOCALPLACEMENT($,#10841);
#10843=IFCPROPERTYSET('1zA0OuAHXDxRgW0pbqM282',$,'Other',$,(#10845,#10846));
#10844=IFCRELDEFINESBYPROPERTIES('2YJPB0pdH6K8ST5LmJI105',$,$,$,(#10821),#10843);
#10845=IFCPROPERTYSINGLEVALUE('Ax',$,IFCLABEL('0.001'),$);
#10846=IFCPROPERTYSINGLEVALUE('Ay',$,IFCLABEL('0.001'),$);
#10847=IFCBEAM('2oQL6QItj9h914s67VibLX',$,$,$,$,#10868,#10858,$,$);
#10848=IFCCARTESIANPOINTLIST2D(((0.,0.),(0.,250.),(6000.,250.),(6000.,0.),(0.,0.)));
#10849=IFCINDEXEDPOLYCURVE(#10848,$,.F.);
#10850=IFCDIRECTION((0.,0.,1.));
#10851=IFCARBITRARYCLOSEDPROFILEDEF(.AREA.,$,#10849);
#10852=IFCCARTESIANPOINT((0.,0.,0.));
#10853=IFCDIRECTION((0.,0.,1.));
#10854=IFCDIRECTION((1.,0.,0.));
#10855=IFCAXIS2PLACEMENT3D(#10852,#10853,#10854);
#10856=IFCEXTRUDEDAREASOLID(#10851,#10855,#10850,-400.);
#10857=IFCSHAPEREPRESENTATION(#11,'Body','SweptSolid',(#10856));
#10858=IFCPRODUCTDEFINITIONSHAPE($,$,(#10857));
#10864=IFCCARTESIANPOINT((5875.,6000.,9000.));
#10865=IFCDIRECTION((0.,0.,1.));
#10866=IFCDIRECTION((-1.8369701987210297E-16,-1.,0.));
#10867=IFCAXIS2PLACEMENT3D(#10864,#10865,#10866);
#10868=IFCLOCALPLACEMENT($,#10867);
#10869=IFCPROPERTYSET('1kHgSG0WLDVPzCF3rZSge5',$,'Other',$,(#10871,#10872));
#10870=IFCRELDEFINESBYPROPERTIES('3wsNPsDLn4Zw95xPXVpvq4',$,$,$,(#10847),#10869);
#10871=IFCPROPERTYSINGLEVALUE('Ax',$,IFCLABEL('0.001'),$);
#10872=IFCPROPERTYSINGLEVALUE('Ay',$,IFCLABEL('0.001'),$);
#10873=IFCBEAM('22JP4zcTf3IO4kzXdr0Ccg',$,$,$,$,#10894,#10884,$,$);
#10874=IFCCARTESIANPOINTLIST2D(((0.,0.),(0.,250.),(6000.,250.),(6000.,0.),(0.,0.)));
#10875=IFCINDEXEDPOLYCURVE(#10874,$,.F.);
#10876=IFCDIRECTION((0.,0.,1.));
#10877=IFCARBITRARYCLOSEDPROFILEDEF(.AREA.,$,#10875);
#10878=IFCCARTESIANPOINT((0.,0.,0.));
#10879=IFCDIRECTION((0.,0.,1.));
#10880=IFCDIRECTION((1.,0.,0.));
#10881=IFCAXIS2PLACEMENT3D(#10878,#10879,#10880);
#10882=IFCEXTRUDEDAREASOLID(#10877,#10881,#10876,-400.);
#10883=IFCSHAPEREPRESENTATION(#11,'Body','SweptSolid',(#10882));
#10884=IFCPRODUCTDEFINITIONSHAPE($,$,(#10883));
#10890=IFCCARTESIANPOINT((5875.,6000.,6000.));
#10891=IFCDIRECTION((0.,0.,1.));
#10892=IFCDIRECTION((-1.8369701987210297E-16,-1.,0.));
#10893=IFCAXIS2PLACEMENT3D(#10890,#10891,#10892);
#10894=IFCLOCALPLACEMENT($,#10893);
#10895=IFCPROPERTYSET('2poo9dZQ1DGAEFBjhsm6DK',$,'Other',$,(#10897,#10898));
#10896=IFCRELDEFINESBYPROPERTIES('2UTJtJhRHCjQKCwoRJ3TaN',$,$,$,(#10873),#10895);
#10897=IFCPROPERTYSINGLEVALUE('Ax',$,IFCLABEL('0.001'),$);
#10898=IFCPROPERTYSINGLEVALUE('Ay',$,IFCLABEL('0.001'),$);
#10899=IFCBEAM('25Iw53gnD65A0AFnJJDUxC',$,$,$,$,#10920,#10910,$,$);
#10900=IFCCARTESIANPOINTLIST2D(((0.,0.),(0.,250.),(6000.,250.),(6000.,0.),(0.,0.)));
#10901=IFCINDEXEDPOLYCURVE(#10900,$,.F.);
#10902=IFCDIRECTION((0.,0.,1.));
#10903=IFCARBITRARYCLOSEDPROFILEDEF(.AREA.,$,#10901);
#10904=IFCCARTESIANPOINT((0.,0.,0.));
#10905=IFCDIRECTION((0.,0.,1.));
#10906=IFCDIRECTION((1.,0.,0.));
#10907=IFCAXIS2PLACEMENT3D(#10904,#10905,#10906);
#10908=IFCEXTRUDEDAREASOLID(#10903,#10907,#10902,-400.);
#10909=IFCSHAPEREPRESENTATION(#11,'Body','SweptSolid',(#10908));
#10910=IFCPRODUCTDEFINITIONSHAPE($,$,(#10909));
#10916=IFCCARTESIANPOINT((5875.,6000.,3000.));
#10917=IFCDIRECTION((0.,0.,1.));
#10918=IFCDIRECTION((-1.8369701987210297E-16,-1.,0.));
#10919=IFCAXIS2PLACEMENT3D(#10916,#10917,#10918);
#10920=IFCLOCALPLACEMENT($,#10919);
#10921=IFCPROPERTYSET('3Xc_jY6Iv8cPW_vx1eM6Ou',$,'Other',$,(#10923,#10924));
#10922=IFCRELDEFINESBYPROPERTIES('1pTEgrbQXC49_tTiJx3IpY',$,$,$,(#10899),#10921);
#10923=IFCPROPERTYSINGLEVALUE('Ax',$,IFCLABEL('0.001'),$);
#10924=IFCPROPERTYSINGLEVALUE('Ay',$,IFCLABEL('0.001'),$);
#10925=IFCBEAM('1_98HLZz99pPkJ6WWq5Arh',$,$,$,$,#10946,#10936,$,$);
#10926=IFCCARTESIANPOINTLIST2D(((0.,0.),(0.,250.),(6000.,250.),(6000.,0.),(0.,0.)));
#10927=IFCINDEXEDPOLYCURVE(#10926,$,.F.);
#10928=IFCDIRECTION((0.,0.,1.));
#10929=IFCARBITRARYCLOSEDPROFILEDEF(.AREA.,$,#10927);
#10930=IFCCARTESIANPOINT((0.,0.,0.));
#10931=IFCDIRECTION((0.,0.,1.));
#10932=IFCDIRECTION((1.,0.,0.));
#10933=IFCAXIS2PLACEMENT3D(#10930,#10931,#10932);
#10934=IFCEXTRUDEDAREASOLID(#10929,#10933,#10928,-400.);
#10935=IFCSHAPEREPRESENTATION(#11,'Body','SweptSolid',(#10934));
#10936=IFCPRODUCTDEFINITIONSHAPE($,$,(#10935));
#10942=IFCCARTESIANPOINT((5875.,6000.,0.));
#10943=IFCDIRECTION((0.,0.,1.));
#10944=IFCDIRECTION((-1.8369701987210297E-16,-1.,0.));
#10945=IFCAXIS2PLACEMENT3D(#10942,#10943,#10944);
#10946=IFCLOCALPLACEMENT($,#10945);
#10947=IFCPROPERTYSET('3ZFVEdSLL3BQhT9x0iaIWW',$,'Other',$,(#10949,#10950));
#10948=IFCRELDEFINESBYPROPERTIES('1M82UvbZH20unFPpADaDeG',$,$,$,(#10925),#10947);
#10949=IFCPROPERTYSINGLEVALUE('Ax',$,IFCLABEL('0.001'),$);
#10950=IFCPROPERTYSINGLEVALUE('Ay',$,IFCLABEL('0.001'),$);
#10951=IFCBEAM('1HzfAPuBbC1vUBjGdWU89t',$,$,$,$,#10972,#10962,$,$);
#10952=IFCCARTESIANPOINTLIST2D(((0.,0.),(0.,250.),(6000.,250.),(6000.,0.),(0.,0.)));
#10953=IFCINDEXEDPOLYCURVE(#10952,$,.F.);
#10954=IFCDIRECTION((0.,0.,1.));
#10955=IFCARBITRARYCLOSEDPROFILEDEF(.AREA.,$,#10953);
#10956=IFCCARTESIANPOINT((0.,0.,0.));
#10957=IFCDIRECTION((0.,0.,1.));
#10958=IFCDIRECTION((1.,0.,0.));
#10959=IFCAXIS2PLACEMENT3D(#10956,#10957,#10958);
#10960=IFCEXTRUDEDAREASOLID(#10955,#10959,#10954,-400.);
#10961=IFCSHAPEREPRESENTATION(#11,'Body','SweptSolid',(#10960));
#10962=IFCPRODUCTDEFINITIONSHAPE($,$,(#10961));
#10968=IFCCARTESIANPOINT((-125.,6000.,24000.));
#10969=IFCDIRECTION((0.,0.,1.));
#10970=IFCDIRECTION((-1.8369701987210297E-16,-1.,0.));
#10971=IFCAXIS2PLACEMENT3D(#10968,#10969,#10970);
#10972=IFCLOCALPLACEMENT($,#10971);
#10973=IFCPROPERTYSET('1xyQv5yvv5KQOlhUL7UNBr',$,'Other',$,(#10975,#10976));
#10974=IFCRELDEFINESBYPROPERTIES('1IlMIco9LBBv0qGpTP0GjK',$,$,$,(#10951),#10973);
#10975=IFCPROPERTYSINGLEVALUE('Ax',$,IFCLABEL('0.001'),$);
#10976=IFCPROPERTYSINGLEVALUE('Ay',$,IFCLABEL('0.001'),$);
#10977=IFCBEAM('1wUEyh9cHEQO7AVBLkv45K',$,$,$,$,#10998,#10988,$,$);
#10978=IFCCARTESIANPOINTLIST2D(((0.,0.),(0.,250.),(6000.,250.),(6000.,0.),(0.,0.)));
#10979=IFCINDEXEDPOLYCURVE(#10978,$,.F.);
#10980=IFCDIRECTION((0.,0.,1.));
#10981=IFCARBITRARYCLOSEDPROFILEDEF(.AREA.,$,#10979);
#10982=IFCCARTESIANPOINT((0.,0.,0.));
#10983=IFCDIRECTION((0.,0.,1.));
#10984=IFCDIRECTION((1.,0.,0.));
#10985=IFCAXIS2PLACEMENT3D(#10982,#10983,#10984);
#10986=IFCEXTRUDEDAREASOLID(#10981,#10985,#10980,-400.);
#10987=IFCSHAPEREPRESENTATION(#11,'Body','SweptSolid',(#10986));
#10988=IFCPRODUCTDEFINITIONSHAPE($,$,(#10987));
#10994=IFCCARTESIANPOINT((-125.,6000.,21000.));
#10995=IFCDIRECTION((0.,0.,1.));
#10996=IFCDIRECTION((-1.8369701987210297E-16,-1.,0.));
#10997=IFCAXIS2PLACEMENT3D(#10994,#10995,#10996);
#10998=IFCLOCALPLACEMENT($,#10997);
#10999=IFCPROPERTYSET('2ksVBBcMf75wbEd6UfYAQ7',$,'Other',$,(#11001,#11002));
#11000=IFCRELDEFINESBYPROPERTIES('0XFaIhsCzCGwNacZ25mHsR',$,$,$,(#10977),#10999);
#11001=IFCPROPERTYSINGLEVALUE('Ax',$,IFCLABEL('0.001'),$);
#11002=IFCPROPERTYSINGLEVALUE('Ay',$,IFCLABEL('0.001'),$);
#11003=IFCBEAM('1UisYiXdPByQRGZipxCpkm',$,$,$,$,#11024,#11014,$,$);
#11004=IFCCARTESIANPOINTLIST2D(((0.,0.),(0.,250.),(6000.,250.),(6000.,0.),(0.,0.)));
#11005=IFCINDEXEDPOLYCURVE(#11004,$,.F.);
#11006=IFCDIRECTION((0.,0.,1.));
#11007=IFCARBITRARYCLOSEDPROFILEDEF(.AREA.,$,#11005);
#11008=IFCCARTESIANPOINT((0.,0.,0.));
#11009=IFCDIRECTION((0.,0.,1.));
#11010=IFCDIRECTION((1.,0.,0.));
#11011=IFCAXIS2PLACEMENT3D(#11008,#11009,#11010);
#11012=IFCEXTRUDEDAREASOLID(#11007,#11011,#11006,-400.);
#11013=IFCSHAPEREPRESENTATION(#11,'Body','SweptSolid',(#11012));
#11014=IFCPRODUCTDEFINITIONSHAPE($,$,(#11013));
#11020=IFCCARTESIANPOINT((-125.,6000.,18000.));
#11021=IFCDIRECTION((0.,0.,1.));
#11022=IFCDIRECTION((-1.8369701987210297E-16,-1.,0.));
#11023=IFCAXIS2PLACEMENT3D(#11020,#11021,#11022);
#11024=IFCLOCALPLACEMENT($,#11023);
#11025=IFCPROPERTYSET('21E3CtK6X5gO_ulValpjnX',$,'Other',$,(#11027,#11028));
#11026=IFCRELDEFINESBYPROPERTIES('1dIjerBsT9cvyno$6Z_0oz',$,$,$,(#11003),#11025);
#11027=IFCPROPERTYSINGLEVALUE('Ax',$,IFCLABEL('0.001'),$);
#11028=IFCPROPERTYSINGLEVALUE('Ay',$,IFCLABEL('0.001'),$);
#11029=IFCBEAM('0V$81we09C_OT8v9qu960Y',$,$,$,$,#11050,#11040,$,$);
#11030=IFCCARTESIANPOINTLIST2D(((0.,0.),(0.,250.),(6000.,250.),(6000.,0.),(0.,0.)));
#11031=IFCINDEXEDPOLYCURVE(#11030,$,.F.);
#11032=IFCDIRECTION((0.,0.,1.));
#11033=IFCARBITRARYCLOSEDPROFILEDEF(.AREA.,$,#11031);
#11034=IFCCARTESIANPOINT((0.,0.,0.));
#11035=IFCDIRECTION((0.,0.,1.));
#11036=IFCDIRECTION((1.,0.,0.));
#11037=IFCAXIS2PLACEMENT3D(#11034,#11035,#11036);
#11038=IFCEXTRUDEDAREASOLID(#11033,#11037,#11032,-400.);
#11039=IFCSHAPEREPRESENTATION(#11,'Body','SweptSolid',(#11038));
#11040=IFCPRODUCTDEFINITIONSHAPE($,$,(#11039));
#11046=IFCCARTESIANPOINT((-125.,6000.,15000.));
#11047=IFCDIRECTION((0.,0.,1.));
#11048=IFCDIRECTION((-1.8369701987210297E-16,-1.,0.));
#11049=IFCAXIS2PLACEMENT3D(#11046,#11047,#11048);
#11050=IFCLOCALPLACEMENT($,#11049);
#11051=IFCPROPERTYSET('3Vqc22LRv4r9HXZFYj2aZH',$,'Other',$,(#11053,#11054));
#11052=IFCRELDEFINESBYPROPERTIES('1o49O6gFjEmxSTgVQkFrGc',$,$,$,(#11029),#11051);
#11053=IFCPROPERTYSINGLEVALUE('Ax',$,IFCLABEL('0.001'),$);
#11054=IFCPROPERTYSINGLEVALUE('Ay',$,IFCLABEL('0.001'),$);
#11055=IFCBEAM('2G8NgRd7TC8OmDiqEIj$2J',$,$,$,$,#11076,#11066,$,$);
#11056=IFCCARTESIANPOINTLIST2D(((0.,0.),(0.,250.),(6000.,250.),(6000.,0.),(0.,0.)));
#11057=IFCINDEXEDPOLYCURVE(#11056,$,.F.);
#11058=IFCDIRECTION((0.,0.,1.));
#11059=IFCARBITRARYCLOSEDPROFILEDEF(.AREA.,$,#11057);
#11060=IFCCARTESIANPOINT((0.,0.,0.));
#11061=IFCDIRECTION((0.,0.,1.));
#11062=IFCDIRECTION((1.,0.,0.));
#11063=IFCAXIS2PLACEMENT3D(#11060,#11061,#11062);
#11064=IFCEXTRUDEDAREASOLID(#11059,#11063,#11058,-400.);
#11065=IFCSHAPEREPRESENTATION(#11,'Body','SweptSolid',(#11064));
#11066=IFCPRODUCTDEFINITIONSHAPE($,$,(#11065));
#11072=IFCCARTESIANPOINT((-125.,6000.,12000.));
#11073=IFCDIRECTION((0.,0.,1.));
#11074=IFCDIRECTION((-1.8369701987210297E-16,-1.,0.));
#11075=IFCAXIS2PLACEMENT3D(#11072,#11073,#11074);
#11076=IFCLOCALPLACEMENT($,#11075);
#11077=IFCPROPERTYSET('20Lso_uwT7Yfv86EgpItLD',$,'Other',$,(#11079,#11080));
#11078=IFCRELDEFINESBYPROPERTIES('1lSSqYG$T3URQxiAjDxlNd',$,$,$,(#11055),#11077);
#11079=IFCPROPERTYSINGLEVALUE('Ax',$,IFCLABEL('0.001'),$);
#11080=IFCPROPERTYSINGLEVALUE('Ay',$,IFCLABEL('0.001'),$);
#11081=IFCBEAM('0g1ag03Qv1EgN46Lla0GYS',$,$,$,$,#11102,#11092,$,$);
#11082=IFCCARTESIANPOINTLIST2D(((0.,0.),(0.,250.),(6000.,250.),(6000.,0.),(0.,0.)));
#11083=IFCINDEXEDPOLYCURVE(#11082,$,.F.);
#11084=IFCDIRECTION((0.,0.,1.));
#11085=IFCARBITRARYCLOSEDPROFILEDEF(.AREA.,$,#11083);
#11086=IFCCARTESIANPOINT((0.,0.,0.));
#11087=IFCDIRECTION((0.,0.,1.));
#11088=IFCDIRECTION((1.,0.,0.));
#11089=IFCAXIS2PLACEMENT3D(#11086,#11087,#11088);
#11090=IFCEXTRUDEDAREASOLID(#11085,#11089,#11084,-400.);
#11091=IFCSHAPEREPRESENTATION(#11,'Body','SweptSolid',(#11090));
#11092=IFCPRODUCTDEFINITIONSHAPE($,$,(#11091));
#11098=IFCCARTESIANPOINT((-125.,6000.,9000.));
#11099=IFCDIRECTION((0.,0.,1.));
#11100=IFCDIRECTION((-1.8369701987210297E-16,-1.,0.));
#11101=IFCAXIS2PLACEMENT3D(#11098,#11099,#11100);
#11102=IFCLOCALPLACEMENT($,#11101);
#11103=IFCPROPERTYSET('3oe8LITtrFphKqHV0$2vwc',$,'Other',$,(#11105,#11106));
#11104=IFCRELDEFINESBYPROPERTIES('1Fp1t5T25F$uzaOwhprUZW',$,$,$,(#11081),#11103);
#11105=IFCPROPERTYSINGLEVALUE('Ax',$,IFCLABEL('0.001'),$);
#11106=IFCPROPERTYSINGLEVALUE('Ay',$,IFCLABEL('0.001'),$);
#11107=IFCBEAM('1KcrpDJ$jBDf6ehKUD0WcG',$,$,$,$,#11128,#11118,$,$);
#11108=IFCCARTESIANPOINTLIST2D(((0.,0.),(0.,250.),(6000.,250.),(6000.,0.),(0.,0.)));
#11109=IFCINDEXEDPOLYCURVE(#11108,$,.F.);
#11110=IFCDIRECTION((0.,0.,1.));
#11111=IFCARBITRARYCLOSEDPROFILEDEF(.AREA.,$,#11109);
#11112=IFCCARTESIANPOINT((0.,0.,0.));
#11113=IFCDIRECTION((0.,0.,1.));
#11114=IFCDIRECTION((1.,0.,0.));
#11115=IFCAXIS2PLACEMENT3D(#11112,#11113,#11114);
#11116=IFCEXTRUDEDAREASOLID(#11111,#11115,#11110,-400.);
#11117=IFCSHAPEREPRESENTATION(#11,'Body','SweptSolid',(#11116));
#11118=IFCPRODUCTDEFINITIONSHAPE($,$,(#11117));
#11124=IFCCARTESIANPOINT((-125.,6000.,6000.));
#11125=IFCDIRECTION((0.,0.,1.));
#11126=IFCDIRECTION((-1.8369701987210297E-16,-1.,0.));
#11127=IFCAXIS2PLACEMENT3D(#11124,#11125,#11126);
#11128=IFCLOCALPLACEMENT($,#11127);
#11129=IFCPROPERTYSET('1cPY30WPL1hw6llfF_2f0q',$,'Other',$,(#11131,#11132));
#11130=IFCRELDEFINESBYPROPERTIES('2KfvH__0r5r98FL5J9uEhD',$,$,$,(#11107),#11129);
#11131=IFCPROPERTYSINGLEVALUE('Ax',$,IFCLABEL('0.001'),$);
#11132=IFCPROPERTYSINGLEVALUE('Ay',$,IFCLABEL('0.001'),$);
#11133=IFCBEAM('0g8dUOSRbDbBqClVjuzQ5j',$,$,$,$,#11154,#11144,$,$);
#11134=IFCCARTESIANPOINTLIST2D(((0.,0.),(0.,250.),(6000.,250.),(6000.,0.),(0.,0.)));
#11135=IFCINDEXEDPOLYCURVE(#11134,$,.F.);
#11136=IFCDIRECTION((0.,0.,1.));
#11137=IFCARBITRARYCLOSEDPROFILEDEF(.AREA.,$,#11135);
#11138=IFCCARTESIANPOINT((0.,0.,0.));
#11139=IFCDIRECTION((0.,0.,1.));
#11140=IFCDIRECTION((1.,0.,0.));
#11141=IFCAXIS2PLACEMENT3D(#11138,#11139,#11140);
#11142=IFCEXTRUDEDAREASOLID(#11137,#11141,#11136,-400.);
#11143=IFCSHAPEREPRESENTATION(#11,'Body','SweptSolid',(#11142));
#11144=IFCPRODUCTDEFINITIONSHAPE($,$,(#11143));
#11150=IFCCARTESIANPOINT((-125.,6000.,3000.));
#11151=IFCDIRECTION((0.,0.,1.));
#11152=IFCDIRECTION((-1.8369701987210297E-16,-1.,0.));
#11153=IFCAXIS2PLACEMENT3D(#11150,#11151,#11152);
#11154=IFCLOCALPLACEMENT($,#11153);
#11155=IFCPROPERTYSET('3Zm_Em4g5DaOLSh2zCNe27',$,'Other',$,(#11157,#11158));
#11156=IFCRELDEFINESBYPROPERTIES('2dOm5dMLT4iR8pKQ0J2jOb',$,$,$,(#11133),#11155);
#11157=IFCPROPERTYSINGLEVALUE('Ax',$,IFCLABEL('0.001'),$);
#11158=IFCPROPERTYSINGLEVALUE('Ay',$,IFCLABEL('0.001'),$);
#11159=IFCBEAM('2HqA7FI8f48BcQ2HWXywYn',$,$,$,$,#11180,#11170,$,$);
#11160=IFCCARTESIANPOINTLIST2D(((0.,0.),(0.,250.),(6000.,250.),(6000.,0.),(0.,0.)));
#11161=IFCINDEXEDPOLYCURVE(#11160,$,.F.);
#11162=IFCDIRECTION((0.,0.,1.));
#11163=IFCARBITRARYCLOSEDPROFILEDEF(.AREA.,$,#11161);
#11164=IFCCARTESIANPOINT((0.,0.,0.));
#11165=IFCDIRECTION((0.,0.,1.));
#11166=IFCDIRECTION((1.,0.,0.));
#11167=IFCAXIS2PLACEMENT3D(#11164,#11165,#11166);
#11168=IFCEXTRUDEDAREASOLID(#11163,#11167,#11162,-400.);
#11169=IFCSHAPEREPRESENTATION(#11,'Body','SweptSolid',(#11168));
#11170=IFCPRODUCTDEFINITIONSHAPE($,$,(#11169));
#11176=IFCCARTESIANPOINT((-125.,6000.,0.));
#11177=IFCDIRECTION((0.,0.,1.));
#11178=IFCDIRECTION((-1.8369701987210297E-16,-1.,0.));
#11179=IFCAXIS2PLACEMENT3D(#11176,#11177,#11178);
#11180=IFCLOCALPLACEMENT($,#11179);
#11181=IFCPROPERTYSET('2lphQTD6r9IgqYgZx4FVSU',$,'Other',$,(#11183,#11184));
#11182=IFCRELDEFINESBYPROPERTIES('3xnUVhybD009ZEmB48tbSD',$,$,$,(#11159),#11181);
#11183=IFCPROPERTYSINGLEVALUE('Ax',$,IFCLABEL('0.001'),$);
#11184=IFCPROPERTYSINGLEVALUE('Ay',$,IFCLABEL('0.001'),$);
#11185=IFCCOLUMN('3mQfGl6iD8oBcfQaZ947jN',$,$,$,$,#11206,#11196,$,$);
#11186=IFCCARTESIANPOINTLIST2D(((-200.,-200.),(200.,-200.),(200.,200.),(-200.,200.)));
#11187=IFCINDEXEDPOLYCURVE(#11186,(IFCLINEINDEX((1,2,3,4,1))),$);
#11188=IFCARBITRARYCLOSEDPROFILEDEF(.AREA.,'Arbitrary',#11187);
#11189=IFCCARTESIANPOINT((0.,0.,0.));
#11190=IFCDIRECTION((0.,0.,1.));
#11191=IFCDIRECTION((1.,0.,0.));
#11192=IFCAXIS2PLACEMENT3D(#11189,#11190,#11191);
#11193=IFCDIRECTION((0.,0.,1.));
#11194=IFCEXTRUDEDAREASOLID(#11188,#11192,#11193,3000.);
#11195=IFCSHAPEREPRESENTATION(#11,'Body','SweptSolid',(#11194));
#11196=IFCPRODUCTDEFINITIONSHAPE($,$,(#11195));
#11202=IFCCARTESIANPOINT((0.,12000.,21000.));
#11203=IFCDIRECTION((0.,0.,1.));
#11204=IFCDIRECTION((1.,0.,0.));
#11205=IFCAXIS2PLACEMENT3D(#11202,#11203,#11204);
#11206=IFCLOCALPLACEMENT($,#11205);
#11207=IFCPROPERTYSET('3S5hdJSgP9EQiI5y4Q6NCR',$,'Other',$,(#11209,#11210,#11211));
#11208=IFCRELDEFINESBYPROPERTIES('0$GY7KL_X8VgMdpe0YS4Cz',$,$,$,(#11185),#11207);
#11209=IFCPROPERTYSINGLEVALUE('Ax',$,IFCLABEL('0.001'),$);
#11210=IFCPROPERTYSINGLEVALUE('Ay',$,IFCLABEL('0.001'),$);
#11211=IFCPROPERTYSINGLEVALUE('Section',$,IFCLABEL('Rect'),$);
#11212=IFCCOLUMN('3rHI36ff11UhcM6QB4$0X1',$,$,$,$,#11233,#11223,$,$);
#11213=IFCCARTESIANPOINTLIST2D(((-200.,-200.),(200.,-200.),(200.,200.),(-200.,200.)));
#11214=IFCINDEXEDPOLYCURVE(#11213,(IFCLINEINDEX((1,2,3,4,1))),$);
#11215=IFCARBITRARYCLOSEDPROFILEDEF(.AREA.,'Arbitrary',#11214);
#11216=IFCCARTESIANPOINT((0.,0.,0.));
#11217=IFCDIRECTION((0.,0.,1.));
#11218=IFCDIRECTION((1.,0.,0.));
#11219=IFCAXIS2PLACEMENT3D(#11216,#11217,#11218);
#11220=IFCDIRECTION((0.,0.,1.));
#11221=IFCEXTRUDEDAREASOLID(#11215,#11219,#11220,3000.);
#11222=IFCSHAPEREPRESENTATION(#11,'Body','SweptSolid',(#11221));
#11223=IFCPRODUCTDEFINITIONSHAPE($,$,(#11222));
#11229=IFCCARTESIANPOINT((0.,18000.,21000.));
#11230=IFCDIRECTION((0.,0.,1.));
#11231=IFCDIRECTION((1.,0.,0.));
#11232=IFCAXIS2PLACEMENT3D(#11229,#11230,#11231);
#11233=IFCLOCALPLACEMENT($,#11232);
#11234=IFCPROPERTYSET('3aQ_L5_pHCBO5jBw2Vg8OJ',$,'Other',$,(#11236,#11237,#11238));
#11235=IFCRELDEFINESBYPROPERTIES('3P1PqYxgP3RxJ1qOF23DwN',$,$,$,(#11212),#11234);
#11236=IFCPROPERTYSINGLEVALUE('Ax',$,IFCLABEL('0.001'),$);
#11237=IFCPROPERTYSINGLEVALUE('Ay',$,IFCLABEL('0.001'),$);
#11238=IFCPROPERTYSINGLEVALUE('Section',$,IFCLABEL('Rect'),$);
#11239=IFCCOLUMN('0mltFzqE9CT9ptbTofnJgK',$,$,$,$,#11260,#11250,$,$);
#11240=IFCCARTESIANPOINTLIST2D(((-200.,-200.),(200.,-200.),(200.,200.),(-200.,200.)));
#11241=IFCINDEXEDPOLYCURVE(#11240,(IFCLINEINDEX((1,2,3,4,1))),$);
#11242=IFCARBITRARYCLOSEDPROFILEDEF(.AREA.,'Arbitrary',#11241);
#11243=IFCCARTESIANPOINT((0.,0.,0.));
#11244=IFCDIRECTION((0.,0.,1.));
#11245=IFCDIRECTION((1.,0.,0.));
#11246=IFCAXIS2PLACEMENT3D(#11243,#11244,#11245);
#11247=IFCDIRECTION((0.,0.,1.));
#11248=IFCEXTRUDEDAREASOLID(#11242,#11246,#11247,3000.);
#11249=IFCSHAPEREPRESENTATION(#11,'Body','SweptSolid',(#11248));
#11250=IFCPRODUCTDEFINITIONSHAPE($,$,(#11249));
#11256=IFCCARTESIANPOINT((6000.,12000.,21000.));
#11257=IFCDIRECTION((0.,0.,1.));
#11258=IFCDIRECTION((1.,0.,0.));
#11259=IFCAXIS2PLACEMENT3D(#11256,#11257,#11258);
#11260=IFCLOCALPLACEMENT($,#11259);
#11261=IFCPROPERTYSET('19KKCrGevBHw9WDePSxX9Y',$,'Other',$,(#11263,#11264,#11265));
#11262=IFCRELDEFINESBYPROPERTIES('3ieIRDEND51PC1E7kkPlh9',$,$,$,(#11239),#11261);
#11263=IFCPROPERTYSINGLEVALUE('Ax',$,IFCLABEL('0.001'),$);
#11264=IFCPROPERTYSINGLEVALUE('Ay',$,IFCLABEL('0.001'),$);
#11265=IFCPROPERTYSINGLEVALUE('Section',$,IFCLABEL('Rect'),$);
#11266=IFCCOLUMN('2LQeYbMtrBr8AVQ$LYydcl',$,$,$,$,#11287,#11277,$,$);
#11267=IFCCARTESIANPOINTLIST2D(((-200.,-200.),(200.,-200.),(200.,200.),(-200.,200.)));
#11268=IFCINDEXEDPOLYCURVE(#11267,(IFCLINEINDEX((1,2,3,4,1))),$);
#11269=IFCARBITRARYCLOSEDPROFILEDEF(.AREA.,'Arbitrary',#11268);
#11270=IFCCARTESIANPOINT((0.,0.,0.));
#11271=IFCDIRECTION((0.,0.,1.));
#11272=IFCDIRECTION((1.,0.,0.));
#11273=IFCAXIS2PLACEMENT3D(#11270,#11271,#11272);
#11274=IFCDIRECTION((0.,0.,1.));
#11275=IFCEXTRUDEDAREASOLID(#11269,#11273,#11274,3000.);
#11276=IFCSHAPEREPRESENTATION(#11,'Body','SweptSolid',(#11275));
#11277=IFCPRODUCTDEFINITIONSHAPE($,$,(#11276));
#11283=IFCCARTESIANPOINT((6000.,18000.,21000.));
#11284=IFCDIRECTION((0.,0.,1.));
#11285=IFCDIRECTION((1.,0.,0.));
#11286=IFCAXIS2PLACEMENT3D(#11283,#11284,#11285);
#11287=IFCLOCALPLACEMENT($,#11286);
#11288=IFCPROPERTYSET('2wuJrvaI9C7gv$RopF0aOF',$,'Other',$,(#11290,#11291,#11292));
#11289=IFCRELDEFINESBYPROPERTIES('1zWEqkwZn04xc5C12qbhLB',$,$,$,(#11266),#11288);
#11290=IFCPROPERTYSINGLEVALUE('Ax',$,IFCLABEL('0.001'),$);
#11291=IFCPROPERTYSINGLEVALUE('Ay',$,IFCLABEL('0.001'),$);
#11292=IFCPROPERTYSINGLEVALUE('Section',$,IFCLABEL('Rect'),$);
#11293=IFCCOLUMN('0zjaTEIOHEwxXVs5sjEO4O',$,$,$,$,#11314,#11304,$,$);
#11294=IFCCARTESIANPOINTLIST2D(((-200.,-200.),(200.,-200.),(200.,200.),(-200.,200.)));
#11295=IFCINDEXEDPOLYCURVE(#11294,(IFCLINEINDEX((1,2,3,4,1))),$);
#11296=IFCARBITRARYCLOSEDPROFILEDEF(.AREA.,'Arbitrary',#11295);
#11297=IFCCARTESIANPOINT((0.,0.,0.));
#11298=IFCDIRECTION((0.,0.,1.));
#11299=IFCDIRECTION((1.,0.,0.));
#11300=IFCAXIS2PLACEMENT3D(#11297,#11298,#11299);
#11301=IFCDIRECTION((0.,0.,1.));
#11302=IFCEXTRUDEDAREASOLID(#11296,#11300,#11301,3000.);
#11303=IFCSHAPEREPRESENTATION(#11,'Body','SweptSolid',(#11302));
#11304=IFCPRODUCTDEFINITIONSHAPE($,$,(#11303));
#11310=IFCCARTESIANPOINT((12000.,12000.,21000.));
#11311=IFCDIRECTION((0.,0.,1.));
#11312=IFCDIRECTION((1.,0.,0.));
#11313=IFCAXIS2PLACEMENT3D(#11310,#11311,#11312);
#11314=IFCLOCALPLACEMENT($,#11313);
#11315=IFCPROPERTYSET('1XBqdVce9D8B2dhNzXG2n6',$,'Other',$,(#11317,#11318,#11319));
#11316=IFCRELDEFINESBYPROPERTIES('0lii0yWlj9vAxKaQxxmh1u',$,$,$,(#11293),#11315);
#11317=IFCPROPERTYSINGLEVALUE('Ax',$,IFCLABEL('0.001'),$);
#11318=IFCPROPERTYSINGLEVALUE('Ay',$,IFCLABEL('0.001'),$);
#11319=IFCPROPERTYSINGLEVALUE('Section',$,IFCLABEL('Rect'),$);
#11320=IFCCOLUMN('1mg8k8Muv8Rei5fakyiG0N',$,$,$,$,#11341,#11331,$,$);
#11321=IFCCARTESIANPOINTLIST2D(((-200.,-200.),(200.,-200.),(200.,200.),(-200.,200.)));
#11322=IFCINDEXEDPOLYCURVE(#11321,(IFCLINEINDEX((1,2,3,4,1))),$);
#11323=IFCARBITRARYCLOSEDPROFILEDEF(.AREA.,'Arbitrary',#11322);
#11324=IFCCARTESIANPOINT((0.,0.,0.));
#11325=IFCDIRECTION((0.,0.,1.));
#11326=IFCDIRECTION((1.,0.,0.));
#11327=IFCAXIS2PLACEMENT3D(#11324,#11325,#11326);
#11328=IFCDIRECTION((0.,0.,1.));
#11329=IFCEXTRUDEDAREASOLID(#11323,#11327,#11328,3000.);
#11330=IFCSHAPEREPRESENTATION(#11,'Body','SweptSolid',(#11329));
#11331=IFCPRODUCTDEFINITIONSHAPE($,$,(#11330));
#11337=IFCCARTESIANPOINT((12000.,18000.,21000.));
#11338=IFCDIRECTION((0.,0.,1.));
#11339=IFCDIRECTION((1.,0.,0.));
#11340=IFCAXIS2PLACEMENT3D(#11337,#11338,#11339);
#11341=IFCLOCALPLACEMENT($,#11340);
#11342=IFCPROPERTYSET('3XtIuLntD8jQQRmKY9SWAd',$,'Other',$,(#11344,#11345,#11346));
#11343=IFCRELDEFINESBYPROPERTIES('3qQKROl6nFC8439OEc17Q1',$,$,$,(#11320),#11342);
#11344=IFCPROPERTYSINGLEVALUE('Ax',$,IFCLABEL('0.001'),$);
#11345=IFCPROPERTYSINGLEVALUE('Ay',$,IFCLABEL('0.001'),$);
#11346=IFCPROPERTYSINGLEVALUE('Section',$,IFCLABEL('Rect'),$);
#11347=IFCCOLUMN('3GupF_9oT1ZProqtH7sZ_L',$,$,$,$,#11368,#11358,$,$);
#11348=IFCCARTESIANPOINTLIST2D(((-200.,-200.),(200.,-200.),(200.,200.),(-200.,200.)));
#11349=IFCINDEXEDPOLYCURVE(#11348,(IFCLINEINDEX((1,2,3,4,1))),$);
#11350=IFCARBITRARYCLOSEDPROFILEDEF(.AREA.,'Arbitrary',#11349);
#11351=IFCCARTESIANPOINT((0.,0.,0.));
#11352=IFCDIRECTION((0.,0.,1.));
#11353=IFCDIRECTION((1.,0.,0.));
#11354=IFCAXIS2PLACEMENT3D(#11351,#11352,#11353);
#11355=IFCDIRECTION((0.,0.,1.));
#11356=IFCEXTRUDEDAREASOLID(#11350,#11354,#11355,3000.);
#11357=IFCSHAPEREPRESENTATION(#11,'Body','SweptSolid',(#11356));
#11358=IFCPRODUCTDEFINITIONSHAPE($,$,(#11357));
#11364=IFCCARTESIANPOINT((18000.,12000.,21000.));
#11365=IFCDIRECTION((0.,0.,1.));
#11366=IFCDIRECTION((1.,0.,0.));
#11367=IFCAXIS2PLACEMENT3D(#11364,#11365,#11366);
#11368=IFCLOCALPLACEMENT($,#11367);
#11369=IFCPROPERTYSET('2FtdD_38H4385K39vWvSMl',$,'Other',$,(#11371,#11372,#11373));
#11370=IFCRELDEFINESBYPROPERTIES('2BPNzxi5X8_BjfhG3$vDya',$,$,$,(#11347),#11369);
#11371=IFCPROPERTYSINGLEVALUE('Ax',$,IFCLABEL('0.001'),$);
#11372=IFCPROPERTYSINGLEVALUE('Ay',$,IFCLABEL('0.001'),$);
#11373=IFCPROPERTYSINGLEVALUE('Section',$,IFCLABEL('Rect'),$);
#11374=IFCCOLUMN('0fSkCE5SL6vxiULsShB54F',$,$,$,$,#11395,#11385,$,$);
#11375=IFCCARTESIANPOINTLIST2D(((-200.,-200.),(200.,-200.),(200.,200.),(-200.,200.)));
#11376=IFCINDEXEDPOLYCURVE(#11375,(IFCLINEINDEX((1,2,3,4,1))),$);
#11377=IFCARBITRARYCLOSEDPROFILEDEF(.AREA.,'Arbitrary',#11376);
#11378=IFCCARTESIANPOINT((0.,0.,0.));
#11379=IFCDIRECTION((0.,0.,1.));
#11380=IFCDIRECTION((1.,0.,0.));
#11381=IFCAXIS2PLACEMENT3D(#11378,#11379,#11380);
#11382=IFCDIRECTION((0.,0.,1.));
#11383=IFCEXTRUDEDAREASOLID(#11377,#11381,#11382,3000.);
#11384=IFCSHAPEREPRESENTATION(#11,'Body','SweptSolid',(#11383));
#11385=IFCPRODUCTDEFINITIONSHAPE($,$,(#11384));
#11391=IFCCARTESIANPOINT((18000.,18000.,21000.));
#11392=IFCDIRECTION((0.,0.,1.));
#11393=IFCDIRECTION((1.,0.,0.));
#11394=IFCAXIS2PLACEMENT3D(#11391,#11392,#11393);
#11395=IFCLOCALPLACEMENT($,#11394);
#11396=IFCPROPERTYSET('1aX$zMRnj1yQkU$IqxPnZ1',$,'Other',$,(#11398,#11399,#11400));
#11397=IFCRELDEFINESBYPROPERTIES('2NdtDs2_PCnuvsIbqZ7lhK',$,$,$,(#11374),#11396);
#11398=IFCPROPERTYSINGLEVALUE('Ax',$,IFCLABEL('0.001'),$);
#11399=IFCPROPERTYSINGLEVALUE('Ay',$,IFCLABEL('0.001'),$);
#11400=IFCPROPERTYSINGLEVALUE('Section',$,IFCLABEL('Rect'),$);
#11401=IFCCOLUMN('07BEDtpiD2FQJD6h0aQWng',$,$,$,$,#11422,#11412,$,$);
#11402=IFCCARTESIANPOINTLIST2D(((-200.,-200.),(200.,-200.),(200.,200.),(-200.,200.)));
#11403=IFCINDEXEDPOLYCURVE(#11402,(IFCLINEINDEX((1,2,3,4,1))),$);
#11404=IFCARBITRARYCLOSEDPROFILEDEF(.AREA.,'Arbitrary',#11403);
#11405=IFCCARTESIANPOINT((0.,0.,0.));
#11406=IFCDIRECTION((0.,0.,1.));
#11407=IFCDIRECTION((1.,0.,0.));
#11408=IFCAXIS2PLACEMENT3D(#11405,#11406,#11407);
#11409=IFCDIRECTION((0.,0.,1.));
#11410=IFCEXTRUDEDAREASOLID(#11404,#11408,#11409,3000.);
#11411=IFCSHAPEREPRESENTATION(#11,'Body','SweptSolid',(#11410));
#11412=IFCPRODUCTDEFINITIONSHAPE($,$,(#11411));
#11418=IFCCARTESIANPOINT((24000.,18000.,21000.));
#11419=IFCDIRECTION((0.,0.,1.));
#11420=IFCDIRECTION((1.,0.,0.));
#11421=IFCAXIS2PLACEMENT3D(#11418,#11419,#11420);
#11422=IFCLOCALPLACEMENT($,#11421);
#11423=IFCPROPERTYSET('3149SGZqjFPOzjvZTeZqUp',$,'Other',$,(#11425,#11426,#11427));
#11424=IFCRELDEFINESBYPROPERTIES('1yAihtey96OgEV76AZfL8p',$,$,$,(#11401),#11423);
#11425=IFCPROPERTYSINGLEVALUE('Ax',$,IFCLABEL('0.001'),$);
#11426=IFCPROPERTYSINGLEVALUE('Ay',$,IFCLABEL('0.001'),$);
#11427=IFCPROPERTYSINGLEVALUE('Section',$,IFCLABEL('Rect'),$);
#11428=IFCCOLUMN('1ZCHcy$hfF7P0u$_f0p6kF',$,$,$,$,#11449,#11439,$,$);
#11429=IFCCARTESIANPOINTLIST2D(((-200.,-200.),(200.,-200.),(200.,200.),(-200.,200.)));
#11430=IFCINDEXEDPOLYCURVE(#11429,(IFCLINEINDEX((1,2,3,4,1))),$);
#11431=IFCARBITRARYCLOSEDPROFILEDEF(.AREA.,'Arbitrary',#11430);
#11432=IFCCARTESIANPOINT((0.,0.,0.));
#11433=IFCDIRECTION((0.,0.,1.));
#11434=IFCDIRECTION((1.,0.,0.));
#11435=IFCAXIS2PLACEMENT3D(#11432,#11433,#11434);
#11436=IFCDIRECTION((0.,0.,1.));
#11437=IFCEXTRUDEDAREASOLID(#11431,#11435,#11436,3000.);
#11438=IFCSHAPEREPRESENTATION(#11,'Body','SweptSolid',(#11437));
#11439=IFCPRODUCTDEFINITIONSHAPE($,$,(#11438));
#11445=IFCCARTESIANPOINT((30000.,18000.,21000.));
#11446=IFCDIRECTION((0.,0.,1.));
#11447=IFCDIRECTION((1.,0.,0.));
#11448=IFCAXIS2PLACEMENT3D(#11445,#11446,#11447);
#11449=IFCLOCALPLACEMENT($,#11448);
#11450=IFCPROPERTYSET('1ROjLKYGPDWB64Y_9RZ_lN',$,'Other',$,(#11452,#11453,#11454));
#11451=IFCRELDEFINESBYPROPERTIES('2dUwkjyz13ugHB6aMXP5pr',$,$,$,(#11428),#11450);
#11452=IFCPROPERTYSINGLEVALUE('Ax',$,IFCLABEL('0.001'),$);
#11453=IFCPROPERTYSINGLEVALUE('Ay',$,IFCLABEL('0.001'),$);
#11454=IFCPROPERTYSINGLEVALUE('Section',$,IFCLABEL('Rect'),$);
#11455=IFCCOLUMN('14MmYoETL7mvo7a92b73Z3',$,$,$,$,#11476,#11466,$,$);
#11456=IFCCARTESIANPOINTLIST2D(((-200.,-200.),(200.,-200.),(200.,200.),(-200.,200.)));
#11457=IFCINDEXEDPOLYCURVE(#11456,(IFCLINEINDEX((1,2,3,4,1))),$);
#11458=IFCARBITRARYCLOSEDPROFILEDEF(.AREA.,'Arbitrary',#11457);
#11459=IFCCARTESIANPOINT((0.,0.,0.));
#11460=IFCDIRECTION((0.,0.,1.));
#11461=IFCDIRECTION((1.,0.,0.));
#11462=IFCAXIS2PLACEMENT3D(#11459,#11460,#11461);
#11463=IFCDIRECTION((0.,0.,1.));
#11464=IFCEXTRUDEDAREASOLID(#11458,#11462,#11463,3000.);
#11465=IFCSHAPEREPRESENTATION(#11,'Body','SweptSolid',(#11464));
#11466=IFCPRODUCTDEFINITIONSHAPE($,$,(#11465));
#11472=IFCCARTESIANPOINT((18000.,0.,21000.));
#11473=IFCDIRECTION((0.,0.,1.));
#11474=IFCDIRECTION((1.,0.,0.));
#11475=IFCAXIS2PLACEMENT3D(#11472,#11473,#11474);
#11476=IFCLOCALPLACEMENT($,#11475);
#11477=IFCPROPERTYSET('3KpoCacPXA4AViYoGOyN7j',$,'Other',$,(#11479,#11480,#11481));
#11478=IFCRELDEFINESBYPROPERTIES('1ktiX2qMDDVQH4fTY5V7z9',$,$,$,(#11455),#11477);
#11479=IFCPROPERTYSINGLEVALUE('Ax',$,IFCLABEL('0.001'),$);
#11480=IFCPROPERTYSINGLEVALUE('Ay',$,IFCLABEL('0.001'),$);
#11481=IFCPROPERTYSINGLEVALUE('Section',$,IFCLABEL('Rect'),$);
#11482=IFCCOLUMN('3Au9Z_qmfCDxobYPzA$jXB',$,$,$,$,#11503,#11493,$,$);
#11483=IFCCARTESIANPOINTLIST2D(((-200.,-200.),(200.,-200.),(200.,200.),(-200.,200.)));
#11484=IFCINDEXEDPOLYCURVE(#11483,(IFCLINEINDEX((1,2,3,4,1))),$);
#11485=IFCARBITRARYCLOSEDPROFILEDEF(.AREA.,'Arbitrary',#11484);
#11486=IFCCARTESIANPOINT((0.,0.,0.));
#11487=IFCDIRECTION((0.,0.,1.));
#11488=IFCDIRECTION((1.,0.,0.));
#11489=IFCAXIS2PLACEMENT3D(#11486,#11487,#11488);
#11490=IFCDIRECTION((0.,0.,1.));
#11491=IFCEXTRUDEDAREASOLID(#11485,#11489,#11490,3000.);
#11492=IFCSHAPEREPRESENTATION(#11,'Body','SweptSolid',(#11491));
#11493=IFCPRODUCTDEFINITIONSHAPE($,$,(#11492));
#11499=IFCCARTESIANPOINT((18000.,6000.,21000.));
#11500=IFCDIRECTION((0.,0.,1.));
#11501=IFCDIRECTION((1.,0.,0.));
#11502=IFCAXIS2PLACEMENT3D(#11499,#11500,#11501);
#11503=IFCLOCALPLACEMENT($,#11502);
#11504=IFCPROPERTYSET('1_yYcRQEDDK8wqggjltOo5',$,'Other',$,(#11506,#11507,#11508));
#11505=IFCRELDEFINESBYPROPERTIES('2sg4_Af8zAHQJsfyqFwJuL',$,$,$,(#11482),#11504);
#11506=IFCPROPERTYSINGLEVALUE('Ax',$,IFCLABEL('0.001'),$);
#11507=IFCPROPERTYSINGLEVALUE('Ay',$,IFCLABEL('0.001'),$);
#11508=IFCPROPERTYSINGLEVALUE('Section',$,IFCLABEL('Rect'),$);
#11509=IFCCOLUMN('2scfQ32BL409k_ZzgvUY2r',$,$,$,$,#11530,#11520,$,$);
#11510=IFCCARTESIANPOINTLIST2D(((-200.,-200.),(200.,-200.),(200.,200.),(-200.,200.)));
#11511=IFCINDEXEDPOLYCURVE(#11510,(IFCLINEINDEX((1,2,3,4,1))),$);
#11512=IFCARBITRARYCLOSEDPROFILEDEF(.AREA.,'Arbitrary',#11511);
#11513=IFCCARTESIANPOINT((0.,0.,0.));
#11514=IFCDIRECTION((0.,0.,1.));
#11515=IFCDIRECTION((1.,0.,0.));
#11516=IFCAXIS2PLACEMENT3D(#11513,#11514,#11515);
#11517=IFCDIRECTION((0.,0.,1.));
#11518=IFCEXTRUDEDAREASOLID(#11512,#11516,#11517,3000.);
#11519=IFCSHAPEREPRESENTATION(#11,'Body','SweptSolid',(#11518));
#11520=IFCPRODUCTDEFINITIONSHAPE($,$,(#11519));
#11526=IFCCARTESIANPOINT((24000.,6000.,21000.));
#11527=IFCDIRECTION((0.,0.,1.));
#11528=IFCDIRECTION((1.,0.,0.));
#11529=IFCAXIS2PLACEMENT3D(#11526,#11527,#11528);
#11530=IFCLOCALPLACEMENT($,#11529);
#11531=IFCPROPERTYSET('0j3ecZVof4RAPMRnLetHmI',$,'Other',$,(#11533,#11534,#11535));
#11532=IFCRELDEFINESBYPROPERTIES('2HW$rAVyH0gRQqefmaQgMw',$,$,$,(#11509),#11531);
#11533=IFCPROPERTYSINGLEVALUE('Ax',$,IFCLABEL('0.001'),$);
#11534=IFCPROPERTYSINGLEVALUE('Ay',$,IFCLABEL('0.001'),$);
#11535=IFCPROPERTYSINGLEVALUE('Section',$,IFCLABEL('Rect'),$);
#11536=IFCCOLUMN('3x58OGSQzClOWxJafxH3gQ',$,$,$,$,#11557,#11547,$,$);
#11537=IFCCARTESIANPOINTLIST2D(((-200.,-200.),(200.,-200.),(200.,200.),(-200.,200.)));
#11538=IFCINDEXEDPOLYCURVE(#11537,(IFCLINEINDEX((1,2,3,4,1))),$);
#11539=IFCARBITRARYCLOSEDPROFILEDEF(.AREA.,'Arbitrary',#11538);
#11540=IFCCARTESIANPOINT((0.,0.,0.));
#11541=IFCDIRECTION((0.,0.,1.));
#11542=IFCDIRECTION((1.,0.,0.));
#11543=IFCAXIS2PLACEMENT3D(#11540,#11541,#11542);
#11544=IFCDIRECTION((0.,0.,1.));
#11545=IFCEXTRUDEDAREASOLID(#11539,#11543,#11544,3000.);
#11546=IFCSHAPEREPRESENTATION(#11,'Body','SweptSolid',(#11545));
#11547=IFCPRODUCTDEFINITIONSHAPE($,$,(#11546));
#11553=IFCCARTESIANPOINT((12000.,0.,21000.));
#11554=IFCDIRECTION((0.,0.,1.));
#11555=IFCDIRECTION((1.,0.,0.));
#11556=IFCAXIS2PLACEMENT3D(#11553,#11554,#11555);
#11557=IFCLOCALPLACEMENT($,#11556);
#11558=IFCPROPERTYSET('38$vEQtbDDMv$9i4rCmjt9',$,'Other',$,(#11560,#11561,#11562));
#11559=IFCRELDEFINESBYPROPERTIES('0PoKJuhFDB1eja8noUKBnq',$,$,$,(#11536),#11558);
#11560=IFCPROPERTYSINGLEVALUE('Ax',$,IFCLABEL('0.001'),$);
#11561=IFCPROPERTYSINGLEVALUE('Ay',$,IFCLABEL('0.001'),$);
#11562=IFCPROPERTYSINGLEVALUE('Section',$,IFCLABEL('Rect'),$);
#11563=IFCCOLUMN('2CKA_WLQrCOfPk6wDfzKP$',$,$,$,$,#11584,#11574,$,$);
#11564=IFCCARTESIANPOINTLIST2D(((-200.,-200.),(200.,-200.),(200.,200.),(-200.,200.)));
#11565=IFCINDEXEDPOLYCURVE(#11564,(IFCLINEINDEX((1,2,3,4,1))),$);
#11566=IFCARBITRARYCLOSEDPROFILEDEF(.AREA.,'Arbitrary',#11565);
#11567=IFCCARTESIANPOINT((0.,0.,0.));
#11568=IFCDIRECTION((0.,0.,1.));
#11569=IFCDIRECTION((1.,0.,0.));
#11570=IFCAXIS2PLACEMENT3D(#11567,#11568,#11569);
#11571=IFCDIRECTION((0.,0.,1.));
#11572=IFCEXTRUDEDAREASOLID(#11566,#11570,#11571,3000.);
#11573=IFCSHAPEREPRESENTATION(#11,'Body','SweptSolid',(#11572));
#11574=IFCPRODUCTDEFINITIONSHAPE($,$,(#11573));
#11580=IFCCARTESIANPOINT((12000.,6000.,21000.));
#11581=IFCDIRECTION((0.,0.,1.));
#11582=IFCDIRECTION((1.,0.,0.));
#11583=IFCAXIS2PLACEMENT3D(#11580,#11581,#11582);
#11584=IFCLOCALPLACEMENT($,#11583);
#11585=IFCPROPERTYSET('1bTOcawSLBiRZlPL3ivNYN',$,'Other',$,(#11587,#11588,#11589));
#11586=IFCRELDEFINESBYPROPERTIES('2oCyCsQkL2cOziBvXtTkld',$,$,$,(#11563),#11585);
#11587=IFCPROPERTYSINGLEVALUE('Ax',$,IFCLABEL('0.001'),$);
#11588=IFCPROPERTYSINGLEVALUE('Ay',$,IFCLABEL('0.001'),$);
#11589=IFCPROPERTYSINGLEVALUE('Section',$,IFCLABEL('Rect'),$);
#11590=IFCCOLUMN('3SkxlUwYbBUA2DnJsBnIcL',$,$,$,$,#11611,#11601,$,$);
#11591=IFCCARTESIANPOINTLIST2D(((-200.,-200.),(200.,-200.),(200.,200.),(-200.,200.)));
#11592=IFCINDEXEDPOLYCURVE(#11591,(IFCLINEINDEX((1,2,3,4,1))),$);
#11593=IFCARBITRARYCLOSEDPROFILEDEF(.AREA.,'Arbitrary',#11592);
#11594=IFCCARTESIANPOINT((0.,0.,0.));
#11595=IFCDIRECTION((0.,0.,1.));
#11596=IFCDIRECTION((1.,0.,0.));
#11597=IFCAXIS2PLACEMENT3D(#11594,#11595,#11596);
#11598=IFCDIRECTION((0.,0.,1.));
#11599=IFCEXTRUDEDAREASOLID(#11593,#11597,#11598,3000.);
#11600=IFCSHAPEREPRESENTATION(#11,'Body','SweptSolid',(#11599));
#11601=IFCPRODUCTDEFINITIONSHAPE($,$,(#11600));
#11607=IFCCARTESIANPOINT((0.,12000.,18000.));
#11608=IFCDIRECTION((0.,0.,1.));
#11609=IFCDIRECTION((1.,0.,0.));
#11610=IFCAXIS2PLACEMENT3D(#11607,#11608,#11609);
#11611=IFCLOCALPLACEMENT($,#11610);
#11612=IFCPROPERTYSET('2nMjatV5fDXBInYpiGwLTy',$,'Other',$,(#11614,#11615,#11616));
#11613=IFCRELDEFINESBYPROPERTIES('3NW1x$L4rASexSV3lpF168',$,$,$,(#11590),#11612);
#11614=IFCPROPERTYSINGLEVALUE('Ax',$,IFCLABEL('0.001'),$);
#11615=IFCPROPERTYSINGLEVALUE('Ay',$,IFCLABEL('0.001'),$);
#11616=IFCPROPERTYSINGLEVALUE('Section',$,IFCLABEL('Rect'),$);
#11617=IFCCOLUMN('2BT1hPGiX39ArY5MtafQL9',$,$,$,$,#11638,#11628,$,$);
#11618=IFCCARTESIANPOINTLIST2D(((-200.,-200.),(200.,-200.),(200.,200.),(-200.,200.)));
#11619=IFCINDEXEDPOLYCURVE(#11618,(IFCLINEINDEX((1,2,3,4,1))),$);
#11620=IFCARBITRARYCLOSEDPROFILEDEF(.AREA.,'Arbitrary',#11619);
#11621=IFCCARTESIANPOINT((0.,0.,0.));
#11622=IFCDIRECTION((0.,0.,1.));
#11623=IFCDIRECTION((1.,0.,0.));
#11624=IFCAXIS2PLACEMENT3D(#11621,#11622,#11623);
#11625=IFCDIRECTION((0.,0.,1.));
#11626=IFCEXTRUDEDAREASOLID(#11620,#11624,#11625,3000.);
#11627=IFCSHAPEREPRESENTATION(#11,'Body','SweptSolid',(#11626));
#11628=IFCPRODUCTDEFINITIONSHAPE($,$,(#11627));
#11634=IFCCARTESIANPOINT((0.,18000.,18000.));
#11635=IFCDIRECTION((0.,0.,1.));
#11636=IFCDIRECTION((1.,0.,0.));
#11637=IFCAXIS2PLACEMENT3D(#11634,#11635,#11636);
#11638=IFCLOCALPLACEMENT($,#11637);
#11639=IFCPROPERTYSET('2FCWfRBF1EQAbabC6tS3ZI',$,'Other',$,(#11641,#11642,#11643));
#11640=IFCRELDEFINESBYPROPERTIES('25QcgR96T5e8Z10KTaYlDJ',$,$,$,(#11617),#11639);
#11641=IFCPROPERTYSINGLEVALUE('Ax',$,IFCLABEL('0.001'),$);
#11642=IFCPROPERTYSINGLEVALUE('Ay',$,IFCLABEL('0.001'),$);
#11643=IFCPROPERTYSINGLEVALUE('Section',$,IFCLABEL('Rect'),$);
#11644=IFCCOLUMN('0v_fvvjvHB4hyvua263D0_',$,$,$,$,#11665,#11655,$,$);
#11645=IFCCARTESIANPOINTLIST2D(((-200.,-200.),(200.,-200.),(200.,200.),(-200.,200.)));
#11646=IFCINDEXEDPOLYCURVE(#11645,(IFCLINEINDEX((1,2,3,4,1))),$);
#11647=IFCARBITRARYCLOSEDPROFILEDEF(.AREA.,'Arbitrary',#11646);
#11648=IFCCARTESIANPOINT((0.,0.,0.));
#11649=IFCDIRECTION((0.,0.,1.));
#11650=IFCDIRECTION((1.,0.,0.));
#11651=IFCAXIS2PLACEMENT3D(#11648,#11649,#11650);
#11652=IFCDIRECTION((0.,0.,1.));
#11653=IFCEXTRUDEDAREASOLID(#11647,#11651,#11652,3000.);
#11654=IFCSHAPEREPRESENTATION(#11,'Body','SweptSolid',(#11653));
#11655=IFCPRODUCTDEFINITIONSHAPE($,$,(#11654));
#11661=IFCCARTESIANPOINT((6000.,12000.,18000.));
#11662=IFCDIRECTION((0.,0.,1.));
#11663=IFCDIRECTION((1.,0.,0.));
#11664=IFCAXIS2PLACEMENT3D(#11661,#11662,#11663);
#11665=IFCLOCALPLACEMENT($,#11664);
#11666=IFCPROPERTYSET('31s_fQqi19RPihGaMQc5xr',$,'Other',$,(#11668,#11669,#11670));
#11667=IFCRELDEFINESBYPROPERTIES('1DTEiUL0fAz91Ha2TTv8pL',$,$,$,(#11644),#11666);
#11668=IFCPROPERTYSINGLEVALUE('Ax',$,IFCLABEL('0.001'),$);
#11669=IFCPROPERTYSINGLEVALUE('Ay',$,IFCLABEL('0.001'),$);
#11670=IFCPROPERTYSINGLEVALUE('Section',$,IFCLABEL('Rect'),$);
#11671=IFCCOLUMN('3A6oCeg6j6kedchUmEEJR6',$,$,$,$,#11692,#11682,$,$);
#11672=IFCCARTESIANPOINTLIST2D(((-200.,-200.),(200.,-200.),(200.,200.),(-200.,200.)));
#11673=IFCINDEXEDPOLYCURVE(#11672,(IFCLINEINDEX((1,2,3,4,1))),$);
#11674=IFCARBITRARYCLOSEDPROFILEDEF(.AREA.,'Arbitrary',#11673);
#11675=IFCCARTESIANPOINT((0.,0.,0.));
#11676=IFCDIRECTION((0.,0.,1.));
#11677=IFCDIRECTION((1.,0.,0.));
#11678=IFCAXIS2PLACEMENT3D(#11675,#11676,#11677);
#11679=IFCDIRECTION((0.,0.,1.));
#11680=IFCEXTRUDEDAREASOLID(#11674,#11678,#11679,3000.);
#11681=IFCSHAPEREPRESENTATION(#11,'Body','SweptSolid',(#11680));
#11682=IFCPRODUCTDEFINITIONSHAPE($,$,(#11681));
#11688=IFCCARTESIANPOINT((6000.,18000.,18000.));
#11689=IFCDIRECTION((0.,0.,1.));
#11690=IFCDIRECTION((1.,0.,0.));
#11691=IFCAXIS2PLACEMENT3D(#11688,#11689,#11690);
#11692=IFCLOCALPLACEMENT($,#11691);
#11693=IFCPROPERTYSET('0ETndYSDz0teJCE5mxLiX4',$,'Other',$,(#11695,#11696,#11697));
#11694=IFCRELDEFINESBYPROPERTIES('30FdAyPSfA59UjYgIrM$FA',$,$,$,(#11671),#11693);
#11695=IFCPROPERTYSINGLEVALUE('Ax',$,IFCLABEL('0.001'),$);
#11696=IFCPROPERTYSINGLEVALUE('Ay',$,IFCLABEL('0.001'),$);
#11697=IFCPROPERTYSINGLEVALUE('Section',$,IFCLABEL('Rect'),$);
#11698=IFCCOLUMN('2vLRJz_U18GuAhhc01$MoG',$,$,$,$,#11719,#11709,$,$);
#11699=IFCCARTESIANPOINTLIST2D(((-200.,-200.),(200.,-200.),(200.,200.),(-200.,200.)));
#11700=IFCINDEXEDPOLYCURVE(#11699,(IFCLINEINDEX((1,2,3,4,1))),$);
#11701=IFCARBITRARYCLOSEDPROFILEDEF(.AREA.,'Arbitrary',#11700);
#11702=IFCCARTESIANPOINT((0.,0.,0.));
#11703=IFCDIRECTION((0.,0.,1.));
#11704=IFCDIRECTION((1.,0.,0.));
#11705=IFCAXIS2PLACEMENT3D(#11702,#11703,#11704);
#11706=IFCDIRECTION((0.,0.,1.));
#11707=IFCEXTRUDEDAREASOLID(#11701,#11705,#11706,3000.);
#11708=IFCSHAPEREPRESENTATION(#11,'Body','SweptSolid',(#11707));
#11709=IFCPRODUCTDEFINITIONSHAPE($,$,(#11708));
#11715=IFCCARTESIANPOINT((12000.,12000.,18000.));
#11716=IFCDIRECTION((0.,0.,1.));
#11717=IFCDIRECTION((1.,0.,0.));
#11718=IFCAXIS2PLACEMENT3D(#11715,#11716,#11717);
#11719=IFCLOCALPLACEMENT($,#11718);
#11720=IFCPROPERTYSET('2XhPQ8tkz9ax8FctoEkt4B',$,'Other',$,(#11722,#11723,#11724));
#11721=IFCRELDEFINESBYPROPERTIES('3F1k3EJDf0cutfuM2lZVNZ',$,$,$,(#11698),#11720);
#11722=IFCPROPERTYSINGLEVALUE('Ax',$,IFCLABEL('0.001'),$);
#11723=IFCPROPERTYSINGLEVALUE('Ay',$,IFCLABEL('0.001'),$);
#11724=IFCPROPERTYSINGLEVALUE('Section',$,IFCLABEL('Rect'),$);
#11725=IFCCOLUMN('042Rg3BGn0LQ7Cdwd1CHwp',$,$,$,$,#11746,#11736,$,$);
#11726=IFCCARTESIANPOINTLIST2D(((-200.,-200.),(200.,-200.),(200.,200.),(-200.,200.)));
#11727=IFCINDEXEDPOLYCURVE(#11726,(IFCLINEINDEX((1,2,3,4,1))),$);
#11728=IFCARBITRARYCLOSEDPROFILEDEF(.AREA.,'Arbitrary',#11727);
#11729=IFCCARTESIANPOINT((0.,0.,0.));
#11730=IFCDIRECTION((0.,0.,1.));
#11731=IFCDIRECTION((1.,0.,0.));
#11732=IFCAXIS2PLACEMENT3D(#11729,#11730,#11731);
#11733=IFCDIRECTION((0.,0.,1.));
#11734=IFCEXTRUDEDAREASOLID(#11728,#11732,#11733,3000.);
#11735=IFCSHAPEREPRESENTATION(#11,'Body','SweptSolid',(#11734));
#11736=IFCPRODUCTDEFINITIONSHAPE($,$,(#11735));
#11742=IFCCARTESIANPOINT((12000.,18000.,18000.));
#11743=IFCDIRECTION((0.,0.,1.));
#11744=IFCDIRECTION((1.,0.,0.));
#11745=IFCAXIS2PLACEMENT3D(#11742,#11743,#11744);
#11746=IFCLOCALPLACEMENT($,#11745);
#11747=IFCPROPERTYSET('3z56Ca36P2neRAOo98jbfW',$,'Other',$,(#11749,#11750,#11751));
#11748=IFCRELDEFINESBYPROPERTIES('3FHF9PMSfBHBdHydB21MXC',$,$,$,(#11725),#11747);
#11749=IFCPROPERTYSINGLEVALUE('Ax',$,IFCLABEL('0.001'),$);
#11750=IFCPROPERTYSINGLEVALUE('Ay',$,IFCLABEL('0.001'),$);
#11751=IFCPROPERTYSINGLEVALUE('Section',$,IFCLABEL('Rect'),$);
#11752=IFCCOLUMN('2HM54oTgjF8RawgXrpP$ai',$,$,$,$,#11773,#11763,$,$);
#11753=IFCCARTESIANPOINTLIST2D(((-200.,-200.),(200.,-200.),(200.,200.),(-200.,200.)));
#11754=IFCINDEXEDPOLYCURVE(#11753,(IFCLINEINDEX((1,2,3,4,1))),$);
#11755=IFCARBITRARYCLOSEDPROFILEDEF(.AREA.,'Arbitrary',#11754);
#11756=IFCCARTESIANPOINT((0.,0.,0.));
#11757=IFCDIRECTION((0.,0.,1.));
#11758=IFCDIRECTION((1.,0.,0.));
#11759=IFCAXIS2PLACEMENT3D(#11756,#11757,#11758);
#11760=IFCDIRECTION((0.,0.,1.));
#11761=IFCEXTRUDEDAREASOLID(#11755,#11759,#11760,3000.);
#11762=IFCSHAPEREPRESENTATION(#11,'Body','SweptSolid',(#11761));
#11763=IFCPRODUCTDEFINITIONSHAPE($,$,(#11762));
#11769=IFCCARTESIANPOINT((18000.,12000.,18000.));
#11770=IFCDIRECTION((0.,0.,1.));
#11771=IFCDIRECTION((1.,0.,0.));
#11772=IFCAXIS2PLACEMENT3D(#11769,#11770,#11771);
#11773=IFCLOCALPLACEMENT($,#11772);
#11774=IFCPROPERTYSET('0NtK$sYKX27hTd3jpnOJ8E',$,'Other',$,(#11776,#11777,#11778));
#11775=IFCRELDEFINESBYPROPERTIES('0NtaMM$zb7dfvr68FgOiAa',$,$,$,(#11752),#11774);
#11776=IFCPROPERTYSINGLEVALUE('Ax',$,IFCLABEL('0.001'),$);
#11777=IFCPROPERTYSINGLEVALUE('Ay',$,IFCLABEL('0.001'),$);
#11778=IFCPROPERTYSINGLEVALUE('Section',$,IFCLABEL('Rect'),$);
#11779=IFCCOLUMN('0C1Fhl77b94ey4yK6MILuP',$,$,$,$,#11800,#11790,$,$);
#11780=IFCCARTESIANPOINTLIST2D(((-200.,-200.),(200.,-200.),(200.,200.),(-200.,200.)));
#11781=IFCINDEXEDPOLYCURVE(#11780,(IFCLINEINDEX((1,2,3,4,1))),$);
#11782=IFCARBITRARYCLOSEDPROFILEDEF(.AREA.,'Arbitrary',#11781);
#11783=IFCCARTESIANPOINT((0.,0.,0.));
#11784=IFCDIRECTION((0.,0.,1.));
#11785=IFCDIRECTION((1.,0.,0.));
#11786=IFCAXIS2PLACEMENT3D(#11783,#11784,#11785);
#11787=IFCDIRECTION((0.,0.,1.));
#11788=IFCEXTRUDEDAREASOLID(#11782,#11786,#11787,3000.);
#11789=IFCSHAPEREPRESENTATION(#11,'Body','SweptSolid',(#11788));
#11790=IFCPRODUCTDEFINITIONSHAPE($,$,(#11789));
#11796=IFCCARTESIANPOINT((18000.,18000.,18000.));
#11797=IFCDIRECTION((0.,0.,1.));
#11798=IFCDIRECTION((1.,0.,0.));
#11799=IFCAXIS2PLACEMENT3D(#11796,#11797,#11798);
#11800=IFCLOCALPLACEMENT($,#11799);
#11801=IFCPROPERTYSET('17OjjrJwP1vA$qsVw_KBQl',$,'Other',$,(#11803,#11804,#11805));
#11802=IFCRELDEFINESBYPROPERTIES('2LzTzXNyzF8ggxs7HEueM6',$,$,$,(#11779),#11801);
#11803=IFCPROPERTYSINGLEVALUE('Ax',$,IFCLABEL('0.001'),$);
#11804=IFCPROPERTYSINGLEVALUE('Ay',$,IFCLABEL('0.001'),$);
#11805=IFCPROPERTYSINGLEVALUE('Section',$,IFCLABEL('Rect'),$);
#11806=IFCCOLUMN('1OCXcYbhDBGukj6l0sKrt2',$,$,$,$,#11827,#11817,$,$);
#11807=IFCCARTESIANPOINTLIST2D(((-200.,-200.),(200.,-200.),(200.,200.),(-200.,200.)));
#11808=IFCINDEXEDPOLYCURVE(#11807,(IFCLINEINDEX((1,2,3,4,1))),$);
#11809=IFCARBITRARYCLOSEDPROFILEDEF(.AREA.,'Arbitrary',#11808);
#11810=IFCCARTESIANPOINT((0.,0.,0.));
#11811=IFCDIRECTION((0.,0.,1.));
#11812=IFCDIRECTION((1.,0.,0.));
#11813=IFCAXIS2PLACEMENT3D(#11810,#11811,#11812);
#11814=IFCDIRECTION((0.,0.,1.));
#11815=IFCEXTRUDEDAREASOLID(#11809,#11813,#11814,3000.);
#11816=IFCSHAPEREPRESENTATION(#11,'Body','SweptSolid',(#11815));
#11817=IFCPRODUCTDEFINITIONSHAPE($,$,(#11816));
#11823=IFCCARTESIANPOINT((24000.,18000.,18000.));
#11824=IFCDIRECTION((0.,0.,1.));
#11825=IFCDIRECTION((1.,0.,0.));
#11826=IFCAXIS2PLACEMENT3D(#11823,#11824,#11825);
#11827=IFCLOCALPLACEMENT($,#11826);
#11828=IFCPROPERTYSET('3e4xF583XD$8bhYxxNKYmm',$,'Other',$,(#11830,#11831,#11832));
#11829=IFCRELDEFINESBYPROPERTIES('3G1pznnDH5b9xE5mihkHUq',$,$,$,(#11806),#11828);
#11830=IFCPROPERTYSINGLEVALUE('Ax',$,IFCLABEL('0.001'),$);
#11831=IFCPROPERTYSINGLEVALUE('Ay',$,IFCLABEL('0.001'),$);
#11832=IFCPROPERTYSINGLEVALUE('Section',$,IFCLABEL('Rect'),$);
#11833=IFCCOLUMN('2TPXrpSv9FURwbEYLOrN4C',$,$,$,$,#11854,#11844,$,$);
#11834=IFCCARTESIANPOINTLIST2D(((-200.,-200.),(200.,-200.),(200.,200.),(-200.,200.)));
#11835=IFCINDEXEDPOLYCURVE(#11834,(IFCLINEINDEX((1,2,3,4,1))),$);
#11836=IFCARBITRARYCLOSEDPROFILEDEF(.AREA.,'Arbitrary',#11835);
#11837=IFCCARTESIANPOINT((0.,0.,0.));
#11838=IFCDIRECTION((0.,0.,1.));
#11839=IFCDIRECTION((1.,0.,0.));
#11840=IFCAXIS2PLACEMENT3D(#11837,#11838,#11839);
#11841=IFCDIRECTION((0.,0.,1.));
#11842=IFCEXTRUDEDAREASOLID(#11836,#11840,#11841,3000.);
#11843=IFCSHAPEREPRESENTATION(#11,'Body','SweptSolid',(#11842));
#11844=IFCPRODUCTDEFINITIONSHAPE($,$,(#11843));
#11850=IFCCARTESIANPOINT((30000.,18000.,18000.));
#11851=IFCDIRECTION((0.,0.,1.));
#11852=IFCDIRECTION((1.,0.,0.));
#11853=IFCAXIS2PLACEMENT3D(#11850,#11851,#11852);
#11854=IFCLOCALPLACEMENT($,#11853);
#11855=IFCPROPERTYSET('3nOfdS39DDMhKnPNqMDwQq',$,'Other',$,(#11857,#11858,#11859));
#11856=IFCRELDEFINESBYPROPERTIES('3I1h1r6bLAWObOxp8D_CNy',$,$,$,(#11833),#11855);
#11857=IFCPROPERTYSINGLEVALUE('Ax',$,IFCLABEL('0.001'),$);
#11858=IFCPROPERTYSINGLEVALUE('Ay',$,IFCLABEL('0.001'),$);
#11859=IFCPROPERTYSINGLEVALUE('Section',$,IFCLABEL('Rect'),$);
#11860=IFCCOLUMN('39icjR0_92NhhuPEe9ewUQ',$,$,$,$,#11881,#11871,$,$);
#11861=IFCCARTESIANPOINTLIST2D(((-200.,-200.),(200.,-200.),(200.,200.),(-200.,200.)));
#11862=IFCINDEXEDPOLYCURVE(#11861,(IFCLINEINDEX((1,2,3,4,1))),$);
#11863=IFCARBITRARYCLOSEDPROFILEDEF(.AREA.,'Arbitrary',#11862);
#11864=IFCCARTESIANPOINT((0.,0.,0.));
#11865=IFCDIRECTION((0.,0.,1.));
#11866=IFCDIRECTION((1.,0.,0.));
#11867=IFCAXIS2PLACEMENT3D(#11864,#11865,#11866);
#11868=IFCDIRECTION((0.,0.,1.));
#11869=IFCEXTRUDEDAREASOLID(#11863,#11867,#11868,3000.);
#11870=IFCSHAPEREPRESENTATION(#11,'Body','SweptSolid',(#11869));
#11871=IFCPRODUCTDEFINITIONSHAPE($,$,(#11870));
#11877=IFCCARTESIANPOINT((18000.,0.,18000.));
#11878=IFCDIRECTION((0.,0.,1.));
#11879=IFCDIRECTION((1.,0.,0.));
#11880=IFCAXIS2PLACEMENT3D(#11877,#11878,#11879);
#11881=IFCLOCALPLACEMENT($,#11880);
#11882=IFCPROPERTYSET('0igcBAIAT7Y8goN1qIhFvy',$,'Other',$,(#11884,#11885,#11886));
#11883=IFCRELDEFINESBYPROPERTIES('0gQkfEB1PDiQZNwtoBzXvz',$,$,$,(#11860),#11882);
#11884=IFCPROPERTYSINGLEVALUE('Ax',$,IFCLABEL('0.001'),$);
#11885=IFCPROPERTYSINGLEVALUE('Ay',$,IFCLABEL('0.001'),$);
#11886=IFCPROPERTYSINGLEVALUE('Section',$,IFCLABEL('Rect'),$);
#11887=IFCCOLUMN('3aBX50D79CVf3hBh20HSl9',$,$,$,$,#11908,#11898,$,$);
#11888=IFCCARTESIANPOINTLIST2D(((-200.,-200.),(200.,-200.),(200.,200.),(-200.,200.)));
#11889=IFCINDEXEDPOLYCURVE(#11888,(IFCLINEINDEX((1,2,3,4,1))),$);
#11890=IFCARBITRARYCLOSEDPROFILEDEF(.AREA.,'Arbitrary',#11889);
#11891=IFCCARTESIANPOINT((0.,0.,0.));
#11892=IFCDIRECTION((0.,0.,1.));
#11893=IFCDIRECTION((1.,0.,0.));
#11894=IFCAXIS2PLACEMENT3D(#11891,#11892,#11893);
#11895=IFCDIRECTION((0.,0.,1.));
#11896=IFCEXTRUDEDAREASOLID(#11890,#11894,#11895,3000.);
#11897=IFCSHAPEREPRESENTATION(#11,'Body','SweptSolid',(#11896));
#11898=IFCPRODUCTDEFINITIONSHAPE($,$,(#11897));
#11904=IFCCARTESIANPOINT((18000.,6000.,18000.));
#11905=IFCDIRECTION((0.,0.,1.));
#11906=IFCDIRECTION((1.,0.,0.));
#11907=IFCAXIS2PLACEMENT3D(#11904,#11905,#11906);
#11908=IFCLOCALPLACEMENT($,#11907);
#11909=IFCPROPERTYSET('1YDyRgayb2yw_65BMnkmb6',$,'Other',$,(#11911,#11912,#11913));
#11910=IFCRELDEFINESBYPROPERTIES('2CYB4wnKDBu8j6rmT0y3n1',$,$,$,(#11887),#11909);
#11911=IFCPROPERTYSINGLEVALUE('Ax',$,IFCLABEL('0.001'),$);
#11912=IFCPROPERTYSINGLEVALUE('Ay',$,IFCLABEL('0.001'),$);
#11913=IFCPROPERTYSINGLEVALUE('Section',$,IFCLABEL('Rect'),$);
#11914=IFCCOLUMN('3ONBd$vvr0O9SklaXX8lHZ',$,$,$,$,#11935,#11925,$,$);
#11915=IFCCARTESIANPOINTLIST2D(((-200.,-200.),(200.,-200.),(200.,200.),(-200.,200.)));
#11916=IFCINDEXEDPOLYCURVE(#11915,(IFCLINEINDEX((1,2,3,4,1))),$);
#11917=IFCARBITRARYCLOSEDPROFILEDEF(.AREA.,'Arbitrary',#11916);
#11918=IFCCARTESIANPOINT((0.,0.,0.));
#11919=IFCDIRECTION((0.,0.,1.));
#11920=IFCDIRECTION((1.,0.,0.));
#11921=IFCAXIS2PLACEMENT3D(#11918,#11919,#11920);
#11922=IFCDIRECTION((0.,0.,1.));
#11923=IFCEXTRUDEDAREASOLID(#11917,#11921,#11922,3000.);
#11924=IFCSHAPEREPRESENTATION(#11,'Body','SweptSolid',(#11923));
#11925=IFCPRODUCTDEFINITIONSHAPE($,$,(#11924));
#11931=IFCCARTESIANPOINT((24000.,6000.,18000.));
#11932=IFCDIRECTION((0.,0.,1.));
#11933=IFCDIRECTION((1.,0.,0.));
#11934=IFCAXIS2PLACEMENT3D(#11931,#11932,#11933);
#11935=IFCLOCALPLACEMENT($,#11934);
#11936=IFCPROPERTYSET('0l3rrOIUDAuR1y0YLzj5Va',$,'Other',$,(#11938,#11939,#11940));
#11937=IFCRELDEFINESBYPROPERTIES('2drUPDLyXCsRoeumIGRe7S',$,$,$,(#11914),#11936);
#11938=IFCPROPERTYSINGLEVALUE('Ax',$,IFCLABEL('0.001'),$);
#11939=IFCPROPERTYSINGLEVALUE('Ay',$,IFCLABEL('0.001'),$);
#11940=IFCPROPERTYSINGLEVALUE('Section',$,IFCLABEL('Rect'),$);
#11941=IFCCOLUMN('1kSJrvi6v95RCjnpdOnSMB',$,$,$,$,#11962,#11952,$,$);
#11942=IFCCARTESIANPOINTLIST2D(((-200.,-200.),(200.,-200.),(200.,200.),(-200.,200.)));
#11943=IFCINDEXEDPOLYCURVE(#11942,(IFCLINEINDEX((1,2,3,4,1))),$);
#11944=IFCARBITRARYCLOSEDPROFILEDEF(.AREA.,'Arbitrary',#11943);
#11945=IFCCARTESIANPOINT((0.,0.,0.));
#11946=IFCDIRECTION((0.,0.,1.));
#11947=IFCDIRECTION((1.,0.,0.));
#11948=IFCAXIS2PLACEMENT3D(#11945,#11946,#11947);
#11949=IFCDIRECTION((0.,0.,1.));
#11950=IFCEXTRUDEDAREASOLID(#11944,#11948,#11949,3000.);
#11951=IFCSHAPEREPRESENTATION(#11,'Body','SweptSolid',(#11950));
#11952=IFCPRODUCTDEFINITIONSHAPE($,$,(#11951));
#11958=IFCCARTESIANPOINT((12000.,0.,18000.));
#11959=IFCDIRECTION((0.,0.,1.));
#11960=IFCDIRECTION((1.,0.,0.));
#11961=IFCAXIS2PLACEMENT3D(#11958,#11959,#11960);
#11962=IFCLOCALPLACEMENT($,#11961);
#11963=IFCPROPERTYSET('0I6dEKiJX3LwbX2DrwyxZH',$,'Other',$,(#11965,#11966,#11967));
#11964=IFCRELDEFINESBYPROPERTIES('0imiepaCjAMgGRTJ4psBiG',$,$,$,(#11941),#11963);
#11965=IFCPROPERTYSINGLEVALUE('Ax',$,IFCLABEL('0.001'),$);
#11966=IFCPROPERTYSINGLEVALUE('Ay',$,IFCLABEL('0.001'),$);
#11967=IFCPROPERTYSINGLEVALUE('Section',$,IFCLABEL('Rect'),$);
#11968=IFCCOLUMN('1yO7KqKX9CHhpN$Qhc_9S0',$,$,$,$,#11989,#11979,$,$);
#11969=IFCCARTESIANPOINTLIST2D(((-200.,-200.),(200.,-200.),(200.,200.),(-200.,200.)));
#11970=IFCINDEXEDPOLYCURVE(#11969,(IFCLINEINDEX((1,2,3,4,1))),$);
#11971=IFCARBITRARYCLOSEDPROFILEDEF(.AREA.,'Arbitrary',#11970);
#11972=IFCCARTESIANPOINT((0.,0.,0.));
#11973=IFCDIRECTION((0.,0.,1.));
#11974=IFCDIRECTION((1.,0.,0.));
#11975=IFCAXIS2PLACEMENT3D(#11972,#11973,#11974);
#11976=IFCDIRECTION((0.,0.,1.));
#11977=IFCEXTRUDEDAREASOLID(#11971,#11975,#11976,3000.);
#11978=IFCSHAPEREPRESENTATION(#11,'Body','SweptSolid',(#11977));
#11979=IFCPRODUCTDEFINITIONSHAPE($,$,(#11978));
#11985=IFCCARTESIANPOINT((12000.,6000.,18000.));
#11986=IFCDIRECTION((0.,0.,1.));
#11987=IFCDIRECTION((1.,0.,0.));
#11988=IFCAXIS2PLACEMENT3D(#11985,#11986,#11987);
#11989=IFCLOCALPLACEMENT($,#11988);
#11990=IFCPROPERTYSET('1R0avbOQb63RwBv_FtxEV$',$,'Other',$,(#11992,#11993,#11994));
#11991=IFCRELDEFINESBYPROPERTIES('025IrGhDX6FA3S33Ov7E05',$,$,$,(#11968),#11990);
#11992=IFCPROPERTYSINGLEVALUE('Ax',$,IFCLABEL('0.001'),$);
#11993=IFCPROPERTYSINGLEVALUE('Ay',$,IFCLABEL('0.001'),$);
#11994=IFCPROPERTYSINGLEVALUE('Section',$,IFCLABEL('Rect'),$);
#11995=IFCCOLUMN('0OMjD4Bj9D9ftn34nASyQM',$,$,$,$,#12016,#12006,$,$);
#11996=IFCCARTESIANPOINTLIST2D(((-200.,-200.),(200.,-200.),(200.,200.),(-200.,200.)));
#11997=IFCINDEXEDPOLYCURVE(#11996,(IFCLINEINDEX((1,2,3,4,1))),$);
#11998=IFCARBITRARYCLOSEDPROFILEDEF(.AREA.,'Arbitrary',#11997);
#11999=IFCCARTESIANPOINT((0.,0.,0.));
#12000=IFCDIRECTION((0.,0.,1.));
#12001=IFCDIRECTION((1.,0.,0.));
#12002=IFCAXIS2PLACEMENT3D(#11999,#12000,#12001);
#12003=IFCDIRECTION((0.,0.,1.));
#12004=IFCEXTRUDEDAREASOLID(#11998,#12002,#12003,3000.);
#12005=IFCSHAPEREPRESENTATION(#11,'Body','SweptSolid',(#12004));
#12006=IFCPRODUCTDEFINITIONSHAPE($,$,(#12005));
#12012=IFCCARTESIANPOINT((0.,12000.,15000.));
#12013=IFCDIRECTION((0.,0.,1.));
#12014=IFCDIRECTION((1.,0.,0.));
#12015=IFCAXIS2PLACEMENT3D(#12012,#12013,#12014);
#12016=IFCLOCALPLACEMENT($,#12015);
#12017=IFCPROPERTYSET('3l_nRBuCT54xB5TYPgUatW',$,'Other',$,(#12019,#12020,#12021));
#12018=IFCRELDEFINESBYPROPERTIES('3nimPZ3NT1pf6LT6ect17e',$,$,$,(#11995),#12017);
#12019=IFCPROPERTYSINGLEVALUE('Ax',$,IFCLABEL('0.001'),$);
#12020=IFCPROPERTYSINGLEVALUE('Ay',$,IFCLABEL('0.001'),$);
#12021=IFCPROPERTYSINGLEVALUE('Section',$,IFCLABEL('Rect'),$);
#12022=IFCCOLUMN('0B$GW49WTFnQyPw50KYB5V',$,$,$,$,#12043,#12033,$,$);
#12023=IFCCARTESIANPOINTLIST2D(((-200.,-200.),(200.,-200.),(200.,200.),(-200.,200.)));
#12024=IFCINDEXEDPOLYCURVE(#12023,(IFCLINEINDEX((1,2,3,4,1))),$);
#12025=IFCARBITRARYCLOSEDPROFILEDEF(.AREA.,'Arbitrary',#12024);
#12026=IFCCARTESIANPOINT((0.,0.,0.));
#12027=IFCDIRECTION((0.,0.,1.));
#12028=IFCDIRECTION((1.,0.,0.));
#12029=IFCAXIS2PLACEMENT3D(#12026,#12027,#12028);
#12030=IFCDIRECTION((0.,0.,1.));
#12031=IFCEXTRUDEDAREASOLID(#12025,#12029,#12030,3000.);
#12032=IFCSHAPEREPRESENTATION(#11,'Body','SweptSolid',(#12031));
#12033=IFCPRODUCTDEFINITIONSHAPE($,$,(#12032));
#12039=IFCCARTESIANPOINT((0.,18000.,15000.));
#12040=IFCDIRECTION((0.,0.,1.));
#12041=IFCDIRECTION((1.,0.,0.));
#12042=IFCAXIS2PLACEMENT3D(#12039,#12040,#12041);
#12043=IFCLOCALPLACEMENT($,#12042);
#12044=IFCPROPERTYSET('3QETQGKT12hR3oPit2afMo',$,'Other',$,(#12046,#12047,#12048));
#12045=IFCRELDEFINESBYPROPERTIES('1UFbISS1LEWgG0Gtbx4a3b',$,$,$,(#12022),#12044);
#12046=IFCPROPERTYSINGLEVALUE('Ax',$,IFCLABEL('0.001'),$);
#12047=IFCPROPERTYSINGLEVALUE('Ay',$,IFCLABEL('0.001'),$);
#12048=IFCPROPERTYSINGLEVALUE('Section',$,IFCLABEL('Rect'),$);
#12049=IFCCOLUMN('0$HSzBKuT9FhebT3WYZM1e',$,$,$,$,#12070,#12060,$,$);
#12050=IFCCARTESIANPOINTLIST2D(((-200.,-200.),(200.,-200.),(200.,200.),(-200.,200.)));
#12051=IFCINDEXEDPOLYCURVE(#12050,(IFCLINEINDEX((1,2,3,4,1))),$);
#12052=IFCARBITRARYCLOSEDPROFILEDEF(.AREA.,'Arbitrary',#12051);
#12053=IFCCARTESIANPOINT((0.,0.,0.));
#12054=IFCDIRECTION((0.,0.,1.));
#12055=IFCDIRECTION((1.,0.,0.));
#12056=IFCAXIS2PLACEMENT3D(#12053,#12054,#12055);
#12057=IFCDIRECTION((0.,0.,1.));
#12058=IFCEXTRUDEDAREASOLID(#12052,#12056,#12057,3000.);
#12059=IFCSHAPEREPRESENTATION(#11,'Body','SweptSolid',(#12058));
#12060=IFCPRODUCTDEFINITIONSHAPE($,$,(#12059));
#12066=IFCCARTESIANPOINT((6000.,12000.,15000.));
#12067=IFCDIRECTION((0.,0.,1.));
#12068=IFCDIRECTION((1.,0.,0.));
#12069=IFCAXIS2PLACEMENT3D(#12066,#12067,#12068);
#12070=IFCLOCALPLACEMENT($,#12069);
#12071=IFCPROPERTYSET('235_Htdhf0PvckDvP9LstV',$,'Other',$,(#12073,#12074,#12075));
#12072=IFCRELDEFINESBYPROPERTIES('1Ob39R3xb6HgrBeuY4Xyl5',$,$,$,(#12049),#12071);
#12073=IFCPROPERTYSINGLEVALUE('Ax',$,IFCLABEL('0.001'),$);
#12074=IFCPROPERTYSINGLEVALUE('Ay',$,IFCLABEL('0.001'),$);
#12075=IFCPROPERTYSINGLEVALUE('Section',$,IFCLABEL('Rect'),$);
#12076=IFCCOLUMN('34d6g_s0b1a9VDuD9bqmH_',$,$,$,$,#12097,#12087,$,$);
#12077=IFCCARTESIANPOINTLIST2D(((-200.,-200.),(200.,-200.),(200.,200.),(-200.,200.)));
#12078=IFCINDEXEDPOLYCURVE(#12077,(IFCLINEINDEX((1,2,3,4,1))),$);
#12079=IFCARBITRARYCLOSEDPROFILEDEF(.AREA.,'Arbitrary',#12078);
#12080=IFCCARTESIANPOINT((0.,0.,0.));
#12081=IFCDIRECTION((0.,0.,1.));
#12082=IFCDIRECTION((1.,0.,0.));
#12083=IFCAXIS2PLACEMENT3D(#12080,#12081,#12082);
#12084=IFCDIRECTION((0.,0.,1.));
#12085=IFCEXTRUDEDAREASOLID(#12079,#12083,#12084,3000.);
#12086=IFCSHAPEREPRESENTATION(#11,'Body','SweptSolid',(#12085));
#12087=IFCPRODUCTDEFINITIONSHAPE($,$,(#12086));
#12093=IFCCARTESIANPOINT((6000.,18000.,15000.));
#12094=IFCDIRECTION((0.,0.,1.));
#12095=IFCDIRECTION((1.,0.,0.));
#12096=IFCAXIS2PLACEMENT3D(#12093,#12094,#12095);
#12097=IFCLOCALPLACEMENT($,#12096);
#12098=IFCPROPERTYSET('0EalVOpUXBJvHe0QFCOe_H',$,'Other',$,(#12100,#12101,#12102));
#12099=IFCRELDEFINESBYPROPERTIES('2a8jrjRI15qfaaq8Kmahcm',$,$,$,(#12076),#12098);
#12100=IFCPROPERTYSINGLEVALUE('Ax',$,IFCLABEL('0.001'),$);
#12101=IFCPROPERTYSINGLEVALUE('Ay',$,IFCLABEL('0.001'),$);
#12102=IFCPROPERTYSINGLEVALUE('Section',$,IFCLABEL('Rect'),$);
#12103=IFCCOLUMN('02ZnIdDZzEghlz$$hee1U0',$,$,$,$,#12124,#12114,$,$);
#12104=IFCCARTESIANPOINTLIST2D(((-200.,-200.),(200.,-200.),(200.,200.),(-200.,200.)));
#12105=IFCINDEXEDPOLYCURVE(#12104,(IFCLINEINDEX((1,2,3,4,1))),$);
#12106=IFCARBITRARYCLOSEDPROFILEDEF(.AREA.,'Arbitrary',#12105);
#12107=IFCCARTESIANPOINT((0.,0.,0.));
#12108=IFCDIRECTION((0.,0.,1.));
#12109=IFCDIRECTION((1.,0.,0.));
#12110=IFCAXIS2PLACEMENT3D(#12107,#12108,#12109);
#12111=IFCDIRECTION((0.,0.,1.));
#12112=IFCEXTRUDEDAREASOLID(#12106,#12110,#12111,3000.);
#12113=IFCSHAPEREPRESENTATION(#11,'Body','SweptSolid',(#12112));
#12114=IFCPRODUCTDEFINITIONSHAPE($,$,(#12113));
#12120=IFCCARTESIANPOINT((12000.,12000.,15000.));
#12121=IFCDIRECTION((0.,0.,1.));
#12122=IFCDIRECTION((1.,0.,0.));
#12123=IFCAXIS2PLACEMENT3D(#12120,#12121,#12122);
#12124=IFCLOCALPLACEMENT($,#12123);
#12125=IFCPROPERTYSET('0UpZIG76v5VwrnBnEw6Nhm',$,'Other',$,(#12127,#12128,#12129));
#12126=IFCRELDEFINESBYPROPERTIES('2ED4fkxYb45wFn38UYc9kr',$,$,$,(#12103),#12125);
#12127=IFCPROPERTYSINGLEVALUE('Ax',$,IFCLABEL('0.001'),$);
#12128=IFCPROPERTYSINGLEVALUE('Ay',$,IFCLABEL('0.001'),$);
#12129=IFCPROPERTYSINGLEVALUE('Section',$,IFCLABEL('Rect'),$);
#12130=IFCCOLUMN('3vszSGEn95rvlGVhha5p2g',$,$,$,$,#12151,#12141,$,$);
#12131=IFCCARTESIANPOINTLIST2D(((-200.,-200.),(200.,-200.),(200.,200.),(-200.,200.)));
#12132=IFCINDEXEDPOLYCURVE(#12131,(IFCLINEINDEX((1,2,3,4,1))),$);
#12133=IFCARBITRARYCLOSEDPROFILEDEF(.AREA.,'Arbitrary',#12132);
#12134=IFCCARTESIANPOINT((0.,0.,0.));
#12135=IFCDIRECTION((0.,0.,1.));
#12136=IFCDIRECTION((1.,0.,0.));
#12137=IFCAXIS2PLACEMENT3D(#12134,#12135,#12136);
#12138=IFCDIRECTION((0.,0.,1.));
#12139=IFCEXTRUDEDAREASOLID(#12133,#12137,#12138,3000.);
#12140=IFCSHAPEREPRESENTATION(#11,'Body','SweptSolid',(#12139));
#12141=IFCPRODUCTDEFINITIONSHAPE($,$,(#12140));
#12147=IFCCARTESIANPOINT((12000.,18000.,15000.));
#12148=IFCDIRECTION((0.,0.,1.));
#12149=IFCDIRECTION((1.,0.,0.));
#12150=IFCAXIS2PLACEMENT3D(#12147,#12148,#12149);
#12151=IFCLOCALPLACEMENT($,#12150);
#12152=IFCPROPERTYSET('3GQVMxGQbEHPtjrzQ_eay3',$,'Other',$,(#12154,#12155,#12156));
#12153=IFCRELDEFINESBYPROPERTIES('0Sd9eC2Vb8sRyDjdJYLQCp',$,$,$,(#12130),#12152);
#12154=IFCPROPERTYSINGLEVALUE('Ax',$,IFCLABEL('0.001'),$);
#12155=IFCPROPERTYSINGLEVALUE('Ay',$,IFCLABEL('0.001'),$);
#12156=IFCPROPERTYSINGLEVALUE('Section',$,IFCLABEL('Rect'),$);
#12157=IFCCOLUMN('0ceQyFRj963Rx8MkPNZgTv',$,$,$,$,#12178,#12168,$,$);
#12158=IFCCARTESIANPOINTLIST2D(((-200.,-200.),(200.,-200.),(200.,200.),(-200.,200.)));
#12159=IFCINDEXEDPOLYCURVE(#12158,(IFCLINEINDEX((1,2,3,4,1))),$);
#12160=IFCARBITRARYCLOSEDPROFILEDEF(.AREA.,'Arbitrary',#12159);
#12161=IFCCARTESIANPOINT((0.,0.,0.));
#12162=IFCDIRECTION((0.,0.,1.));
#12163=IFCDIRECTION((1.,0.,0.));
#12164=IFCAXIS2PLACEMENT3D(#12161,#12162,#12163);
#12165=IFCDIRECTION((0.,0.,1.));
#12166=IFCEXTRUDEDAREASOLID(#12160,#12164,#12165,3000.);
#12167=IFCSHAPEREPRESENTATION(#11,'Body','SweptSolid',(#12166));
#12168=IFCPRODUCTDEFINITIONSHAPE($,$,(#12167));
#12174=IFCCARTESIANPOINT((18000.,12000.,15000.));
#12175=IFCDIRECTION((0.,0.,1.));
#12176=IFCDIRECTION((1.,0.,0.));
#12177=IFCAXIS2PLACEMENT3D(#12174,#12175,#12176);
#12178=IFCLOCALPLACEMENT($,#12177);
#12179=IFCPROPERTYSET('0QZMEcIpTEEgc9dbdXFBeJ',$,'Other',$,(#12181,#12182,#12183));
#12180=IFCRELDEFINESBYPROPERTIES('0sBrA4HJDBEvHrd9hDC_iz',$,$,$,(#12157),#12179);
#12181=IFCPROPERTYSINGLEVALUE('Ax',$,IFCLABEL('0.001'),$);
#12182=IFCPROPERTYSINGLEVALUE('Ay',$,IFCLABEL('0.001'),$);
#12183=IFCPROPERTYSINGLEVALUE('Section',$,IFCLABEL('Rect'),$);
#12184=IFCCOLUMN('2JBcUTzvvDRg5UbtQZ9k09',$,$,$,$,#12205,#12195,$,$);
#12185=IFCCARTESIANPOINTLIST2D(((-200.,-200.),(200.,-200.),(200.,200.),(-200.,200.)));
#12186=IFCINDEXEDPOLYCURVE(#12185,(IFCLINEINDEX((1,2,3,4,1))),$);
#12187=IFCARBITRARYCLOSEDPROFILEDEF(.AREA.,'Arbitrary',#12186);
#12188=IFCCARTESIANPOINT((0.,0.,0.));
#12189=IFCDIRECTION((0.,0.,1.));
#12190=IFCDIRECTION((1.,0.,0.));
#12191=IFCAXIS2PLACEMENT3D(#12188,#12189,#12190);
#12192=IFCDIRECTION((0.,0.,1.));
#12193=IFCEXTRUDEDAREASOLID(#12187,#12191,#12192,3000.);
#12194=IFCSHAPEREPRESENTATION(#11,'Body','SweptSolid',(#12193));
#12195=IFCPRODUCTDEFINITIONSHAPE($,$,(#12194));
#12201=IFCCARTESIANPOINT((18000.,18000.,15000.));
#12202=IFCDIRECTION((0.,0.,1.));
#12203=IFCDIRECTION((1.,0.,0.));
#12204=IFCAXIS2PLACEMENT3D(#12201,#12202,#12203);
#12205=IFCLOCALPLACEMENT($,#12204);
#12206=IFCPROPERTYSET('0rRu4Ngpj0LePL_fitRnhG',$,'Other',$,(#12208,#12209,#12210));
#12207=IFCRELDEFINESBYPROPERTIES('1KZoUc7BDDeh9rVYHXlx81',$,$,$,(#12184),#12206);
#12208=IFCPROPERTYSINGLEVALUE('Ax',$,IFCLABEL('0.001'),$);
#12209=IFCPROPERTYSINGLEVALUE('Ay',$,IFCLABEL('0.001'),$);
#12210=IFCPROPERTYSINGLEVALUE('Section',$,IFCLABEL('Rect'),$);
#12211=IFCCOLUMN('0vpoFgbtP59e9NW0pYB7Xm',$,$,$,$,#12232,#12222,$,$);
#12212=IFCCARTESIANPOINTLIST2D(((-200.,-200.),(200.,-200.),(200.,200.),(-200.,200.)));
#12213=IFCINDEXEDPOLYCURVE(#12212,(IFCLINEINDEX((1,2,3,4,1))),$);
#12214=IFCARBITRARYCLOSEDPROFILEDEF(.AREA.,'Arbitrary',#12213);
#12215=IFCCARTESIANPOINT((0.,0.,0.));
#12216=IFCDIRECTION((0.,0.,1.));
#12217=IFCDIRECTION((1.,0.,0.));
#12218=IFCAXIS2PLACEMENT3D(#12215,#12216,#12217);
#12219=IFCDIRECTION((0.,0.,1.));
#12220=IFCEXTRUDEDAREASOLID(#12214,#12218,#12219,3000.);
#12221=IFCSHAPEREPRESENTATION(#11,'Body','SweptSolid',(#12220));
#12222=IFCPRODUCTDEFINITIONSHAPE($,$,(#12221));
#12228=IFCCARTESIANPOINT((24000.,18000.,15000.));
#12229=IFCDIRECTION((0.,0.,1.));
#12230=IFCDIRECTION((1.,0.,0.));
#12231=IFCAXIS2PLACEMENT3D(#12228,#12229,#12230);
#12232=IFCLOCALPLACEMENT($,#12231);
#12233=IFCPROPERTYSET('3rvR3u1e519euV3z8kynaD',$,'Other',$,(#12235,#12236,#12237));
#12234=IFCRELDEFINESBYPROPERTIES('3nR10$VSzAHeanqdlGNSq$',$,$,$,(#12211),#12233);
#12235=IFCPROPERTYSINGLEVALUE('Ax',$,IFCLABEL('0.001'),$);
#12236=IFCPROPERTYSINGLEVALUE('Ay',$,IFCLABEL('0.001'),$);
#12237=IFCPROPERTYSINGLEVALUE('Section',$,IFCLABEL('Rect'),$);
#12238=IFCCOLUMN('1KcFDMCDb91uDJ$OtWGn4h',$,$,$,$,#12259,#12249,$,$);
#12239=IFCCARTESIANPOINTLIST2D(((-200.,-200.),(200.,-200.),(200.,200.),(-200.,200.)));
#12240=IFCINDEXEDPOLYCURVE(#12239,(IFCLINEINDEX((1,2,3,4,1))),$);
#12241=IFCARBITRARYCLOSEDPROFILEDEF(.AREA.,'Arbitrary',#12240);
#12242=IFCCARTESIANPOINT((0.,0.,0.));
#12243=IFCDIRECTION((0.,0.,1.));
#12244=IFCDIRECTION((1.,0.,0.));
#12245=IFCAXIS2PLACEMENT3D(#12242,#12243,#12244);
#12246=IFCDIRECTION((0.,0.,1.));
#12247=IFCEXTRUDEDAREASOLID(#12241,#12245,#12246,3000.);
#12248=IFCSHAPEREPRESENTATION(#11,'Body','SweptSolid',(#12247));
#12249=IFCPRODUCTDEFINITIONSHAPE($,$,(#12248));
#12255=IFCCARTESIANPOINT((30000.,18000.,15000.));
#12256=IFCDIRECTION((0.,0.,1.));
#12257=IFCDIRECTION((1.,0.,0.));
#12258=IFCAXIS2PLACEMENT3D(#12255,#12256,#12257);
#12259=IFCLOCALPLACEMENT($,#12258);
#12260=IFCPROPERTYSET('2Kf_aNyODFCQP1LHy4AXjS',$,'Other',$,(#12262,#12263,#12264));
#12261=IFCRELDEFINESBYPROPERTIES('2YM4Pf4H9BIPJHEBxIJzYB',$,$,$,(#12238),#12260);
#12262=IFCPROPERTYSINGLEVALUE('Ax',$,IFCLABEL('0.001'),$);
#12263=IFCPROPERTYSINGLEVALUE('Ay',$,IFCLABEL('0.001'),$);
#12264=IFCPROPERTYSINGLEVALUE('Section',$,IFCLABEL('Rect'),$);
#12265=IFCCOLUMN('2$o1cwjgvBcvhs9PNN5RAJ',$,$,$,$,#12286,#12276,$,$);
#12266=IFCCARTESIANPOINTLIST2D(((-200.,-200.),(200.,-200.),(200.,200.),(-200.,200.)));
#12267=IFCINDEXEDPOLYCURVE(#12266,(IFCLINEINDEX((1,2,3,4,1))),$);
#12268=IFCARBITRARYCLOSEDPROFILEDEF(.AREA.,'Arbitrary',#12267);
#12269=IFCCARTESIANPOINT((0.,0.,0.));
#12270=IFCDIRECTION((0.,0.,1.));
#12271=IFCDIRECTION((1.,0.,0.));
#12272=IFCAXIS2PLACEMENT3D(#12269,#12270,#12271);
#12273=IFCDIRECTION((0.,0.,1.));
#12274=IFCEXTRUDEDAREASOLID(#12268,#12272,#12273,3000.);
#12275=IFCSHAPEREPRESENTATION(#11,'Body','SweptSolid',(#12274));
#12276=IFCPRODUCTDEFINITIONSHAPE($,$,(#12275));
#12282=IFCCARTESIANPOINT((18000.,0.,15000.));
#12283=IFCDIRECTION((0.,0.,1.));
#12284=IFCDIRECTION((1.,0.,0.));
#12285=IFCAXIS2PLACEMENT3D(#12282,#12283,#12284);
#12286=IFCLOCALPLACEMENT($,#12285);
#12287=IFCPROPERTYSET('1xX2vxZUnEheztx4ldx1nT',$,'Other',$,(#12289,#12290,#12291));
#12288=IFCRELDEFINESBYPROPERTIES('3MzdWoCA5FOxdEWBE1thul',$,$,$,(#12265),#12287);
#12289=IFCPROPERTYSINGLEVALUE('Ax',$,IFCLABEL('0.001'),$);
#12290=IFCPROPERTYSINGLEVALUE('Ay',$,IFCLABEL('0.001'),$);
#12291=IFCPROPERTYSINGLEVALUE('Section',$,IFCLABEL('Rect'),$);
#12292=IFCCOLUMN('0vm8e5N_XECP3mfoR1XYMh',$,$,$,$,#12313,#12303,$,$);
#12293=IFCCARTESIANPOINTLIST2D(((-200.,-200.),(200.,-200.),(200.,200.),(-200.,200.)));
#12294=IFCINDEXEDPOLYCURVE(#12293,(IFCLINEINDEX((1,2,3,4,1))),$);
#12295=IFCARBITRARYCLOSEDPROFILEDEF(.AREA.,'Arbitrary',#12294);
#12296=IFCCARTESIANPOINT((0.,0.,0.));
#12297=IFCDIRECTION((0.,0.,1.));
#12298=IFCDIRECTION((1.,0.,0.));
#12299=IFCAXIS2PLACEMENT3D(#12296,#12297,#12298);
#12300=IFCDIRECTION((0.,0.,1.));
#12301=IFCEXTRUDEDAREASOLID(#12295,#12299,#12300,3000.);
#12302=IFCSHAPEREPRESENTATION(#11,'Body','SweptSolid',(#12301));
#12303=IFCPRODUCTDEFINITIONSHAPE($,$,(#12302));
#12309=IFCCARTESIANPOINT((18000.,6000.,15000.));
#12310=IFCDIRECTION((0.,0.,1.));
#12311=IFCDIRECTION((1.,0.,0.));
#12312=IFCAXIS2PLACEMENT3D(#12309,#12310,#12311);
#12313=IFCLOCALPLACEMENT($,#12312);
#12314=IFCPROPERTYSET('2Em22OCM941fbO0b_DQ9to',$,'Other',$,(#12316,#12317,#12318));
#12315=IFCRELDEFINESBYPROPERTIES('2t6h$ydC536xvoffND5$gw',$,$,$,(#12292),#12314);
#12316=IFCPROPERTYSINGLEVALUE('Ax',$,IFCLABEL('0.001'),$);
#12317=IFCPROPERTYSINGLEVALUE('Ay',$,IFCLABEL('0.001'),$);
#12318=IFCPROPERTYSINGLEVALUE('Section',$,IFCLABEL('Rect'),$);
#12319=IFCCOLUMN('2G9B0UjDbFcwkcqB890g0y',$,$,$,$,#12340,#12330,$,$);
#12320=IFCCARTESIANPOINTLIST2D(((-200.,-200.),(200.,-200.),(200.,200.),(-200.,200.)));
#12321=IFCINDEXEDPOLYCURVE(#12320,(IFCLINEINDEX((1,2,3,4,1))),$);
#12322=IFCARBITRARYCLOSEDPROFILEDEF(.AREA.,'Arbitrary',#12321);
#12323=IFCCARTESIANPOINT((0.,0.,0.));
#12324=IFCDIRECTION((0.,0.,1.));
#12325=IFCDIRECTION((1.,0.,0.));
#12326=IFCAXIS2PLACEMENT3D(#12323,#12324,#12325);
#12327=IFCDIRECTION((0.,0.,1.));
#12328=IFCEXTRUDEDAREASOLID(#12322,#12326,#12327,3000.);
#12329=IFCSHAPEREPRESENTATION(#11,'Body','SweptSolid',(#12328));
#12330=IFCPRODUCTDEFINITIONSHAPE($,$,(#12329));
#12336=IFCCARTESIANPOINT((24000.,6000.,15000.));
#12337=IFCDIRECTION((0.,0.,1.));
#12338=IFCDIRECTION((1.,0.,0.));
#12339=IFCAXIS2PLACEMENT3D(#12336,#12337,#12338);
#12340=IFCLOCALPLACEMENT($,#12339);
#12341=IFCPROPERTYSET('3BIyUW5nf2pQoipqyfdjOs',$,'Other',$,(#12343,#12344,#12345));
#12342=IFCRELDEFINESBYPROPERTIES('30uWY_xy9F7wAzVtg4GkEU',$,$,$,(#12319),#12341);
#12343=IFCPROPERTYSINGLEVALUE('Ax',$,IFCLABEL('0.001'),$);
#12344=IFCPROPERTYSINGLEVALUE('Ay',$,IFCLABEL('0.001'),$);
#12345=IFCPROPERTYSINGLEVALUE('Section',$,IFCLABEL('Rect'),$);
#12346=IFCCOLUMN('3s2zd_CVDDa9HcE0fmG$Xa',$,$,$,$,#12367,#12357,$,$);
#12347=IFCCARTESIANPOINTLIST2D(((-200.,-200.),(200.,-200.),(200.,200.),(-200.,200.)));
#12348=IFCINDEXEDPOLYCURVE(#12347,(IFCLINEINDEX((1,2,3,4,1))),$);
#12349=IFCARBITRARYCLOSEDPROFILEDEF(.AREA.,'Arbitrary',#12348);
#12350=IFCCARTESIANPOINT((0.,0.,0.));
#12351=IFCDIRECTION((0.,0.,1.));
#12352=IFCDIRECTION((1.,0.,0.));
#12353=IFCAXIS2PLACEMENT3D(#12350,#12351,#12352);
#12354=IFCDIRECTION((0.,0.,1.));
#12355=IFCEXTRUDEDAREASOLID(#12349,#12353,#12354,3000.);
#12356=IFCSHAPEREPRESENTATION(#11,'Body','SweptSolid',(#12355));
#12357=IFCPRODUCTDEFINITIONSHAPE($,$,(#12356));
#12363=IFCCARTESIANPOINT((12000.,0.,15000.));
#12364=IFCDIRECTION((0.,0.,1.));
#12365=IFCDIRECTION((1.,0.,0.));
#12366=IFCAXIS2PLACEMENT3D(#12363,#12364,#12365);
#12367=IFCLOCALPLACEMENT($,#12366);
#12368=IFCPROPERTYSET('3mjLW8tDX5kPkVxLAwYUNC',$,'Other',$,(#12370,#12371,#12372));
#12369=IFCRELDEFINESBYPROPERTIES('3l8HAP0FnBEexXFZyG5zwM',$,$,$,(#12346),#12368);
#12370=IFCPROPERTYSINGLEVALUE('Ax',$,IFCLABEL('0.001'),$);
#12371=IFCPROPERTYSINGLEVALUE('Ay',$,IFCLABEL('0.001'),$);
#12372=IFCPROPERTYSINGLEVALUE('Section',$,IFCLABEL('Rect'),$);
#12373=IFCCOLUMN('37Plih_u97jwa0t3eiQa7g',$,$,$,$,#12394,#12384,$,$);
#12374=IFCCARTESIANPOINTLIST2D(((-200.,-200.),(200.,-200.),(200.,200.),(-200.,200.)));
#12375=IFCINDEXEDPOLYCURVE(#12374,(IFCLINEINDEX((1,2,3,4,1))),$);
#12376=IFCARBITRARYCLOSEDPROFILEDEF(.AREA.,'Arbitrary',#12375);
#12377=IFCCARTESIANPOINT((0.,0.,0.));
#12378=IFCDIRECTION((0.,0.,1.));
#12379=IFCDIRECTION((1.,0.,0.));
#12380=IFCAXIS2PLACEMENT3D(#12377,#12378,#12379);
#12381=IFCDIRECTION((0.,0.,1.));
#12382=IFCEXTRUDEDAREASOLID(#12376,#12380,#12381,3000.);
#12383=IFCSHAPEREPRESENTATION(#11,'Body','SweptSolid',(#12382));
#12384=IFCPRODUCTDEFINITIONSHAPE($,$,(#12383));
#12390=IFCCARTESIANPOINT((12000.,6000.,15000.));
#12391=IFCDIRECTION((0.,0.,1.));
#12392=IFCDIRECTION((1.,0.,0.));
#12393=IFCAXIS2PLACEMENT3D(#12390,#12391,#12392);
#12394=IFCLOCALPLACEMENT($,#12393);
#12395=IFCPROPERTYSET('0WsbNZDMDEVA1BGriJg7Jq',$,'Other',$,(#12397,#12398,#12399));
#12396=IFCRELDEFINESBYPROPERTIES('0aKDUclRD8TOmbABv91nOK',$,$,$,(#12373),#12395);
#12397=IFCPROPERTYSINGLEVALUE('Ax',$,IFCLABEL('0.001'),$);
#12398=IFCPROPERTYSINGLEVALUE('Ay',$,IFCLABEL('0.001'),$);
#12399=IFCPROPERTYSINGLEVALUE('Section',$,IFCLABEL('Rect'),$);
#12400=IFCCOLUMN('0jcheaMOT27OiYnbakuX6I',$,$,$,$,#12421,#12411,$,$);
#12401=IFCCARTESIANPOINTLIST2D(((-200.,-200.),(200.,-200.),(200.,200.),(-200.,200.)));
#12402=IFCINDEXEDPOLYCURVE(#12401,(IFCLINEINDEX((1,2,3,4,1))),$);
#12403=IFCARBITRARYCLOSEDPROFILEDEF(.AREA.,'Arbitrary',#12402);
#12404=IFCCARTESIANPOINT((0.,0.,0.));
#12405=IFCDIRECTION((0.,0.,1.));
#12406=IFCDIRECTION((1.,0.,0.));
#12407=IFCAXIS2PLACEMENT3D(#12404,#12405,#12406);
#12408=IFCDIRECTION((0.,0.,1.));
#12409=IFCEXTRUDEDAREASOLID(#12403,#12407,#12408,3000.);
#12410=IFCSHAPEREPRESENTATION(#11,'Body','SweptSolid',(#12409));
#12411=IFCPRODUCTDEFINITIONSHAPE($,$,(#12410));
#12417=IFCCARTESIANPOINT((0.,12000.,12000.));
#12418=IFCDIRECTION((0.,0.,1.));
#12419=IFCDIRECTION((1.,0.,0.));
#12420=IFCAXIS2PLACEMENT3D(#12417,#12418,#12419);
#12421=IFCLOCALPLACEMENT($,#12420);
#12422=IFCPROPERTYSET('3TC7LnnznD_RevGYbFvHFc',$,'Other',$,(#12424,#12425,#12426));
#12423=IFCRELDEFINESBYPROPERTIES('0e3QX$Yez9sAYceH_Helr1',$,$,$,(#12400),#12422);
#12424=IFCPROPERTYSINGLEVALUE('Ax',$,IFCLABEL('0.001'),$);
#12425=IFCPROPERTYSINGLEVALUE('Ay',$,IFCLABEL('0.001'),$);
#12426=IFCPROPERTYSINGLEVALUE('Section',$,IFCLABEL('Rect'),$);
#12427=IFCCOLUMN('1UoYs7N2H89R2eiUSpf3PL',$,$,$,$,#12448,#12438,$,$);
#12428=IFCCARTESIANPOINTLIST2D(((-200.,-200.),(200.,-200.),(200.,200.),(-200.,200.)));
#12429=IFCINDEXEDPOLYCURVE(#12428,(IFCLINEINDEX((1,2,3,4,1))),$);
#12430=IFCARBITRARYCLOSEDPROFILEDEF(.AREA.,'Arbitrary',#12429);
#12431=IFCCARTESIANPOINT((0.,0.,0.));
#12432=IFCDIRECTION((0.,0.,1.));
#12433=IFCDIRECTION((1.,0.,0.));
#12434=IFCAXIS2PLACEMENT3D(#12431,#12432,#12433);
#12435=IFCDIRECTION((0.,0.,1.));
#12436=IFCEXTRUDEDAREASOLID(#12430,#12434,#12435,3000.);
#12437=IFCSHAPEREPRESENTATION(#11,'Body','SweptSolid',(#12436));
#12438=IFCPRODUCTDEFINITIONSHAPE($,$,(#12437));
#12444=IFCCARTESIANPOINT((0.,18000.,12000.));
#12445=IFCDIRECTION((0.,0.,1.));
#12446=IFCDIRECTION((1.,0.,0.));
#12447=IFCAXIS2PLACEMENT3D(#12444,#12445,#12446);
#12448=IFCLOCALPLACEMENT($,#12447);
#12449=IFCPROPERTYSET('3dZqP1NX92CwrkwruHAOm7',$,'Other',$,(#12451,#12452,#12453));
#12450=IFCRELDEFINESBYPROPERTIES('2moAdvrdT0eQw8MPtFJRJ8',$,$,$,(#12427),#12449);
#12451=IFCPROPERTYSINGLEVALUE('Ax',$,IFCLABEL('0.001'),$);
#12452=IFCPROPERTYSINGLEVALUE('Ay',$,IFCLABEL('0.001'),$);
#12453=IFCPROPERTYSINGLEVALUE('Section',$,IFCLABEL('Rect'),$);
#12454=IFCCOLUMN('2ZVDzPiwv1MBMlhqsZR2O8',$,$,$,$,#12475,#12465,$,$);
#12455=IFCCARTESIANPOINTLIST2D(((-200.,-200.),(200.,-200.),(200.,200.),(-200.,200.)));
#12456=IFCINDEXEDPOLYCURVE(#12455,(IFCLINEINDEX((1,2,3,4,1))),$);
#12457=IFCARBITRARYCLOSEDPROFILEDEF(.AREA.,'Arbitrary',#12456);
#12458=IFCCARTESIANPOINT((0.,0.,0.));
#12459=IFCDIRECTION((0.,0.,1.));
#12460=IFCDIRECTION((1.,0.,0.));
#12461=IFCAXIS2PLACEMENT3D(#12458,#12459,#12460);
#12462=IFCDIRECTION((0.,0.,1.));
#12463=IFCEXTRUDEDAREASOLID(#12457,#12461,#12462,3000.);
#12464=IFCSHAPEREPRESENTATION(#11,'Body','SweptSolid',(#12463));
#12465=IFCPRODUCTDEFINITIONSHAPE($,$,(#12464));
#12471=IFCCARTESIANPOINT((6000.,12000.,12000.));
#12472=IFCDIRECTION((0.,0.,1.));
#12473=IFCDIRECTION((1.,0.,0.));
#12474=IFCAXIS2PLACEMENT3D(#12471,#12472,#12473);
#12475=IFCLOCALPLACEMENT($,#12474);
#12476=IFCPROPERTYSET('00DAX6TJjBAxhA6ZGqcYvV',$,'Other',$,(#12478,#12479,#12480));
#12477=IFCRELDEFINESBYPROPERTIES('30iK$Vl591xQhyUw5zRQfJ',$,$,$,(#12454),#12476);
#12478=IFCPROPERTYSINGLEVALUE('Ax',$,IFCLABEL('0.001'),$);
#12479=IFCPROPERTYSINGLEVALUE('Ay',$,IFCLABEL('0.001'),$);
#12480=IFCPROPERTYSINGLEVALUE('Section',$,IFCLABEL('Rect'),$);
#12481=IFCCOLUMN('1H_NxA7u53Y9ukZRKJOz6N',$,$,$,$,#12502,#12492,$,$);
#12482=IFCCARTESIANPOINTLIST2D(((-200.,-200.),(200.,-200.),(200.,200.),(-200.,200.)));
#12483=IFCINDEXEDPOLYCURVE(#12482,(IFCLINEINDEX((1,2,3,4,1))),$);
#12484=IFCARBITRARYCLOSEDPROFILEDEF(.AREA.,'Arbitrary',#12483);
#12485=IFCCARTESIANPOINT((0.,0.,0.));
#12486=IFCDIRECTION((0.,0.,1.));
#12487=IFCDIRECTION((1.,0.,0.));
#12488=IFCAXIS2PLACEMENT3D(#12485,#12486,#12487);
#12489=IFCDIRECTION((0.,0.,1.));
#12490=IFCEXTRUDEDAREASOLID(#12484,#12488,#12489,3000.);
#12491=IFCSHAPEREPRESENTATION(#11,'Body','SweptSolid',(#12490));
#12492=IFCPRODUCTDEFINITIONSHAPE($,$,(#12491));
#12498=IFCCARTESIANPOINT((6000.,18000.,12000.));
#12499=IFCDIRECTION((0.,0.,1.));
#12500=IFCDIRECTION((1.,0.,0.));
#12501=IFCAXIS2PLACEMENT3D(#12498,#12499,#12500);
#12502=IFCLOCALPLACEMENT($,#12501);
#12503=IFCPROPERTYSET('3lNeYeQKXC3eJAPEvW92cj',$,'Other',$,(#12505,#12506,#12507));
#12504=IFCRELDEFINESBYPROPERTIES('3EyjHrkYfFChdxiZz6tZAO',$,$,$,(#12481),#12503);
#12505=IFCPROPERTYSINGLEVALUE('Ax',$,IFCLABEL('0.001'),$);
#12506=IFCPROPERTYSINGLEVALUE('Ay',$,IFCLABEL('0.001'),$);
#12507=IFCPROPERTYSINGLEVALUE('Section',$,IFCLABEL('Rect'),$);
#12508=IFCCOLUMN('1ej8zX1mr44On7CXllyFZ7',$,$,$,$,#12529,#12519,$,$);
#12509=IFCCARTESIANPOINTLIST2D(((-200.,-200.),(200.,-200.),(200.,200.),(-200.,200.)));
#12510=IFCINDEXEDPOLYCURVE(#12509,(IFCLINEINDEX((1,2,3,4,1))),$);
#12511=IFCARBITRARYCLOSEDPROFILEDEF(.AREA.,'Arbitrary',#12510);
#12512=IFCCARTESIANPOINT((0.,0.,0.));
#12513=IFCDIRECTION((0.,0.,1.));
#12514=IFCDIRECTION((1.,0.,0.));
#12515=IFCAXIS2PLACEMENT3D(#12512,#12513,#12514);
#12516=IFCDIRECTION((0.,0.,1.));
#12517=IFCEXTRUDEDAREASOLID(#12511,#12515,#12516,3000.);
#12518=IFCSHAPEREPRESENTATION(#11,'Body','SweptSolid',(#12517));
#12519=IFCPRODUCTDEFINITIONSHAPE($,$,(#12518));
#12525=IFCCARTESIANPOINT((12000.,12000.,12000.));
#12526=IFCDIRECTION((0.,0.,1.));
#12527=IFCDIRECTION((1.,0.,0.));
#12528=IFCAXIS2PLACEMENT3D(#12525,#12526,#12527);
#12529=IFCLOCALPLACEMENT($,#12528);
#12530=IFCPROPERTYSET('3rCF7ZlrHEmQb8ec4HCUGm',$,'Other',$,(#12532,#12533,#12534));
#12531=IFCRELDEFINESBYPROPERTIES('0lIpgqUYX0682uUDCn7UTA',$,$,$,(#12508),#12530);
#12532=IFCPROPERTYSINGLEVALUE('Ax',$,IFCLABEL('0.001'),$);
#12533=IFCPROPERTYSINGLEVALUE('Ay',$,IFCLABEL('0.001'),$);
#12534=IFCPROPERTYSINGLEVALUE('Section',$,IFCLABEL('Rect'),$);
#12535=IFCCOLUMN('1P2s$8SnP49vT9GWBFK6XM',$,$,$,$,#12556,#12546,$,$);
#12536=IFCCARTESIANPOINTLIST2D(((-200.,-200.),(200.,-200.),(200.,200.),(-200.,200.)));
#12537=IFCINDEXEDPOLYCURVE(#12536,(IFCLINEINDEX((1,2,3,4,1))),$);
#12538=IFCARBITRARYCLOSEDPROFILEDEF(.AREA.,'Arbitrary',#12537);
#12539=IFCCARTESIANPOINT((0.,0.,0.));
#12540=IFCDIRECTION((0.,0.,1.));
#12541=IFCDIRECTION((1.,0.,0.));
#12542=IFCAXIS2PLACEMENT3D(#12539,#12540,#12541);
#12543=IFCDIRECTION((0.,0.,1.));
#12544=IFCEXTRUDEDAREASOLID(#12538,#12542,#12543,3000.);
#12545=IFCSHAPEREPRESENTATION(#11,'Body','SweptSolid',(#12544));
#12546=IFCPRODUCTDEFINITIONSHAPE($,$,(#12545));
#12552=IFCCARTESIANPOINT((12000.,18000.,12000.));
#12553=IFCDIRECTION((0.,0.,1.));
#12554=IFCDIRECTION((1.,0.,0.));
#12555=IFCAXIS2PLACEMENT3D(#12552,#12553,#12554);
#12556=IFCLOCALPLACEMENT($,#12555);
#12557=IFCPROPERTYSET('2sLyo8Dab7ZQ2PutnKfqek',$,'Other',$,(#12559,#12560,#12561));
#12558=IFCRELDEFINESBYPROPERTIES('1QAQ38VoT0W9_uKIZ4FflT',$,$,$,(#12535),#12557);
#12559=IFCPROPERTYSINGLEVALUE('Ax',$,IFCLABEL('0.001'),$);
#12560=IFCPROPERTYSINGLEVALUE('Ay',$,IFCLABEL('0.001'),$);
#12561=IFCPROPERTYSINGLEVALUE('Section',$,IFCLABEL('Rect'),$);
#12562=IFCCOLUMN('0$wDA66q57SAgBx9OBHXB4',$,$,$,$,#12583,#12573,$,$);
#12563=IFCCARTESIANPOINTLIST2D(((-200.,-200.),(200.,-200.),(200.,200.),(-200.,200.)));
#12564=IFCINDEXEDPOLYCURVE(#12563,(IFCLINEINDEX((1,2,3,4,1))),$);
#12565=IFCARBITRARYCLOSEDPROFILEDEF(.AREA.,'Arbitrary',#12564);
#12566=IFCCARTESIANPOINT((0.,0.,0.));
#12567=IFCDIRECTION((0.,0.,1.));
#12568=IFCDIRECTION((1.,0.,0.));
#12569=IFCAXIS2PLACEMENT3D(#12566,#12567,#12568);
#12570=IFCDIRECTION((0.,0.,1.));
#12571=IFCEXTRUDEDAREASOLID(#12565,#12569,#12570,3000.);
#12572=IFCSHAPEREPRESENTATION(#11,'Body','SweptSolid',(#12571));
#12573=IFCPRODUCTDEFINITIONSHAPE($,$,(#12572));
#12579=IFCCARTESIANPOINT((18000.,12000.,12000.));
#12580=IFCDIRECTION((0.,0.,1.));
#12581=IFCDIRECTION((1.,0.,0.));
#12582=IFCAXIS2PLACEMENT3D(#12579,#12580,#12581);
#12583=IFCLOCALPLACEMENT($,#12582);
#12584=IFCPROPERTYSET('3rPsOLzlbF99bmLXmgtmBr',$,'Other',$,(#12586,#12587,#12588));
#12585=IFCRELDEFINESBYPROPERTIES('2oyZHhk8n3euNF5XOKIZYO',$,$,$,(#12562),#12584);
#12586=IFCPROPERTYSINGLEVALUE('Ax',$,IFCLABEL('0.001'),$);
#12587=IFCPROPERTYSINGLEVALUE('Ay',$,IFCLABEL('0.001'),$);
#12588=IFCPROPERTYSINGLEVALUE('Section',$,IFCLABEL('Rect'),$);
#12589=IFCCOLUMN('3wylLFzt56FxN6iSR9or_O',$,$,$,$,#12610,#12600,$,$);
#12590=IFCCARTESIANPOINTLIST2D(((-200.,-200.),(200.,-200.),(200.,200.),(-200.,200.)));
#12591=IFCINDEXEDPOLYCURVE(#12590,(IFCLINEINDEX((1,2,3,4,1))),$);
#12592=IFCARBITRARYCLOSEDPROFILEDEF(.AREA.,'Arbitrary',#12591);
#12593=IFCCARTESIANPOINT((0.,0.,0.));
#12594=IFCDIRECTION((0.,0.,1.));
#12595=IFCDIRECTION((1.,0.,0.));
#12596=IFCAXIS2PLACEMENT3D(#12593,#12594,#12595);
#12597=IFCDIRECTION((0.,0.,1.));
#12598=IFCEXTRUDEDAREASOLID(#12592,#12596,#12597,3000.);
#12599=IFCSHAPEREPRESENTATION(#11,'Body','SweptSolid',(#12598));
#12600=IFCPRODUCTDEFINITIONSHAPE($,$,(#12599));
#12606=IFCCARTESIANPOINT((18000.,18000.,12000.));
#12607=IFCDIRECTION((0.,0.,1.));
#12608=IFCDIRECTION((1.,0.,0.));
#12609=IFCAXIS2PLACEMENT3D(#12606,#12607,#12608);
#12610=IFCLOCALPLACEMENT($,#12609);
#12611=IFCPROPERTYSET('0$B2mnr01D6xgOExSsxK0n',$,'Other',$,(#12613,#12614,#12615));
#12612=IFCRELDEFINESBYPROPERTIES('1p5sL58a56hR6oEyyhT8ny',$,$,$,(#12589),#12611);
#12613=IFCPROPERTYSINGLEVALUE('Ax',$,IFCLABEL('0.001'),$);
#12614=IFCPROPERTYSINGLEVALUE('Ay',$,IFCLABEL('0.001'),$);
#12615=IFCPROPERTYSINGLEVALUE('Section',$,IFCLABEL('Rect'),$);
#12616=IFCCOLUMN('1eMbxk93z2XP2zgnKQ_T1C',$,$,$,$,#12637,#12627,$,$);
#12617=IFCCARTESIANPOINTLIST2D(((-200.,-200.),(200.,-200.),(200.,200.),(-200.,200.)));
#12618=IFCINDEXEDPOLYCURVE(#12617,(IFCLINEINDEX((1,2,3,4,1))),$);
#12619=IFCARBITRARYCLOSEDPROFILEDEF(.AREA.,'Arbitrary',#12618);
#12620=IFCCARTESIANPOINT((0.,0.,0.));
#12621=IFCDIRECTION((0.,0.,1.));
#12622=IFCDIRECTION((1.,0.,0.));
#12623=IFCAXIS2PLACEMENT3D(#12620,#12621,#12622);
#12624=IFCDIRECTION((0.,0.,1.));
#12625=IFCEXTRUDEDAREASOLID(#12619,#12623,#12624,3000.);
#12626=IFCSHAPEREPRESENTATION(#11,'Body','SweptSolid',(#12625));
#12627=IFCPRODUCTDEFINITIONSHAPE($,$,(#12626));
#12633=IFCCARTESIANPOINT((24000.,18000.,12000.));
#12634=IFCDIRECTION((0.,0.,1.));
#12635=IFCDIRECTION((1.,0.,0.));
#12636=IFCAXIS2PLACEMENT3D(#12633,#12634,#12635);
#12637=IFCLOCALPLACEMENT($,#12636);
#12638=IFCPROPERTYSET('26WejxmD1Bmfs3Nn$epp5R',$,'Other',$,(#12640,#12641,#12642));
#12639=IFCRELDEFINESBYPROPERTIES('2F7enrxUH0yQVIcCr$sKBE',$,$,$,(#12616),#12638);
#12640=IFCPROPERTYSINGLEVALUE('Ax',$,IFCLABEL('0.001'),$);
#12641=IFCPROPERTYSINGLEVALUE('Ay',$,IFCLABEL('0.001'),$);
#12642=IFCPROPERTYSINGLEVALUE('Section',$,IFCLABEL('Rect'),$);
#12643=IFCCOLUMN('30B9usHGT1PgL4v7DfchcP',$,$,$,$,#12664,#12654,$,$);
#12644=IFCCARTESIANPOINTLIST2D(((-200.,-200.),(200.,-200.),(200.,200.),(-200.,200.)));
#12645=IFCINDEXEDPOLYCURVE(#12644,(IFCLINEINDEX((1,2,3,4,1))),$);
#12646=IFCARBITRARYCLOSEDPROFILEDEF(.AREA.,'Arbitrary',#12645);
#12647=IFCCARTESIANPOINT((0.,0.,0.));
#12648=IFCDIRECTION((0.,0.,1.));
#12649=IFCDIRECTION((1.,0.,0.));
#12650=IFCAXIS2PLACEMENT3D(#12647,#12648,#12649);
#12651=IFCDIRECTION((0.,0.,1.));
#12652=IFCEXTRUDEDAREASOLID(#12646,#12650,#12651,3000.);
#12653=IFCSHAPEREPRESENTATION(#11,'Body','SweptSolid',(#12652));
#12654=IFCPRODUCTDEFINITIONSHAPE($,$,(#12653));
#12660=IFCCARTESIANPOINT((30000.,18000.,12000.));
#12661=IFCDIRECTION((0.,0.,1.));
#12662=IFCDIRECTION((1.,0.,0.));
#12663=IFCAXIS2PLACEMENT3D(#12660,#12661,#12662);
#12664=IFCLOCALPLACEMENT($,#12663);
#12665=IFCPROPERTYSET('18KHdX495BrBQC8eXKtSwQ',$,'Other',$,(#12667,#12668,#12669));
#12666=IFCRELDEFINESBYPROPERTIES('0eU8MmfW5A99LBts5ZdHVi',$,$,$,(#12643),#12665);
#12667=IFCPROPERTYSINGLEVALUE('Ax',$,IFCLABEL('0.001'),$);
#12668=IFCPROPERTYSINGLEVALUE('Ay',$,IFCLABEL('0.001'),$);
#12669=IFCPROPERTYSINGLEVALUE('Section',$,IFCLABEL('Rect'),$);
#12670=IFCCOLUMN('1V4GGBpGD8YfWEHBIsQAI1',$,$,$,$,#12691,#12681,$,$);
#12671=IFCCARTESIANPOINTLIST2D(((-200.,-200.),(200.,-200.),(200.,200.),(-200.,200.)));
#12672=IFCINDEXEDPOLYCURVE(#12671,(IFCLINEINDEX((1,2,3,4,1))),$);
#12673=IFCARBITRARYCLOSEDPROFILEDEF(.AREA.,'Arbitrary',#12672);
#12674=IFCCARTESIANPOINT((0.,0.,0.));
#12675=IFCDIRECTION((0.,0.,1.));
#12676=IFCDIRECTION((1.,0.,0.));
#12677=IFCAXIS2PLACEMENT3D(#12674,#12675,#12676);
#12678=IFCDIRECTION((0.,0.,1.));
#12679=IFCEXTRUDEDAREASOLID(#12673,#12677,#12678,3000.);
#12680=IFCSHAPEREPRESENTATION(#11,'Body','SweptSolid',(#12679));
#12681=IFCPRODUCTDEFINITIONSHAPE($,$,(#12680));
#12687=IFCCARTESIANPOINT((18000.,0.,12000.));
#12688=IFCDIRECTION((0.,0.,1.));
#12689=IFCDIRECTION((1.,0.,0.));
#12690=IFCAXIS2PLACEMENT3D(#12687,#12688,#12689);
#12691=IFCLOCALPLACEMENT($,#12690);
#12692=IFCPROPERTYSET('0JebJ2$zz0teDuNoA1Y9KT',$,'Other',$,(#12694,#12695,#12696));
#12693=IFCRELDEFINESBYPROPERTIES('2ID358cNr0xf7cZrKvvGQI',$,$,$,(#12670),#12692);
#12694=IFCPROPERTYSINGLEVALUE('Ax',$,IFCLABEL('0.001'),$);
#12695=IFCPROPERTYSINGLEVALUE('Ay',$,IFCLABEL('0.001'),$);
#12696=IFCPROPERTYSINGLEVALUE('Section',$,IFCLABEL('Rect'),$);
#12697=IFCCOLUMN('2V9qIiaBHCKBhnDzXC4jFH',$,$,$,$,#12718,#12708,$,$);
#12698=IFCCARTESIANPOINTLIST2D(((-200.,-200.),(200.,-200.),(200.,200.),(-200.,200.)));
#12699=IFCINDEXEDPOLYCURVE(#12698,(IFCLINEINDEX((1,2,3,4,1))),$);
#12700=IFCARBITRARYCLOSEDPROFILEDEF(.AREA.,'Arbitrary',#12699);
#12701=IFCCARTESIANPOINT((0.,0.,0.));
#12702=IFCDIRECTION((0.,0.,1.));
#12703=IFCDIRECTION((1.,0.,0.));
#12704=IFCAXIS2PLACEMENT3D(#12701,#12702,#12703);
#12705=IFCDIRECTION((0.,0.,1.));
#12706=IFCEXTRUDEDAREASOLID(#12700,#12704,#12705,3000.);
#12707=IFCSHAPEREPRESENTATION(#11,'Body','SweptSolid',(#12706));
#12708=IFCPRODUCTDEFINITIONSHAPE($,$,(#12707));
#12714=IFCCARTESIANPOINT((18000.,6000.,12000.));
#12715=IFCDIRECTION((0.,0.,1.));
#12716=IFCDIRECTION((1.,0.,0.));
#12717=IFCAXIS2PLACEMENT3D(#12714,#12715,#12716);
#12718=IFCLOCALPLACEMENT($,#12717);
#12719=IFCPROPERTYSET('25AWBg9k5CCQ7OOSAsHUHZ',$,'Other',$,(#12721,#12722,#12723));
#12720=IFCRELDEFINESBYPROPERTIES('17yDuy0q1D4RS_eDUeo1O$',$,$,$,(#12697),#12719);
#12721=IFCPROPERTYSINGLEVALUE('Ax',$,IFCLABEL('0.001'),$);
#12722=IFCPROPERTYSINGLEVALUE('Ay',$,IFCLABEL('0.001'),$);
#12723=IFCPROPERTYSINGLEVALUE('Section',$,IFCLABEL('Rect'),$);
#12724=IFCCOLUMN('16aBJDmavAKOvt6BNBy_Ks',$,$,$,$,#12745,#12735,$,$);
#12725=IFCCARTESIANPOINTLIST2D(((-200.,-200.),(200.,-200.),(200.,200.),(-200.,200.)));
#12726=IFCINDEXEDPOLYCURVE(#12725,(IFCLINEINDEX((1,2,3,4,1))),$);
#12727=IFCARBITRARYCLOSEDPROFILEDEF(.AREA.,'Arbitrary',#12726);
#12728=IFCCARTESIANPOINT((0.,0.,0.));
#12729=IFCDIRECTION((0.,0.,1.));
#12730=IFCDIRECTION((1.,0.,0.));
#12731=IFCAXIS2PLACEMENT3D(#12728,#12729,#12730);
#12732=IFCDIRECTION((0.,0.,1.));
#12733=IFCEXTRUDEDAREASOLID(#12727,#12731,#12732,3000.);
#12734=IFCSHAPEREPRESENTATION(#11,'Body','SweptSolid',(#12733));
#12735=IFCPRODUCTDEFINITIONSHAPE($,$,(#12734));
#12741=IFCCARTESIANPOINT((24000.,6000.,12000.));
#12742=IFCDIRECTION((0.,0.,1.));
#12743=IFCDIRECTION((1.,0.,0.));
#12744=IFCAXIS2PLACEMENT3D(#12741,#12742,#12743);
#12745=IFCLOCALPLACEMENT($,#12744);
#12746=IFCPROPERTYSET('12OrBXjWb3PRiYTBl5FLu3',$,'Other',$,(#12748,#12749,#12750));
#12747=IFCRELDEFINESBYPROPERTIES('32T2yshOP7xOF9vJdFs95x',$,$,$,(#12724),#12746);
#12748=IFCPROPERTYSINGLEVALUE('Ax',$,IFCLABEL('0.001'),$);
#12749=IFCPROPERTYSINGLEVALUE('Ay',$,IFCLABEL('0.001'),$);
#12750=IFCPROPERTYSINGLEVALUE('Section',$,IFCLABEL('Rect'),$);
#12751=IFCCOLUMN('0lNiW8Vf16Bh9vAAuuFmcg',$,$,$,$,#12772,#12762,$,$);
#12752=IFCCARTESIANPOINTLIST2D(((-200.,-200.),(200.,-200.),(200.,200.),(-200.,200.)));
#12753=IFCINDEXEDPOLYCURVE(#12752,(IFCLINEINDEX((1,2,3,4,1))),$);
#12754=IFCARBITRARYCLOSEDPROFILEDEF(.AREA.,'Arbitrary',#12753);
#12755=IFCCARTESIANPOINT((0.,0.,0.));
#12756=IFCDIRECTION((0.,0.,1.));
#12757=IFCDIRECTION((1.,0.,0.));
#12758=IFCAXIS2PLACEMENT3D(#12755,#12756,#12757);
#12759=IFCDIRECTION((0.,0.,1.));
#12760=IFCEXTRUDEDAREASOLID(#12754,#12758,#12759,3000.);
#12761=IFCSHAPEREPRESENTATION(#11,'Body','SweptSolid',(#12760));
#12762=IFCPRODUCTDEFINITIONSHAPE($,$,(#12761));
#12768=IFCCARTESIANPOINT((12000.,0.,12000.));
#12769=IFCDIRECTION((0.,0.,1.));
#12770=IFCDIRECTION((1.,0.,0.));
#12771=IFCAXIS2PLACEMENT3D(#12768,#12769,#12770);
#12772=IFCLOCALPLACEMENT($,#12771);
#12773=IFCPROPERTYSET('1dNKGG3118IwXfl35cQDTR',$,'Other',$,(#12775,#12776,#12777));
#12774=IFCRELDEFINESBYPROPERTIES('12Rqsf$$j32PpQKqCqMTaB',$,$,$,(#12751),#12773);
#12775=IFCPROPERTYSINGLEVALUE('Ax',$,IFCLABEL('0.001'),$);
#12776=IFCPROPERTYSINGLEVALUE('Ay',$,IFCLABEL('0.001'),$);
#12777=IFCPROPERTYSINGLEVALUE('Section',$,IFCLABEL('Rect'),$);
#12778=IFCCOLUMN('1tV05gJwPDnBKXrH$66w_D',$,$,$,$,#12799,#12789,$,$);
#12779=IFCCARTESIANPOINTLIST2D(((-200.,-200.),(200.,-200.),(200.,200.),(-200.,200.)));
#12780=IFCINDEXEDPOLYCURVE(#12779,(IFCLINEINDEX((1,2,3,4,1))),$);
#12781=IFCARBITRARYCLOSEDPROFILEDEF(.AREA.,'Arbitrary',#12780);
#12782=IFCCARTESIANPOINT((0.,0.,0.));
#12783=IFCDIRECTION((0.,0.,1.));
#12784=IFCDIRECTION((1.,0.,0.));
#12785=IFCAXIS2PLACEMENT3D(#12782,#12783,#12784);
#12786=IFCDIRECTION((0.,0.,1.));
#12787=IFCEXTRUDEDAREASOLID(#12781,#12785,#12786,3000.);
#12788=IFCSHAPEREPRESENTATION(#11,'Body','SweptSolid',(#12787));
#12789=IFCPRODUCTDEFINITIONSHAPE($,$,(#12788));
#12795=IFCCARTESIANPOINT((12000.,6000.,12000.));
#12796=IFCDIRECTION((0.,0.,1.));
#12797=IFCDIRECTION((1.,0.,0.));
#12798=IFCAXIS2PLACEMENT3D(#12795,#12796,#12797);
#12799=IFCLOCALPLACEMENT($,#12798);
#12800=IFCPROPERTYSET('0C9LY8gXXC3Ph2Tt6qYhyA',$,'Other',$,(#12802,#12803,#12804));
#12801=IFCRELDEFINESBYPROPERTIES('3lA0FixV9CCRBPbjq45iFS',$,$,$,(#12778),#12800);
#12802=IFCPROPERTYSINGLEVALUE('Ax',$,IFCLABEL('0.001'),$);
#12803=IFCPROPERTYSINGLEVALUE('Ay',$,IFCLABEL('0.001'),$);
#12804=IFCPROPERTYSINGLEVALUE('Section',$,IFCLABEL('Rect'),$);
#12805=IFCCOLUMN('3zmdzfT8T34htuzwSpdsfs',$,$,$,$,#12826,#12816,$,$);
#12806=IFCCARTESIANPOINTLIST2D(((-200.,-200.),(200.,-200.),(200.,200.),(-200.,200.)));
#12807=IFCINDEXEDPOLYCURVE(#12806,(IFCLINEINDEX((1,2,3,4,1))),$);
#12808=IFCARBITRARYCLOSEDPROFILEDEF(.AREA.,'Arbitrary',#12807);
#12809=IFCCARTESIANPOINT((0.,0.,0.));
#12810=IFCDIRECTION((0.,0.,1.));
#12811=IFCDIRECTION((1.,0.,0.));
#12812=IFCAXIS2PLACEMENT3D(#12809,#12810,#12811);
#12813=IFCDIRECTION((0.,0.,1.));
#12814=IFCEXTRUDEDAREASOLID(#12808,#12812,#12813,3000.);
#12815=IFCSHAPEREPRESENTATION(#11,'Body','SweptSolid',(#12814));
#12816=IFCPRODUCTDEFINITIONSHAPE($,$,(#12815));
#12822=IFCCARTESIANPOINT((0.,12000.,9000.));
#12823=IFCDIRECTION((0.,0.,1.));
#12824=IFCDIRECTION((1.,0.,0.));
#12825=IFCAXIS2PLACEMENT3D(#12822,#12823,#12824);
#12826=IFCLOCALPLACEMENT($,#12825);
#12827=IFCPROPERTYSET('01rr9uEFr0hxNRuT$KZ9AP',$,'Other',$,(#12829,#12830,#12831));
#12828=IFCRELDEFINESBYPROPERTIES('0HEJ8xds550uSY8EdnwmkE',$,$,$,(#12805),#12827);
#12829=IFCPROPERTYSINGLEVALUE('Ax',$,IFCLABEL('0.001'),$);
#12830=IFCPROPERTYSINGLEVALUE('Ay',$,IFCLABEL('0.001'),$);
#12831=IFCPROPERTYSINGLEVALUE('Section',$,IFCLABEL('Rect'),$);
#12832=IFCCOLUMN('1YUwJ8_aDD4wpJaLhqAlFb',$,$,$,$,#12853,#12843,$,$);
#12833=IFCCARTESIANPOINTLIST2D(((-200.,-200.),(200.,-200.),(200.,200.),(-200.,200.)));
#12834=IFCINDEXEDPOLYCURVE(#12833,(IFCLINEINDEX((1,2,3,4,1))),$);
#12835=IFCARBITRARYCLOSEDPROFILEDEF(.AREA.,'Arbitrary',#12834);
#12836=IFCCARTESIANPOINT((0.,0.,0.));
#12837=IFCDIRECTION((0.,0.,1.));
#12838=IFCDIRECTION((1.,0.,0.));
#12839=IFCAXIS2PLACEMENT3D(#12836,#12837,#12838);
#12840=IFCDIRECTION((0.,0.,1.));
#12841=IFCEXTRUDEDAREASOLID(#12835,#12839,#12840,3000.);
#12842=IFCSHAPEREPRESENTATION(#11,'Body','SweptSolid',(#12841));
#12843=IFCPRODUCTDEFINITIONSHAPE($,$,(#12842));
#12849=IFCCARTESIANPOINT((0.,18000.,9000.));
#12850=IFCDIRECTION((0.,0.,1.));
#12851=IFCDIRECTION((1.,0.,0.));
#12852=IFCAXIS2PLACEMENT3D(#12849,#12850,#12851);
#12853=IFCLOCALPLACEMENT($,#12852);
#12854=IFCPROPERTYSET('06xw$9$YvCOwg_QfZ6x7od',$,'Other',$,(#12856,#12857,#12858));
#12855=IFCRELDEFINESBYPROPERTIES('1EScMf26H0Z89kQRAhm2qw',$,$,$,(#12832),#12854);
#12856=IFCPROPERTYSINGLEVALUE('Ax',$,IFCLABEL('0.001'),$);
#12857=IFCPROPERTYSINGLEVALUE('Ay',$,IFCLABEL('0.001'),$);
#12858=IFCPROPERTYSINGLEVALUE('Section',$,IFCLABEL('Rect'),$);
#12859=IFCCOLUMN('2MrYDzs3r4o9X4jsqWzshA',$,$,$,$,#12880,#12870,$,$);
#12860=IFCCARTESIANPOINTLIST2D(((-200.,-200.),(200.,-200.),(200.,200.),(-200.,200.)));
#12861=IFCINDEXEDPOLYCURVE(#12860,(IFCLINEINDEX((1,2,3,4,1))),$);
#12862=IFCARBITRARYCLOSEDPROFILEDEF(.AREA.,'Arbitrary',#12861);
#12863=IFCCARTESIANPOINT((0.,0.,0.));
#12864=IFCDIRECTION((0.,0.,1.));
#12865=IFCDIRECTION((1.,0.,0.));
#12866=IFCAXIS2PLACEMENT3D(#12863,#12864,#12865);
#12867=IFCDIRECTION((0.,0.,1.));
#12868=IFCEXTRUDEDAREASOLID(#12862,#12866,#12867,3000.);
#12869=IFCSHAPEREPRESENTATION(#11,'Body','SweptSolid',(#12868));
#12870=IFCPRODUCTDEFINITIONSHAPE($,$,(#12869));
#12876=IFCCARTESIANPOINT((6000.,12000.,9000.));
#12877=IFCDIRECTION((0.,0.,1.));
#12878=IFCDIRECTION((1.,0.,0.));
#12879=IFCAXIS2PLACEMENT3D(#12876,#12877,#12878);
#12880=IFCLOCALPLACEMENT($,#12879);
#12881=IFCPROPERTYSET('3x7_xZ2WT4uf8LnraDhRuE',$,'Other',$,(#12883,#12884,#12885));
#12882=IFCRELDEFINESBYPROPERTIES('3FTuh_RgXBvQL363V37WQr',$,$,$,(#12859),#12881);
#12883=IFCPROPERTYSINGLEVALUE('Ax',$,IFCLABEL('0.001'),$);
#12884=IFCPROPERTYSINGLEVALUE('Ay',$,IFCLABEL('0.001'),$);
#12885=IFCPROPERTYSINGLEVALUE('Section',$,IFCLABEL('Rect'),$);
#12886=IFCCOLUMN('3iCRO0DSnAKgfImfLBshhD',$,$,$,$,#12907,#12897,$,$);
#12887=IFCCARTESIANPOINTLIST2D(((-200.,-200.),(200.,-200.),(200.,200.),(-200.,200.)));
#12888=IFCINDEXEDPOLYCURVE(#12887,(IFCLINEINDEX((1,2,3,4,1))),$);
#12889=IFCARBITRARYCLOSEDPROFILEDEF(.AREA.,'Arbitrary',#12888);
#12890=IFCCARTESIANPOINT((0.,0.,0.));
#12891=IFCDIRECTION((0.,0.,1.));
#12892=IFCDIRECTION((1.,0.,0.));
#12893=IFCAXIS2PLACEMENT3D(#12890,#12891,#12892);
#12894=IFCDIRECTION((0.,0.,1.));
#12895=IFCEXTRUDEDAREASOLID(#12889,#12893,#12894,3000.);
#12896=IFCSHAPEREPRESENTATION(#11,'Body','SweptSolid',(#12895));
#12897=IFCPRODUCTDEFINITIONSHAPE($,$,(#12896));
#12903=IFCCARTESIANPOINT((6000.,18000.,9000.));
#12904=IFCDIRECTION((0.,0.,1.));
#12905=IFCDIRECTION((1.,0.,0.));
#12906=IFCAXIS2PLACEMENT3D(#12903,#12904,#12905);
#12907=IFCLOCALPLACEMENT($,#12906);
#12908=IFCPROPERTYSET('1IAFnGBePDgvpgIJeqLa1c',$,'Other',$,(#12910,#12911,#12912));
#12909=IFCRELDEFINESBYPROPERTIES('1Yd_6OIjL3P8ccwfURX$Kz',$,$,$,(#12886),#12908);
#12910=IFCPROPERTYSINGLEVALUE('Ax',$,IFCLABEL('0.001'),$);
#12911=IFCPROPERTYSINGLEVALUE('Ay',$,IFCLABEL('0.001'),$);
#12912=IFCPROPERTYSINGLEVALUE('Section',$,IFCLABEL('Rect'),$);
#12913=IFCCOLUMN('1c9wlz6Cb1NetXSnQOx5$5',$,$,$,$,#12934,#12924,$,$);
#12914=IFCCARTESIANPOINTLIST2D(((-200.,-200.),(200.,-200.),(200.,200.),(-200.,200.)));
#12915=IFCINDEXEDPOLYCURVE(#12914,(IFCLINEINDEX((1,2,3,4,1))),$);
#12916=IFCARBITRARYCLOSEDPROFILEDEF(.AREA.,'Arbitrary',#12915);
#12917=IFCCARTESIANPOINT((0.,0.,0.));
#12918=IFCDIRECTION((0.,0.,1.));
#12919=IFCDIRECTION((1.,0.,0.));
#12920=IFCAXIS2PLACEMENT3D(#12917,#12918,#12919);
#12921=IFCDIRECTION((0.,0.,1.));
#12922=IFCEXTRUDEDAREASOLID(#12916,#12920,#12921,3000.);
#12923=IFCSHAPEREPRESENTATION(#11,'Body','SweptSolid',(#12922));
#12924=IFCPRODUCTDEFINITIONSHAPE($,$,(#12923));
#12930=IFCCARTESIANPOINT((12000.,12000.,9000.));
#12931=IFCDIRECTION((0.,0.,1.));
#12932=IFCDIRECTION((1.,0.,0.));
#12933=IFCAXIS2PLACEMENT3D(#12930,#12931,#12932);
#12934=IFCLOCALPLACEMENT($,#12933);
#12935=IFCPROPERTYSET('2F0FbHkdzAhBRMdEZQUnbg',$,'Other',$,(#12937,#12938,#12939));
#12936=IFCRELDEFINESBYPROPERTIES('1uZFoAzp99KeMA_SL5Z9K6',$,$,$,(#12913),#12935);
#12937=IFCPROPERTYSINGLEVALUE('Ax',$,IFCLABEL('0.001'),$);
#12938=IFCPROPERTYSINGLEVALUE('Ay',$,IFCLABEL('0.001'),$);
#12939=IFCPROPERTYSINGLEVALUE('Section',$,IFCLABEL('Rect'),$);
#12940=IFCCOLUMN('0JR5EtV5v2JwbGQ2j_onBg',$,$,$,$,#12961,#12951,$,$);
#12941=IFCCARTESIANPOINTLIST2D(((-200.,-200.),(200.,-200.),(200.,200.),(-200.,200.)));
#12942=IFCINDEXEDPOLYCURVE(#12941,(IFCLINEINDEX((1,2,3,4,1))),$);
#12943=IFCARBITRARYCLOSEDPROFILEDEF(.AREA.,'Arbitrary',#12942);
#12944=IFCCARTESIANPOINT((0.,0.,0.));
#12945=IFCDIRECTION((0.,0.,1.));
#12946=IFCDIRECTION((1.,0.,0.));
#12947=IFCAXIS2PLACEMENT3D(#12944,#12945,#12946);
#12948=IFCDIRECTION((0.,0.,1.));
#12949=IFCEXTRUDEDAREASOLID(#12943,#12947,#12948,3000.);
#12950=IFCSHAPEREPRESENTATION(#11,'Body','SweptSolid',(#12949));
#12951=IFCPRODUCTDEFINITIONSHAPE($,$,(#12950));
#12957=IFCCARTESIANPOINT((12000.,18000.,9000.));
#12958=IFCDIRECTION((0.,0.,1.));
#12959=IFCDIRECTION((1.,0.,0.));
#12960=IFCAXIS2PLACEMENT3D(#12957,#12958,#12959);
#12961=IFCLOCALPLACEMENT($,#12960);
#12962=IFCPROPERTYSET('0HfxAmgL97qhEp09y3wR3O',$,'Other',$,(#12964,#12965,#12966));
#12963=IFCRELDEFINESBYPROPERTIES('1GMRa3GXv6h8umP_McEvwo',$,$,$,(#12940),#12962);
#12964=IFCPROPERTYSINGLEVALUE('Ax',$,IFCLABEL('0.001'),$);
#12965=IFCPROPERTYSINGLEVALUE('Ay',$,IFCLABEL('0.001'),$);
#12966=IFCPROPERTYSINGLEVALUE('Section',$,IFCLABEL('Rect'),$);
#12967=IFCCOLUMN('0Z$9AyJt9AZhLRVolSlWpx',$,$,$,$,#12988,#12978,$,$);
#12968=IFCCARTESIANPOINTLIST2D(((-200.,-200.),(200.,-200.),(200.,200.),(-200.,200.)));
#12969=IFCINDEXEDPOLYCURVE(#12968,(IFCLINEINDEX((1,2,3,4,1))),$);
#12970=IFCARBITRARYCLOSEDPROFILEDEF(.AREA.,'Arbitrary',#12969);
#12971=IFCCARTESIANPOINT((0.,0.,0.));
#12972=IFCDIRECTION((0.,0.,1.));
#12973=IFCDIRECTION((1.,0.,0.));
#12974=IFCAXIS2PLACEMENT3D(#12971,#12972,#12973);
#12975=IFCDIRECTION((0.,0.,1.));
#12976=IFCEXTRUDEDAREASOLID(#12970,#12974,#12975,3000.);
#12977=IFCSHAPEREPRESENTATION(#11,'Body','SweptSolid',(#12976));
#12978=IFCPRODUCTDEFINITIONSHAPE($,$,(#12977));
#12984=IFCCARTESIANPOINT((18000.,12000.,9000.));
#12985=IFCDIRECTION((0.,0.,1.));
#12986=IFCDIRECTION((1.,0.,0.));
#12987=IFCAXIS2PLACEMENT3D(#12984,#12985,#12986);
#12988=IFCLOCALPLACEMENT($,#12987);
#12989=IFCPROPERTYSET('1GxCKHzyn2f9uUDrhGLi3x',$,'Other',$,(#12991,#12992,#12993));
#12990=IFCRELDEFINESBYPROPERTIES('3R$gZAadr6exq$bq5MCk3C',$,$,$,(#12967),#12989);
#12991=IFCPROPERTYSINGLEVALUE('Ax',$,IFCLABEL('0.001'),$);
#12992=IFCPROPERTYSINGLEVALUE('Ay',$,IFCLABEL('0.001'),$);
#12993=IFCPROPERTYSINGLEVALUE('Section',$,IFCLABEL('Rect'),$);
#12994=IFCCOLUMN('34mSWQW5v0iBRic1IG$t6w',$,$,$,$,#13015,#13005,$,$);
#12995=IFCCARTESIANPOINTLIST2D(((-200.,-200.),(200.,-200.),(200.,200.),(-200.,200.)));
#12996=IFCINDEXEDPOLYCURVE(#12995,(IFCLINEINDEX((1,2,3,4,1))),$);
#12997=IFCARBITRARYCLOSEDPROFILEDEF(.AREA.,'Arbitrary',#12996);
#12998=IFCCARTESIANPOINT((0.,0.,0.));
#12999=IFCDIRECTION((0.,0.,1.));
#13000=IFCDIRECTION((1.,0.,0.));
#13001=IFCAXIS2PLACEMENT3D(#12998,#12999,#13000);
#13002=IFCDIRECTION((0.,0.,1.));
#13003=IFCEXTRUDEDAREASOLID(#12997,#13001,#13002,3000.);
#13004=IFCSHAPEREPRESENTATION(#11,'Body','SweptSolid',(#13003));
#13005=IFCPRODUCTDEFINITIONSHAPE($,$,(#13004));
#13011=IFCCARTESIANPOINT((18000.,18000.,9000.));
#13012=IFCDIRECTION((0.,0.,1.));
#13013=IFCDIRECTION((1.,0.,0.));
#13014=IFCAXIS2PLACEMENT3D(#13011,#13012,#13013);
#13015=IFCLOCALPLACEMENT($,#13014);
#13016=IFCPROPERTYSET('0NTYmdeMbBaQZNgPR7ZDwP',$,'Other',$,(#13018,#13019,#13020));
#13017=IFCRELDEFINESBYPROPERTIES('0XFEM20YPBj9eLeivo_LkM',$,$,$,(#12994),#13016);
#13018=IFCPROPERTYSINGLEVALUE('Ax',$,IFCLABEL('0.001'),$);
#13019=IFCPROPERTYSINGLEVALUE('Ay',$,IFCLABEL('0.001'),$);
#13020=IFCPROPERTYSINGLEVALUE('Section',$,IFCLABEL('Rect'),$);
#13021=IFCCOLUMN('0Z0D9i6Jv6JOdgmrJppc86',$,$,$,$,#13042,#13032,$,$);
#13022=IFCCARTESIANPOINTLIST2D(((-200.,-200.),(200.,-200.),(200.,200.),(-200.,200.)));
#13023=IFCINDEXEDPOLYCURVE(#13022,(IFCLINEINDEX((1,2,3,4,1))),$);
#13024=IFCARBITRARYCLOSEDPROFILEDEF(.AREA.,'Arbitrary',#13023);
#13025=IFCCARTESIANPOINT((0.,0.,0.));
#13026=IFCDIRECTION((0.,0.,1.));
#13027=IFCDIRECTION((1.,0.,0.));
#13028=IFCAXIS2PLACEMENT3D(#13025,#13026,#13027);
#13029=IFCDIRECTION((0.,0.,1.));
#13030=IFCEXTRUDEDAREASOLID(#13024,#13028,#13029,3000.);
#13031=IFCSHAPEREPRESENTATION(#11,'Body','SweptSolid',(#13030));
#13032=IFCPRODUCTDEFINITIONSHAPE($,$,(#13031));
#13038=IFCCARTESIANPOINT((24000.,18000.,9000.));
#13039=IFCDIRECTION((0.,0.,1.));
#13040=IFCDIRECTION((1.,0.,0.));
#13041=IFCAXIS2PLACEMENT3D(#13038,#13039,#13040);
#13042=IFCLOCALPLACEMENT($,#13041);
#13043=IFCPROPERTYSET('049XXW8RD6ffZ_BQrfTwGx',$,'Other',$,(#13045,#13046,#13047));
#13044=IFCRELDEFINESBYPROPERTIES('3Cg59MBDv2ix_SttlpiHgK',$,$,$,(#13021),#13043);
#13045=IFCPROPERTYSINGLEVALUE('Ax',$,IFCLABEL('0.001'),$);
#13046=IFCPROPERTYSINGLEVALUE('Ay',$,IFCLABEL('0.001'),$);
#13047=IFCPROPERTYSINGLEVALUE('Section',$,IFCLABEL('Rect'),$);
#13048=IFCCOLUMN('0P4sE6LWnA_OYctzAbHMWb',$,$,$,$,#13069,#13059,$,$);
#13049=IFCCARTESIANPOINTLIST2D(((-200.,-200.),(200.,-200.),(200.,200.),(-200.,200.)));
#13050=IFCINDEXEDPOLYCURVE(#13049,(IFCLINEINDEX((1,2,3,4,1))),$);
#13051=IFCARBITRARYCLOSEDPROFILEDEF(.AREA.,'Arbitrary',#13050);
#13052=IFCCARTESIANPOINT((0.,0.,0.));
#13053=IFCDIRECTION((0.,0.,1.));
#13054=IFCDIRECTION((1.,0.,0.));
#13055=IFCAXIS2PLACEMENT3D(#13052,#13053,#13054);
#13056=IFCDIRECTION((0.,0.,1.));
#13057=IFCEXTRUDEDAREASOLID(#13051,#13055,#13056,3000.);
#13058=IFCSHAPEREPRESENTATION(#11,'Body','SweptSolid',(#13057));
#13059=IFCPRODUCTDEFINITIONSHAPE($,$,(#13058));
#13065=IFCCARTESIANPOINT((30000.,18000.,9000.));
#13066=IFCDIRECTION((0.,0.,1.));
#13067=IFCDIRECTION((1.,0.,0.));
#13068=IFCAXIS2PLACEMENT3D(#13065,#13066,#13067);
#13069=IFCLOCALPLACEMENT($,#13068);
#13070=IFCPROPERTYSET('0ma4FbEwL3FBHl6KqTuWnp',$,'Other',$,(#13072,#13073,#13074));
#13071=IFCRELDEFINESBYPROPERTIES('28YUyQpx1CBfMky_Xxi0vq',$,$,$,(#13048),#13070);
#13072=IFCPROPERTYSINGLEVALUE('Ax',$,IFCLABEL('0.001'),$);
#13073=IFCPROPERTYSINGLEVALUE('Ay',$,IFCLABEL('0.001'),$);
#13074=IFCPROPERTYSINGLEVALUE('Section',$,IFCLABEL('Rect'),$);
#13075=IFCCOLUMN('3Qh_4UmEnDhxshblx3khJE',$,$,$,$,#13096,#13086,$,$);
#13076=IFCCARTESIANPOINTLIST2D(((-200.,-200.),(200.,-200.),(200.,200.),(-200.,200.)));
#13077=IFCINDEXEDPOLYCURVE(#13076,(IFCLINEINDEX((1,2,3,4,1))),$);
#13078=IFCARBITRARYCLOSEDPROFILEDEF(.AREA.,'Arbitrary',#13077);
#13079=IFCCARTESIANPOINT((0.,0.,0.));
#13080=IFCDIRECTION((0.,0.,1.));
#13081=IFCDIRECTION((1.,0.,0.));
#13082=IFCAXIS2PLACEMENT3D(#13079,#13080,#13081);
#13083=IFCDIRECTION((0.,0.,1.));
#13084=IFCEXTRUDEDAREASOLID(#13078,#13082,#13083,3000.);
#13085=IFCSHAPEREPRESENTATION(#11,'Body','SweptSolid',(#13084));
#13086=IFCPRODUCTDEFINITIONSHAPE($,$,(#13085));
#13092=IFCCARTESIANPOINT((18000.,0.,9000.));
#13093=IFCDIRECTION((0.,0.,1.));
#13094=IFCDIRECTION((1.,0.,0.));
#13095=IFCAXIS2PLACEMENT3D(#13092,#13093,#13094);
#13096=IFCLOCALPLACEMENT($,#13095);
#13097=IFCPROPERTYSET('0KNxG7bij28QIq_Q$idQna',$,'Other',$,(#13099,#13100,#13101));
#13098=IFCRELDEFINESBYPROPERTIES('1Dp6tDbSb6h957dic1hZ1L',$,$,$,(#13075),#13097);
#13099=IFCPROPERTYSINGLEVALUE('Ax',$,IFCLABEL('0.001'),$);
#13100=IFCPROPERTYSINGLEVALUE('Ay',$,IFCLABEL('0.001'),$);
#13101=IFCPROPERTYSINGLEVALUE('Section',$,IFCLABEL('Rect'),$);
#13102=IFCCOLUMN('2nt2FVjhv0gfsD8XDpMc67',$,$,$,$,#13123,#13113,$,$);
#13103=IFCCARTESIANPOINTLIST2D(((-200.,-200.),(200.,-200.),(200.,200.),(-200.,200.)));
#13104=IFCINDEXEDPOLYCURVE(#13103,(IFCLINEINDEX((1,2,3,4,1))),$);
#13105=IFCARBITRARYCLOSEDPROFILEDEF(.AREA.,'Arbitrary',#13104);
#13106=IFCCARTESIANPOINT((0.,0.,0.));
#13107=IFCDIRECTION((0.,0.,1.));
#13108=IFCDIRECTION((1.,0.,0.));
#13109=IFCAXIS2PLACEMENT3D(#13106,#13107,#13108);
#13110=IFCDIRECTION((0.,0.,1.));
#13111=IFCEXTRUDEDAREASOLID(#13105,#13109,#13110,3000.);
#13112=IFCSHAPEREPRESENTATION(#11,'Body','SweptSolid',(#13111));
#13113=IFCPRODUCTDEFINITIONSHAPE($,$,(#13112));
#13119=IFCCARTESIANPOINT((18000.,6000.,9000.));
#13120=IFCDIRECTION((0.,0.,1.));
#13121=IFCDIRECTION((1.,0.,0.));
#13122=IFCAXIS2PLACEMENT3D(#13119,#13120,#13121);
#13123=IFCLOCALPLACEMENT($,#13122);
#13124=IFCPROPERTYSET('1$6xDACOH2Kx8wGOS$ItCe',$,'Other',$,(#13126,#13127,#13128));
#13125=IFCRELDEFINESBYPROPERTIES('0$bvfZ3Cz3eAXbzKdDKZ8D',$,$,$,(#13102),#13124);
#13126=IFCPROPERTYSINGLEVALUE('Ax',$,IFCLABEL('0.001'),$);
#13127=IFCPROPERTYSINGLEVALUE('Ay',$,IFCLABEL('0.001'),$);
#13128=IFCPROPERTYSINGLEVALUE('Section',$,IFCLABEL('Rect'),$);
#13129=IFCCOLUMN('1dNGz8jhrDfPOxl5mBdEzi',$,$,$,$,#13150,#13140,$,$);
#13130=IFCCARTESIANPOINTLIST2D(((-200.,-200.),(200.,-200.),(200.,200.),(-200.,200.)));
#13131=IFCINDEXEDPOLYCURVE(#13130,(IFCLINEINDEX((1,2,3,4,1))),$);
#13132=IFCARBITRARYCLOSEDPROFILEDEF(.AREA.,'Arbitrary',#13131);
#13133=IFCCARTESIANPOINT((0.,0.,0.));
#13134=IFCDIRECTION((0.,0.,1.));
#13135=IFCDIRECTION((1.,0.,0.));
#13136=IFCAXIS2PLACEMENT3D(#13133,#13134,#13135);
#13137=IFCDIRECTION((0.,0.,1.));
#13138=IFCEXTRUDEDAREASOLID(#13132,#13136,#13137,3000.);
#13139=IFCSHAPEREPRESENTATION(#11,'Body','SweptSolid',(#13138));
#13140=IFCPRODUCTDEFINITIONSHAPE($,$,(#13139));
#13146=IFCCARTESIANPOINT((24000.,6000.,9000.));
#13147=IFCDIRECTION((0.,0.,1.));
#13148=IFCDIRECTION((1.,0.,0.));
#13149=IFCAXIS2PLACEMENT3D(#13146,#13147,#13148);
#13150=IFCLOCALPLACEMENT($,#13149);
#13151=IFCPROPERTYSET('1VphilMwzDLQaqnkkELew7',$,'Other',$,(#13153,#13154,#13155));
#13152=IFCRELDEFINESBYPROPERTIES('3XVboa2$v3Xg95a6trWp0z',$,$,$,(#13129),#13151);
#13153=IFCPROPERTYSINGLEVALUE('Ax',$,IFCLABEL('0.001'),$);
#13154=IFCPROPERTYSINGLEVALUE('Ay',$,IFCLABEL('0.001'),$);
#13155=IFCPROPERTYSINGLEVALUE('Section',$,IFCLABEL('Rect'),$);
#13156=IFCCOLUMN('0l5MVI6vTBgxtMEUHDVNlc',$,$,$,$,#13177,#13167,$,$);
#13157=IFCCARTESIANPOINTLIST2D(((-200.,-200.),(200.,-200.),(200.,200.),(-200.,200.)));
#13158=IFCINDEXEDPOLYCURVE(#13157,(IFCLINEINDEX((1,2,3,4,1))),$);
#13159=IFCARBITRARYCLOSEDPROFILEDEF(.AREA.,'Arbitrary',#13158);
#13160=IFCCARTESIANPOINT((0.,0.,0.));
#13161=IFCDIRECTION((0.,0.,1.));
#13162=IFCDIRECTION((1.,0.,0.));
#13163=IFCAXIS2PLACEMENT3D(#13160,#13161,#13162);
#13164=IFCDIRECTION((0.,0.,1.));
#13165=IFCEXTRUDEDAREASOLID(#13159,#13163,#13164,3000.);
#13166=IFCSHAPEREPRESENTATION(#11,'Body','SweptSolid',(#13165));
#13167=IFCPRODUCTDEFINITIONSHAPE($,$,(#13166));
#13173=IFCCARTESIANPOINT((12000.,0.,9000.));
#13174=IFCDIRECTION((0.,0.,1.));
#13175=IFCDIRECTION((1.,0.,0.));
#13176=IFCAXIS2PLACEMENT3D(#13173,#13174,#13175);
#13177=IFCLOCALPLACEMENT($,#13176);
#13178=IFCPROPERTYSET('1Qr$TLkwnFPhWEe4dN865F',$,'Other',$,(#13180,#13181,#13182));
#13179=IFCRELDEFINESBYPROPERTIES('2Lvddwf_TFGRbROSeBFuan',$,$,$,(#13156),#13178);
#13180=IFCPROPERTYSINGLEVALUE('Ax',$,IFCLABEL('0.001'),$);
#13181=IFCPROPERTYSINGLEVALUE('Ay',$,IFCLABEL('0.001'),$);
#13182=IFCPROPERTYSINGLEVALUE('Section',$,IFCLABEL('Rect'),$);
#13183=IFCCOLUMN('3PntykpQ51ZRN_S3nKfs44',$,$,$,$,#13204,#13194,$,$);
#13184=IFCCARTESIANPOINTLIST2D(((-200.,-200.),(200.,-200.),(200.,200.),(-200.,200.)));
#13185=IFCINDEXEDPOLYCURVE(#13184,(IFCLINEINDEX((1,2,3,4,1))),$);
#13186=IFCARBITRARYCLOSEDPROFILEDEF(.AREA.,'Arbitrary',#13185);
#13187=IFCCARTESIANPOINT((0.,0.,0.));
#13188=IFCDIRECTION((0.,0.,1.));
#13189=IFCDIRECTION((1.,0.,0.));
#13190=IFCAXIS2PLACEMENT3D(#13187,#13188,#13189);
#13191=IFCDIRECTION((0.,0.,1.));
#13192=IFCEXTRUDEDAREASOLID(#13186,#13190,#13191,3000.);
#13193=IFCSHAPEREPRESENTATION(#11,'Body','SweptSolid',(#13192));
#13194=IFCPRODUCTDEFINITIONSHAPE($,$,(#13193));
#13200=IFCCARTESIANPOINT((12000.,6000.,9000.));
#13201=IFCDIRECTION((0.,0.,1.));
#13202=IFCDIRECTION((1.,0.,0.));
#13203=IFCAXIS2PLACEMENT3D(#13200,#13201,#13202);
#13204=IFCLOCALPLACEMENT($,#13203);
#13205=IFCPROPERTYSET('327kU2qSb3OAtS0TniXTqI',$,'Other',$,(#13207,#13208,#13209));
#13206=IFCRELDEFINESBYPROPERTIES('3y1E$bOXHDtQyznD4uWOTC',$,$,$,(#13183),#13205);
#13207=IFCPROPERTYSINGLEVALUE('Ax',$,IFCLABEL('0.001'),$);
#13208=IFCPROPERTYSINGLEVALUE('Ay',$,IFCLABEL('0.001'),$);
#13209=IFCPROPERTYSINGLEVALUE('Section',$,IFCLABEL('Rect'),$);
#13210=IFCCOLUMN('32sH22rib1Vf7viBUqscFO',$,$,$,$,#13231,#13221,$,$);
#13211=IFCCARTESIANPOINTLIST2D(((-200.,-200.),(200.,-200.),(200.,200.),(-200.,200.)));
#13212=IFCINDEXEDPOLYCURVE(#13211,(IFCLINEINDEX((1,2,3,4,1))),$);
#13213=IFCARBITRARYCLOSEDPROFILEDEF(.AREA.,'Arbitrary',#13212);
#13214=IFCCARTESIANPOINT((0.,0.,0.));
#13215=IFCDIRECTION((0.,0.,1.));
#13216=IFCDIRECTION((1.,0.,0.));
#13217=IFCAXIS2PLACEMENT3D(#13214,#13215,#13216);
#13218=IFCDIRECTION((0.,0.,1.));
#13219=IFCEXTRUDEDAREASOLID(#13213,#13217,#13218,3000.);
#13220=IFCSHAPEREPRESENTATION(#11,'Body','SweptSolid',(#13219));
#13221=IFCPRODUCTDEFINITIONSHAPE($,$,(#13220));
#13227=IFCCARTESIANPOINT((0.,12000.,6000.));
#13228=IFCDIRECTION((0.,0.,1.));
#13229=IFCDIRECTION((1.,0.,0.));
#13230=IFCAXIS2PLACEMENT3D(#13227,#13228,#13229);
#13231=IFCLOCALPLACEMENT($,#13230);
#13232=IFCPROPERTYSET('2LRWPS18fEHBWF$3TvoIjE',$,'Other',$,(#13234,#13235,#13236));
#13233=IFCRELDEFINESBYPROPERTIES('3L$Is9dz1B88jK6QiE4zVM',$,$,$,(#13210),#13232);
#13234=IFCPROPERTYSINGLEVALUE('Ax',$,IFCLABEL('0.001'),$);
#13235=IFCPROPERTYSINGLEVALUE('Ay',$,IFCLABEL('0.001'),$);
#13236=IFCPROPERTYSINGLEVALUE('Section',$,IFCLABEL('Rect'),$);
#13237=IFCCOLUMN('0$uuzRA7DAM87gt5AgrQ1q',$,$,$,$,#13258,#13248,$,$);
#13238=IFCCARTESIANPOINTLIST2D(((-200.,-200.),(200.,-200.),(200.,200.),(-200.,200.)));
#13239=IFCINDEXEDPOLYCURVE(#13238,(IFCLINEINDEX((1,2,3,4,1))),$);
#13240=IFCARBITRARYCLOSEDPROFILEDEF(.AREA.,'Arbitrary',#13239);
#13241=IFCCARTESIANPOINT((0.,0.,0.));
#13242=IFCDIRECTION((0.,0.,1.));
#13243=IFCDIRECTION((1.,0.,0.));
#13244=IFCAXIS2PLACEMENT3D(#13241,#13242,#13243);
#13245=IFCDIRECTION((0.,0.,1.));
#13246=IFCEXTRUDEDAREASOLID(#13240,#13244,#13245,3000.);
#13247=IFCSHAPEREPRESENTATION(#11,'Body','SweptSolid',(#13246));
#13248=IFCPRODUCTDEFINITIONSHAPE($,$,(#13247));
#13254=IFCCARTESIANPOINT((0.,18000.,6000.));
#13255=IFCDIRECTION((0.,0.,1.));
#13256=IFCDIRECTION((1.,0.,0.));
#13257=IFCAXIS2PLACEMENT3D(#13254,#13255,#13256);
#13258=IFCLOCALPLACEMENT($,#13257);
#13259=IFCPROPERTYSET('18eShFrVf0C8Tz5hLNCv$T',$,'Other',$,(#13261,#13262,#13263));
#13260=IFCRELDEFINESBYPROPERTIES('1Js43baZ50PAZTU4dwYIBy',$,$,$,(#13237),#13259);
#13261=IFCPROPERTYSINGLEVALUE('Ax',$,IFCLABEL('0.001'),$);
#13262=IFCPROPERTYSINGLEVALUE('Ay',$,IFCLABEL('0.001'),$);
#13263=IFCPROPERTYSINGLEVALUE('Section',$,IFCLABEL('Rect'),$);
#13264=IFCCOLUMN('3sv021pXr4HOdm1PV6bmGu',$,$,$,$,#13285,#13275,$,$);
#13265=IFCCARTESIANPOINTLIST2D(((-200.,-200.),(200.,-200.),(200.,200.),(-200.,200.)));
#13266=IFCINDEXEDPOLYCURVE(#13265,(IFCLINEINDEX((1,2,3,4,1))),$);
#13267=IFCARBITRARYCLOSEDPROFILEDEF(.AREA.,'Arbitrary',#13266);
#13268=IFCCARTESIANPOINT((0.,0.,0.));
#13269=IFCDIRECTION((0.,0.,1.));
#13270=IFCDIRECTION((1.,0.,0.));
#13271=IFCAXIS2PLACEMENT3D(#13268,#13269,#13270);
#13272=IFCDIRECTION((0.,0.,1.));
#13273=IFCEXTRUDEDAREASOLID(#13267,#13271,#13272,3000.);
#13274=IFCSHAPEREPRESENTATION(#11,'Body','SweptSolid',(#13273));
#13275=IFCPRODUCTDEFINITIONSHAPE($,$,(#13274));
#13281=IFCCARTESIANPOINT((6000.,12000.,6000.));
#13282=IFCDIRECTION((0.,0.,1.));
#13283=IFCDIRECTION((1.,0.,0.));
#13284=IFCAXIS2PLACEMENT3D(#13281,#13282,#13283);
#13285=IFCLOCALPLACEMENT($,#13284);
#13286=IFCPROPERTYSET('0yTjYTC_b8QgBCtcxYOSF6',$,'Other',$,(#13288,#13289,#13290));
#13287=IFCRELDEFINESBYPROPERTIES('3DwdYXoFnAYxG9FIWP8t1i',$,$,$,(#13264),#13286);
#13288=IFCPROPERTYSINGLEVALUE('Ax',$,IFCLABEL('0.001'),$);
#13289=IFCPROPERTYSINGLEVALUE('Ay',$,IFCLABEL('0.001'),$);
#13290=IFCPROPERTYSINGLEVALUE('Section',$,IFCLABEL('Rect'),$);
#13291=IFCCOLUMN('1PSFwg_d16JOU6BA2jAirB',$,$,$,$,#13312,#13302,$,$);
#13292=IFCCARTESIANPOINTLIST2D(((-200.,-200.),(200.,-200.),(200.,200.),(-200.,200.)));
#13293=IFCINDEXEDPOLYCURVE(#13292,(IFCLINEINDEX((1,2,3,4,1))),$);
#13294=IFCARBITRARYCLOSEDPROFILEDEF(.AREA.,'Arbitrary',#13293);
#13295=IFCCARTESIANPOINT((0.,0.,0.));
#13296=IFCDIRECTION((0.,0.,1.));
#13297=IFCDIRECTION((1.,0.,0.));
#13298=IFCAXIS2PLACEMENT3D(#13295,#13296,#13297);
#13299=IFCDIRECTION((0.,0.,1.));
#13300=IFCEXTRUDEDAREASOLID(#13294,#13298,#13299,3000.);
#13301=IFCSHAPEREPRESENTATION(#11,'Body','SweptSolid',(#13300));
#13302=IFCPRODUCTDEFINITIONSHAPE($,$,(#13301));
#13308=IFCCARTESIANPOINT((6000.,18000.,6000.));
#13309=IFCDIRECTION((0.,0.,1.));
#13310=IFCDIRECTION((1.,0.,0.));
#13311=IFCAXIS2PLACEMENT3D(#13308,#13309,#13310);
#13312=IFCLOCALPLACEMENT($,#13311);
#13313=IFCPROPERTYSET('11798y7_vAxw9hj_DrBpLQ',$,'Other',$,(#13315,#13316,#13317));
#13314=IFCRELDEFINESBYPROPERTIES('2A0MMVxKr298lWpfkIBZUG',$,$,$,(#13291),#13313);
#13315=IFCPROPERTYSINGLEVALUE('Ax',$,IFCLABEL('0.001'),$);
#13316=IFCPROPERTYSINGLEVALUE('Ay',$,IFCLABEL('0.001'),$);
#13317=IFCPROPERTYSINGLEVALUE('Section',$,IFCLABEL('Rect'),$);
#13318=IFCCOLUMN('1WxT$BFJz8ywlxNbP28lvM',$,$,$,$,#13339,#13329,$,$);
#13319=IFCCARTESIANPOINTLIST2D(((-200.,-200.),(200.,-200.),(200.,200.),(-200.,200.)));
#13320=IFCINDEXEDPOLYCURVE(#13319,(IFCLINEINDEX((1,2,3,4,1))),$);
#13321=IFCARBITRARYCLOSEDPROFILEDEF(.AREA.,'Arbitrary',#13320);
#13322=IFCCARTESIANPOINT((0.,0.,0.));
#13323=IFCDIRECTION((0.,0.,1.));
#13324=IFCDIRECTION((1.,0.,0.));
#13325=IFCAXIS2PLACEMENT3D(#13322,#13323,#13324);
#13326=IFCDIRECTION((0.,0.,1.));
#13327=IFCEXTRUDEDAREASOLID(#13321,#13325,#13326,3000.);
#13328=IFCSHAPEREPRESENTATION(#11,'Body','SweptSolid',(#13327));
#13329=IFCPRODUCTDEFINITIONSHAPE($,$,(#13328));
#13335=IFCCARTESIANPOINT((12000.,12000.,6000.));
#13336=IFCDIRECTION((0.,0.,1.));
#13337=IFCDIRECTION((1.,0.,0.));
#13338=IFCAXIS2PLACEMENT3D(#13335,#13336,#13337);
#13339=IFCLOCALPLACEMENT($,#13338);
#13340=IFCPROPERTYSET('2y_DoTI$9B_97fkLYzDMg5',$,'Other',$,(#13342,#13343,#13344));
#13341=IFCRELDEFINESBYPROPERTIES('0LTQMpuD50hfCOtsb$P5XW',$,$,$,(#13318),#13340);
#13342=IFCPROPERTYSINGLEVALUE('Ax',$,IFCLABEL('0.001'),$);
#13343=IFCPROPERTYSINGLEVALUE('Ay',$,IFCLABEL('0.001'),$);
#13344=IFCPROPERTYSINGLEVALUE('Section',$,IFCLABEL('Rect'),$);
#13345=IFCCOLUMN('0D95w$EcL8Be$wk9rVgH$e',$,$,$,$,#13366,#13356,$,$);
#13346=IFCCARTESIANPOINTLIST2D(((-200.,-200.),(200.,-200.),(200.,200.),(-200.,200.)));
#13347=IFCINDEXEDPOLYCURVE(#13346,(IFCLINEINDEX((1,2,3,4,1))),$);
#13348=IFCARBITRARYCLOSEDPROFILEDEF(.AREA.,'Arbitrary',#13347);
#13349=IFCCARTESIANPOINT((0.,0.,0.));
#13350=IFCDIRECTION((0.,0.,1.));
#13351=IFCDIRECTION((1.,0.,0.));
#13352=IFCAXIS2PLACEMENT3D(#13349,#13350,#13351);
#13353=IFCDIRECTION((0.,0.,1.));
#13354=IFCEXTRUDEDAREASOLID(#13348,#13352,#13353,3000.);
#13355=IFCSHAPEREPRESENTATION(#11,'Body','SweptSolid',(#13354));
#13356=IFCPRODUCTDEFINITIONSHAPE($,$,(#13355));
#13362=IFCCARTESIANPOINT((12000.,18000.,6000.));
#13363=IFCDIRECTION((0.,0.,1.));
#13364=IFCDIRECTION((1.,0.,0.));
#13365=IFCAXIS2PLACEMENT3D(#13362,#13363,#13364);
#13366=IFCLOCALPLACEMENT($,#13365);
#13367=IFCPROPERTYSET('0$3bDogITBNg$V_ROE2Czg',$,'Other',$,(#13369,#13370,#13371));
#13368=IFCRELDEFINESBYPROPERTIES('3SAElqaRTDduxT8KcYzDBD',$,$,$,(#13345),#13367);
#13369=IFCPROPERTYSINGLEVALUE('Ax',$,IFCLABEL('0.001'),$);
#13370=IFCPROPERTYSINGLEVALUE('Ay',$,IFCLABEL('0.001'),$);
#13371=IFCPROPERTYSINGLEVALUE('Section',$,IFCLABEL('Rect'),$);
#13372=IFCCOLUMN('2Lv9zaQXD2aQFqkj8bMgLD',$,$,$,$,#13393,#13383,$,$);
#13373=IFCCARTESIANPOINTLIST2D(((-200.,-200.),(200.,-200.),(200.,200.),(-200.,200.)));
#13374=IFCINDEXEDPOLYCURVE(#13373,(IFCLINEINDEX((1,2,3,4,1))),$);
#13375=IFCARBITRARYCLOSEDPROFILEDEF(.AREA.,'Arbitrary',#13374);
#13376=IFCCARTESIANPOINT((0.,0.,0.));
#13377=IFCDIRECTION((0.,0.,1.));
#13378=IFCDIRECTION((1.,0.,0.));
#13379=IFCAXIS2PLACEMENT3D(#13376,#13377,#13378);
#13380=IFCDIRECTION((0.,0.,1.));
#13381=IFCEXTRUDEDAREASOLID(#13375,#13379,#13380,3000.);
#13382=IFCSHAPEREPRESENTATION(#11,'Body','SweptSolid',(#13381));
#13383=IFCPRODUCTDEFINITIONSHAPE($,$,(#13382));
#13389=IFCCARTESIANPOINT((18000.,12000.,6000.));
#13390=IFCDIRECTION((0.,0.,1.));
#13391=IFCDIRECTION((1.,0.,0.));
#13392=IFCAXIS2PLACEMENT3D(#13389,#13390,#13391);
#13393=IFCLOCALPLACEMENT($,#13392);
#13394=IFCPROPERTYSET('1RGGQ4TjH5H8pVhj80xyxO',$,'Other',$,(#13396,#13397,#13398));
#13395=IFCRELDEFINESBYPROPERTIES('3l8hjmzOrEzg9BBTKYrH1U',$,$,$,(#13372),#13394);
#13396=IFCPROPERTYSINGLEVALUE('Ax',$,IFCLABEL('0.001'),$);
#13397=IFCPROPERTYSINGLEVALUE('Ay',$,IFCLABEL('0.001'),$);
#13398=IFCPROPERTYSINGLEVALUE('Section',$,IFCLABEL('Rect'),$);
#13399=IFCCOLUMN('3B1P4mK_v739h0$Siob8Ni',$,$,$,$,#13420,#13410,$,$);
#13400=IFCCARTESIANPOINTLIST2D(((-200.,-200.),(200.,-200.),(200.,200.),(-200.,200.)));
#13401=IFCINDEXEDPOLYCURVE(#13400,(IFCLINEINDEX((1,2,3,4,1))),$);
#13402=IFCARBITRARYCLOSEDPROFILEDEF(.AREA.,'Arbitrary',#13401);
#13403=IFCCARTESIANPOINT((0.,0.,0.));
#13404=IFCDIRECTION((0.,0.,1.));
#13405=IFCDIRECTION((1.,0.,0.));
#13406=IFCAXIS2PLACEMENT3D(#13403,#13404,#13405);
#13407=IFCDIRECTION((0.,0.,1.));
#13408=IFCEXTRUDEDAREASOLID(#13402,#13406,#13407,3000.);
#13409=IFCSHAPEREPRESENTATION(#11,'Body','SweptSolid',(#13408));
#13410=IFCPRODUCTDEFINITIONSHAPE($,$,(#13409));
#13416=IFCCARTESIANPOINT((18000.,18000.,6000.));
#13417=IFCDIRECTION((0.,0.,1.));
#13418=IFCDIRECTION((1.,0.,0.));
#13419=IFCAXIS2PLACEMENT3D(#13416,#13417,#13418);
#13420=IFCLOCALPLACEMENT($,#13419);
#13421=IFCPROPERTYSET('3CKiLYB65CBf6fyTPBj4BN',$,'Other',$,(#13423,#13424,#13425));
#13422=IFCRELDEFINESBYPROPERTIES('1J0JTehYX02PZuUoordl6d',$,$,$,(#13399),#13421);
#13423=IFCPROPERTYSINGLEVALUE('Ax',$,IFCLABEL('0.001'),$);
#13424=IFCPROPERTYSINGLEVALUE('Ay',$,IFCLABEL('0.001'),$);
#13425=IFCPROPERTYSINGLEVALUE('Section',$,IFCLABEL('Rect'),$);
#13426=IFCCOLUMN('01e0qH9aP2cedIV$WXKufN',$,$,$,$,#13447,#13437,$,$);
#13427=IFCCARTESIANPOINTLIST2D(((-200.,-200.),(200.,-200.),(200.,200.),(-200.,200.)));
#13428=IFCINDEXEDPOLYCURVE(#13427,(IFCLINEINDEX((1,2,3,4,1))),$);
#13429=IFCARBITRARYCLOSEDPROFILEDEF(.AREA.,'Arbitrary',#13428);
#13430=IFCCARTESIANPOINT((0.,0.,0.));
#13431=IFCDIRECTION((0.,0.,1.));
#13432=IFCDIRECTION((1.,0.,0.));
#13433=IFCAXIS2PLACEMENT3D(#13430,#13431,#13432);
#13434=IFCDIRECTION((0.,0.,1.));
#13435=IFCEXTRUDEDAREASOLID(#13429,#13433,#13434,3000.);
#13436=IFCSHAPEREPRESENTATION(#11,'Body','SweptSolid',(#13435));
#13437=IFCPRODUCTDEFINITIONSHAPE($,$,(#13436));
#13443=IFCCARTESIANPOINT((24000.,18000.,6000.));
#13444=IFCDIRECTION((0.,0.,1.));
#13445=IFCDIRECTION((1.,0.,0.));
#13446=IFCAXIS2PLACEMENT3D(#13443,#13444,#13445);
#13447=IFCLOCALPLACEMENT($,#13446);
#13448=IFCPROPERTYSET('0pF75kx6r0DwSWOjN6Dr92',$,'Other',$,(#13450,#13451,#13452));
#13449=IFCRELDEFINESBYPROPERTIES('0R3Fe2NRr3IRgrbpl_iWcu',$,$,$,(#13426),#13448);
#13450=IFCPROPERTYSINGLEVALUE('Ax',$,IFCLABEL('0.001'),$);
#13451=IFCPROPERTYSINGLEVALUE('Ay',$,IFCLABEL('0.001'),$);
#13452=IFCPROPERTYSINGLEVALUE('Section',$,IFCLABEL('Rect'),$);
#13453=IFCCOLUMN('1Gs$mo$$f0keQXh$YY5SUo',$,$,$,$,#13474,#13464,$,$);
#13454=IFCCARTESIANPOINTLIST2D(((-200.,-200.),(200.,-200.),(200.,200.),(-200.,200.)));
#13455=IFCINDEXEDPOLYCURVE(#13454,(IFCLINEINDEX((1,2,3,4,1))),$);
#13456=IFCARBITRARYCLOSEDPROFILEDEF(.AREA.,'Arbitrary',#13455);
#13457=IFCCARTESIANPOINT((0.,0.,0.));
#13458=IFCDIRECTION((0.,0.,1.));
#13459=IFCDIRECTION((1.,0.,0.));
#13460=IFCAXIS2PLACEMENT3D(#13457,#13458,#13459);
#13461=IFCDIRECTION((0.,0.,1.));
#13462=IFCEXTRUDEDAREASOLID(#13456,#13460,#13461,3000.);
#13463=IFCSHAPEREPRESENTATION(#11,'Body','SweptSolid',(#13462));
#13464=IFCPRODUCTDEFINITIONSHAPE($,$,(#13463));
#13470=IFCCARTESIANPOINT((30000.,18000.,6000.));
#13471=IFCDIRECTION((0.,0.,1.));
#13472=IFCDIRECTION((1.,0.,0.));
#13473=IFCAXIS2PLACEMENT3D(#13470,#13471,#13472);
#13474=IFCLOCALPLACEMENT($,#13473);
#13475=IFCPROPERTYSET('250gHIS6PD1fdpAn59oDXX',$,'Other',$,(#13477,#13478,#13479));
#13476=IFCRELDEFINESBYPROPERTIES('3ml5AdpcrCHuelNxuzFqLt',$,$,$,(#13453),#13475);
#13477=IFCPROPERTYSINGLEVALUE('Ax',$,IFCLABEL('0.001'),$);
#13478=IFCPROPERTYSINGLEVALUE('Ay',$,IFCLABEL('0.001'),$);
#13479=IFCPROPERTYSINGLEVALUE('Section',$,IFCLABEL('Rect'),$);
#13480=IFCCOLUMN('0q2llqXA9B3fZT5wTnqq7y',$,$,$,$,#13501,#13491,$,$);
#13481=IFCCARTESIANPOINTLIST2D(((-200.,-200.),(200.,-200.),(200.,200.),(-200.,200.)));
#13482=IFCINDEXEDPOLYCURVE(#13481,(IFCLINEINDEX((1,2,3,4,1))),$);
#13483=IFCARBITRARYCLOSEDPROFILEDEF(.AREA.,'Arbitrary',#13482);
#13484=IFCCARTESIANPOINT((0.,0.,0.));
#13485=IFCDIRECTION((0.,0.,1.));
#13486=IFCDIRECTION((1.,0.,0.));
#13487=IFCAXIS2PLACEMENT3D(#13484,#13485,#13486);
#13488=IFCDIRECTION((0.,0.,1.));
#13489=IFCEXTRUDEDAREASOLID(#13483,#13487,#13488,3000.);
#13490=IFCSHAPEREPRESENTATION(#11,'Body','SweptSolid',(#13489));
#13491=IFCPRODUCTDEFINITIONSHAPE($,$,(#13490));
#13497=IFCCARTESIANPOINT((18000.,0.,6000.));
#13498=IFCDIRECTION((0.,0.,1.));
#13499=IFCDIRECTION((1.,0.,0.));
#13500=IFCAXIS2PLACEMENT3D(#13497,#13498,#13499);
#13501=IFCLOCALPLACEMENT($,#13500);
#13502=IFCPROPERTYSET('2l5xuVVMD3IumJh9Y$3qSM',$,'Other',$,(#13504,#13505,#13506));
#13503=IFCRELDEFINESBYPROPERTIES('1w6NxSMcHFAu8xaEveIKNu',$,$,$,(#13480),#13502);
#13504=IFCPROPERTYSINGLEVALUE('Ax',$,IFCLABEL('0.001'),$);
#13505=IFCPROPERTYSINGLEVALUE('Ay',$,IFCLABEL('0.001'),$);
#13506=IFCPROPERTYSINGLEVALUE('Section',$,IFCLABEL('Rect'),$);
#13507=IFCCOLUMN('3IufGPQi93JgRmoGo6gCxf',$,$,$,$,#13528,#13518,$,$);
#13508=IFCCARTESIANPOINTLIST2D(((-200.,-200.),(200.,-200.),(200.,200.),(-200.,200.)));
#13509=IFCINDEXEDPOLYCURVE(#13508,(IFCLINEINDEX((1,2,3,4,1))),$);
#13510=IFCARBITRARYCLOSEDPROFILEDEF(.AREA.,'Arbitrary',#13509);
#13511=IFCCARTESIANPOINT((0.,0.,0.));
#13512=IFCDIRECTION((0.,0.,1.));
#13513=IFCDIRECTION((1.,0.,0.));
#13514=IFCAXIS2PLACEMENT3D(#13511,#13512,#13513);
#13515=IFCDIRECTION((0.,0.,1.));
#13516=IFCEXTRUDEDAREASOLID(#13510,#13514,#13515,3000.);
#13517=IFCSHAPEREPRESENTATION(#11,'Body','SweptSolid',(#13516));
#13518=IFCPRODUCTDEFINITIONSHAPE($,$,(#13517));
#13524=IFCCARTESIANPOINT((18000.,6000.,6000.));
#13525=IFCDIRECTION((0.,0.,1.));
#13526=IFCDIRECTION((1.,0.,0.));
#13527=IFCAXIS2PLACEMENT3D(#13524,#13525,#13526);
#13528=IFCLOCALPLACEMENT($,#13527);
#13529=IFCPROPERTYSET('0bIJKLA5HCgRtodBZ3OgyJ',$,'Other',$,(#13531,#13532,#13533));
#13530=IFCRELDEFINESBYPROPERTIES('2_UZcXNG53n9GO5emuDrPO',$,$,$,(#13507),#13529);
#13531=IFCPROPERTYSINGLEVALUE('Ax',$,IFCLABEL('0.001'),$);
#13532=IFCPROPERTYSINGLEVALUE('Ay',$,IFCLABEL('0.001'),$);
#13533=IFCPROPERTYSINGLEVALUE('Section',$,IFCLABEL('Rect'),$);
#13534=IFCCOLUMN('1FEDHq5df4cAk61s0Pi6i_',$,$,$,$,#13555,#13545,$,$);
#13535=IFCCARTESIANPOINTLIST2D(((-200.,-200.),(200.,-200.),(200.,200.),(-200.,200.)));
#13536=IFCINDEXEDPOLYCURVE(#13535,(IFCLINEINDEX((1,2,3,4,1))),$);
#13537=IFCARBITRARYCLOSEDPROFILEDEF(.AREA.,'Arbitrary',#13536);
#13538=IFCCARTESIANPOINT((0.,0.,0.));
#13539=IFCDIRECTION((0.,0.,1.));
#13540=IFCDIRECTION((1.,0.,0.));
#13541=IFCAXIS2PLACEMENT3D(#13538,#13539,#13540);
#13542=IFCDIRECTION((0.,0.,1.));
#13543=IFCEXTRUDEDAREASOLID(#13537,#13541,#13542,3000.);
#13544=IFCSHAPEREPRESENTATION(#11,'Body','SweptSolid',(#13543));
#13545=IFCPRODUCTDEFINITIONSHAPE($,$,(#13544));
#13551=IFCCARTESIANPOINT((24000.,6000.,6000.));
#13552=IFCDIRECTION((0.,0.,1.));
#13553=IFCDIRECTION((1.,0.,0.));
#13554=IFCAXIS2PLACEMENT3D(#13551,#13552,#13553);
#13555=IFCLOCALPLACEMENT($,#13554);
#13556=IFCPROPERTYSET('3dlOW1jZ51HufJeo1eqw3l',$,'Other',$,(#13558,#13559,#13560));
#13557=IFCRELDEFINESBYPROPERTIES('3iYKMm4cnB4AGef6ujFTxd',$,$,$,(#13534),#13556);
#13558=IFCPROPERTYSINGLEVALUE('Ax',$,IFCLABEL('0.001'),$);
#13559=IFCPROPERTYSINGLEVALUE('Ay',$,IFCLABEL('0.001'),$);
#13560=IFCPROPERTYSINGLEVALUE('Section',$,IFCLABEL('Rect'),$);
#13561=IFCCOLUMN('07ZQ00uMrEchRDDhNBmP8W',$,$,$,$,#13582,#13572,$,$);
#13562=IFCCARTESIANPOINTLIST2D(((-200.,-200.),(200.,-200.),(200.,200.),(-200.,200.)));
#13563=IFCINDEXEDPOLYCURVE(#13562,(IFCLINEINDEX((1,2,3,4,1))),$);
#13564=IFCARBITRARYCLOSEDPROFILEDEF(.AREA.,'Arbitrary',#13563);
#13565=IFCCARTESIANPOINT((0.,0.,0.));
#13566=IFCDIRECTION((0.,0.,1.));
#13567=IFCDIRECTION((1.,0.,0.));
#13568=IFCAXIS2PLACEMENT3D(#13565,#13566,#13567);
#13569=IFCDIRECTION((0.,0.,1.));
#13570=IFCEXTRUDEDAREASOLID(#13564,#13568,#13569,3000.);
#13571=IFCSHAPEREPRESENTATION(#11,'Body','SweptSolid',(#13570));
#13572=IFCPRODUCTDEFINITIONSHAPE($,$,(#13571));
#13578=IFCCARTESIANPOINT((12000.,0.,6000.));
#13579=IFCDIRECTION((0.,0.,1.));
#13580=IFCDIRECTION((1.,0.,0.));
#13581=IFCAXIS2PLACEMENT3D(#13578,#13579,#13580);
#13582=IFCLOCALPLACEMENT($,#13581);
#13583=IFCPROPERTYSET('14sex7tIj1gvmiFMbBLOGb',$,'Other',$,(#13585,#13586,#13587));
#13584=IFCRELDEFINESBYPROPERTIES('2owwhsQaLF3QrBjixchqPT',$,$,$,(#13561),#13583);
#13585=IFCPROPERTYSINGLEVALUE('Ax',$,IFCLABEL('0.001'),$);
#13586=IFCPROPERTYSINGLEVALUE('Ay',$,IFCLABEL('0.001'),$);
#13587=IFCPROPERTYSINGLEVALUE('Section',$,IFCLABEL('Rect'),$);
#13588=IFCCOLUMN('01wQyJtt9CFAU2lAQFQxap',$,$,$,$,#13609,#13599,$,$);
#13589=IFCCARTESIANPOINTLIST2D(((-200.,-200.),(200.,-200.),(200.,200.),(-200.,200.)));
#13590=IFCINDEXEDPOLYCURVE(#13589,(IFCLINEINDEX((1,2,3,4,1))),$);
#13591=IFCARBITRARYCLOSEDPROFILEDEF(.AREA.,'Arbitrary',#13590);
#13592=IFCCARTESIANPOINT((0.,0.,0.));
#13593=IFCDIRECTION((0.,0.,1.));
#13594=IFCDIRECTION((1.,0.,0.));
#13595=IFCAXIS2PLACEMENT3D(#13592,#13593,#13594);
#13596=IFCDIRECTION((0.,0.,1.));
#13597=IFCEXTRUDEDAREASOLID(#13591,#13595,#13596,3000.);
#13598=IFCSHAPEREPRESENTATION(#11,'Body','SweptSolid',(#13597));
#13599=IFCPRODUCTDEFINITIONSHAPE($,$,(#13598));
#13605=IFCCARTESIANPOINT((12000.,6000.,6000.));
#13606=IFCDIRECTION((0.,0.,1.));
#13607=IFCDIRECTION((1.,0.,0.));
#13608=IFCAXIS2PLACEMENT3D(#13605,#13606,#13607);
#13609=IFCLOCALPLACEMENT($,#13608);
#13610=IFCPROPERTYSET('3mWhW_HAX1vvmX3EMvy63x',$,'Other',$,(#13612,#13613,#13614));
#13611=IFCRELDEFINESBYPROPERTIES('014tC6a5HDp8hOH1BE073m',$,$,$,(#13588),#13610);
#13612=IFCPROPERTYSINGLEVALUE('Ax',$,IFCLABEL('0.001'),$);
#13613=IFCPROPERTYSINGLEVALUE('Ay',$,IFCLABEL('0.001'),$);
#13614=IFCPROPERTYSINGLEVALUE('Section',$,IFCLABEL('Rect'),$);
#13615=IFCCOLUMN('3pRuZAdPzDdAHPgME$_eGc',$,$,$,$,#13636,#13626,$,$);
#13616=IFCCARTESIANPOINTLIST2D(((-200.,-200.),(200.,-200.),(200.,200.),(-200.,200.)));
#13617=IFCINDEXEDPOLYCURVE(#13616,(IFCLINEINDEX((1,2,3,4,1))),$);
#13618=IFCARBITRARYCLOSEDPROFILEDEF(.AREA.,'Arbitrary',#13617);
#13619=IFCCARTESIANPOINT((0.,0.,0.));
#13620=IFCDIRECTION((0.,0.,1.));
#13621=IFCDIRECTION((1.,0.,0.));
#13622=IFCAXIS2PLACEMENT3D(#13619,#13620,#13621);
#13623=IFCDIRECTION((0.,0.,1.));
#13624=IFCEXTRUDEDAREASOLID(#13618,#13622,#13623,3000.);
#13625=IFCSHAPEREPRESENTATION(#11,'Body','SweptSolid',(#13624));
#13626=IFCPRODUCTDEFINITIONSHAPE($,$,(#13625));
#13632=IFCCARTESIANPOINT((0.,12000.,3000.));
#13633=IFCDIRECTION((0.,0.,1.));
#13634=IFCDIRECTION((1.,0.,0.));
#13635=IFCAXIS2PLACEMENT3D(#13632,#13633,#13634);
#13636=IFCLOCALPLACEMENT($,#13635);
#13637=IFCPROPERTYSET('0zKJfe7NL5VOf8y7udQFV2',$,'Other',$,(#13639,#13640,#13641));
#13638=IFCRELDEFINESBYPROPERTIES('25YHQeqIXC2uHn2elm66j_',$,$,$,(#13615),#13637);
#13639=IFCPROPERTYSINGLEVALUE('Ax',$,IFCLABEL('0.001'),$);
#13640=IFCPROPERTYSINGLEVALUE('Ay',$,IFCLABEL('0.001'),$);
#13641=IFCPROPERTYSINGLEVALUE('Section',$,IFCLABEL('Rect'),$);
#13642=IFCCOLUMN('3QEk6ncbb35wGi0gFS5I4T',$,$,$,$,#13663,#13653,$,$);
#13643=IFCCARTESIANPOINTLIST2D(((-200.,-200.),(200.,-200.),(200.,200.),(-200.,200.)));
#13644=IFCINDEXEDPOLYCURVE(#13643,(IFCLINEINDEX((1,2,3,4,1))),$);
#13645=IFCARBITRARYCLOSEDPROFILEDEF(.AREA.,'Arbitrary',#13644);
#13646=IFCCARTESIANPOINT((0.,0.,0.));
#13647=IFCDIRECTION((0.,0.,1.));
#13648=IFCDIRECTION((1.,0.,0.));
#13649=IFCAXIS2PLACEMENT3D(#13646,#13647,#13648);
#13650=IFCDIRECTION((0.,0.,1.));
#13651=IFCEXTRUDEDAREASOLID(#13645,#13649,#13650,3000.);
#13652=IFCSHAPEREPRESENTATION(#11,'Body','SweptSolid',(#13651));
#13653=IFCPRODUCTDEFINITIONSHAPE($,$,(#13652));
#13659=IFCCARTESIANPOINT((0.,18000.,3000.));
#13660=IFCDIRECTION((0.,0.,1.));
#13661=IFCDIRECTION((1.,0.,0.));
#13662=IFCAXIS2PLACEMENT3D(#13659,#13660,#13661);
#13663=IFCLOCALPLACEMENT($,#13662);
#13664=IFCPROPERTYSET('0uFkaeNvXCKxFcrpyjsyEF',$,'Other',$,(#13666,#13667,#13668));
#13665=IFCRELDEFINESBYPROPERTIES('3XIHWsEzb7mhdfkK2QJYeq',$,$,$,(#13642),#13664);
#13666=IFCPROPERTYSINGLEVALUE('Ax',$,IFCLABEL('0.001'),$);
#13667=IFCPROPERTYSINGLEVALUE('Ay',$,IFCLABEL('0.001'),$);
#13668=IFCPROPERTYSINGLEVALUE('Section',$,IFCLABEL('Rect'),$);
#13669=IFCCOLUMN('1kxm30lWz3gwyPizYnJrJQ',$,$,$,$,#13690,#13680,$,$);
#13670=IFCCARTESIANPOINTLIST2D(((-200.,-200.),(200.,-200.),(200.,200.),(-200.,200.)));
#13671=IFCINDEXEDPOLYCURVE(#13670,(IFCLINEINDEX((1,2,3,4,1))),$);
#13672=IFCARBITRARYCLOSEDPROFILEDEF(.AREA.,'Arbitrary',#13671);
#13673=IFCCARTESIANPOINT((0.,0.,0.));
#13674=IFCDIRECTION((0.,0.,1.));
#13675=IFCDIRECTION((1.,0.,0.));
#13676=IFCAXIS2PLACEMENT3D(#13673,#13674,#13675);
#13677=IFCDIRECTION((0.,0.,1.));
#13678=IFCEXTRUDEDAREASOLID(#13672,#13676,#13677,3000.);
#13679=IFCSHAPEREPRESENTATION(#11,'Body','SweptSolid',(#13678));
#13680=IFCPRODUCTDEFINITIONSHAPE($,$,(#13679));
#13686=IFCCARTESIANPOINT((6000.,12000.,3000.));
#13687=IFCDIRECTION((0.,0.,1.));
#13688=IFCDIRECTION((1.,0.,0.));
#13689=IFCAXIS2PLACEMENT3D(#13686,#13687,#13688);
#13690=IFCLOCALPLACEMENT($,#13689);
#13691=IFCPROPERTYSET('2JjRTUz3z7MxCGWqViUvy6',$,'Other',$,(#13693,#13694,#13695));
#13692=IFCRELDEFINESBYPROPERTIES('1JvNi5iFb8oQnYUcr3qf8O',$,$,$,(#13669),#13691);
#13693=IFCPROPERTYSINGLEVALUE('Ax',$,IFCLABEL('0.001'),$);
#13694=IFCPROPERTYSINGLEVALUE('Ay',$,IFCLABEL('0.001'),$);
#13695=IFCPROPERTYSINGLEVALUE('Section',$,IFCLABEL('Rect'),$);
#13696=IFCCOLUMN('3zbAT__aH7GhgupKYmmjsY',$,$,$,$,#13717,#13707,$,$);
#13697=IFCCARTESIANPOINTLIST2D(((-200.,-200.),(200.,-200.),(200.,200.),(-200.,200.)));
#13698=IFCINDEXEDPOLYCURVE(#13697,(IFCLINEINDEX((1,2,3,4,1))),$);
#13699=IFCARBITRARYCLOSEDPROFILEDEF(.AREA.,'Arbitrary',#13698);
#13700=IFCCARTESIANPOINT((0.,0.,0.));
#13701=IFCDIRECTION((0.,0.,1.));
#13702=IFCDIRECTION((1.,0.,0.));
#13703=IFCAXIS2PLACEMENT3D(#13700,#13701,#13702);
#13704=IFCDIRECTION((0.,0.,1.));
#13705=IFCEXTRUDEDAREASOLID(#13699,#13703,#13704,3000.);
#13706=IFCSHAPEREPRESENTATION(#11,'Body','SweptSolid',(#13705));
#13707=IFCPRODUCTDEFINITIONSHAPE($,$,(#13706));
#13713=IFCCARTESIANPOINT((6000.,18000.,3000.));
#13714=IFCDIRECTION((0.,0.,1.));
#13715=IFCDIRECTION((1.,0.,0.));
#13716=IFCAXIS2PLACEMENT3D(#13713,#13714,#13715);
#13717=IFCLOCALPLACEMENT($,#13716);
#13718=IFCPROPERTYSET('2BwfnIV0f3wPibQztlv80l',$,'Other',$,(#13720,#13721,#13722));
#13719=IFCRELDEFINESBYPROPERTIES('3bNiDH9uT7v9heUMoZ_aQX',$,$,$,(#13696),#13718);
#13720=IFCPROPERTYSINGLEVALUE('Ax',$,IFCLABEL('0.001'),$);
#13721=IFCPROPERTYSINGLEVALUE('Ay',$,IFCLABEL('0.001'),$);
#13722=IFCPROPERTYSINGLEVALUE('Section',$,IFCLABEL('Rect'),$);
#13723=IFCCOLUMN('1aVBFOaKr02Q0TJRNI_zDI',$,$,$,$,#13744,#13734,$,$);
#13724=IFCCARTESIANPOINTLIST2D(((-200.,-200.),(200.,-200.),(200.,200.),(-200.,200.)));
#13725=IFCINDEXEDPOLYCURVE(#13724,(IFCLINEINDEX((1,2,3,4,1))),$);
#13726=IFCARBITRARYCLOSEDPROFILEDEF(.AREA.,'Arbitrary',#13725);
#13727=IFCCARTESIANPOINT((0.,0.,0.));
#13728=IFCDIRECTION((0.,0.,1.));
#13729=IFCDIRECTION((1.,0.,0.));
#13730=IFCAXIS2PLACEMENT3D(#13727,#13728,#13729);
#13731=IFCDIRECTION((0.,0.,1.));
#13732=IFCEXTRUDEDAREASOLID(#13726,#13730,#13731,3000.);
#13733=IFCSHAPEREPRESENTATION(#11,'Body','SweptSolid',(#13732));
#13734=IFCPRODUCTDEFINITIONSHAPE($,$,(#13733));
#13740=IFCCARTESIANPOINT((12000.,12000.,3000.));
#13741=IFCDIRECTION((0.,0.,1.));
#13742=IFCDIRECTION((1.,0.,0.));
#13743=IFCAXIS2PLACEMENT3D(#13740,#13741,#13742);
#13744=IFCLOCALPLACEMENT($,#13743);
#13745=IFCPROPERTYSET('0fhRJDFXbE4erv2jMwvEBP',$,'Other',$,(#13747,#13748,#13749));
#13746=IFCRELDEFINESBYPROPERTIES('2AuUARAfTBogu0u2xZ7kF7',$,$,$,(#13723),#13745);
#13747=IFCPROPERTYSINGLEVALUE('Ax',$,IFCLABEL('0.001'),$);
#13748=IFCPROPERTYSINGLEVALUE('Ay',$,IFCLABEL('0.001'),$);
#13749=IFCPROPERTYSINGLEVALUE('Section',$,IFCLABEL('Rect'),$);
#13750=IFCCOLUMN('3i$TZfP$n7se4u$blTsVrz',$,$,$,$,#13771,#13761,$,$);
#13751=IFCCARTESIANPOINTLIST2D(((-200.,-200.),(200.,-200.),(200.,200.),(-200.,200.)));
#13752=IFCINDEXEDPOLYCURVE(#13751,(IFCLINEINDEX((1,2,3,4,1))),$);
#13753=IFCARBITRARYCLOSEDPROFILEDEF(.AREA.,'Arbitrary',#13752);
#13754=IFCCARTESIANPOINT((0.,0.,0.));
#13755=IFCDIRECTION((0.,0.,1.));
#13756=IFCDIRECTION((1.,0.,0.));
#13757=IFCAXIS2PLACEMENT3D(#13754,#13755,#13756);
#13758=IFCDIRECTION((0.,0.,1.));
#13759=IFCEXTRUDEDAREASOLID(#13753,#13757,#13758,3000.);
#13760=IFCSHAPEREPRESENTATION(#11,'Body','SweptSolid',(#13759));
#13761=IFCPRODUCTDEFINITIONSHAPE($,$,(#13760));
#13767=IFCCARTESIANPOINT((12000.,18000.,3000.));
#13768=IFCDIRECTION((0.,0.,1.));
#13769=IFCDIRECTION((1.,0.,0.));
#13770=IFCAXIS2PLACEMENT3D(#13767,#13768,#13769);
#13771=IFCLOCALPLACEMENT($,#13770);
#13772=IFCPROPERTYSET('0pEeiowLP11PYod0XJtVws',$,'Other',$,(#13774,#13775,#13776));
#13773=IFCRELDEFINESBYPROPERTIES('0Ha1RvHwTB5fB$9L8pgb0s',$,$,$,(#13750),#13772);
#13774=IFCPROPERTYSINGLEVALUE('Ax',$,IFCLABEL('0.001'),$);
#13775=IFCPROPERTYSINGLEVALUE('Ay',$,IFCLABEL('0.001'),$);
#13776=IFCPROPERTYSINGLEVALUE('Section',$,IFCLABEL('Rect'),$);
#13777=IFCCOLUMN('3npG7eFsvCO9eAQWkpLAhx',$,$,$,$,#13798,#13788,$,$);
#13778=IFCCARTESIANPOINTLIST2D(((-200.,-200.),(200.,-200.),(200.,200.),(-200.,200.)));
#13779=IFCINDEXEDPOLYCURVE(#13778,(IFCLINEINDEX((1,2,3,4,1))),$);
#13780=IFCARBITRARYCLOSEDPROFILEDEF(.AREA.,'Arbitrary',#13779);
#13781=IFCCARTESIANPOINT((0.,0.,0.));
#13782=IFCDIRECTION((0.,0.,1.));
#13783=IFCDIRECTION((1.,0.,0.));
#13784=IFCAXIS2PLACEMENT3D(#13781,#13782,#13783);
#13785=IFCDIRECTION((0.,0.,1.));
#13786=IFCEXTRUDEDAREASOLID(#13780,#13784,#13785,3000.);
#13787=IFCSHAPEREPRESENTATION(#11,'Body','SweptSolid',(#13786));
#13788=IFCPRODUCTDEFINITIONSHAPE($,$,(#13787));
#13794=IFCCARTESIANPOINT((18000.,12000.,3000.));
#13795=IFCDIRECTION((0.,0.,1.));
#13796=IFCDIRECTION((1.,0.,0.));
#13797=IFCAXIS2PLACEMENT3D(#13794,#13795,#13796);
#13798=IFCLOCALPLACEMENT($,#13797);
#13799=IFCPROPERTYSET('22iQFD_yTCdxqf8lXL9h_8',$,'Other',$,(#13801,#13802,#13803));
#13800=IFCRELDEFINESBYPROPERTIES('2nf_7kuILAFe90Nevwy38G',$,$,$,(#13777),#13799);
#13801=IFCPROPERTYSINGLEVALUE('Ax',$,IFCLABEL('0.001'),$);
#13802=IFCPROPERTYSINGLEVALUE('Ay',$,IFCLABEL('0.001'),$);
#13803=IFCPROPERTYSINGLEVALUE('Section',$,IFCLABEL('Rect'),$);
#13804=IFCCOLUMN('28JqKFBiv3jQcIdMSDU4Kl',$,$,$,$,#13825,#13815,$,$);
#13805=IFCCARTESIANPOINTLIST2D(((-200.,-200.),(200.,-200.),(200.,200.),(-200.,200.)));
#13806=IFCINDEXEDPOLYCURVE(#13805,(IFCLINEINDEX((1,2,3,4,1))),$);
#13807=IFCARBITRARYCLOSEDPROFILEDEF(.AREA.,'Arbitrary',#13806);
#13808=IFCCARTESIANPOINT((0.,0.,0.));
#13809=IFCDIRECTION((0.,0.,1.));
#13810=IFCDIRECTION((1.,0.,0.));
#13811=IFCAXIS2PLACEMENT3D(#13808,#13809,#13810);
#13812=IFCDIRECTION((0.,0.,1.));
#13813=IFCEXTRUDEDAREASOLID(#13807,#13811,#13812,3000.);
#13814=IFCSHAPEREPRESENTATION(#11,'Body','SweptSolid',(#13813));
#13815=IFCPRODUCTDEFINITIONSHAPE($,$,(#13814));
#13821=IFCCARTESIANPOINT((18000.,18000.,3000.));
#13822=IFCDIRECTION((0.,0.,1.));
#13823=IFCDIRECTION((1.,0.,0.));
#13824=IFCAXIS2PLACEMENT3D(#13821,#13822,#13823);
#13825=IFCLOCALPLACEMENT($,#13824);
#13826=IFCPROPERTYSET('0DfM3YqAD0nhWHALHBS2_F',$,'Other',$,(#13828,#13829,#13830));
#13827=IFCRELDEFINESBYPROPERTIES('3D5EHQNZn4nBa9s6kMmtAf',$,$,$,(#13804),#13826);
#13828=IFCPROPERTYSINGLEVALUE('Ax',$,IFCLABEL('0.001'),$);
#13829=IFCPROPERTYSINGLEVALUE('Ay',$,IFCLABEL('0.001'),$);
#13830=IFCPROPERTYSINGLEVALUE('Section',$,IFCLABEL('Rect'),$);
#13831=IFCCOLUMN('0f$hK05qT6muO$YUely6nX',$,$,$,$,#13852,#13842,$,$);
#13832=IFCCARTESIANPOINTLIST2D(((-200.,-200.),(200.,-200.),(200.,200.),(-200.,200.)));
#13833=IFCINDEXEDPOLYCURVE(#13832,(IFCLINEINDEX((1,2,3,4,1))),$);
#13834=IFCARBITRARYCLOSEDPROFILEDEF(.AREA.,'Arbitrary',#13833);
#13835=IFCCARTESIANPOINT((0.,0.,0.));
#13836=IFCDIRECTION((0.,0.,1.));
#13837=IFCDIRECTION((1.,0.,0.));
#13838=IFCAXIS2PLACEMENT3D(#13835,#13836,#13837);
#13839=IFCDIRECTION((0.,0.,1.));
#13840=IFCEXTRUDEDAREASOLID(#13834,#13838,#13839,3000.);
#13841=IFCSHAPEREPRESENTATION(#11,'Body','SweptSolid',(#13840));
#13842=IFCPRODUCTDEFINITIONSHAPE($,$,(#13841));
#13848=IFCCARTESIANPOINT((24000.,18000.,3000.));
#13849=IFCDIRECTION((0.,0.,1.));
#13850=IFCDIRECTION((1.,0.,0.));
#13851=IFCAXIS2PLACEMENT3D(#13848,#13849,#13850);
#13852=IFCLOCALPLACEMENT($,#13851);
#13853=IFCPROPERTYSET('17PTC18u1AQuT8oIuGoDd5',$,'Other',$,(#13855,#13856,#13857));
#13854=IFCRELDEFINESBYPROPERTIES('3qg7W733z1vOO0qXqKsBvP',$,$,$,(#13831),#13853);
#13855=IFCPROPERTYSINGLEVALUE('Ax',$,IFCLABEL('0.001'),$);
#13856=IFCPROPERTYSINGLEVALUE('Ay',$,IFCLABEL('0.001'),$);
#13857=IFCPROPERTYSINGLEVALUE('Section',$,IFCLABEL('Rect'),$);
#13858=IFCCOLUMN('2cDOd8SBH4dwC$YhDiV7Ju',$,$,$,$,#13879,#13869,$,$);
#13859=IFCCARTESIANPOINTLIST2D(((-200.,-200.),(200.,-200.),(200.,200.),(-200.,200.)));
#13860=IFCINDEXEDPOLYCURVE(#13859,(IFCLINEINDEX((1,2,3,4,1))),$);
#13861=IFCARBITRARYCLOSEDPROFILEDEF(.AREA.,'Arbitrary',#13860);
#13862=IFCCARTESIANPOINT((0.,0.,0.));
#13863=IFCDIRECTION((0.,0.,1.));
#13864=IFCDIRECTION((1.,0.,0.));
#13865=IFCAXIS2PLACEMENT3D(#13862,#13863,#13864);
#13866=IFCDIRECTION((0.,0.,1.));
#13867=IFCEXTRUDEDAREASOLID(#13861,#13865,#13866,3000.);
#13868=IFCSHAPEREPRESENTATION(#11,'Body','SweptSolid',(#13867));
#13869=IFCPRODUCTDEFINITIONSHAPE($,$,(#13868));
#13875=IFCCARTESIANPOINT((30000.,18000.,3000.));
#13876=IFCDIRECTION((0.,0.,1.));
#13877=IFCDIRECTION((1.,0.,0.));
#13878=IFCAXIS2PLACEMENT3D(#13875,#13876,#13877);
#13879=IFCLOCALPLACEMENT($,#13878);
#13880=IFCPROPERTYSET('3b0ZlCGkX8a8s9auiM4IqT',$,'Other',$,(#13882,#13883,#13884));
#13881=IFCRELDEFINESBYPROPERTIES('2RyG9rgSr1jfO4Oezt5lwb',$,$,$,(#13858),#13880);
#13882=IFCPROPERTYSINGLEVALUE('Ax',$,IFCLABEL('0.001'),$);
#13883=IFCPROPERTYSINGLEVALUE('Ay',$,IFCLABEL('0.001'),$);
#13884=IFCPROPERTYSINGLEVALUE('Section',$,IFCLABEL('Rect'),$);
#13885=IFCCOLUMN('0mb8gdc1zBmxYXExXrF42w',$,$,$,$,#13906,#13896,$,$);
#13886=IFCCARTESIANPOINTLIST2D(((-200.,-200.),(200.,-200.),(200.,200.),(-200.,200.)));
#13887=IFCINDEXEDPOLYCURVE(#13886,(IFCLINEINDEX((1,2,3,4,1))),$);
#13888=IFCARBITRARYCLOSEDPROFILEDEF(.AREA.,'Arbitrary',#13887);
#13889=IFCCARTESIANPOINT((0.,0.,0.));
#13890=IFCDIRECTION((0.,0.,1.));
#13891=IFCDIRECTION((1.,0.,0.));
#13892=IFCAXIS2PLACEMENT3D(#13889,#13890,#13891);
#13893=IFCDIRECTION((0.,0.,1.));
#13894=IFCEXTRUDEDAREASOLID(#13888,#13892,#13893,3000.);
#13895=IFCSHAPEREPRESENTATION(#11,'Body','SweptSolid',(#13894));
#13896=IFCPRODUCTDEFINITIONSHAPE($,$,(#13895));
#13902=IFCCARTESIANPOINT((18000.,0.,3000.));
#13903=IFCDIRECTION((0.,0.,1.));
#13904=IFCDIRECTION((1.,0.,0.));
#13905=IFCAXIS2PLACEMENT3D(#13902,#13903,#13904);
#13906=IFCLOCALPLACEMENT($,#13905);
#13907=IFCPROPERTYSET('3V$PJJ7QzAnPjNglxe9CIe',$,'Other',$,(#13909,#13910,#13911));
#13908=IFCRELDEFINESBYPROPERTIES('3q2cUHfqfBDRxzvDkEb_Oz',$,$,$,(#13885),#13907);
#13909=IFCPROPERTYSINGLEVALUE('Ax',$,IFCLABEL('0.001'),$);
#13910=IFCPROPERTYSINGLEVALUE('Ay',$,IFCLABEL('0.001'),$);
#13911=IFCPROPERTYSINGLEVALUE('Section',$,IFCLABEL('Rect'),$);
#13912=IFCCOLUMN('0fbRAzR2X5rPwR2OzE6lcT',$,$,$,$,#13933,#13923,$,$);
#13913=IFCCARTESIANPOINTLIST2D(((-200.,-200.),(200.,-200.),(200.,200.),(-200.,200.)));
#13914=IFCINDEXEDPOLYCURVE(#13913,(IFCLINEINDEX((1,2,3,4,1))),$);
#13915=IFCARBITRARYCLOSEDPROFILEDEF(.AREA.,'Arbitrary',#13914);
#13916=IFCCARTESIANPOINT((0.,0.,0.));
#13917=IFCDIRECTION((0.,0.,1.));
#13918=IFCDIRECTION((1.,0.,0.));
#13919=IFCAXIS2PLACEMENT3D(#13916,#13917,#13918);
#13920=IFCDIRECTION((0.,0.,1.));
#13921=IFCEXTRUDEDAREASOLID(#13915,#13919,#13920,3000.);
#13922=IFCSHAPEREPRESENTATION(#11,'Body','SweptSolid',(#13921));
#13923=IFCPRODUCTDEFINITIONSHAPE($,$,(#13922));
#13929=IFCCARTESIANPOINT((18000.,6000.,3000.));
#13930=IFCDIRECTION((0.,0.,1.));
#13931=IFCDIRECTION((1.,0.,0.));
#13932=IFCAXIS2PLACEMENT3D(#13929,#13930,#13931);
#13933=IFCLOCALPLACEMENT($,#13932);
#13934=IFCPROPERTYSET('1bAojBdu12pgUQVjsAZy69',$,'Other',$,(#13936,#13937,#13938));
#13935=IFCRELDEFINESBYPROPERTIES('1kKo4qcYv0DOuVFML4jnK$',$,$,$,(#13912),#13934);
#13936=IFCPROPERTYSINGLEVALUE('Ax',$,IFCLABEL('0.001'),$);
#13937=IFCPROPERTYSINGLEVALUE('Ay',$,IFCLABEL('0.001'),$);
#13938=IFCPROPERTYSINGLEVALUE('Section',$,IFCLABEL('Rect'),$);
#13939=IFCCOLUMN('0rGMFWpXb69uIgADO9IuWs',$,$,$,$,#13960,#13950,$,$);
#13940=IFCCARTESIANPOINTLIST2D(((-200.,-200.),(200.,-200.),(200.,200.),(-200.,200.)));
#13941=IFCINDEXEDPOLYCURVE(#13940,(IFCLINEINDEX((1,2,3,4,1))),$);
#13942=IFCARBITRARYCLOSEDPROFILEDEF(.AREA.,'Arbitrary',#13941);
#13943=IFCCARTESIANPOINT((0.,0.,0.));
#13944=IFCDIRECTION((0.,0.,1.));
#13945=IFCDIRECTION((1.,0.,0.));
#13946=IFCAXIS2PLACEMENT3D(#13943,#13944,#13945);
#13947=IFCDIRECTION((0.,0.,1.));
#13948=IFCEXTRUDEDAREASOLID(#13942,#13946,#13947,3000.);
#13949=IFCSHAPEREPRESENTATION(#11,'Body','SweptSolid',(#13948));
#13950=IFCPRODUCTDEFINITIONSHAPE($,$,(#13949));
#13956=IFCCARTESIANPOINT((24000.,6000.,3000.));
#13957=IFCDIRECTION((0.,0.,1.));
#13958=IFCDIRECTION((1.,0.,0.));
#13959=IFCAXIS2PLACEMENT3D(#13956,#13957,#13958);
#13960=IFCLOCALPLACEMENT($,#13959);
#13961=IFCPROPERTYSET('1rx9xHzVD5OPjwpdnSwy19',$,'Other',$,(#13963,#13964,#13965));
#13962=IFCRELDEFINESBYPROPERTIES('3Ol4X3QrTF_wjJPbaio2Rb',$,$,$,(#13939),#13961);
#13963=IFCPROPERTYSINGLEVALUE('Ax',$,IFCLABEL('0.001'),$);
#13964=IFCPROPERTYSINGLEVALUE('Ay',$,IFCLABEL('0.001'),$);
#13965=IFCPROPERTYSINGLEVALUE('Section',$,IFCLABEL('Rect'),$);
#13966=IFCCOLUMN('1lKJpJmOvDyhMt5PHep1ab',$,$,$,$,#13987,#13977,$,$);
#13967=IFCCARTESIANPOINTLIST2D(((-200.,-200.),(200.,-200.),(200.,200.),(-200.,200.)));
#13968=IFCINDEXEDPOLYCURVE(#13967,(IFCLINEINDEX((1,2,3,4,1))),$);
#13969=IFCARBITRARYCLOSEDPROFILEDEF(.AREA.,'Arbitrary',#13968);
#13970=IFCCARTESIANPOINT((0.,0.,0.));
#13971=IFCDIRECTION((0.,0.,1.));
#13972=IFCDIRECTION((1.,0.,0.));
#13973=IFCAXIS2PLACEMENT3D(#13970,#13971,#13972);
#13974=IFCDIRECTION((0.,0.,1.));
#13975=IFCEXTRUDEDAREASOLID(#13969,#13973,#13974,3000.);
#13976=IFCSHAPEREPRESENTATION(#11,'Body','SweptSolid',(#13975));
#13977=IFCPRODUCTDEFINITIONSHAPE($,$,(#13976));
#13983=IFCCARTESIANPOINT((12000.,0.,3000.));
#13984=IFCDIRECTION((0.,0.,1.));
#13985=IFCDIRECTION((1.,0.,0.));
#13986=IFCAXIS2PLACEMENT3D(#13983,#13984,#13985);
#13987=IFCLOCALPLACEMENT($,#13986);
#13988=IFCPROPERTYSET('24OveEDnrCTh7ipEtKdrFG',$,'Other',$,(#13990,#13991,#13992));
#13989=IFCRELDEFINESBYPROPERTIES('20nrSpsIP7PASHtcuP$JRU',$,$,$,(#13966),#13988);
#13990=IFCPROPERTYSINGLEVALUE('Ax',$,IFCLABEL('0.001'),$);
#13991=IFCPROPERTYSINGLEVALUE('Ay',$,IFCLABEL('0.001'),$);
#13992=IFCPROPERTYSINGLEVALUE('Section',$,IFCLABEL('Rect'),$);
#13993=IFCCOLUMN('1XoCz0r2X4AxhbfZe$oIpK',$,$,$,$,#14014,#14004,$,$);
#13994=IFCCARTESIANPOINTLIST2D(((-200.,-200.),(200.,-200.),(200.,200.),(-200.,200.)));
#13995=IFCINDEXEDPOLYCURVE(#13994,(IFCLINEINDEX((1,2,3,4,1))),$);
#13996=IFCARBITRARYCLOSEDPROFILEDEF(.AREA.,'Arbitrary',#13995);
#13997=IFCCARTESIANPOINT((0.,0.,0.));
#13998=IFCDIRECTION((0.,0.,1.));
#13999=IFCDIRECTION((1.,0.,0.));
#14000=IFCAXIS2PLACEMENT3D(#13997,#13998,#13999);
#14001=IFCDIRECTION((0.,0.,1.));
#14002=IFCEXTRUDEDAREASOLID(#13996,#14000,#14001,3000.);
#14003=IFCSHAPEREPRESENTATION(#11,'Body','SweptSolid',(#14002));
#14004=IFCPRODUCTDEFINITIONSHAPE($,$,(#14003));
#14010=IFCCARTESIANPOINT((12000.,6000.,3000.));
#14011=IFCDIRECTION((0.,0.,1.));
#14012=IFCDIRECTION((1.,0.,0.));
#14013=IFCAXIS2PLACEMENT3D(#14010,#14011,#14012);
#14014=IFCLOCALPLACEMENT($,#14013);
#14015=IFCPROPERTYSET('1HfWKwTz1BHPeUkDn3iqvA',$,'Other',$,(#14017,#14018,#14019));
#14016=IFCRELDEFINESBYPROPERTIES('3ehFV2Lqb3Dw81asOQ8ZeD',$,$,$,(#13993),#14015);
#14017=IFCPROPERTYSINGLEVALUE('Ax',$,IFCLABEL('0.001'),$);
#14018=IFCPROPERTYSINGLEVALUE('Ay',$,IFCLABEL('0.001'),$);
#14019=IFCPROPERTYSINGLEVALUE('Section',$,IFCLABEL('Rect'),$);
#14020=IFCCOLUMN('14sdjgJPz3nATcwJDtW06s',$,$,$,$,#14041,#14031,$,$);
#14021=IFCCARTESIANPOINTLIST2D(((-200.,-200.),(200.,-200.),(200.,200.),(-200.,200.)));
#14022=IFCINDEXEDPOLYCURVE(#14021,(IFCLINEINDEX((1,2,3,4,1))),$);
#14023=IFCARBITRARYCLOSEDPROFILEDEF(.AREA.,'Arbitrary',#14022);
#14024=IFCCARTESIANPOINT((0.,0.,0.));
#14025=IFCDIRECTION((0.,0.,1.));
#14026=IFCDIRECTION((1.,0.,0.));
#14027=IFCAXIS2PLACEMENT3D(#14024,#14025,#14026);
#14028=IFCDIRECTION((0.,0.,1.));
#14029=IFCEXTRUDEDAREASOLID(#14023,#14027,#14028,3000.);
#14030=IFCSHAPEREPRESENTATION(#11,'Body','SweptSolid',(#14029));
#14031=IFCPRODUCTDEFINITIONSHAPE($,$,(#14030));
#14037=IFCCARTESIANPOINT((0.,12000.,0.));
#14038=IFCDIRECTION((0.,0.,1.));
#14039=IFCDIRECTION((1.,0.,0.));
#14040=IFCAXIS2PLACEMENT3D(#14037,#14038,#14039);
#14041=IFCLOCALPLACEMENT($,#14040);
#14042=IFCPROPERTYSET('2UYdsCNML2qw0AGzVZxvb1',$,'Other',$,(#14044,#14045,#14046));
#14043=IFCRELDEFINESBYPROPERTIES('3Mg14MHyzBVeRWMrIu5aWN',$,$,$,(#14020),#14042);
#14044=IFCPROPERTYSINGLEVALUE('Ax',$,IFCLABEL('0.001'),$);
#14045=IFCPROPERTYSINGLEVALUE('Ay',$,IFCLABEL('0.001'),$);
#14046=IFCPROPERTYSINGLEVALUE('Section',$,IFCLABEL('Rect'),$);
#14047=IFCCOLUMN('3gwQmIPwLBmO6XSbS9O6SL',$,$,$,$,#14068,#14058,$,$);
#14048=IFCCARTESIANPOINTLIST2D(((-200.,-200.),(200.,-200.),(200.,200.),(-200.,200.)));
#14049=IFCINDEXEDPOLYCURVE(#14048,(IFCLINEINDEX((1,2,3,4,1))),$);
#14050=IFCARBITRARYCLOSEDPROFILEDEF(.AREA.,'Arbitrary',#14049);
#14051=IFCCARTESIANPOINT((0.,0.,0.));
#14052=IFCDIRECTION((0.,0.,1.));
#14053=IFCDIRECTION((1.,0.,0.));
#14054=IFCAXIS2PLACEMENT3D(#14051,#14052,#14053);
#14055=IFCDIRECTION((0.,0.,1.));
#14056=IFCEXTRUDEDAREASOLID(#14050,#14054,#14055,3000.);
#14057=IFCSHAPEREPRESENTATION(#11,'Body','SweptSolid',(#14056));
#14058=IFCPRODUCTDEFINITIONSHAPE($,$,(#14057));
#14064=IFCCARTESIANPOINT((0.,18000.,0.));
#14065=IFCDIRECTION((0.,0.,1.));
#14066=IFCDIRECTION((1.,0.,0.));
#14067=IFCAXIS2PLACEMENT3D(#14064,#14065,#14066);
#14068=IFCLOCALPLACEMENT($,#14067);
#14069=IFCPROPERTYSET('1fLO_hxbz9kfyTOZ$E23UX',$,'Other',$,(#14071,#14072,#14073));
#14070=IFCRELDEFINESBYPROPERTIES('25knJBso12U9gQWDa1xOHs',$,$,$,(#14047),#14069);
#14071=IFCPROPERTYSINGLEVALUE('Ax',$,IFCLABEL('0.001'),$);
#14072=IFCPROPERTYSINGLEVALUE('Ay',$,IFCLABEL('0.001'),$);
#14073=IFCPROPERTYSINGLEVALUE('Section',$,IFCLABEL('Rect'),$);
#14074=IFCCOLUMN('0o8wWUH1T5RBIcCD3bNGTj',$,$,$,$,#14095,#14085,$,$);
#14075=IFCCARTESIANPOINTLIST2D(((-200.,-200.),(200.,-200.),(200.,200.),(-200.,200.)));
#14076=IFCINDEXEDPOLYCURVE(#14075,(IFCLINEINDEX((1,2,3,4,1))),$);
#14077=IFCARBITRARYCLOSEDPROFILEDEF(.AREA.,'Arbitrary',#14076);
#14078=IFCCARTESIANPOINT((0.,0.,0.));
#14079=IFCDIRECTION((0.,0.,1.));
#14080=IFCDIRECTION((1.,0.,0.));
#14081=IFCAXIS2PLACEMENT3D(#14078,#14079,#14080);
#14082=IFCDIRECTION((0.,0.,1.));
#14083=IFCEXTRUDEDAREASOLID(#14077,#14081,#14082,3000.);
#14084=IFCSHAPEREPRESENTATION(#11,'Body','SweptSolid',(#14083));
#14085=IFCPRODUCTDEFINITIONSHAPE($,$,(#14084));
#14091=IFCCARTESIANPOINT((6000.,12000.,0.));
#14092=IFCDIRECTION((0.,0.,1.));
#14093=IFCDIRECTION((1.,0.,0.));
#14094=IFCAXIS2PLACEMENT3D(#14091,#14092,#14093);
#14095=IFCLOCALPLACEMENT($,#14094);
#14096=IFCPROPERTYSET('0nxJC3fO9CmeqVtrgoEnOs',$,'Other',$,(#14098,#14099,#14100));
#14097=IFCRELDEFINESBYPROPERTIES('3bZ1PyJ3n1Pu353OvRBEXO',$,$,$,(#14074),#14096);
#14098=IFCPROPERTYSINGLEVALUE('Ax',$,IFCLABEL('0.001'),$);
#14099=IFCPROPERTYSINGLEVALUE('Ay',$,IFCLABEL('0.001'),$);
#14100=IFCPROPERTYSINGLEVALUE('Section',$,IFCLABEL('Rect'),$);
#14101=IFCCOLUMN('19v_oW58n3jR4KFm2rjR$$',$,$,$,$,#14122,#14112,$,$);
#14102=IFCCARTESIANPOINTLIST2D(((-200.,-200.),(200.,-200.),(200.,200.),(-200.,200.)));
#14103=IFCINDEXEDPOLYCURVE(#14102,(IFCLINEINDEX((1,2,3,4,1))),$);
#14104=IFCARBITRARYCLOSEDPROFILEDEF(.AREA.,'Arbitrary',#14103);
#14105=IFCCARTESIANPOINT((0.,0.,0.));
#14106=IFCDIRECTION((0.,0.,1.));
#14107=IFCDIRECTION((1.,0.,0.));
#14108=IFCAXIS2PLACEMENT3D(#14105,#14106,#14107);
#14109=IFCDIRECTION((0.,0.,1.));
#14110=IFCEXTRUDEDAREASOLID(#14104,#14108,#14109,3000.);
#14111=IFCSHAPEREPRESENTATION(#11,'Body','SweptSolid',(#14110));
#14112=IFCPRODUCTDEFINITIONSHAPE($,$,(#14111));
#14118=IFCCARTESIANPOINT((6000.,18000.,0.));
#14119=IFCDIRECTION((0.,0.,1.));
#14120=IFCDIRECTION((1.,0.,0.));
#14121=IFCAXIS2PLACEMENT3D(#14118,#14119,#14120);
#14122=IFCLOCALPLACEMENT($,#14121);
#14123=IFCPROPERTYSET('06SFyGt0f9MRUDG6ys6E2b',$,'Other',$,(#14125,#14126,#14127));
#14124=IFCRELDEFINESBYPROPERTIES('2V0$ZgT71BTxSzEYt7ti9p',$,$,$,(#14101),#14123);
#14125=IFCPROPERTYSINGLEVALUE('Ax',$,IFCLABEL('0.001'),$);
#14126=IFCPROPERTYSINGLEVALUE('Ay',$,IFCLABEL('0.001'),$);
#14127=IFCPROPERTYSINGLEVALUE('Section',$,IFCLABEL('Rect'),$);
#14128=IFCCOLUMN('2Y_GKuYMD1bheKmw3YROQi',$,$,$,$,#14149,#14139,$,$);
#14129=IFCCARTESIANPOINTLIST2D(((-200.,-200.),(200.,-200.),(200.,200.),(-200.,200.)));
#14130=IFCINDEXEDPOLYCURVE(#14129,(IFCLINEINDEX((1,2,3,4,1))),$);
#14131=IFCARBITRARYCLOSEDPROFILEDEF(.AREA.,'Arbitrary',#14130);
#14132=IFCCARTESIANPOINT((0.,0.,0.));
#14133=IFCDIRECTION((0.,0.,1.));
#14134=IFCDIRECTION((1.,0.,0.));
#14135=IFCAXIS2PLACEMENT3D(#14132,#14133,#14134);
#14136=IFCDIRECTION((0.,0.,1.));
#14137=IFCEXTRUDEDAREASOLID(#14131,#14135,#14136,3000.);
#14138=IFCSHAPEREPRESENTATION(#11,'Body','SweptSolid',(#14137));
#14139=IFCPRODUCTDEFINITIONSHAPE($,$,(#14138));
#14145=IFCCARTESIANPOINT((12000.,12000.,0.));
#14146=IFCDIRECTION((0.,0.,1.));
#14147=IFCDIRECTION((1.,0.,0.));
#14148=IFCAXIS2PLACEMENT3D(#14145,#14146,#14147);
#14149=IFCLOCALPLACEMENT($,#14148);
#14150=IFCPROPERTYSET('1WdQlM3PzD6QlZancxt2Yh',$,'Other',$,(#14152,#14153,#14154));
#14151=IFCRELDEFINESBYPROPERTIES('2VD$eGpcb2UfK4Zl0dHUrd',$,$,$,(#14128),#14150);
#14152=IFCPROPERTYSINGLEVALUE('Ax',$,IFCLABEL('0.001'),$);
#14153=IFCPROPERTYSINGLEVALUE('Ay',$,IFCLABEL('0.001'),$);
#14154=IFCPROPERTYSINGLEVALUE('Section',$,IFCLABEL('Rect'),$);
#14155=IFCCOLUMN('20Z53VIZj0CuYAwdtlcEQA',$,$,$,$,#14176,#14166,$,$);
#14156=IFCCARTESIANPOINTLIST2D(((-200.,-200.),(200.,-200.),(200.,200.),(-200.,200.)));
#14157=IFCINDEXEDPOLYCURVE(#14156,(IFCLINEINDEX((1,2,3,4,1))),$);
#14158=IFCARBITRARYCLOSEDPROFILEDEF(.AREA.,'Arbitrary',#14157);
#14159=IFCCARTESIANPOINT((0.,0.,0.));
#14160=IFCDIRECTION((0.,0.,1.));
#14161=IFCDIRECTION((1.,0.,0.));
#14162=IFCAXIS2PLACEMENT3D(#14159,#14160,#14161);
#14163=IFCDIRECTION((0.,0.,1.));
#14164=IFCEXTRUDEDAREASOLID(#14158,#14162,#14163,3000.);
#14165=IFCSHAPEREPRESENTATION(#11,'Body','SweptSolid',(#14164));
#14166=IFCPRODUCTDEFINITIONSHAPE($,$,(#14165));
#14172=IFCCARTESIANPOINT((12000.,18000.,0.));
#14173=IFCDIRECTION((0.,0.,1.));
#14174=IFCDIRECTION((1.,0.,0.));
#14175=IFCAXIS2PLACEMENT3D(#14172,#14173,#14174);
#14176=IFCLOCALPLACEMENT($,#14175);
#14177=IFCPROPERTYSET('34NzLZmKb0Mhvvch_OmU_X',$,'Other',$,(#14179,#14180,#14181));
#14178=IFCRELDEFINESBYPROPERTIES('1l0yauKqz2IvUDQOvk$hDp',$,$,$,(#14155),#14177);
#14179=IFCPROPERTYSINGLEVALUE('Ax',$,IFCLABEL('0.001'),$);
#14180=IFCPROPERTYSINGLEVALUE('Ay',$,IFCLABEL('0.001'),$);
#14181=IFCPROPERTYSINGLEVALUE('Section',$,IFCLABEL('Rect'),$);
#14182=IFCCOLUMN('3AhykRffP43gcs7fJs99dc',$,$,$,$,#14203,#14193,$,$);
#14183=IFCCARTESIANPOINTLIST2D(((-200.,-200.),(200.,-200.),(200.,200.),(-200.,200.)));
#14184=IFCINDEXEDPOLYCURVE(#14183,(IFCLINEINDEX((1,2,3,4,1))),$);
#14185=IFCARBITRARYCLOSEDPROFILEDEF(.AREA.,'Arbitrary',#14184);
#14186=IFCCARTESIANPOINT((0.,0.,0.));
#14187=IFCDIRECTION((0.,0.,1.));
#14188=IFCDIRECTION((1.,0.,0.));
#14189=IFCAXIS2PLACEMENT3D(#14186,#14187,#14188);
#14190=IFCDIRECTION((0.,0.,1.));
#14191=IFCEXTRUDEDAREASOLID(#14185,#14189,#14190,3000.);
#14192=IFCSHAPEREPRESENTATION(#11,'Body','SweptSolid',(#14191));
#14193=IFCPRODUCTDEFINITIONSHAPE($,$,(#14192));
#14199=IFCCARTESIANPOINT((18000.,12000.,0.));
#14200=IFCDIRECTION((0.,0.,1.));
#14201=IFCDIRECTION((1.,0.,0.));
#14202=IFCAXIS2PLACEMENT3D(#14199,#14200,#14201);
#14203=IFCLOCALPLACEMENT($,#14202);
#14204=IFCPROPERTYSET('2G2LTA2cr54hAr4PjQuxT8',$,'Other',$,(#14206,#14207,#14208));
#14205=IFCRELDEFINESBYPROPERTIES('0HmehyKmn1uP3pq2BzJ2UB',$,$,$,(#14182),#14204);
#14206=IFCPROPERTYSINGLEVALUE('Ax',$,IFCLABEL('0.001'),$);
#14207=IFCPROPERTYSINGLEVALUE('Ay',$,IFCLABEL('0.001'),$);
#14208=IFCPROPERTYSINGLEVALUE('Section',$,IFCLABEL('Rect'),$);
#14209=IFCCOLUMN('0FuHZVBdz1$e37XkhOteB$',$,$,$,$,#14230,#14220,$,$);
#14210=IFCCARTESIANPOINTLIST2D(((-200.,-200.),(200.,-200.),(200.,200.),(-200.,200.)));
#14211=IFCINDEXEDPOLYCURVE(#14210,(IFCLINEINDEX((1,2,3,4,1))),$);
#14212=IFCARBITRARYCLOSEDPROFILEDEF(.AREA.,'Arbitrary',#14211);
#14213=IFCCARTESIANPOINT((0.,0.,0.));
#14214=IFCDIRECTION((0.,0.,1.));
#14215=IFCDIRECTION((1.,0.,0.));
#14216=IFCAXIS2PLACEMENT3D(#14213,#14214,#14215);
#14217=IFCDIRECTION((0.,0.,1.));
#14218=IFCEXTRUDEDAREASOLID(#14212,#14216,#14217,3000.);
#14219=IFCSHAPEREPRESENTATION(#11,'Body','SweptSolid',(#14218));
#14220=IFCPRODUCTDEFINITIONSHAPE($,$,(#14219));
#14226=IFCCARTESIANPOINT((18000.,18000.,0.));
#14227=IFCDIRECTION((0.,0.,1.));
#14228=IFCDIRECTION((1.,0.,0.));
#14229=IFCAXIS2PLACEMENT3D(#14226,#14227,#14228);
#14230=IFCLOCALPLACEMENT($,#14229);
#14231=IFCPROPERTYSET('3jRaxKTtTCqAcjhIF_$2UN',$,'Other',$,(#14233,#14234,#14235));
#14232=IFCRELDEFINESBYPROPERTIES('03Vj24ARv6qBprytVDUhSY',$,$,$,(#14209),#14231);
#14233=IFCPROPERTYSINGLEVALUE('Ax',$,IFCLABEL('0.001'),$);
#14234=IFCPROPERTYSINGLEVALUE('Ay',$,IFCLABEL('0.001'),$);
#14235=IFCPROPERTYSINGLEVALUE('Section',$,IFCLABEL('Rect'),$);
#14236=IFCCOLUMN('3X89sqfCr3QwBagq5lRFz1',$,$,$,$,#14257,#14247,$,$);
#14237=IFCCARTESIANPOINTLIST2D(((-200.,-200.),(200.,-200.),(200.,200.),(-200.,200.)));
#14238=IFCINDEXEDPOLYCURVE(#14237,(IFCLINEINDEX((1,2,3,4,1))),$);
#14239=IFCARBITRARYCLOSEDPROFILEDEF(.AREA.,'Arbitrary',#14238);
#14240=IFCCARTESIANPOINT((0.,0.,0.));
#14241=IFCDIRECTION((0.,0.,1.));
#14242=IFCDIRECTION((1.,0.,0.));
#14243=IFCAXIS2PLACEMENT3D(#14240,#14241,#14242);
#14244=IFCDIRECTION((0.,0.,1.));
#14245=IFCEXTRUDEDAREASOLID(#14239,#14243,#14244,3000.);
#14246=IFCSHAPEREPRESENTATION(#11,'Body','SweptSolid',(#14245));
#14247=IFCPRODUCTDEFINITIONSHAPE($,$,(#14246));
#14253=IFCCARTESIANPOINT((24000.,18000.,0.));
#14254=IFCDIRECTION((0.,0.,1.));
#14255=IFCDIRECTION((1.,0.,0.));
#14256=IFCAXIS2PLACEMENT3D(#14253,#14254,#14255);
#14257=IFCLOCALPLACEMENT($,#14256);
#14258=IFCPROPERTYSET('0xN9iMX5z8a9Lgz7ujCv7O',$,'Other',$,(#14260,#14261,#14262));
#14259=IFCRELDEFINESBYPROPERTIES('2CwHycLc17MfjURQhuB1Qo',$,$,$,(#14236),#14258);
#14260=IFCPROPERTYSINGLEVALUE('Ax',$,IFCLABEL('0.001'),$);
#14261=IFCPROPERTYSINGLEVALUE('Ay',$,IFCLABEL('0.001'),$);
#14262=IFCPROPERTYSINGLEVALUE('Section',$,IFCLABEL('Rect'),$);
#14263=IFCCOLUMN('1qwnPlqoHFWB$QnMukLHHI',$,$,$,$,#14284,#14274,$,$);
#14264=IFCCARTESIANPOINTLIST2D(((-200.,-200.),(200.,-200.),(200.,200.),(-200.,200.)));
#14265=IFCINDEXEDPOLYCURVE(#14264,(IFCLINEINDEX((1,2,3,4,1))),$);
#14266=IFCARBITRARYCLOSEDPROFILEDEF(.AREA.,'Arbitrary',#14265);
#14267=IFCCARTESIANPOINT((0.,0.,0.));
#14268=IFCDIRECTION((0.,0.,1.));
#14269=IFCDIRECTION((1.,0.,0.));
#14270=IFCAXIS2PLACEMENT3D(#14267,#14268,#14269);
#14271=IFCDIRECTION((0.,0.,1.));
#14272=IFCEXTRUDEDAREASOLID(#14266,#14270,#14271,3000.);
#14273=IFCSHAPEREPRESENTATION(#11,'Body','SweptSolid',(#14272));
#14274=IFCPRODUCTDEFINITIONSHAPE($,$,(#14273));
#14280=IFCCARTESIANPOINT((30000.,18000.,0.));
#14281=IFCDIRECTION((0.,0.,1.));
#14282=IFCDIRECTION((1.,0.,0.));
#14283=IFCAXIS2PLACEMENT3D(#14280,#14281,#14282);
#14284=IFCLOCALPLACEMENT($,#14283);
#14285=IFCPROPERTYSET('0Yfn3gKebBx8mwpQIRYNMP',$,'Other',$,(#14287,#14288,#14289));
#14286=IFCRELDEFINESBYPROPERTIES('3SRToXmX9FfuNQVXOTxHnK',$,$,$,(#14263),#14285);
#14287=IFCPROPERTYSINGLEVALUE('Ax',$,IFCLABEL('0.001'),$);
#14288=IFCPROPERTYSINGLEVALUE('Ay',$,IFCLABEL('0.001'),$);
#14289=IFCPROPERTYSINGLEVALUE('Section',$,IFCLABEL('Rect'),$);
#14290=IFCCOLUMN('1DFugotB96phj54SOhxgTG',$,$,$,$,#14311,#14301,$,$);
#14291=IFCCARTESIANPOINTLIST2D(((-200.,-200.),(200.,-200.),(200.,200.),(-200.,200.)));
#14292=IFCINDEXEDPOLYCURVE(#14291,(IFCLINEINDEX((1,2,3,4,1))),$);
#14293=IFCARBITRARYCLOSEDPROFILEDEF(.AREA.,'Arbitrary',#14292);
#14294=IFCCARTESIANPOINT((0.,0.,0.));
#14295=IFCDIRECTION((0.,0.,1.));
#14296=IFCDIRECTION((1.,0.,0.));
#14297=IFCAXIS2PLACEMENT3D(#14294,#14295,#14296);
#14298=IFCDIRECTION((0.,0.,1.));
#14299=IFCEXTRUDEDAREASOLID(#14293,#14297,#14298,3000.);
#14300=IFCSHAPEREPRESENTATION(#11,'Body','SweptSolid',(#14299));
#14301=IFCPRODUCTDEFINITIONSHAPE($,$,(#14300));
#14307=IFCCARTESIANPOINT((18000.,0.,0.));
#14308=IFCDIRECTION((0.,0.,1.));
#14309=IFCDIRECTION((1.,0.,0.));
#14310=IFCAXIS2PLACEMENT3D(#14307,#14308,#14309);
#14311=IFCLOCALPLACEMENT($,#14310);
#14312=IFCPROPERTYSET('0jsRgGE6rAG9d8miuMSmeF',$,'Other',$,(#14314,#14315,#14316));
#14313=IFCRELDEFINESBYPROPERTIES('21szQCaFf5XvhU4VqPBnno',$,$,$,(#14290),#14312);
#14314=IFCPROPERTYSINGLEVALUE('Ax',$,IFCLABEL('0.001'),$);
#14315=IFCPROPERTYSINGLEVALUE('Ay',$,IFCLABEL('0.001'),$);
#14316=IFCPROPERTYSINGLEVALUE('Section',$,IFCLABEL('Rect'),$);
#14317=IFCCOLUMN('0nYDjHxS53M8jWrDRzuDFK',$,$,$,$,#14338,#14328,$,$);
#14318=IFCCARTESIANPOINTLIST2D(((-200.,-200.),(200.,-200.),(200.,200.),(-200.,200.)));
#14319=IFCINDEXEDPOLYCURVE(#14318,(IFCLINEINDEX((1,2,3,4,1))),$);
#14320=IFCARBITRARYCLOSEDPROFILEDEF(.AREA.,'Arbitrary',#14319);
#14321=IFCCARTESIANPOINT((0.,0.,0.));
#14322=IFCDIRECTION((0.,0.,1.));
#14323=IFCDIRECTION((1.,0.,0.));
#14324=IFCAXIS2PLACEMENT3D(#14321,#14322,#14323);
#14325=IFCDIRECTION((0.,0.,1.));
#14326=IFCEXTRUDEDAREASOLID(#14320,#14324,#14325,3000.);
#14327=IFCSHAPEREPRESENTATION(#11,'Body','SweptSolid',(#14326));
#14328=IFCPRODUCTDEFINITIONSHAPE($,$,(#14327));
#14334=IFCCARTESIANPOINT((18000.,6000.,0.));
#14335=IFCDIRECTION((0.,0.,1.));
#14336=IFCDIRECTION((1.,0.,0.));
#14337=IFCAXIS2PLACEMENT3D(#14334,#14335,#14336);
#14338=IFCLOCALPLACEMENT($,#14337);
#14339=IFCPROPERTYSET('08Ofm9IkDCE85$t9XiVuhR',$,'Other',$,(#14341,#14342,#14343));
#14340=IFCRELDEFINESBYPROPERTIES('2J21q8_g1Dfec7pEyaWyTW',$,$,$,(#14317),#14339);
#14341=IFCPROPERTYSINGLEVALUE('Ax',$,IFCLABEL('0.001'),$);
#14342=IFCPROPERTYSINGLEVALUE('Ay',$,IFCLABEL('0.001'),$);
#14343=IFCPROPERTYSINGLEVALUE('Section',$,IFCLABEL('Rect'),$);
#14344=IFCCOLUMN('3U_jMUp79AqAKc5EEjRBgH',$,$,$,$,#14365,#14355,$,$);
#14345=IFCCARTESIANPOINTLIST2D(((-200.,-200.),(200.,-200.),(200.,200.),(-200.,200.)));
#14346=IFCINDEXEDPOLYCURVE(#14345,(IFCLINEINDEX((1,2,3,4,1))),$);
#14347=IFCARBITRARYCLOSEDPROFILEDEF(.AREA.,'Arbitrary',#14346);
#14348=IFCCARTESIANPOINT((0.,0.,0.));
#14349=IFCDIRECTION((0.,0.,1.));
#14350=IFCDIRECTION((1.,0.,0.));
#14351=IFCAXIS2PLACEMENT3D(#14348,#14349,#14350);
#14352=IFCDIRECTION((0.,0.,1.));
#14353=IFCEXTRUDEDAREASOLID(#14347,#14351,#14352,3000.);
#14354=IFCSHAPEREPRESENTATION(#11,'Body','SweptSolid',(#14353));
#14355=IFCPRODUCTDEFINITIONSHAPE($,$,(#14354));
#14361=IFCCARTESIANPOINT((24000.,6000.,0.));
#14362=IFCDIRECTION((0.,0.,1.));
#14363=IFCDIRECTION((1.,0.,0.));
#14364=IFCAXIS2PLACEMENT3D(#14361,#14362,#14363);
#14365=IFCLOCALPLACEMENT($,#14364);
#14366=IFCPROPERTYSET('0CsA8a$VH0ugY7fFDBth5f',$,'Other',$,(#14368,#14369,#14370));
#14367=IFCRELDEFINESBYPROPERTIES('2yFhgROAX8IO7u78vU6qd5',$,$,$,(#14344),#14366);
#14368=IFCPROPERTYSINGLEVALUE('Ax',$,IFCLABEL('0.001'),$);
#14369=IFCPROPERTYSINGLEVALUE('Ay',$,IFCLABEL('0.001'),$);
#14370=IFCPROPERTYSINGLEVALUE('Section',$,IFCLABEL('Rect'),$);
#14371=IFCCOLUMN('1s$d8FTCT0hBqbYUUs4z4U',$,$,$,$,#14392,#14382,$,$);
#14372=IFCCARTESIANPOINTLIST2D(((-200.,-200.),(200.,-200.),(200.,200.),(-200.,200.)));
#14373=IFCINDEXEDPOLYCURVE(#14372,(IFCLINEINDEX((1,2,3,4,1))),$);
#14374=IFCARBITRARYCLOSEDPROFILEDEF(.AREA.,'Arbitrary',#14373);
#14375=IFCCARTESIANPOINT((0.,0.,0.));
#14376=IFCDIRECTION((0.,0.,1.));
#14377=IFCDIRECTION((1.,0.,0.));
#14378=IFCAXIS2PLACEMENT3D(#14375,#14376,#14377);
#14379=IFCDIRECTION((0.,0.,1.));
#14380=IFCEXTRUDEDAREASOLID(#14374,#14378,#14379,3000.);
#14381=IFCSHAPEREPRESENTATION(#11,'Body','SweptSolid',(#14380));
#14382=IFCPRODUCTDEFINITIONSHAPE($,$,(#14381));
#14388=IFCCARTESIANPOINT((12000.,0.,0.));
#14389=IFCDIRECTION((0.,0.,1.));
#14390=IFCDIRECTION((1.,0.,0.));
#14391=IFCAXIS2PLACEMENT3D(#14388,#14389,#14390);
#14392=IFCLOCALPLACEMENT($,#14391);
#14393=IFCPROPERTYSET('0xOVHkrj13_OfYA1iSctfr',$,'Other',$,(#14395,#14396,#14397));
#14394=IFCRELDEFINESBYPROPERTIES('3P25TPydr2oePxpV65vDZY',$,$,$,(#14371),#14393);
#14395=IFCPROPERTYSINGLEVALUE('Ax',$,IFCLABEL('0.001'),$);
#14396=IFCPROPERTYSINGLEVALUE('Ay',$,IFCLABEL('0.001'),$);
#14397=IFCPROPERTYSINGLEVALUE('Section',$,IFCLABEL('Rect'),$);
#14398=IFCCOLUMN('3pMa53jhv2Gv8QfcUP1gYA',$,$,$,$,#14419,#14409,$,$);
#14399=IFCCARTESIANPOINTLIST2D(((-200.,-200.),(200.,-200.),(200.,200.),(-200.,200.)));
#14400=IFCINDEXEDPOLYCURVE(#14399,(IFCLINEINDEX((1,2,3,4,1))),$);
#14401=IFCARBITRARYCLOSEDPROFILEDEF(.AREA.,'Arbitrary',#14400);
#14402=IFCCARTESIANPOINT((0.,0.,0.));
#14403=IFCDIRECTION((0.,0.,1.));
#14404=IFCDIRECTION((1.,0.,0.));
#14405=IFCAXIS2PLACEMENT3D(#14402,#14403,#14404);
#14406=IFCDIRECTION((0.,0.,1.));
#14407=IFCEXTRUDEDAREASOLID(#14401,#14405,#14406,3000.);
#14408=IFCSHAPEREPRESENTATION(#11,'Body','SweptSolid',(#14407));
#14409=IFCPRODUCTDEFINITIONSHAPE($,$,(#14408));
#14415=IFCCARTESIANPOINT((12000.,6000.,0.));
#14416=IFCDIRECTION((0.,0.,1.));
#14417=IFCDIRECTION((1.,0.,0.));
#14418=IFCAXIS2PLACEMENT3D(#14415,#14416,#14417);
#14419=IFCLOCALPLACEMENT($,#14418);
#14420=IFCPROPERTYSET('25OygUMmL7NxIzm4FgrYlp',$,'Other',$,(#14422,#14423,#14424));
#14421=IFCRELDEFINESBYPROPERTIES('1olMHB9115mx7yQkIHQhEp',$,$,$,(#14398),#14420);
#14422=IFCPROPERTYSINGLEVALUE('Ax',$,IFCLABEL('0.001'),$);
#14423=IFCPROPERTYSINGLEVALUE('Ay',$,IFCLABEL('0.001'),$);
#14424=IFCPROPERTYSINGLEVALUE('Section',$,IFCLABEL('Rect'),$);
#14425=IFCCOLUMN('2rxu1$DAHDiAfvObKyZXVC',$,$,$,$,#14446,#14436,$,$);
#14426=IFCCARTESIANPOINTLIST2D(((-200.,-200.),(200.,-200.),(200.,200.),(-200.,200.)));
#14427=IFCINDEXEDPOLYCURVE(#14426,(IFCLINEINDEX((1,2,3,4,1))),$);
#14428=IFCARBITRARYCLOSEDPROFILEDEF(.AREA.,'Arbitrary',#14427);
#14429=IFCCARTESIANPOINT((0.,0.,0.));
#14430=IFCDIRECTION((0.,0.,1.));
#14431=IFCDIRECTION((1.,0.,0.));
#14432=IFCAXIS2PLACEMENT3D(#14429,#14430,#14431);
#14433=IFCDIRECTION((0.,0.,1.));
#14434=IFCEXTRUDEDAREASOLID(#14428,#14432,#14433,3000.);
#14435=IFCSHAPEREPRESENTATION(#11,'Body','SweptSolid',(#14434));
#14436=IFCPRODUCTDEFINITIONSHAPE($,$,(#14435));
#14442=IFCCARTESIANPOINT((30000.,12000.,21000.));
#14443=IFCDIRECTION((0.,0.,1.));
#14444=IFCDIRECTION((1.,0.,0.));
#14445=IFCAXIS2PLACEMENT3D(#14442,#14443,#14444);
#14446=IFCLOCALPLACEMENT($,#14445);
#14447=IFCPROPERTYSET('36JVKLe8r2J8lr39PHWk04',$,'Other',$,(#14449,#14450,#14451));
#14448=IFCRELDEFINESBYPROPERTIES('2XRlreSyT4Yw2kCTrbbyg$',$,$,$,(#14425),#14447);
#14449=IFCPROPERTYSINGLEVALUE('Ax',$,IFCLABEL('0.001'),$);
#14450=IFCPROPERTYSINGLEVALUE('Ay',$,IFCLABEL('0.001'),$);
#14451=IFCPROPERTYSINGLEVALUE('Section',$,IFCLABEL('Rect'),$);
#14452=IFCCOLUMN('1D35VKdsz15OXajIaVxi2w',$,$,$,$,#14473,#14463,$,$);
#14453=IFCCARTESIANPOINTLIST2D(((-200.,-200.),(200.,-200.),(200.,200.),(-200.,200.)));
#14454=IFCINDEXEDPOLYCURVE(#14453,(IFCLINEINDEX((1,2,3,4,1))),$);
#14455=IFCARBITRARYCLOSEDPROFILEDEF(.AREA.,'Arbitrary',#14454);
#14456=IFCCARTESIANPOINT((0.,0.,0.));
#14457=IFCDIRECTION((0.,0.,1.));
#14458=IFCDIRECTION((1.,0.,0.));
#14459=IFCAXIS2PLACEMENT3D(#14456,#14457,#14458);
#14460=IFCDIRECTION((0.,0.,1.));
#14461=IFCEXTRUDEDAREASOLID(#14455,#14459,#14460,3000.);
#14462=IFCSHAPEREPRESENTATION(#11,'Body','SweptSolid',(#14461));
#14463=IFCPRODUCTDEFINITIONSHAPE($,$,(#14462));
#14469=IFCCARTESIANPOINT((30000.,12000.,18000.));
#14470=IFCDIRECTION((0.,0.,1.));
#14471=IFCDIRECTION((1.,0.,0.));
#14472=IFCAXIS2PLACEMENT3D(#14469,#14470,#14471);
#14473=IFCLOCALPLACEMENT($,#14472);
#14474=IFCPROPERTYSET('0WY9nhd9T7MQKzmUM4MePz',$,'Other',$,(#14476,#14477,#14478));
#14475=IFCRELDEFINESBYPROPERTIES('2orVMJV7j229KXXb8RzFX8',$,$,$,(#14452),#14474);
#14476=IFCPROPERTYSINGLEVALUE('Ax',$,IFCLABEL('0.001'),$);
#14477=IFCPROPERTYSINGLEVALUE('Ay',$,IFCLABEL('0.001'),$);
#14478=IFCPROPERTYSINGLEVALUE('Section',$,IFCLABEL('Rect'),$);
#14479=IFCCOLUMN('3fw0LtZtX93P6XHIj8VjTI',$,$,$,$,#14500,#14490,$,$);
#14480=IFCCARTESIANPOINTLIST2D(((-200.,-200.),(200.,-200.),(200.,200.),(-200.,200.)));
#14481=IFCINDEXEDPOLYCURVE(#14480,(IFCLINEINDEX((1,2,3,4,1))),$);
#14482=IFCARBITRARYCLOSEDPROFILEDEF(.AREA.,'Arbitrary',#14481);
#14483=IFCCARTESIANPOINT((0.,0.,0.));
#14484=IFCDIRECTION((0.,0.,1.));
#14485=IFCDIRECTION((1.,0.,0.));
#14486=IFCAXIS2PLACEMENT3D(#14483,#14484,#14485);
#14487=IFCDIRECTION((0.,0.,1.));
#14488=IFCEXTRUDEDAREASOLID(#14482,#14486,#14487,3000.);
#14489=IFCSHAPEREPRESENTATION(#11,'Body','SweptSolid',(#14488));
#14490=IFCPRODUCTDEFINITIONSHAPE($,$,(#14489));
#14496=IFCCARTESIANPOINT((30000.,12000.,15000.));
#14497=IFCDIRECTION((0.,0.,1.));
#14498=IFCDIRECTION((1.,0.,0.));
#14499=IFCAXIS2PLACEMENT3D(#14496,#14497,#14498);
#14500=IFCLOCALPLACEMENT($,#14499);
#14501=IFCPROPERTYSET('0uk5vUyPj1F8h1_3I2ZLcR',$,'Other',$,(#14503,#14504,#14505));
#14502=IFCRELDEFINESBYPROPERTIES('3BcIEq_YT5ZOvP3NYeiQc7',$,$,$,(#14479),#14501);
#14503=IFCPROPERTYSINGLEVALUE('Ax',$,IFCLABEL('0.001'),$);
#14504=IFCPROPERTYSINGLEVALUE('Ay',$,IFCLABEL('0.001'),$);
#14505=IFCPROPERTYSINGLEVALUE('Section',$,IFCLABEL('Rect'),$);
#14506=IFCCOLUMN('3I155iZWz1c9e5GfI$tFdn',$,$,$,$,#14527,#14517,$,$);
#14507=IFCCARTESIANPOINTLIST2D(((-200.,-200.),(200.,-200.),(200.,200.),(-200.,200.)));
#14508=IFCINDEXEDPOLYCURVE(#14507,(IFCLINEINDEX((1,2,3,4,1))),$);
#14509=IFCARBITRARYCLOSEDPROFILEDEF(.AREA.,'Arbitrary',#14508);
#14510=IFCCARTESIANPOINT((0.,0.,0.));
#14511=IFCDIRECTION((0.,0.,1.));
#14512=IFCDIRECTION((1.,0.,0.));
#14513=IFCAXIS2PLACEMENT3D(#14510,#14511,#14512);
#14514=IFCDIRECTION((0.,0.,1.));
#14515=IFCEXTRUDEDAREASOLID(#14509,#14513,#14514,3000.);
#14516=IFCSHAPEREPRESENTATION(#11,'Body','SweptSolid',(#14515));
#14517=IFCPRODUCTDEFINITIONSHAPE($,$,(#14516));
#14523=IFCCARTESIANPOINT((30000.,12000.,12000.));
#14524=IFCDIRECTION((0.,0.,1.));
#14525=IFCDIRECTION((1.,0.,0.));
#14526=IFCAXIS2PLACEMENT3D(#14523,#14524,#14525);
#14527=IFCLOCALPLACEMENT($,#14526);
#14528=IFCPROPERTYSET('0zxyeQIIL63AK6$NWJjLPf',$,'Other',$,(#14530,#14531,#14532));
#14529=IFCRELDEFINESBYPROPERTIES('3rFgyPqxPEM8FpW6ZsDaVl',$,$,$,(#14506),#14528);
#14530=IFCPROPERTYSINGLEVALUE('Ax',$,IFCLABEL('0.001'),$);
#14531=IFCPROPERTYSINGLEVALUE('Ay',$,IFCLABEL('0.001'),$);
#14532=IFCPROPERTYSINGLEVALUE('Section',$,IFCLABEL('Rect'),$);
#14533=IFCCOLUMN('1zAwNPh9LC$QaZiTrgXpEn',$,$,$,$,#14554,#14544,$,$);
#14534=IFCCARTESIANPOINTLIST2D(((-200.,-200.),(200.,-200.),(200.,200.),(-200.,200.)));
#14535=IFCINDEXEDPOLYCURVE(#14534,(IFCLINEINDEX((1,2,3,4,1))),$);
#14536=IFCARBITRARYCLOSEDPROFILEDEF(.AREA.,'Arbitrary',#14535);
#14537=IFCCARTESIANPOINT((0.,0.,0.));
#14538=IFCDIRECTION((0.,0.,1.));
#14539=IFCDIRECTION((1.,0.,0.));
#14540=IFCAXIS2PLACEMENT3D(#14537,#14538,#14539);
#14541=IFCDIRECTION((0.,0.,1.));
#14542=IFCEXTRUDEDAREASOLID(#14536,#14540,#14541,3000.);
#14543=IFCSHAPEREPRESENTATION(#11,'Body','SweptSolid',(#14542));
#14544=IFCPRODUCTDEFINITIONSHAPE($,$,(#14543));
#14550=IFCCARTESIANPOINT((30000.,12000.,9000.));
#14551=IFCDIRECTION((0.,0.,1.));
#14552=IFCDIRECTION((1.,0.,0.));
#14553=IFCAXIS2PLACEMENT3D(#14550,#14551,#14552);
#14554=IFCLOCALPLACEMENT($,#14553);
#14555=IFCPROPERTYSET('1NSv7FnITBae7x0b1Dyh5y',$,'Other',$,(#14557,#14558,#14559));
#14556=IFCRELDEFINESBYPROPERTIES('2K8L4MernAdupllSnQCTMs',$,$,$,(#14533),#14555);
#14557=IFCPROPERTYSINGLEVALUE('Ax',$,IFCLABEL('0.001'),$);
#14558=IFCPROPERTYSINGLEVALUE('Ay',$,IFCLABEL('0.001'),$);
#14559=IFCPROPERTYSINGLEVALUE('Section',$,IFCLABEL('Rect'),$);
#14560=IFCCOLUMN('1Y_UPalq55Qf1qMfAXoHtn',$,$,$,$,#14581,#14571,$,$);
#14561=IFCCARTESIANPOINTLIST2D(((-200.,-200.),(200.,-200.),(200.,200.),(-200.,200.)));
#14562=IFCINDEXEDPOLYCURVE(#14561,(IFCLINEINDEX((1,2,3,4,1))),$);
#14563=IFCARBITRARYCLOSEDPROFILEDEF(.AREA.,'Arbitrary',#14562);
#14564=IFCCARTESIANPOINT((0.,0.,0.));
#14565=IFCDIRECTION((0.,0.,1.));
#14566=IFCDIRECTION((1.,0.,0.));
#14567=IFCAXIS2PLACEMENT3D(#14564,#14565,#14566);
#14568=IFCDIRECTION((0.,0.,1.));
#14569=IFCEXTRUDEDAREASOLID(#14563,#14567,#14568,3000.);
#14570=IFCSHAPEREPRESENTATION(#11,'Body','SweptSolid',(#14569));
#14571=IFCPRODUCTDEFINITIONSHAPE($,$,(#14570));
#14577=IFCCARTESIANPOINT((30000.,12000.,6000.));
#14578=IFCDIRECTION((0.,0.,1.));
#14579=IFCDIRECTION((1.,0.,0.));
#14580=IFCAXIS2PLACEMENT3D(#14577,#14578,#14579);
#14581=IFCLOCALPLACEMENT($,#14580);
#14582=IFCPROPERTYSET('138GOizhr9NBB0CkQPx8OD',$,'Other',$,(#14584,#14585,#14586));
#14583=IFCRELDEFINESBYPROPERTIES('2CpGDgm7968POt6XT02B6m',$,$,$,(#14560),#14582);
#14584=IFCPROPERTYSINGLEVALUE('Ax',$,IFCLABEL('0.001'),$);
#14585=IFCPROPERTYSINGLEVALUE('Ay',$,IFCLABEL('0.001'),$);
#14586=IFCPROPERTYSINGLEVALUE('Section',$,IFCLABEL('Rect'),$);
#14587=IFCCOLUMN('01YjkaS2r1l9BFXyUvkd$v',$,$,$,$,#14608,#14598,$,$);
#14588=IFCCARTESIANPOINTLIST2D(((-200.,-200.),(200.,-200.),(200.,200.),(-200.,200.)));
#14589=IFCINDEXEDPOLYCURVE(#14588,(IFCLINEINDEX((1,2,3,4,1))),$);
#14590=IFCARBITRARYCLOSEDPROFILEDEF(.AREA.,'Arbitrary',#14589);
#14591=IFCCARTESIANPOINT((0.,0.,0.));
#14592=IFCDIRECTION((0.,0.,1.));
#14593=IFCDIRECTION((1.,0.,0.));
#14594=IFCAXIS2PLACEMENT3D(#14591,#14592,#14593);
#14595=IFCDIRECTION((0.,0.,1.));
#14596=IFCEXTRUDEDAREASOLID(#14590,#14594,#14595,3000.);
#14597=IFCSHAPEREPRESENTATION(#11,'Body','SweptSolid',(#14596));
#14598=IFCPRODUCTDEFINITIONSHAPE($,$,(#14597));
#14604=IFCCARTESIANPOINT((30000.,12000.,3000.));
#14605=IFCDIRECTION((0.,0.,1.));
#14606=IFCDIRECTION((1.,0.,0.));
#14607=IFCAXIS2PLACEMENT3D(#14604,#14605,#14606);
#14608=IFCLOCALPLACEMENT($,#14607);
#14609=IFCPROPERTYSET('2S42vsROj6TO6hZ9J2jW2p',$,'Other',$,(#14611,#14612,#14613));
#14610=IFCRELDEFINESBYPROPERTIES('327TiBb2L7U939XEI47oeT',$,$,$,(#14587),#14609);
#14611=IFCPROPERTYSINGLEVALUE('Ax',$,IFCLABEL('0.001'),$);
#14612=IFCPROPERTYSINGLEVALUE('Ay',$,IFCLABEL('0.001'),$);
#14613=IFCPROPERTYSINGLEVALUE('Section',$,IFCLABEL('Rect'),$);
#14614=IFCCOLUMN('1FQIiFP1HB$gKIeMWrvQ$i',$,$,$,$,#14635,#14625,$,$);
#14615=IFCCARTESIANPOINTLIST2D(((-200.,-200.),(200.,-200.),(200.,200.),(-200.,200.)));
#14616=IFCINDEXEDPOLYCURVE(#14615,(IFCLINEINDEX((1,2,3,4,1))),$);
#14617=IFCARBITRARYCLOSEDPROFILEDEF(.AREA.,'Arbitrary',#14616);
#14618=IFCCARTESIANPOINT((0.,0.,0.));
#14619=IFCDIRECTION((0.,0.,1.));
#14620=IFCDIRECTION((1.,0.,0.));
#14621=IFCAXIS2PLACEMENT3D(#14618,#14619,#14620);
#14622=IFCDIRECTION((0.,0.,1.));
#14623=IFCEXTRUDEDAREASOLID(#14617,#14621,#14622,3000.);
#14624=IFCSHAPEREPRESENTATION(#11,'Body','SweptSolid',(#14623));
#14625=IFCPRODUCTDEFINITIONSHAPE($,$,(#14624));
#14631=IFCCARTESIANPOINT((30000.,12000.,0.));
#14632=IFCDIRECTION((0.,0.,1.));
#14633=IFCDIRECTION((1.,0.,0.));
#14634=IFCAXIS2PLACEMENT3D(#14631,#14632,#14633);
#14635=IFCLOCALPLACEMENT($,#14634);
#14636=IFCPROPERTYSET('1T6buYu4L0zfdO_s80iPQX',$,'Other',$,(#14638,#14639,#14640));
#14637=IFCRELDEFINESBYPROPERTIES('1r7nYdsAr5lvePD1rzOwun',$,$,$,(#14614),#14636);
#14638=IFCPROPERTYSINGLEVALUE('Ax',$,IFCLABEL('0.001'),$);
#14639=IFCPROPERTYSINGLEVALUE('Ay',$,IFCLABEL('0.001'),$);
#14640=IFCPROPERTYSINGLEVALUE('Section',$,IFCLABEL('Rect'),$);
#14641=IFCCOLUMN('34CpScH0H0Sv6tWVZ292Hu',$,$,$,$,#14662,#14652,$,$);
#14642=IFCCARTESIANPOINTLIST2D(((-200.,-200.),(200.,-200.),(200.,200.),(-200.,200.)));
#14643=IFCINDEXEDPOLYCURVE(#14642,(IFCLINEINDEX((1,2,3,4,1))),$);
#14644=IFCARBITRARYCLOSEDPROFILEDEF(.AREA.,'Arbitrary',#14643);
#14645=IFCCARTESIANPOINT((0.,0.,0.));
#14646=IFCDIRECTION((0.,0.,1.));
#14647=IFCDIRECTION((1.,0.,0.));
#14648=IFCAXIS2PLACEMENT3D(#14645,#14646,#14647);
#14649=IFCDIRECTION((0.,0.,1.));
#14650=IFCEXTRUDEDAREASOLID(#14644,#14648,#14649,3000.);
#14651=IFCSHAPEREPRESENTATION(#11,'Body','SweptSolid',(#14650));
#14652=IFCPRODUCTDEFINITIONSHAPE($,$,(#14651));
#14658=IFCCARTESIANPOINT((30000.,6000.,21000.));
#14659=IFCDIRECTION((0.,0.,1.));
#14660=IFCDIRECTION((1.,0.,0.));
#14661=IFCAXIS2PLACEMENT3D(#14658,#14659,#14660);
#14662=IFCLOCALPLACEMENT($,#14661);
#14663=IFCPROPERTYSET('01hYR6SwH1PO8ajTjOIJO9',$,'Other',$,(#14665,#14666,#14667));
#14664=IFCRELDEFINESBYPROPERTIES('0WqrzBBGXEdw0ROYlzc0C_',$,$,$,(#14641),#14663);
#14665=IFCPROPERTYSINGLEVALUE('Ax',$,IFCLABEL('0.001'),$);
#14666=IFCPROPERTYSINGLEVALUE('Ay',$,IFCLABEL('0.001'),$);
#14667=IFCPROPERTYSINGLEVALUE('Section',$,IFCLABEL('Rect'),$);
#14668=IFCCOLUMN('1LeDUNe$1A18IlnXBwv6lZ',$,$,$,$,#14689,#14679,$,$);
#14669=IFCCARTESIANPOINTLIST2D(((-200.,-200.),(200.,-200.),(200.,200.),(-200.,200.)));
#14670=IFCINDEXEDPOLYCURVE(#14669,(IFCLINEINDEX((1,2,3,4,1))),$);
#14671=IFCARBITRARYCLOSEDPROFILEDEF(.AREA.,'Arbitrary',#14670);
#14672=IFCCARTESIANPOINT((0.,0.,0.));
#14673=IFCDIRECTION((0.,0.,1.));
#14674=IFCDIRECTION((1.,0.,0.));
#14675=IFCAXIS2PLACEMENT3D(#14672,#14673,#14674);
#14676=IFCDIRECTION((0.,0.,1.));
#14677=IFCEXTRUDEDAREASOLID(#14671,#14675,#14676,3000.);
#14678=IFCSHAPEREPRESENTATION(#11,'Body','SweptSolid',(#14677));
#14679=IFCPRODUCTDEFINITIONSHAPE($,$,(#14678));
#14685=IFCCARTESIANPOINT((30000.,6000.,18000.));
#14686=IFCDIRECTION((0.,0.,1.));
#14687=IFCDIRECTION((1.,0.,0.));
#14688=IFCAXIS2PLACEMENT3D(#14685,#14686,#14687);
#14689=IFCLOCALPLACEMENT($,#14688);
#14690=IFCPROPERTYSET('0TDTKNbW17OhTtuUMxEiwj',$,'Other',$,(#14692,#14693,#14694));
#14691=IFCRELDEFINESBYPROPERTIES('2yWndfLIj3TR$QBNdKu6gn',$,$,$,(#14668),#14690);
#14692=IFCPROPERTYSINGLEVALUE('Ax',$,IFCLABEL('0.001'),$);
#14693=IFCPROPERTYSINGLEVALUE('Ay',$,IFCLABEL('0.001'),$);
#14694=IFCPROPERTYSINGLEVALUE('Section',$,IFCLABEL('Rect'),$);
#14695=IFCCOLUMN('1XYsjGnn90r8$1ahUgQ$Ie',$,$,$,$,#14716,#14706,$,$);
#14696=IFCCARTESIANPOINTLIST2D(((-200.,-200.),(200.,-200.),(200.,200.),(-200.,200.)));
#14697=IFCINDEXEDPOLYCURVE(#14696,(IFCLINEINDEX((1,2,3,4,1))),$);
#14698=IFCARBITRARYCLOSEDPROFILEDEF(.AREA.,'Arbitrary',#14697);
#14699=IFCCARTESIANPOINT((0.,0.,0.));
#14700=IFCDIRECTION((0.,0.,1.));
#14701=IFCDIRECTION((1.,0.,0.));
#14702=IFCAXIS2PLACEMENT3D(#14699,#14700,#14701);
#14703=IFCDIRECTION((0.,0.,1.));
#14704=IFCEXTRUDEDAREASOLID(#14698,#14702,#14703,3000.);
#14705=IFCSHAPEREPRESENTATION(#11,'Body','SweptSolid',(#14704));
#14706=IFCPRODUCTDEFINITIONSHAPE($,$,(#14705));
#14712=IFCCARTESIANPOINT((30000.,6000.,15000.));
#14713=IFCDIRECTION((0.,0.,1.));
#14714=IFCDIRECTION((1.,0.,0.));
#14715=IFCAXIS2PLACEMENT3D(#14712,#14713,#14714);
#14716=IFCLOCALPLACEMENT($,#14715);
#14717=IFCPROPERTYSET('1n2240oaj9DPWef2Z64yJs',$,'Other',$,(#14719,#14720,#14721));
#14718=IFCRELDEFINESBYPROPERTIES('3APTSdIP9DRuJMAVelljvW',$,$,$,(#14695),#14717);
#14719=IFCPROPERTYSINGLEVALUE('Ax',$,IFCLABEL('0.001'),$);
#14720=IFCPROPERTYSINGLEVALUE('Ay',$,IFCLABEL('0.001'),$);
#14721=IFCPROPERTYSINGLEVALUE('Section',$,IFCLABEL('Rect'),$);
#14722=IFCCOLUMN('2jM4QM0cnEVuuRbvs7eeh_',$,$,$,$,#14743,#14733,$,$);
#14723=IFCCARTESIANPOINTLIST2D(((-200.,-200.),(200.,-200.),(200.,200.),(-200.,200.)));
#14724=IFCINDEXEDPOLYCURVE(#14723,(IFCLINEINDEX((1,2,3,4,1))),$);
#14725=IFCARBITRARYCLOSEDPROFILEDEF(.AREA.,'Arbitrary',#14724);
#14726=IFCCARTESIANPOINT((0.,0.,0.));
#14727=IFCDIRECTION((0.,0.,1.));
#14728=IFCDIRECTION((1.,0.,0.));
#14729=IFCAXIS2PLACEMENT3D(#14726,#14727,#14728);
#14730=IFCDIRECTION((0.,0.,1.));
#14731=IFCEXTRUDEDAREASOLID(#14725,#14729,#14730,3000.);
#14732=IFCSHAPEREPRESENTATION(#11,'Body','SweptSolid',(#14731));
#14733=IFCPRODUCTDEFINITIONSHAPE($,$,(#14732));
#14739=IFCCARTESIANPOINT((30000.,6000.,12000.));
#14740=IFCDIRECTION((0.,0.,1.));
#14741=IFCDIRECTION((1.,0.,0.));
#14742=IFCAXIS2PLACEMENT3D(#14739,#14740,#14741);
#14743=IFCLOCALPLACEMENT($,#14742);
#14744=IFCPROPERTYSET('2q8mX7MSX96RUYfJShd7S7',$,'Other',$,(#14746,#14747,#14748));
#14745=IFCRELDEFINESBYPROPERTIES('28sD0eZgTEWxqv9_Hms18H',$,$,$,(#14722),#14744);
#14746=IFCPROPERTYSINGLEVALUE('Ax',$,IFCLABEL('0.001'),$);
#14747=IFCPROPERTYSINGLEVALUE('Ay',$,IFCLABEL('0.001'),$);
#14748=IFCPROPERTYSINGLEVALUE('Section',$,IFCLABEL('Rect'),$);
#14749=IFCCOLUMN('0lOxdC83TAouTIAhOXNfku',$,$,$,$,#14770,#14760,$,$);
#14750=IFCCARTESIANPOINTLIST2D(((-200.,-200.),(200.,-200.),(200.,200.),(-200.,200.)));
#14751=IFCINDEXEDPOLYCURVE(#14750,(IFCLINEINDEX((1,2,3,4,1))),$);
#14752=IFCARBITRARYCLOSEDPROFILEDEF(.AREA.,'Arbitrary',#14751);
#14753=IFCCARTESIANPOINT((0.,0.,0.));
#14754=IFCDIRECTION((0.,0.,1.));
#14755=IFCDIRECTION((1.,0.,0.));
#14756=IFCAXIS2PLACEMENT3D(#14753,#14754,#14755);
#14757=IFCDIRECTION((0.,0.,1.));
#14758=IFCEXTRUDEDAREASOLID(#14752,#14756,#14757,3000.);
#14759=IFCSHAPEREPRESENTATION(#11,'Body','SweptSolid',(#14758));
#14760=IFCPRODUCTDEFINITIONSHAPE($,$,(#14759));
#14766=IFCCARTESIANPOINT((30000.,6000.,9000.));
#14767=IFCDIRECTION((0.,0.,1.));
#14768=IFCDIRECTION((1.,0.,0.));
#14769=IFCAXIS2PLACEMENT3D(#14766,#14767,#14768);
#14770=IFCLOCALPLACEMENT($,#14769);
#14771=IFCPROPERTYSET('2YfmQRxBH4K8seanHfDKv9',$,'Other',$,(#14773,#14774,#14775));
#14772=IFCRELDEFINESBYPROPERTIES('2xCu7L7XLFMBf_Y6yH3$FJ',$,$,$,(#14749),#14771);
#14773=IFCPROPERTYSINGLEVALUE('Ax',$,IFCLABEL('0.001'),$);
#14774=IFCPROPERTYSINGLEVALUE('Ay',$,IFCLABEL('0.001'),$);
#14775=IFCPROPERTYSINGLEVALUE('Section',$,IFCLABEL('Rect'),$);
#14776=IFCCOLUMN('1zS71m_ozFnRfrKxZzpeiw',$,$,$,$,#14797,#14787,$,$);
#14777=IFCCARTESIANPOINTLIST2D(((-200.,-200.),(200.,-200.),(200.,200.),(-200.,200.)));
#14778=IFCINDEXEDPOLYCURVE(#14777,(IFCLINEINDEX((1,2,3,4,1))),$);
#14779=IFCARBITRARYCLOSEDPROFILEDEF(.AREA.,'Arbitrary',#14778);
#14780=IFCCARTESIANPOINT((0.,0.,0.));
#14781=IFCDIRECTION((0.,0.,1.));
#14782=IFCDIRECTION((1.,0.,0.));
#14783=IFCAXIS2PLACEMENT3D(#14780,#14781,#14782);
#14784=IFCDIRECTION((0.,0.,1.));
#14785=IFCEXTRUDEDAREASOLID(#14779,#14783,#14784,3000.);
#14786=IFCSHAPEREPRESENTATION(#11,'Body','SweptSolid',(#14785));
#14787=IFCPRODUCTDEFINITIONSHAPE($,$,(#14786));
#14793=IFCCARTESIANPOINT((30000.,6000.,6000.));
#14794=IFCDIRECTION((0.,0.,1.));
#14795=IFCDIRECTION((1.,0.,0.));
#14796=IFCAXIS2PLACEMENT3D(#14793,#14794,#14795);
#14797=IFCLOCALPLACEMENT($,#14796);
#14798=IFCPROPERTYSET('00eGAfNu93pwkEuPBgVH_Z',$,'Other',$,(#14800,#14801,#14802));
#14799=IFCRELDEFINESBYPROPERTIES('2qlEdkqU92NflT0$o4LXrq',$,$,$,(#14776),#14798);
#14800=IFCPROPERTYSINGLEVALUE('Ax',$,IFCLABEL('0.001'),$);
#14801=IFCPROPERTYSINGLEVALUE('Ay',$,IFCLABEL('0.001'),$);
#14802=IFCPROPERTYSINGLEVALUE('Section',$,IFCLABEL('Rect'),$);
#14803=IFCCOLUMN('3m4eLVNy98aw4xbndxHbRu',$,$,$,$,#14824,#14814,$,$);
#14804=IFCCARTESIANPOINTLIST2D(((-200.,-200.),(200.,-200.),(200.,200.),(-200.,200.)));
#14805=IFCINDEXEDPOLYCURVE(#14804,(IFCLINEINDEX((1,2,3,4,1))),$);
#14806=IFCARBITRARYCLOSEDPROFILEDEF(.AREA.,'Arbitrary',#14805);
#14807=IFCCARTESIANPOINT((0.,0.,0.));
#14808=IFCDIRECTION((0.,0.,1.));
#14809=IFCDIRECTION((1.,0.,0.));
#14810=IFCAXIS2PLACEMENT3D(#14807,#14808,#14809);
#14811=IFCDIRECTION((0.,0.,1.));
#14812=IFCEXTRUDEDAREASOLID(#14806,#14810,#14811,3000.);
#14813=IFCSHAPEREPRESENTATION(#11,'Body','SweptSolid',(#14812));
#14814=IFCPRODUCTDEFINITIONSHAPE($,$,(#14813));
#14820=IFCCARTESIANPOINT((30000.,6000.,3000.));
#14821=IFCDIRECTION((0.,0.,1.));
#14822=IFCDIRECTION((1.,0.,0.));
#14823=IFCAXIS2PLACEMENT3D(#14820,#14821,#14822);
#14824=IFCLOCALPLACEMENT($,#14823);
#14825=IFCPROPERTYSET('0t6$1RZRP1O9b7GI_EGtV$',$,'Other',$,(#14827,#14828,#14829));
#14826=IFCRELDEFINESBYPROPERTIES('3oVdFN8PD3qfxJ81rEv$Lw',$,$,$,(#14803),#14825);
#14827=IFCPROPERTYSINGLEVALUE('Ax',$,IFCLABEL('0.001'),$);
#14828=IFCPROPERTYSINGLEVALUE('Ay',$,IFCLABEL('0.001'),$);
#14829=IFCPROPERTYSINGLEVALUE('Section',$,IFCLABEL('Rect'),$);
#14830=IFCCOLUMN('19nvqctTH5vhpIzAOqn_nT',$,$,$,$,#14851,#14841,$,$);
#14831=IFCCARTESIANPOINTLIST2D(((-200.,-200.),(200.,-200.),(200.,200.),(-200.,200.)));
#14832=IFCINDEXEDPOLYCURVE(#14831,(IFCLINEINDEX((1,2,3,4,1))),$);
#14833=IFCARBITRARYCLOSEDPROFILEDEF(.AREA.,'Arbitrary',#14832);
#14834=IFCCARTESIANPOINT((0.,0.,0.));
#14835=IFCDIRECTION((0.,0.,1.));
#14836=IFCDIRECTION((1.,0.,0.));
#14837=IFCAXIS2PLACEMENT3D(#14834,#14835,#14836);
#14838=IFCDIRECTION((0.,0.,1.));
#14839=IFCEXTRUDEDAREASOLID(#14833,#14837,#14838,3000.);
#14840=IFCSHAPEREPRESENTATION(#11,'Body','SweptSolid',(#14839));
#14841=IFCPRODUCTDEFINITIONSHAPE($,$,(#14840));
#14847=IFCCARTESIANPOINT((30000.,6000.,0.));
#14848=IFCDIRECTION((0.,0.,1.));
#14849=IFCDIRECTION((1.,0.,0.));
#14850=IFCAXIS2PLACEMENT3D(#14847,#14848,#14849);
#14851=IFCLOCALPLACEMENT($,#14850);
#14852=IFCPROPERTYSET('39wUdL$Mr7UfmSS6yDM5N1',$,'Other',$,(#14854,#14855,#14856));
#14853=IFCRELDEFINESBYPROPERTIES('34404_$jr7Zwqn$MelVCv3',$,$,$,(#14830),#14852);
#14854=IFCPROPERTYSINGLEVALUE('Ax',$,IFCLABEL('0.001'),$);
#14855=IFCPROPERTYSINGLEVALUE('Ay',$,IFCLABEL('0.001'),$);
#14856=IFCPROPERTYSINGLEVALUE('Section',$,IFCLABEL('Rect'),$);
#14857=IFCCOLUMN('1W57OzXlzFFei06AeRv9dy',$,$,$,$,#14878,#14868,$,$);
#14858=IFCCARTESIANPOINTLIST2D(((-200.,-200.),(200.,-200.),(200.,200.),(-200.,200.)));
#14859=IFCINDEXEDPOLYCURVE(#14858,(IFCLINEINDEX((1,2,3,4,1))),$);
#14860=IFCARBITRARYCLOSEDPROFILEDEF(.AREA.,'Arbitrary',#14859);
#14861=IFCCARTESIANPOINT((0.,0.,0.));
#14862=IFCDIRECTION((0.,0.,1.));
#14863=IFCDIRECTION((1.,0.,0.));
#14864=IFCAXIS2PLACEMENT3D(#14861,#14862,#14863);
#14865=IFCDIRECTION((0.,0.,1.));
#14866=IFCEXTRUDEDAREASOLID(#14860,#14864,#14865,3000.);
#14867=IFCSHAPEREPRESENTATION(#11,'Body','SweptSolid',(#14866));
#14868=IFCPRODUCTDEFINITIONSHAPE($,$,(#14867));
#14874=IFCCARTESIANPOINT((30000.,0.,21000.));
#14875=IFCDIRECTION((0.,0.,1.));
#14876=IFCDIRECTION((1.,0.,0.));
#14877=IFCAXIS2PLACEMENT3D(#14874,#14875,#14876);
#14878=IFCLOCALPLACEMENT($,#14877);
#14879=IFCPROPERTYSET('1ZyDrmvWLCP9NmmxxLVw34',$,'Other',$,(#14881,#14882,#14883));
#14880=IFCRELDEFINESBYPROPERTIES('3B0xrt4qTEURQligTn1qlq',$,$,$,(#14857),#14879);
#14881=IFCPROPERTYSINGLEVALUE('Ax',$,IFCLABEL('0.001'),$);
#14882=IFCPROPERTYSINGLEVALUE('Ay',$,IFCLABEL('0.001'),$);
#14883=IFCPROPERTYSINGLEVALUE('Section',$,IFCLABEL('Rect'),$);
#14884=IFCCOLUMN('0gLJmG33T1bhlLc1Flkv6M',$,$,$,$,#14905,#14895,$,$);
#14885=IFCCARTESIANPOINTLIST2D(((-200.,-200.),(200.,-200.),(200.,200.),(-200.,200.)));
#14886=IFCINDEXEDPOLYCURVE(#14885,(IFCLINEINDEX((1,2,3,4,1))),$);
#14887=IFCARBITRARYCLOSEDPROFILEDEF(.AREA.,'Arbitrary',#14886);
#14888=IFCCARTESIANPOINT((0.,0.,0.));
#14889=IFCDIRECTION((0.,0.,1.));
#14890=IFCDIRECTION((1.,0.,0.));
#14891=IFCAXIS2PLACEMENT3D(#14888,#14889,#14890);
#14892=IFCDIRECTION((0.,0.,1.));
#14893=IFCEXTRUDEDAREASOLID(#14887,#14891,#14892,3000.);
#14894=IFCSHAPEREPRESENTATION(#11,'Body','SweptSolid',(#14893));
#14895=IFCPRODUCTDEFINITIONSHAPE($,$,(#14894));
#14901=IFCCARTESIANPOINT((30000.,0.,18000.));
#14902=IFCDIRECTION((0.,0.,1.));
#14903=IFCDIRECTION((1.,0.,0.));
#14904=IFCAXIS2PLACEMENT3D(#14901,#14902,#14903);
#14905=IFCLOCALPLACEMENT($,#14904);
#14906=IFCPROPERTYSET('3X3Iz9mcz1pQ8nX5A3xXms',$,'Other',$,(#14908,#14909,#14910));
#14907=IFCRELDEFINESBYPROPERTIES('3Iubzj1RXBRPHZKar4z_vH',$,$,$,(#14884),#14906);
#14908=IFCPROPERTYSINGLEVALUE('Ax',$,IFCLABEL('0.001'),$);
#14909=IFCPROPERTYSINGLEVALUE('Ay',$,IFCLABEL('0.001'),$);
#14910=IFCPROPERTYSINGLEVALUE('Section',$,IFCLABEL('Rect'),$);
#14911=IFCCOLUMN('1TYhfsc6PCmuBL2pIYnTe3',$,$,$,$,#14932,#14922,$,$);
#14912=IFCCARTESIANPOINTLIST2D(((-200.,-200.),(200.,-200.),(200.,200.),(-200.,200.)));
#14913=IFCINDEXEDPOLYCURVE(#14912,(IFCLINEINDEX((1,2,3,4,1))),$);
#14914=IFCARBITRARYCLOSEDPROFILEDEF(.AREA.,'Arbitrary',#14913);
#14915=IFCCARTESIANPOINT((0.,0.,0.));
#14916=IFCDIRECTION((0.,0.,1.));
#14917=IFCDIRECTION((1.,0.,0.));
#14918=IFCAXIS2PLACEMENT3D(#14915,#14916,#14917);
#14919=IFCDIRECTION((0.,0.,1.));
#14920=IFCEXTRUDEDAREASOLID(#14914,#14918,#14919,3000.);
#14921=IFCSHAPEREPRESENTATION(#11,'Body','SweptSolid',(#14920));
#14922=IFCPRODUCTDEFINITIONSHAPE($,$,(#14921));
#14928=IFCCARTESIANPOINT((30000.,0.,15000.));
#14929=IFCDIRECTION((0.,0.,1.));
#14930=IFCDIRECTION((1.,0.,0.));
#14931=IFCAXIS2PLACEMENT3D(#14928,#14929,#14930);
#14932=IFCLOCALPLACEMENT($,#14931);
#14933=IFCPROPERTYSET('1p6zyZqA98uAbqPbDyUDfx',$,'Other',$,(#14935,#14936,#14937));
#14934=IFCRELDEFINESBYPROPERTIES('100RiAQYr90RYq32f4ddb6',$,$,$,(#14911),#14933);
#14935=IFCPROPERTYSINGLEVALUE('Ax',$,IFCLABEL('0.001'),$);
#14936=IFCPROPERTYSINGLEVALUE('Ay',$,IFCLABEL('0.001'),$);
#14937=IFCPROPERTYSINGLEVALUE('Section',$,IFCLABEL('Rect'),$);
#14938=IFCCOLUMN('1YFs5tv6j8$8hfwnxBJ5MM',$,$,$,$,#14959,#14949,$,$);
#14939=IFCCARTESIANPOINTLIST2D(((-200.,-200.),(200.,-200.),(200.,200.),(-200.,200.)));
#14940=IFCINDEXEDPOLYCURVE(#14939,(IFCLINEINDEX((1,2,3,4,1))),$);
#14941=IFCARBITRARYCLOSEDPROFILEDEF(.AREA.,'Arbitrary',#14940);
#14942=IFCCARTESIANPOINT((0.,0.,0.));
#14943=IFCDIRECTION((0.,0.,1.));
#14944=IFCDIRECTION((1.,0.,0.));
#14945=IFCAXIS2PLACEMENT3D(#14942,#14943,#14944);
#14946=IFCDIRECTION((0.,0.,1.));
#14947=IFCEXTRUDEDAREASOLID(#14941,#14945,#14946,3000.);
#14948=IFCSHAPEREPRESENTATION(#11,'Body','SweptSolid',(#14947));
#14949=IFCPRODUCTDEFINITIONSHAPE($,$,(#14948));
#14955=IFCCARTESIANPOINT((30000.,0.,12000.));
#14956=IFCDIRECTION((0.,0.,1.));
#14957=IFCDIRECTION((1.,0.,0.));
#14958=IFCAXIS2PLACEMENT3D(#14955,#14956,#14957);
#14959=IFCLOCALPLACEMENT($,#14958);
#14960=IFCPROPERTYSET('0GdpC9zF57w84ro88FkpVr',$,'Other',$,(#14962,#14963,#14964));
#14961=IFCRELDEFINESBYPROPERTIES('0ImVvRfwLFseQOvVpLzkMO',$,$,$,(#14938),#14960);
#14962=IFCPROPERTYSINGLEVALUE('Ax',$,IFCLABEL('0.001'),$);
#14963=IFCPROPERTYSINGLEVALUE('Ay',$,IFCLABEL('0.001'),$);
#14964=IFCPROPERTYSINGLEVALUE('Section',$,IFCLABEL('Rect'),$);
#14965=IFCCOLUMN('0XW8bv_KHE8RFQN4Ota$Sa',$,$,$,$,#14986,#14976,$,$);
#14966=IFCCARTESIANPOINTLIST2D(((-200.,-200.),(200.,-200.),(200.,200.),(-200.,200.)));
#14967=IFCINDEXEDPOLYCURVE(#14966,(IFCLINEINDEX((1,2,3,4,1))),$);
#14968=IFCARBITRARYCLOSEDPROFILEDEF(.AREA.,'Arbitrary',#14967);
#14969=IFCCARTESIANPOINT((0.,0.,0.));
#14970=IFCDIRECTION((0.,0.,1.));
#14971=IFCDIRECTION((1.,0.,0.));
#14972=IFCAXIS2PLACEMENT3D(#14969,#14970,#14971);
#14973=IFCDIRECTION((0.,0.,1.));
#14974=IFCEXTRUDEDAREASOLID(#14968,#14972,#14973,3000.);
#14975=IFCSHAPEREPRESENTATION(#11,'Body','SweptSolid',(#14974));
#14976=IFCPRODUCTDEFINITIONSHAPE($,$,(#14975));
#14982=IFCCARTESIANPOINT((30000.,0.,9000.));
#14983=IFCDIRECTION((0.,0.,1.));
#14984=IFCDIRECTION((1.,0.,0.));
#14985=IFCAXIS2PLACEMENT3D(#14982,#14983,#14984);
#14986=IFCLOCALPLACEMENT($,#14985);
#14987=IFCPROPERTYSET('1dSoJu3NP9FAs7m4OBope9',$,'Other',$,(#14989,#14990,#14991));
#14988=IFCRELDEFINESBYPROPERTIES('25EeP6n4T21uVr4kolrEtD',$,$,$,(#14965),#14987);
#14989=IFCPROPERTYSINGLEVALUE('Ax',$,IFCLABEL('0.001'),$);
#14990=IFCPROPERTYSINGLEVALUE('Ay',$,IFCLABEL('0.001'),$);
#14991=IFCPROPERTYSINGLEVALUE('Section',$,IFCLABEL('Rect'),$);
#14992=IFCCOLUMN('1S6QxlDzzFAgCjzuH4dkXU',$,$,$,$,#15013,#15003,$,$);
#14993=IFCCARTESIANPOINTLIST2D(((-200.,-200.),(200.,-200.),(200.,200.),(-200.,200.)));
#14994=IFCINDEXEDPOLYCURVE(#14993,(IFCLINEINDEX((1,2,3,4,1))),$);
#14995=IFCARBITRARYCLOSEDPROFILEDEF(.AREA.,'Arbitrary',#14994);
#14996=IFCCARTESIANPOINT((0.,0.,0.));
#14997=IFCDIRECTION((0.,0.,1.));
#14998=IFCDIRECTION((1.,0.,0.));
#14999=IFCAXIS2PLACEMENT3D(#14996,#14997,#14998);
#15000=IFCDIRECTION((0.,0.,1.));
#15001=IFCEXTRUDEDAREASOLID(#14995,#14999,#15000,3000.);
#15002=IFCSHAPEREPRESENTATION(#11,'Body','SweptSolid',(#15001));
#15003=IFCPRODUCTDEFINITIONSHAPE($,$,(#15002));
#15009=IFCCARTESIANPOINT((30000.,0.,6000.));
#15010=IFCDIRECTION((0.,0.,1.));
#15011=IFCDIRECTION((1.,0.,0.));
#15012=IFCAXIS2PLACEMENT3D(#15009,#15010,#15011);
#15013=IFCLOCALPLACEMENT($,#15012);
#15014=IFCPROPERTYSET('2IN84pgqP82hAnEeyQEP$c',$,'Other',$,(#15016,#15017,#15018));
#15015=IFCRELDEFINESBYPROPERTIES('1m5GJF7EX2hxxJcXXVH_wh',$,$,$,(#14992),#15014);
#15016=IFCPROPERTYSINGLEVALUE('Ax',$,IFCLABEL('0.001'),$);
#15017=IFCPROPERTYSINGLEVALUE('Ay',$,IFCLABEL('0.001'),$);
#15018=IFCPROPERTYSINGLEVALUE('Section',$,IFCLABEL('Rect'),$);
#15019=IFCCOLUMN('0Y84hQQo9FTuY55cqDFEp_',$,$,$,$,#15040,#15030,$,$);
#15020=IFCCARTESIANPOINTLIST2D(((-200.,-200.),(200.,-200.),(200.,200.),(-200.,200.)));
#15021=IFCINDEXEDPOLYCURVE(#15020,(IFCLINEINDEX((1,2,3,4,1))),$);
#15022=IFCARBITRARYCLOSEDPROFILEDEF(.AREA.,'Arbitrary',#15021);
#15023=IFCCARTESIANPOINT((0.,0.,0.));
#15024=IFCDIRECTION((0.,0.,1.));
#15025=IFCDIRECTION((1.,0.,0.));
#15026=IFCAXIS2PLACEMENT3D(#15023,#15024,#15025);
#15027=IFCDIRECTION((0.,0.,1.));
#15028=IFCEXTRUDEDAREASOLID(#15022,#15026,#15027,3000.);
#15029=IFCSHAPEREPRESENTATION(#11,'Body','SweptSolid',(#15028));
#15030=IFCPRODUCTDEFINITIONSHAPE($,$,(#15029));
#15036=IFCCARTESIANPOINT((30000.,0.,3000.));
#15037=IFCDIRECTION((0.,0.,1.));
#15038=IFCDIRECTION((1.,0.,0.));
#15039=IFCAXIS2PLACEMENT3D(#15036,#15037,#15038);
#15040=IFCLOCALPLACEMENT($,#15039);
#15041=IFCPROPERTYSET('32IlAK7HT0_uP4WWtCqthH',$,'Other',$,(#15043,#15044,#15045));
#15042=IFCRELDEFINESBYPROPERTIES('1Y9L5Qrq18H85zUQ$Z8cSN',$,$,$,(#15019),#15041);
#15043=IFCPROPERTYSINGLEVALUE('Ax',$,IFCLABEL('0.001'),$);
#15044=IFCPROPERTYSINGLEVALUE('Ay',$,IFCLABEL('0.001'),$);
#15045=IFCPROPERTYSINGLEVALUE('Section',$,IFCLABEL('Rect'),$);
#15046=IFCCOLUMN('0mQoYCE8f2Xg7HUC1kwDE3',$,$,$,$,#15067,#15057,$,$);
#15047=IFCCARTESIANPOINTLIST2D(((-200.,-200.),(200.,-200.),(200.,200.),(-200.,200.)));
#15048=IFCINDEXEDPOLYCURVE(#15047,(IFCLINEINDEX((1,2,3,4,1))),$);
#15049=IFCARBITRARYCLOSEDPROFILEDEF(.AREA.,'Arbitrary',#15048);
#15050=IFCCARTESIANPOINT((0.,0.,0.));
#15051=IFCDIRECTION((0.,0.,1.));
#15052=IFCDIRECTION((1.,0.,0.));
#15053=IFCAXIS2PLACEMENT3D(#15050,#15051,#15052);
#15054=IFCDIRECTION((0.,0.,1.));
#15055=IFCEXTRUDEDAREASOLID(#15049,#15053,#15054,3000.);
#15056=IFCSHAPEREPRESENTATION(#11,'Body','SweptSolid',(#15055));
#15057=IFCPRODUCTDEFINITIONSHAPE($,$,(#15056));
#15063=IFCCARTESIANPOINT((30000.,0.,0.));
#15064=IFCDIRECTION((0.,0.,1.));
#15065=IFCDIRECTION((1.,0.,0.));
#15066=IFCAXIS2PLACEMENT3D(#15063,#15064,#15065);
#15067=IFCLOCALPLACEMENT($,#15066);
#15068=IFCPROPERTYSET('0lLq$ITK97qf8A8cbo3mI2',$,'Other',$,(#15070,#15071,#15072));
#15069=IFCRELDEFINESBYPROPERTIES('2pEWAN$fX05O_Xb6JOBhGP',$,$,$,(#15046),#15068);
#15070=IFCPROPERTYSINGLEVALUE('Ax',$,IFCLABEL('0.001'),$);
#15071=IFCPROPERTYSINGLEVALUE('Ay',$,IFCLABEL('0.001'),$);
#15072=IFCPROPERTYSINGLEVALUE('Section',$,IFCLABEL('Rect'),$);
#15073=IFCCOLUMN('2XtgTSUUTE0O$IAUPZQN7u',$,$,$,$,#15094,#15084,$,$);
#15074=IFCCARTESIANPOINTLIST2D(((-200.,-200.),(200.,-200.),(200.,200.),(-200.,200.)));
#15075=IFCINDEXEDPOLYCURVE(#15074,(IFCLINEINDEX((1,2,3,4,1))),$);
#15076=IFCARBITRARYCLOSEDPROFILEDEF(.AREA.,'Arbitrary',#15075);
#15077=IFCCARTESIANPOINT((0.,0.,0.));
#15078=IFCDIRECTION((0.,0.,1.));
#15079=IFCDIRECTION((1.,0.,0.));
#15080=IFCAXIS2PLACEMENT3D(#15077,#15078,#15079);
#15081=IFCDIRECTION((0.,0.,1.));
#15082=IFCEXTRUDEDAREASOLID(#15076,#15080,#15081,3000.);
#15083=IFCSHAPEREPRESENTATION(#11,'Body','SweptSolid',(#15082));
#15084=IFCPRODUCTDEFINITIONSHAPE($,$,(#15083));
#15090=IFCCARTESIANPOINT((0.,6000.,21000.));
#15091=IFCDIRECTION((0.,0.,1.));
#15092=IFCDIRECTION((1.,0.,0.));
#15093=IFCAXIS2PLACEMENT3D(#15090,#15091,#15092);
#15094=IFCLOCALPLACEMENT($,#15093);
#15095=IFCPROPERTYSET('04p0I1ID1At8_CFqHm_ujX',$,'Other',$,(#15097,#15098,#15099));
#15096=IFCRELDEFINESBYPROPERTIES('0x2jT6Jir1d8OsGLvdkXke',$,$,$,(#15073),#15095);
#15097=IFCPROPERTYSINGLEVALUE('Ax',$,IFCLABEL('0.001'),$);
#15098=IFCPROPERTYSINGLEVALUE('Ay',$,IFCLABEL('0.001'),$);
#15099=IFCPROPERTYSINGLEVALUE('Section',$,IFCLABEL('Rect'),$);
#15100=IFCCOLUMN('2n7NUzI2181Am0hA0mfVP6',$,$,$,$,#15121,#15111,$,$);
#15101=IFCCARTESIANPOINTLIST2D(((-200.,-200.),(200.,-200.),(200.,200.),(-200.,200.)));
#15102=IFCINDEXEDPOLYCURVE(#15101,(IFCLINEINDEX((1,2,3,4,1))),$);
#15103=IFCARBITRARYCLOSEDPROFILEDEF(.AREA.,'Arbitrary',#15102);
#15104=IFCCARTESIANPOINT((0.,0.,0.));
#15105=IFCDIRECTION((0.,0.,1.));
#15106=IFCDIRECTION((1.,0.,0.));
#15107=IFCAXIS2PLACEMENT3D(#15104,#15105,#15106);
#15108=IFCDIRECTION((0.,0.,1.));
#15109=IFCEXTRUDEDAREASOLID(#15103,#15107,#15108,3000.);
#15110=IFCSHAPEREPRESENTATION(#11,'Body','SweptSolid',(#15109));
#15111=IFCPRODUCTDEFINITIONSHAPE($,$,(#15110));
#15117=IFCCARTESIANPOINT((0.,6000.,18000.));
#15118=IFCDIRECTION((0.,0.,1.));
#15119=IFCDIRECTION((1.,0.,0.));
#15120=IFCAXIS2PLACEMENT3D(#15117,#15118,#15119);
#15121=IFCLOCALPLACEMENT($,#15120);
#15122=IFCPROPERTYSET('2hmD4lvvDFHP_LjPEvOw3C',$,'Other',$,(#15124,#15125,#15126));
#15123=IFCRELDEFINESBYPROPERTIES('1Y9xgQVqH2BgbR_IZTfpN4',$,$,$,(#15100),#15122);
#15124=IFCPROPERTYSINGLEVALUE('Ax',$,IFCLABEL('0.001'),$);
#15125=IFCPROPERTYSINGLEVALUE('Ay',$,IFCLABEL('0.001'),$);
#15126=IFCPROPERTYSINGLEVALUE('Section',$,IFCLABEL('Rect'),$);
#15127=IFCCOLUMN('34hmohFSr7OOwxkL$7$1Bg',$,$,$,$,#15148,#15138,$,$);
#15128=IFCCARTESIANPOINTLIST2D(((-200.,-200.),(200.,-200.),(200.,200.),(-200.,200.)));
#15129=IFCINDEXEDPOLYCURVE(#15128,(IFCLINEINDEX((1,2,3,4,1))),$);
#15130=IFCARBITRARYCLOSEDPROFILEDEF(.AREA.,'Arbitrary',#15129);
#15131=IFCCARTESIANPOINT((0.,0.,0.));
#15132=IFCDIRECTION((0.,0.,1.));
#15133=IFCDIRECTION((1.,0.,0.));
#15134=IFCAXIS2PLACEMENT3D(#15131,#15132,#15133);
#15135=IFCDIRECTION((0.,0.,1.));
#15136=IFCEXTRUDEDAREASOLID(#15130,#15134,#15135,3000.);
#15137=IFCSHAPEREPRESENTATION(#11,'Body','SweptSolid',(#15136));
#15138=IFCPRODUCTDEFINITIONSHAPE($,$,(#15137));
#15144=IFCCARTESIANPOINT((0.,6000.,15000.));
#15145=IFCDIRECTION((0.,0.,1.));
#15146=IFCDIRECTION((1.,0.,0.));
#15147=IFCAXIS2PLACEMENT3D(#15144,#15145,#15146);
#15148=IFCLOCALPLACEMENT($,#15147);
#15149=IFCPROPERTYSET('0t6FtEf$jEGOuBZyG57Ch2',$,'Other',$,(#15151,#15152,#15153));
#15150=IFCRELDEFINESBYPROPERTIES('3YiHCweur1ZRjMkH5pGM4j',$,$,$,(#15127),#15149);
#15151=IFCPROPERTYSINGLEVALUE('Ax',$,IFCLABEL('0.001'),$);
#15152=IFCPROPERTYSINGLEVALUE('Ay',$,IFCLABEL('0.001'),$);
#15153=IFCPROPERTYSINGLEVALUE('Section',$,IFCLABEL('Rect'),$);
#15154=IFCCOLUMN('0UBSFAaGDATBCnAeA1oQoR',$,$,$,$,#15175,#15165,$,$);
#15155=IFCCARTESIANPOINTLIST2D(((-200.,-200.),(200.,-200.),(200.,200.),(-200.,200.)));
#15156=IFCINDEXEDPOLYCURVE(#15155,(IFCLINEINDEX((1,2,3,4,1))),$);
#15157=IFCARBITRARYCLOSEDPROFILEDEF(.AREA.,'Arbitrary',#15156);
#15158=IFCCARTESIANPOINT((0.,0.,0.));
#15159=IFCDIRECTION((0.,0.,1.));
#15160=IFCDIRECTION((1.,0.,0.));
#15161=IFCAXIS2PLACEMENT3D(#15158,#15159,#15160);
#15162=IFCDIRECTION((0.,0.,1.));
#15163=IFCEXTRUDEDAREASOLID(#15157,#15161,#15162,3000.);
#15164=IFCSHAPEREPRESENTATION(#11,'Body','SweptSolid',(#15163));
#15165=IFCPRODUCTDEFINITIONSHAPE($,$,(#15164));
#15171=IFCCARTESIANPOINT((0.,6000.,12000.));
#15172=IFCDIRECTION((0.,0.,1.));
#15173=IFCDIRECTION((1.,0.,0.));
#15174=IFCAXIS2PLACEMENT3D(#15171,#15172,#15173);
#15175=IFCLOCALPLACEMENT($,#15174);
#15176=IFCPROPERTYSET('3YiVJ6A8HBy8HKbdqJ9PPs',$,'Other',$,(#15178,#15179,#15180));
#15177=IFCRELDEFINESBYPROPERTIES('38s4pNaEz1YPBb7gPf7azR',$,$,$,(#15154),#15176);
#15178=IFCPROPERTYSINGLEVALUE('Ax',$,IFCLABEL('0.001'),$);
#15179=IFCPROPERTYSINGLEVALUE('Ay',$,IFCLABEL('0.001'),$);
#15180=IFCPROPERTYSINGLEVALUE('Section',$,IFCLABEL('Rect'),$);
#15181=IFCCOLUMN('2aTQfFyjD1Ofg8we_gyyy8',$,$,$,$,#15202,#15192,$,$);
#15182=IFCCARTESIANPOINTLIST2D(((-200.,-200.),(200.,-200.),(200.,200.),(-200.,200.)));
#15183=IFCINDEXEDPOLYCURVE(#15182,(IFCLINEINDEX((1,2,3,4,1))),$);
#15184=IFCARBITRARYCLOSEDPROFILEDEF(.AREA.,'Arbitrary',#15183);
#15185=IFCCARTESIANPOINT((0.,0.,0.));
#15186=IFCDIRECTION((0.,0.,1.));
#15187=IFCDIRECTION((1.,0.,0.));
#15188=IFCAXIS2PLACEMENT3D(#15185,#15186,#15187);
#15189=IFCDIRECTION((0.,0.,1.));
#15190=IFCEXTRUDEDAREASOLID(#15184,#15188,#15189,3000.);
#15191=IFCSHAPEREPRESENTATION(#11,'Body','SweptSolid',(#15190));
#15192=IFCPRODUCTDEFINITIONSHAPE($,$,(#15191));
#15198=IFCCARTESIANPOINT((0.,6000.,9000.));
#15199=IFCDIRECTION((0.,0.,1.));
#15200=IFCDIRECTION((1.,0.,0.));
#15201=IFCAXIS2PLACEMENT3D(#15198,#15199,#15200);
#15202=IFCLOCALPLACEMENT($,#15201);
#15203=IFCPROPERTYSET('0C_MCd$_52pelIY2EYHGMv',$,'Other',$,(#15205,#15206,#15207));
#15204=IFCRELDEFINESBYPROPERTIES('3ct2EfnEL8A8vlrvNGfh$N',$,$,$,(#15181),#15203);
#15205=IFCPROPERTYSINGLEVALUE('Ax',$,IFCLABEL('0.001'),$);
#15206=IFCPROPERTYSINGLEVALUE('Ay',$,IFCLABEL('0.001'),$);
#15207=IFCPROPERTYSINGLEVALUE('Section',$,IFCLABEL('Rect'),$);
#15208=IFCCOLUMN('14fAace2n5Vfv10pzdmXhl',$,$,$,$,#15229,#15219,$,$);
#15209=IFCCARTESIANPOINTLIST2D(((-200.,-200.),(200.,-200.),(200.,200.),(-200.,200.)));
#15210=IFCINDEXEDPOLYCURVE(#15209,(IFCLINEINDEX((1,2,3,4,1))),$);
#15211=IFCARBITRARYCLOSEDPROFILEDEF(.AREA.,'Arbitrary',#15210);
#15212=IFCCARTESIANPOINT((0.,0.,0.));
#15213=IFCDIRECTION((0.,0.,1.));
#15214=IFCDIRECTION((1.,0.,0.));
#15215=IFCAXIS2PLACEMENT3D(#15212,#15213,#15214);
#15216=IFCDIRECTION((0.,0.,1.));
#15217=IFCEXTRUDEDAREASOLID(#15211,#15215,#15216,3000.);
#15218=IFCSHAPEREPRESENTATION(#11,'Body','SweptSolid',(#15217));
#15219=IFCPRODUCTDEFINITIONSHAPE($,$,(#15218));
#15225=IFCCARTESIANPOINT((0.,6000.,6000.));
#15226=IFCDIRECTION((0.,0.,1.));
#15227=IFCDIRECTION((1.,0.,0.));
#15228=IFCAXIS2PLACEMENT3D(#15225,#15226,#15227);
#15229=IFCLOCALPLACEMENT($,#15228);
#15230=IFCPROPERTYSET('3$M2PhxrD3781UXUii9Fs7',$,'Other',$,(#15232,#15233,#15234));
#15231=IFCRELDEFINESBYPROPERTIES('3Xhr2XH1T0du26hdD2T_5_',$,$,$,(#15208),#15230);
#15232=IFCPROPERTYSINGLEVALUE('Ax',$,IFCLABEL('0.001'),$);
#15233=IFCPROPERTYSINGLEVALUE('Ay',$,IFCLABEL('0.001'),$);
#15234=IFCPROPERTYSINGLEVALUE('Section',$,IFCLABEL('Rect'),$);
#15235=IFCCOLUMN('2YgXruGzr5m953SvZl1S8R',$,$,$,$,#15256,#15246,$,$);
#15236=IFCCARTESIANPOINTLIST2D(((-200.,-200.),(200.,-200.),(200.,200.),(-200.,200.)));
#15237=IFCINDEXEDPOLYCURVE(#15236,(IFCLINEINDEX((1,2,3,4,1))),$);
#15238=IFCARBITRARYCLOSEDPROFILEDEF(.AREA.,'Arbitrary',#15237);
#15239=IFCCARTESIANPOINT((0.,0.,0.));
#15240=IFCDIRECTION((0.,0.,1.));
#15241=IFCDIRECTION((1.,0.,0.));
#15242=IFCAXIS2PLACEMENT3D(#15239,#15240,#15241);
#15243=IFCDIRECTION((0.,0.,1.));
#15244=IFCEXTRUDEDAREASOLID(#15238,#15242,#15243,3000.);
#15245=IFCSHAPEREPRESENTATION(#11,'Body','SweptSolid',(#15244));
#15246=IFCPRODUCTDEFINITIONSHAPE($,$,(#15245));
#15252=IFCCARTESIANPOINT((0.,6000.,3000.));
#15253=IFCDIRECTION((0.,0.,1.));
#15254=IFCDIRECTION((1.,0.,0.));
#15255=IFCAXIS2PLACEMENT3D(#15252,#15253,#15254);
#15256=IFCLOCALPLACEMENT($,#15255);
#15257=IFCPROPERTYSET('0ka6t0Vjr4Kg4Uf5P0tGuA',$,'Other',$,(#15259,#15260,#15261));
#15258=IFCRELDEFINESBYPROPERTIES('2uWUOa_Nz1l9gwE57sDPrQ',$,$,$,(#15235),#15257);
#15259=IFCPROPERTYSINGLEVALUE('Ax',$,IFCLABEL('0.001'),$);
#15260=IFCPROPERTYSINGLEVALUE('Ay',$,IFCLABEL('0.001'),$);
#15261=IFCPROPERTYSINGLEVALUE('Section',$,IFCLABEL('Rect'),$);
#15262=IFCCOLUMN('1f9UyAs0rDRv$rPrixa4yn',$,$,$,$,#15283,#15273,$,$);
#15263=IFCCARTESIANPOINTLIST2D(((-200.,-200.),(200.,-200.),(200.,200.),(-200.,200.)));
#15264=IFCINDEXEDPOLYCURVE(#15263,(IFCLINEINDEX((1,2,3,4,1))),$);
#15265=IFCARBITRARYCLOSEDPROFILEDEF(.AREA.,'Arbitrary',#15264);
#15266=IFCCARTESIANPOINT((0.,0.,0.));
#15267=IFCDIRECTION((0.,0.,1.));
#15268=IFCDIRECTION((1.,0.,0.));
#15269=IFCAXIS2PLACEMENT3D(#15266,#15267,#15268);
#15270=IFCDIRECTION((0.,0.,1.));
#15271=IFCEXTRUDEDAREASOLID(#15265,#15269,#15270,3000.);
#15272=IFCSHAPEREPRESENTATION(#11,'Body','SweptSolid',(#15271));
#15273=IFCPRODUCTDEFINITIONSHAPE($,$,(#15272));
#15279=IFCCARTESIANPOINT((0.,6000.,0.));
#15280=IFCDIRECTION((0.,0.,1.));
#15281=IFCDIRECTION((1.,0.,0.));
#15282=IFCAXIS2PLACEMENT3D(#15279,#15280,#15281);
#15283=IFCLOCALPLACEMENT($,#15282);
#15284=IFCPROPERTYSET('1QYy9dvN992O4Er6XDGH_6',$,'Other',$,(#15286,#15287,#15288));
#15285=IFCRELDEFINESBYPROPERTIES('0CTUdO$ov1_B8bnTN0iSMz',$,$,$,(#15262),#15284);
#15286=IFCPROPERTYSINGLEVALUE('Ax',$,IFCLABEL('0.001'),$);
#15287=IFCPROPERTYSINGLEVALUE('Ay',$,IFCLABEL('0.001'),$);
#15288=IFCPROPERTYSINGLEVALUE('Section',$,IFCLABEL('Rect'),$);
#15289=IFCCOLUMN('3zQbPpHxr82RyMksFA_JUp',$,$,$,$,#15310,#15300,$,$);
#15290=IFCCARTESIANPOINTLIST2D(((-200.,-200.),(200.,-200.),(200.,200.),(-200.,200.)));
#15291=IFCINDEXEDPOLYCURVE(#15290,(IFCLINEINDEX((1,2,3,4,1))),$);
#15292=IFCARBITRARYCLOSEDPROFILEDEF(.AREA.,'Arbitrary',#15291);
#15293=IFCCARTESIANPOINT((0.,0.,0.));
#15294=IFCDIRECTION((0.,0.,1.));
#15295=IFCDIRECTION((1.,0.,0.));
#15296=IFCAXIS2PLACEMENT3D(#15293,#15294,#15295);
#15297=IFCDIRECTION((0.,0.,1.));
#15298=IFCEXTRUDEDAREASOLID(#15292,#15296,#15297,3000.);
#15299=IFCSHAPEREPRESENTATION(#11,'Body','SweptSolid',(#15298));
#15300=IFCPRODUCTDEFINITIONSHAPE($,$,(#15299));
#15306=IFCCARTESIANPOINT((6000.,6000.,21000.));
#15307=IFCDIRECTION((0.,0.,1.));
#15308=IFCDIRECTION((1.,0.,0.));
#15309=IFCAXIS2PLACEMENT3D(#15306,#15307,#15308);
#15310=IFCLOCALPLACEMENT($,#15309);
#15311=IFCPROPERTYSET('3Xlj7LofDD5f2yCpGGiErS',$,'Other',$,(#15313,#15314,#15315));
#15312=IFCRELDEFINESBYPROPERTIES('273IBwZhD1KRvUsnzLzrQK',$,$,$,(#15289),#15311);
#15313=IFCPROPERTYSINGLEVALUE('Ax',$,IFCLABEL('0.001'),$);
#15314=IFCPROPERTYSINGLEVALUE('Ay',$,IFCLABEL('0.001'),$);
#15315=IFCPROPERTYSINGLEVALUE('Section',$,IFCLABEL('Rect'),$);
#15316=IFCCOLUMN('0ANLHJdYjBLelmO$KZyLgV',$,$,$,$,#15337,#15327,$,$);
#15317=IFCCARTESIANPOINTLIST2D(((-200.,-200.),(200.,-200.),(200.,200.),(-200.,200.)));
#15318=IFCINDEXEDPOLYCURVE(#15317,(IFCLINEINDEX((1,2,3,4,1))),$);
#15319=IFCARBITRARYCLOSEDPROFILEDEF(.AREA.,'Arbitrary',#15318);
#15320=IFCCARTESIANPOINT((0.,0.,0.));
#15321=IFCDIRECTION((0.,0.,1.));
#15322=IFCDIRECTION((1.,0.,0.));
#15323=IFCAXIS2PLACEMENT3D(#15320,#15321,#15322);
#15324=IFCDIRECTION((0.,0.,1.));
#15325=IFCEXTRUDEDAREASOLID(#15319,#15323,#15324,3000.);
#15326=IFCSHAPEREPRESENTATION(#11,'Body','SweptSolid',(#15325));
#15327=IFCPRODUCTDEFINITIONSHAPE($,$,(#15326));
#15333=IFCCARTESIANPOINT((6000.,6000.,18000.));
#15334=IFCDIRECTION((0.,0.,1.));
#15335=IFCDIRECTION((1.,0.,0.));
#15336=IFCAXIS2PLACEMENT3D(#15333,#15334,#15335);
#15337=IFCLOCALPLACEMENT($,#15336);
#15338=IFCPROPERTYSET('0zFLC0TorAshoeaJjgOIX0',$,'Other',$,(#15340,#15341,#15342));
#15339=IFCRELDEFINESBYPROPERTIES('3UMKTCXQ5D2etOiFEeSDJb',$,$,$,(#15316),#15338);
#15340=IFCPROPERTYSINGLEVALUE('Ax',$,IFCLABEL('0.001'),$);
#15341=IFCPROPERTYSINGLEVALUE('Ay',$,IFCLABEL('0.001'),$);
#15342=IFCPROPERTYSINGLEVALUE('Section',$,IFCLABEL('Rect'),$);
#15343=IFCCOLUMN('18vTSJ9f1EpR$fJScj4fdm',$,$,$,$,#15364,#15354,$,$);
#15344=IFCCARTESIANPOINTLIST2D(((-200.,-200.),(200.,-200.),(200.,200.),(-200.,200.)));
#15345=IFCINDEXEDPOLYCURVE(#15344,(IFCLINEINDEX((1,2,3,4,1))),$);
#15346=IFCARBITRARYCLOSEDPROFILEDEF(.AREA.,'Arbitrary',#15345);
#15347=IFCCARTESIANPOINT((0.,0.,0.));
#15348=IFCDIRECTION((0.,0.,1.));
#15349=IFCDIRECTION((1.,0.,0.));
#15350=IFCAXIS2PLACEMENT3D(#15347,#15348,#15349);
#15351=IFCDIRECTION((0.,0.,1.));
#15352=IFCEXTRUDEDAREASOLID(#15346,#15350,#15351,3000.);
#15353=IFCSHAPEREPRESENTATION(#11,'Body','SweptSolid',(#15352));
#15354=IFCPRODUCTDEFINITIONSHAPE($,$,(#15353));
#15360=IFCCARTESIANPOINT((6000.,6000.,15000.));
#15361=IFCDIRECTION((0.,0.,1.));
#15362=IFCDIRECTION((1.,0.,0.));
#15363=IFCAXIS2PLACEMENT3D(#15360,#15361,#15362);
#15364=IFCLOCALPLACEMENT($,#15363);
#15365=IFCPROPERTYSET('3G9bABlv13Peb5IpDUR1lX',$,'Other',$,(#15367,#15368,#15369));
#15366=IFCRELDEFINESBYPROPERTIES('2h4wLeNq5DX9gBvcXIo_3V',$,$,$,(#15343),#15365);
#15367=IFCPROPERTYSINGLEVALUE('Ax',$,IFCLABEL('0.001'),$);
#15368=IFCPROPERTYSINGLEVALUE('Ay',$,IFCLABEL('0.001'),$);
#15369=IFCPROPERTYSINGLEVALUE('Section',$,IFCLABEL('Rect'),$);
#15370=IFCCOLUMN('1I$IVjTKj7muL5X5B7MELI',$,$,$,$,#15391,#15381,$,$);
#15371=IFCCARTESIANPOINTLIST2D(((-200.,-200.),(200.,-200.),(200.,200.),(-200.,200.)));
#15372=IFCINDEXEDPOLYCURVE(#15371,(IFCLINEINDEX((1,2,3,4,1))),$);
#15373=IFCARBITRARYCLOSEDPROFILEDEF(.AREA.,'Arbitrary',#15372);
#15374=IFCCARTESIANPOINT((0.,0.,0.));
#15375=IFCDIRECTION((0.,0.,1.));
#15376=IFCDIRECTION((1.,0.,0.));
#15377=IFCAXIS2PLACEMENT3D(#15374,#15375,#15376);
#15378=IFCDIRECTION((0.,0.,1.));
#15379=IFCEXTRUDEDAREASOLID(#15373,#15377,#15378,3000.);
#15380=IFCSHAPEREPRESENTATION(#11,'Body','SweptSolid',(#15379));
#15381=IFCPRODUCTDEFINITIONSHAPE($,$,(#15380));
#15387=IFCCARTESIANPOINT((6000.,6000.,12000.));
#15388=IFCDIRECTION((0.,0.,1.));
#15389=IFCDIRECTION((1.,0.,0.));
#15390=IFCAXIS2PLACEMENT3D(#15387,#15388,#15389);
#15391=IFCLOCALPLACEMENT($,#15390);
#15392=IFCPROPERTYSET('12SI9roIT35f61jjNq9mRD',$,'Other',$,(#15394,#15395,#15396));
#15393=IFCRELDEFINESBYPROPERTIES('1PRCbY4a5F79jP8S4I_rcP',$,$,$,(#15370),#15392);
#15394=IFCPROPERTYSINGLEVALUE('Ax',$,IFCLABEL('0.001'),$);
#15395=IFCPROPERTYSINGLEVALUE('Ay',$,IFCLABEL('0.001'),$);
#15396=IFCPROPERTYSINGLEVALUE('Section',$,IFCLABEL('Rect'),$);
#15397=IFCCOLUMN('2VTVl4bxPEbRtSkzUp9FNn',$,$,$,$,#15418,#15408,$,$);
#15398=IFCCARTESIANPOINTLIST2D(((-200.,-200.),(200.,-200.),(200.,200.),(-200.,200.)));
#15399=IFCINDEXEDPOLYCURVE(#15398,(IFCLINEINDEX((1,2,3,4,1))),$);
#15400=IFCARBITRARYCLOSEDPROFILEDEF(.AREA.,'Arbitrary',#15399);
#15401=IFCCARTESIANPOINT((0.,0.,0.));
#15402=IFCDIRECTION((0.,0.,1.));
#15403=IFCDIRECTION((1.,0.,0.));
#15404=IFCAXIS2PLACEMENT3D(#15401,#15402,#15403);
#15405=IFCDIRECTION((0.,0.,1.));
#15406=IFCEXTRUDEDAREASOLID(#15400,#15404,#15405,3000.);
#15407=IFCSHAPEREPRESENTATION(#11,'Body','SweptSolid',(#15406));
#15408=IFCPRODUCTDEFINITIONSHAPE($,$,(#15407));
#15414=IFCCARTESIANPOINT((6000.,6000.,9000.));
#15415=IFCDIRECTION((0.,0.,1.));
#15416=IFCDIRECTION((1.,0.,0.));
#15417=IFCAXIS2PLACEMENT3D(#15414,#15415,#15416);
#15418=IFCLOCALPLACEMENT($,#15417);
#15419=IFCPROPERTYSET('3uSBZpdR52DegqbpYNAic5',$,'Other',$,(#15421,#15422,#15423));
#15420=IFCRELDEFINESBYPROPERTIES('1rkC2mVp99UOkXrVRpBiwV',$,$,$,(#15397),#15419);
#15421=IFCPROPERTYSINGLEVALUE('Ax',$,IFCLABEL('0.001'),$);
#15422=IFCPROPERTYSINGLEVALUE('Ay',$,IFCLABEL('0.001'),$);
#15423=IFCPROPERTYSINGLEVALUE('Section',$,IFCLABEL('Rect'),$);
#15424=IFCCOLUMN('3B_SEwl6nFzArOApI0Rjhh',$,$,$,$,#15445,#15435,$,$);
#15425=IFCCARTESIANPOINTLIST2D(((-200.,-200.),(200.,-200.),(200.,200.),(-200.,200.)));
#15426=IFCINDEXEDPOLYCURVE(#15425,(IFCLINEINDEX((1,2,3,4,1))),$);
#15427=IFCARBITRARYCLOSEDPROFILEDEF(.AREA.,'Arbitrary',#15426);
#15428=IFCCARTESIANPOINT((0.,0.,0.));
#15429=IFCDIRECTION((0.,0.,1.));
#15430=IFCDIRECTION((1.,0.,0.));
#15431=IFCAXIS2PLACEMENT3D(#15428,#15429,#15430);
#15432=IFCDIRECTION((0.,0.,1.));
#15433=IFCEXTRUDEDAREASOLID(#15427,#15431,#15432,3000.);
#15434=IFCSHAPEREPRESENTATION(#11,'Body','SweptSolid',(#15433));
#15435=IFCPRODUCTDEFINITIONSHAPE($,$,(#15434));
#15441=IFCCARTESIANPOINT((6000.,6000.,6000.));
#15442=IFCDIRECTION((0.,0.,1.));
#15443=IFCDIRECTION((1.,0.,0.));
#15444=IFCAXIS2PLACEMENT3D(#15441,#15442,#15443);
#15445=IFCLOCALPLACEMENT($,#15444);
#15446=IFCPROPERTYSET('08O5UdNAHEnxfJY1oNX95P',$,'Other',$,(#15448,#15449,#15450));
#15447=IFCRELDEFINESBYPROPERTIES('0heep8vN94Qey2FPJZpPFq',$,$,$,(#15424),#15446);
#15448=IFCPROPERTYSINGLEVALUE('Ax',$,IFCLABEL('0.001'),$);
#15449=IFCPROPERTYSINGLEVALUE('Ay',$,IFCLABEL('0.001'),$);
#15450=IFCPROPERTYSINGLEVALUE('Section',$,IFCLABEL('Rect'),$);
#15451=IFCCOLUMN('3sCfXWezf5MfHCV9Kj$yqZ',$,$,$,$,#15472,#15462,$,$);
#15452=IFCCARTESIANPOINTLIST2D(((-200.,-200.),(200.,-200.),(200.,200.),(-200.,200.)));
#15453=IFCINDEXEDPOLYCURVE(#15452,(IFCLINEINDEX((1,2,3,4,1))),$);
#15454=IFCARBITRARYCLOSEDPROFILEDEF(.AREA.,'Arbitrary',#15453);
#15455=IFCCARTESIANPOINT((0.,0.,0.));
#15456=IFCDIRECTION((0.,0.,1.));
#15457=IFCDIRECTION((1.,0.,0.));
#15458=IFCAXIS2PLACEMENT3D(#15455,#15456,#15457);
#15459=IFCDIRECTION((0.,0.,1.));
#15460=IFCEXTRUDEDAREASOLID(#15454,#15458,#15459,3000.);
#15461=IFCSHAPEREPRESENTATION(#11,'Body','SweptSolid',(#15460));
#15462=IFCPRODUCTDEFINITIONSHAPE($,$,(#15461));
#15468=IFCCARTESIANPOINT((6000.,6000.,3000.));
#15469=IFCDIRECTION((0.,0.,1.));
#15470=IFCDIRECTION((1.,0.,0.));
#15471=IFCAXIS2PLACEMENT3D(#15468,#15469,#15470);
#15472=IFCLOCALPLACEMENT($,#15471);
#15473=IFCPROPERTYSET('2xqeZ$3RP0fOS2LWI0LASS',$,'Other',$,(#15475,#15476,#15477));
#15474=IFCRELDEFINESBYPROPERTIES('11Fi60H9j8i9elmG4JrRNe',$,$,$,(#15451),#15473);
#15475=IFCPROPERTYSINGLEVALUE('Ax',$,IFCLABEL('0.001'),$);
#15476=IFCPROPERTYSINGLEVALUE('Ay',$,IFCLABEL('0.001'),$);
#15477=IFCPROPERTYSINGLEVALUE('Section',$,IFCLABEL('Rect'),$);
#15478=IFCCOLUMN('2BP3sjU8j1XfnrynNdh7ch',$,$,$,$,#15499,#15489,$,$);
#15479=IFCCARTESIANPOINTLIST2D(((-200.,-200.),(200.,-200.),(200.,200.),(-200.,200.)));
#15480=IFCINDEXEDPOLYCURVE(#15479,(IFCLINEINDEX((1,2,3,4,1))),$);
#15481=IFCARBITRARYCLOSEDPROFILEDEF(.AREA.,'Arbitrary',#15480);
#15482=IFCCARTESIANPOINT((0.,0.,0.));
#15483=IFCDIRECTION((0.,0.,1.));
#15484=IFCDIRECTION((1.,0.,0.));
#15485=IFCAXIS2PLACEMENT3D(#15482,#15483,#15484);
#15486=IFCDIRECTION((0.,0.,1.));
#15487=IFCEXTRUDEDAREASOLID(#15481,#15485,#15486,3000.);
#15488=IFCSHAPEREPRESENTATION(#11,'Body','SweptSolid',(#15487));
#15489=IFCPRODUCTDEFINITIONSHAPE($,$,(#15488));
#15495=IFCCARTESIANPOINT((6000.,6000.,0.));
#15496=IFCDIRECTION((0.,0.,1.));
#15497=IFCDIRECTION((1.,0.,0.));
#15498=IFCAXIS2PLACEMENT3D(#15495,#15496,#15497);
#15499=IFCLOCALPLACEMENT($,#15498);
#15500=IFCPROPERTYSET('0Q$x9mcInCjw77I$sUoca4',$,'Other',$,(#15502,#15503,#15504));
#15501=IFCRELDEFINESBYPROPERTIES('22ixsLpM58pe$dyC21k4R7',$,$,$,(#15478),#15500);
#15502=IFCPROPERTYSINGLEVALUE('Ax',$,IFCLABEL('0.001'),$);
#15503=IFCPROPERTYSINGLEVALUE('Ay',$,IFCLABEL('0.001'),$);
#15504=IFCPROPERTYSINGLEVALUE('Section',$,IFCLABEL('Rect'),$);
#15505=IFCCOLUMN('3E_VDwS0DCXxWQyRrn4qgL',$,$,$,$,#15526,#15516,$,$);
#15506=IFCCARTESIANPOINTLIST2D(((-200.,-200.),(200.,-200.),(200.,200.),(-200.,200.)));
#15507=IFCINDEXEDPOLYCURVE(#15506,(IFCLINEINDEX((1,2,3,4,1))),$);
#15508=IFCARBITRARYCLOSEDPROFILEDEF(.AREA.,'Arbitrary',#15507);
#15509=IFCCARTESIANPOINT((0.,0.,0.));
#15510=IFCDIRECTION((0.,0.,1.));
#15511=IFCDIRECTION((1.,0.,0.));
#15512=IFCAXIS2PLACEMENT3D(#15509,#15510,#15511);
#15513=IFCDIRECTION((0.,0.,1.));
#15514=IFCEXTRUDEDAREASOLID(#15508,#15512,#15513,3000.);
#15515=IFCSHAPEREPRESENTATION(#11,'Body','SweptSolid',(#15514));
#15516=IFCPRODUCTDEFINITIONSHAPE($,$,(#15515));
#15522=IFCCARTESIANPOINT((6000.,0.,21000.));
#15523=IFCDIRECTION((0.,0.,1.));
#15524=IFCDIRECTION((1.,0.,0.));
#15525=IFCAXIS2PLACEMENT3D(#15522,#15523,#15524);
#15526=IFCLOCALPLACEMENT($,#15525);
#15527=IFCPROPERTYSET('0knxod3i5CJ938WkRx_D5j',$,'Other',$,(#15529,#15530,#15531));
#15528=IFCRELDEFINESBYPROPERTIES('3B6_4XUNn6RvOMuXi19coZ',$,$,$,(#15505),#15527);
#15529=IFCPROPERTYSINGLEVALUE('Ax',$,IFCLABEL('0.001'),$);
#15530=IFCPROPERTYSINGLEVALUE('Ay',$,IFCLABEL('0.001'),$);
#15531=IFCPROPERTYSINGLEVALUE('Section',$,IFCLABEL('Rect'),$);
#15532=IFCCOLUMN('1HZDrLI$L2M849LkTBm2LI',$,$,$,$,#15553,#15543,$,$);
#15533=IFCCARTESIANPOINTLIST2D(((-200.,-200.),(200.,-200.),(200.,200.),(-200.,200.)));
#15534=IFCINDEXEDPOLYCURVE(#15533,(IFCLINEINDEX((1,2,3,4,1))),$);
#15535=IFCARBITRARYCLOSEDPROFILEDEF(.AREA.,'Arbitrary',#15534);
#15536=IFCCARTESIANPOINT((0.,0.,0.));
#15537=IFCDIRECTION((0.,0.,1.));
#15538=IFCDIRECTION((1.,0.,0.));
#15539=IFCAXIS2PLACEMENT3D(#15536,#15537,#15538);
#15540=IFCDIRECTION((0.,0.,1.));
#15541=IFCEXTRUDEDAREASOLID(#15535,#15539,#15540,3000.);
#15542=IFCSHAPEREPRESENTATION(#11,'Body','SweptSolid',(#15541));
#15543=IFCPRODUCTDEFINITIONSHAPE($,$,(#15542));
#15549=IFCCARTESIANPOINT((6000.,0.,18000.));
#15550=IFCDIRECTION((0.,0.,1.));
#15551=IFCDIRECTION((1.,0.,0.));
#15552=IFCAXIS2PLACEMENT3D(#15549,#15550,#15551);
#15553=IFCLOCALPLACEMENT($,#15552);
#15554=IFCPROPERTYSET('0malT8uCr6qfdRO5L$o3Lj',$,'Other',$,(#15556,#15557,#15558));
#15555=IFCRELDEFINESBYPROPERTIES('2qt3hMPJb4t8K$J2SOchi5',$,$,$,(#15532),#15554);
#15556=IFCPROPERTYSINGLEVALUE('Ax',$,IFCLABEL('0.001'),$);
#15557=IFCPROPERTYSINGLEVALUE('Ay',$,IFCLABEL('0.001'),$);
#15558=IFCPROPERTYSINGLEVALUE('Section',$,IFCLABEL('Rect'),$);
#15559=IFCCOLUMN('21Ezdgilj9FPvhJYabHgq7',$,$,$,$,#15580,#15570,$,$);
#15560=IFCCARTESIANPOINTLIST2D(((-200.,-200.),(200.,-200.),(200.,200.),(-200.,200.)));
#15561=IFCINDEXEDPOLYCURVE(#15560,(IFCLINEINDEX((1,2,3,4,1))),$);
#15562=IFCARBITRARYCLOSEDPROFILEDEF(.AREA.,'Arbitrary',#15561);
#15563=IFCCARTESIANPOINT((0.,0.,0.));
#15564=IFCDIRECTION((0.,0.,1.));
#15565=IFCDIRECTION((1.,0.,0.));
#15566=IFCAXIS2PLACEMENT3D(#15563,#15564,#15565);
#15567=IFCDIRECTION((0.,0.,1.));
#15568=IFCEXTRUDEDAREASOLID(#15562,#15566,#15567,3000.);
#15569=IFCSHAPEREPRESENTATION(#11,'Body','SweptSolid',(#15568));
#15570=IFCPRODUCTDEFINITIONSHAPE($,$,(#15569));
#15576=IFCCARTESIANPOINT((6000.,0.,15000.));
#15577=IFCDIRECTION((0.,0.,1.));
#15578=IFCDIRECTION((1.,0.,0.));
#15579=IFCAXIS2PLACEMENT3D(#15576,#15577,#15578);
#15580=IFCLOCALPLACEMENT($,#15579);
#15581=IFCPROPERTYSET('0APAlFRE58$OMLEIY2P79B',$,'Other',$,(#15583,#15584,#15585));
#15582=IFCRELDEFINESBYPROPERTIES('0AL8wTAkrFgxgd8ZyqPU$Y',$,$,$,(#15559),#15581);
#15583=IFCPROPERTYSINGLEVALUE('Ax',$,IFCLABEL('0.001'),$);
#15584=IFCPROPERTYSINGLEVALUE('Ay',$,IFCLABEL('0.001'),$);
#15585=IFCPROPERTYSINGLEVALUE('Section',$,IFCLABEL('Rect'),$);
#15586=IFCCOLUMN('3UfmwE6Pr9avXl67utNgv5',$,$,$,$,#15607,#15597,$,$);
#15587=IFCCARTESIANPOINTLIST2D(((-200.,-200.),(200.,-200.),(200.,200.),(-200.,200.)));
#15588=IFCINDEXEDPOLYCURVE(#15587,(IFCLINEINDEX((1,2,3,4,1))),$);
#15589=IFCARBITRARYCLOSEDPROFILEDEF(.AREA.,'Arbitrary',#15588);
#15590=IFCCARTESIANPOINT((0.,0.,0.));
#15591=IFCDIRECTION((0.,0.,1.));
#15592=IFCDIRECTION((1.,0.,0.));
#15593=IFCAXIS2PLACEMENT3D(#15590,#15591,#15592);
#15594=IFCDIRECTION((0.,0.,1.));
#15595=IFCEXTRUDEDAREASOLID(#15589,#15593,#15594,3000.);
#15596=IFCSHAPEREPRESENTATION(#11,'Body','SweptSolid',(#15595));
#15597=IFCPRODUCTDEFINITIONSHAPE($,$,(#15596));
#15603=IFCCARTESIANPOINT((6000.,0.,12000.));
#15604=IFCDIRECTION((0.,0.,1.));
#15605=IFCDIRECTION((1.,0.,0.));
#15606=IFCAXIS2PLACEMENT3D(#15603,#15604,#15605);
#15607=IFCLOCALPLACEMENT($,#15606);
#15608=IFCPROPERTYSET('0affhgs1rEbg1OLHTQwFKI',$,'Other',$,(#15610,#15611,#15612));
#15609=IFCRELDEFINESBYPROPERTIES('0qllH1RvXEv8MTXdI5x5hb',$,$,$,(#15586),#15608);
#15610=IFCPROPERTYSINGLEVALUE('Ax',$,IFCLABEL('0.001'),$);
#15611=IFCPROPERTYSINGLEVALUE('Ay',$,IFCLABEL('0.001'),$);
#15612=IFCPROPERTYSINGLEVALUE('Section',$,IFCLABEL('Rect'),$);
#15613=IFCCOLUMN('0C1CSNOk10JQ6OOEYxh7YV',$,$,$,$,#15634,#15624,$,$);
#15614=IFCCARTESIANPOINTLIST2D(((-200.,-200.),(200.,-200.),(200.,200.),(-200.,200.)));
#15615=IFCINDEXEDPOLYCURVE(#15614,(IFCLINEINDEX((1,2,3,4,1))),$);
#15616=IFCARBITRARYCLOSEDPROFILEDEF(.AREA.,'Arbitrary',#15615);
#15617=IFCCARTESIANPOINT((0.,0.,0.));
#15618=IFCDIRECTION((0.,0.,1.));
#15619=IFCDIRECTION((1.,0.,0.));
#15620=IFCAXIS2PLACEMENT3D(#15617,#15618,#15619);
#15621=IFCDIRECTION((0.,0.,1.));
#15622=IFCEXTRUDEDAREASOLID(#15616,#15620,#15621,3000.);
#15623=IFCSHAPEREPRESENTATION(#11,'Body','SweptSolid',(#15622));
#15624=IFCPRODUCTDEFINITIONSHAPE($,$,(#15623));
#15630=IFCCARTESIANPOINT((6000.,0.,9000.));
#15631=IFCDIRECTION((0.,0.,1.));
#15632=IFCDIRECTION((1.,0.,0.));
#15633=IFCAXIS2PLACEMENT3D(#15630,#15631,#15632);
#15634=IFCLOCALPLACEMENT($,#15633);
#15635=IFCPROPERTYSET('1N2cf_oKD90vj5mJNs86BE',$,'Other',$,(#15637,#15638,#15639));
#15636=IFCRELDEFINESBYPROPERTIES('2CXvA8W$r3OBgOpad$a_pM',$,$,$,(#15613),#15635);
#15637=IFCPROPERTYSINGLEVALUE('Ax',$,IFCLABEL('0.001'),$);
#15638=IFCPROPERTYSINGLEVALUE('Ay',$,IFCLABEL('0.001'),$);
#15639=IFCPROPERTYSINGLEVALUE('Section',$,IFCLABEL('Rect'),$);
#15640=IFCCOLUMN('17rSBxzGH5dvKYHTUWQUf$',$,$,$,$,#15661,#15651,$,$);
#15641=IFCCARTESIANPOINTLIST2D(((-200.,-200.),(200.,-200.),(200.,200.),(-200.,200.)));
#15642=IFCINDEXEDPOLYCURVE(#15641,(IFCLINEINDEX((1,2,3,4,1))),$);
#15643=IFCARBITRARYCLOSEDPROFILEDEF(.AREA.,'Arbitrary',#15642);
#15644=IFCCARTESIANPOINT((0.,0.,0.));
#15645=IFCDIRECTION((0.,0.,1.));
#15646=IFCDIRECTION((1.,0.,0.));
#15647=IFCAXIS2PLACEMENT3D(#15644,#15645,#15646);
#15648=IFCDIRECTION((0.,0.,1.));
#15649=IFCEXTRUDEDAREASOLID(#15643,#15647,#15648,3000.);
#15650=IFCSHAPEREPRESENTATION(#11,'Body','SweptSolid',(#15649));
#15651=IFCPRODUCTDEFINITIONSHAPE($,$,(#15650));
#15657=IFCCARTESIANPOINT((6000.,0.,6000.));
#15658=IFCDIRECTION((0.,0.,1.));
#15659=IFCDIRECTION((1.,0.,0.));
#15660=IFCAXIS2PLACEMENT3D(#15657,#15658,#15659);
#15661=IFCLOCALPLACEMENT($,#15660);
#15662=IFCPROPERTYSET('3rxoq8GpTFQ8EtsS1t0trN',$,'Other',$,(#15664,#15665,#15666));
#15663=IFCRELDEFINESBYPROPERTIES('0WZGVXExfCYwYcQR8vc2fn',$,$,$,(#15640),#15662);
#15664=IFCPROPERTYSINGLEVALUE('Ax',$,IFCLABEL('0.001'),$);
#15665=IFCPROPERTYSINGLEVALUE('Ay',$,IFCLABEL('0.001'),$);
#15666=IFCPROPERTYSINGLEVALUE('Section',$,IFCLABEL('Rect'),$);
#15667=IFCCOLUMN('33h4qh50v9RP6_1co3MNmf',$,$,$,$,#15688,#15678,$,$);
#15668=IFCCARTESIANPOINTLIST2D(((-200.,-200.),(200.,-200.),(200.,200.),(-200.,200.)));
#15669=IFCINDEXEDPOLYCURVE(#15668,(IFCLINEINDEX((1,2,3,4,1))),$);
#15670=IFCARBITRARYCLOSEDPROFILEDEF(.AREA.,'Arbitrary',#15669);
#15671=IFCCARTESIANPOINT((0.,0.,0.));
#15672=IFCDIRECTION((0.,0.,1.));
#15673=IFCDIRECTION((1.,0.,0.));
#15674=IFCAXIS2PLACEMENT3D(#15671,#15672,#15673);
#15675=IFCDIRECTION((0.,0.,1.));
#15676=IFCEXTRUDEDAREASOLID(#15670,#15674,#15675,3000.);
#15677=IFCSHAPEREPRESENTATION(#11,'Body','SweptSolid',(#15676));
#15678=IFCPRODUCTDEFINITIONSHAPE($,$,(#15677));
#15684=IFCCARTESIANPOINT((6000.,0.,3000.));
#15685=IFCDIRECTION((0.,0.,1.));
#15686=IFCDIRECTION((1.,0.,0.));
#15687=IFCAXIS2PLACEMENT3D(#15684,#15685,#15686);
#15688=IFCLOCALPLACEMENT($,#15687);
#15689=IFCPROPERTYSET('1h9snF5uv7XfpMeO3rhlHs',$,'Other',$,(#15691,#15692,#15693));
#15690=IFCRELDEFINESBYPROPERTIES('3UN8DII653lOBHYOZrvnva',$,$,$,(#15667),#15689);
#15691=IFCPROPERTYSINGLEVALUE('Ax',$,IFCLABEL('0.001'),$);
#15692=IFCPROPERTYSINGLEVALUE('Ay',$,IFCLABEL('0.001'),$);
#15693=IFCPROPERTYSINGLEVALUE('Section',$,IFCLABEL('Rect'),$);
#15694=IFCCOLUMN('0hBnZkrur4TBe57nx1EgId',$,$,$,$,#15715,#15705,$,$);
#15695=IFCCARTESIANPOINTLIST2D(((-200.,-200.),(200.,-200.),(200.,200.),(-200.,200.)));
#15696=IFCINDEXEDPOLYCURVE(#15695,(IFCLINEINDEX((1,2,3,4,1))),$);
#15697=IFCARBITRARYCLOSEDPROFILEDEF(.AREA.,'Arbitrary',#15696);
#15698=IFCCARTESIANPOINT((0.,0.,0.));
#15699=IFCDIRECTION((0.,0.,1.));
#15700=IFCDIRECTION((1.,0.,0.));
#15701=IFCAXIS2PLACEMENT3D(#15698,#15699,#15700);
#15702=IFCDIRECTION((0.,0.,1.));
#15703=IFCEXTRUDEDAREASOLID(#15697,#15701,#15702,3000.);
#15704=IFCSHAPEREPRESENTATION(#11,'Body','SweptSolid',(#15703));
#15705=IFCPRODUCTDEFINITIONSHAPE($,$,(#15704));
#15711=IFCCARTESIANPOINT((6000.,0.,0.));
#15712=IFCDIRECTION((0.,0.,1.));
#15713=IFCDIRECTION((1.,0.,0.));
#15714=IFCAXIS2PLACEMENT3D(#15711,#15712,#15713);
#15715=IFCLOCALPLACEMENT($,#15714);
#15716=IFCPROPERTYSET('1oR5rXe5PDbey8dGK_g4H7',$,'Other',$,(#15718,#15719,#15720));
#15717=IFCRELDEFINESBYPROPERTIES('2nXLVPYy5EV9qErCHwza3j',$,$,$,(#15694),#15716);
#15718=IFCPROPERTYSINGLEVALUE('Ax',$,IFCLABEL('0.001'),$);
#15719=IFCPROPERTYSINGLEVALUE('Ay',$,IFCLABEL('0.001'),$);
#15720=IFCPROPERTYSINGLEVALUE('Section',$,IFCLABEL('Rect'),$);
#15721=IFCCOLUMN('3Fdn2bqqf9FBKJYaHOyCxb',$,$,$,$,#15742,#15732,$,$);
#15722=IFCCARTESIANPOINTLIST2D(((-200.,-200.),(200.,-200.),(200.,200.),(-200.,200.)));
#15723=IFCINDEXEDPOLYCURVE(#15722,(IFCLINEINDEX((1,2,3,4,1))),$);
#15724=IFCARBITRARYCLOSEDPROFILEDEF(.AREA.,'Arbitrary',#15723);
#15725=IFCCARTESIANPOINT((0.,0.,0.));
#15726=IFCDIRECTION((0.,0.,1.));
#15727=IFCDIRECTION((1.,0.,0.));
#15728=IFCAXIS2PLACEMENT3D(#15725,#15726,#15727);
#15729=IFCDIRECTION((0.,0.,1.));
#15730=IFCEXTRUDEDAREASOLID(#15724,#15728,#15729,3000.);
#15731=IFCSHAPEREPRESENTATION(#11,'Body','SweptSolid',(#15730));
#15732=IFCPRODUCTDEFINITIONSHAPE($,$,(#15731));
#15738=IFCCARTESIANPOINT((0.,0.,21000.));
#15739=IFCDIRECTION((0.,0.,1.));
#15740=IFCDIRECTION((1.,0.,0.));
#15741=IFCAXIS2PLACEMENT3D(#15738,#15739,#15740);
#15742=IFCLOCALPLACEMENT($,#15741);
#15743=IFCPROPERTYSET('1wy1dpS6H9W98jgVxAx$Wx',$,'Other',$,(#15745,#15746,#15747));
#15744=IFCRELDEFINESBYPROPERTIES('3vu8s6ydL6$Bm2OS29dBoC',$,$,$,(#15721),#15743);
#15745=IFCPROPERTYSINGLEVALUE('Ax',$,IFCLABEL('0.001'),$);
#15746=IFCPROPERTYSINGLEVALUE('Ay',$,IFCLABEL('0.001'),$);
#15747=IFCPROPERTYSINGLEVALUE('Section',$,IFCLABEL('Rect'),$);
#15748=IFCCOLUMN('1VlO$gmMP7oh3$WjD5w5nW',$,$,$,$,#15769,#15759,$,$);
#15749=IFCCARTESIANPOINTLIST2D(((-200.,-200.),(200.,-200.),(200.,200.),(-200.,200.)));
#15750=IFCINDEXEDPOLYCURVE(#15749,(IFCLINEINDEX((1,2,3,4,1))),$);
#15751=IFCARBITRARYCLOSEDPROFILEDEF(.AREA.,'Arbitrary',#15750);
#15752=IFCCARTESIANPOINT((0.,0.,0.));
#15753=IFCDIRECTION((0.,0.,1.));
#15754=IFCDIRECTION((1.,0.,0.));
#15755=IFCAXIS2PLACEMENT3D(#15752,#15753,#15754);
#15756=IFCDIRECTION((0.,0.,1.));
#15757=IFCEXTRUDEDAREASOLID(#15751,#15755,#15756,3000.);
#15758=IFCSHAPEREPRESENTATION(#11,'Body','SweptSolid',(#15757));
#15759=IFCPRODUCTDEFINITIONSHAPE($,$,(#15758));
#15765=IFCCARTESIANPOINT((0.,0.,18000.));
#15766=IFCDIRECTION((0.,0.,1.));
#15767=IFCDIRECTION((1.,0.,0.));
#15768=IFCAXIS2PLACEMENT3D(#15765,#15766,#15767);
#15769=IFCLOCALPLACEMENT($,#15768);
#15770=IFCPROPERTYSET('2Rj45W3mH5OecLPk18C6p3',$,'Other',$,(#15772,#15773,#15774));
#15771=IFCRELDEFINESBYPROPERTIES('32Vo5Q0u5F3hNpLK8W8Wt9',$,$,$,(#15748),#15770);
#15772=IFCPROPERTYSINGLEVALUE('Ax',$,IFCLABEL('0.001'),$);
#15773=IFCPROPERTYSINGLEVALUE('Ay',$,IFCLABEL('0.001'),$);
#15774=IFCPROPERTYSINGLEVALUE('Section',$,IFCLABEL('Rect'),$);
#15775=IFCCOLUMN('2Rml04U_DAqBf1QW2dtn1k',$,$,$,$,#15796,#15786,$,$);
#15776=IFCCARTESIANPOINTLIST2D(((-200.,-200.),(200.,-200.),(200.,200.),(-200.,200.)));
#15777=IFCINDEXEDPOLYCURVE(#15776,(IFCLINEINDEX((1,2,3,4,1))),$);
#15778=IFCARBITRARYCLOSEDPROFILEDEF(.AREA.,'Arbitrary',#15777);
#15779=IFCCARTESIANPOINT((0.,0.,0.));
#15780=IFCDIRECTION((0.,0.,1.));
#15781=IFCDIRECTION((1.,0.,0.));
#15782=IFCAXIS2PLACEMENT3D(#15779,#15780,#15781);
#15783=IFCDIRECTION((0.,0.,1.));
#15784=IFCEXTRUDEDAREASOLID(#15778,#15782,#15783,3000.);
#15785=IFCSHAPEREPRESENTATION(#11,'Body','SweptSolid',(#15784));
#15786=IFCPRODUCTDEFINITIONSHAPE($,$,(#15785));
#15792=IFCCARTESIANPOINT((0.,0.,15000.));
#15793=IFCDIRECTION((0.,0.,1.));
#15794=IFCDIRECTION((1.,0.,0.));
#15795=IFCAXIS2PLACEMENT3D(#15792,#15793,#15794);
#15796=IFCLOCALPLACEMENT($,#15795);
#15797=IFCPROPERTYSET('0yJLsQOn10WONledGp8HgE',$,'Other',$,(#15799,#15800,#15801));
#15798=IFCRELDEFINESBYPROPERTIES('3m8$Omqyb0GA0JtMUnvPfj',$,$,$,(#15775),#15797);
#15799=IFCPROPERTYSINGLEVALUE('Ax',$,IFCLABEL('0.001'),$);
#15800=IFCPROPERTYSINGLEVALUE('Ay',$,IFCLABEL('0.001'),$);
#15801=IFCPROPERTYSINGLEVALUE('Section',$,IFCLABEL('Rect'),$);
#15802=IFCCOLUMN('1R8Gni1i5B_hoBn5v_5msm',$,$,$,$,#15823,#15813,$,$);
#15803=IFCCARTESIANPOINTLIST2D(((-200.,-200.),(200.,-200.),(200.,200.),(-200.,200.)));
#15804=IFCINDEXEDPOLYCURVE(#15803,(IFCLINEINDEX((1,2,3,4,1))),$);
#15805=IFCARBITRARYCLOSEDPROFILEDEF(.AREA.,'Arbitrary',#15804);
#15806=IFCCARTESIANPOINT((0.,0.,0.));
#15807=IFCDIRECTION((0.,0.,1.));
#15808=IFCDIRECTION((1.,0.,0.));
#15809=IFCAXIS2PLACEMENT3D(#15806,#15807,#15808);
#15810=IFCDIRECTION((0.,0.,1.));
#15811=IFCEXTRUDEDAREASOLID(#15805,#15809,#15810,3000.);
#15812=IFCSHAPEREPRESENTATION(#11,'Body','SweptSolid',(#15811));
#15813=IFCPRODUCTDEFINITIONSHAPE($,$,(#15812));
#15819=IFCCARTESIANPOINT((0.,0.,12000.));
#15820=IFCDIRECTION((0.,0.,1.));
#15821=IFCDIRECTION((1.,0.,0.));
#15822=IFCAXIS2PLACEMENT3D(#15819,#15820,#15821);
#15823=IFCLOCALPLACEMENT($,#15822);
#15824=IFCPROPERTYSET('0a44J2CLD00wF51CSoTjnK',$,'Other',$,(#15826,#15827,#15828));
#15825=IFCRELDEFINESBYPROPERTIES('17OUeoXgj1HBsZMRgx4Ep3',$,$,$,(#15802),#15824);
#15826=IFCPROPERTYSINGLEVALUE('Ax',$,IFCLABEL('0.001'),$);
#15827=IFCPROPERTYSINGLEVALUE('Ay',$,IFCLABEL('0.001'),$);
#15828=IFCPROPERTYSINGLEVALUE('Section',$,IFCLABEL('Rect'),$);
#15829=IFCCOLUMN('0pSewWzJXAA9awFMXoGqZC',$,$,$,$,#15850,#15840,$,$);
#15830=IFCCARTESIANPOINTLIST2D(((-200.,-200.),(200.,-200.),(200.,200.),(-200.,200.)));
#15831=IFCINDEXEDPOLYCURVE(#15830,(IFCLINEINDEX((1,2,3,4,1))),$);
#15832=IFCARBITRARYCLOSEDPROFILEDEF(.AREA.,'Arbitrary',#15831);
#15833=IFCCARTESIANPOINT((0.,0.,0.));
#15834=IFCDIRECTION((0.,0.,1.));
#15835=IFCDIRECTION((1.,0.,0.));
#15836=IFCAXIS2PLACEMENT3D(#15833,#15834,#15835);
#15837=IFCDIRECTION((0.,0.,1.));
#15838=IFCEXTRUDEDAREASOLID(#15832,#15836,#15837,3000.);
#15839=IFCSHAPEREPRESENTATION(#11,'Body','SweptSolid',(#15838));
#15840=IFCPRODUCTDEFINITIONSHAPE($,$,(#15839));
#15846=IFCCARTESIANPOINT((0.,0.,9000.));
#15847=IFCDIRECTION((0.,0.,1.));
#15848=IFCDIRECTION((1.,0.,0.));
#15849=IFCAXIS2PLACEMENT3D(#15846,#15847,#15848);
#15850=IFCLOCALPLACEMENT($,#15849);
#15851=IFCPROPERTYSET('2bfPYa7bvFFgnABpkO6IBW',$,'Other',$,(#15853,#15854,#15855));
#15852=IFCRELDEFINESBYPROPERTIES('1PXe00t_bEUhf2R8MVGU$H',$,$,$,(#15829),#15851);
#15853=IFCPROPERTYSINGLEVALUE('Ax',$,IFCLABEL('0.001'),$);
#15854=IFCPROPERTYSINGLEVALUE('Ay',$,IFCLABEL('0.001'),$);
#15855=IFCPROPERTYSINGLEVALUE('Section',$,IFCLABEL('Rect'),$);
#15856=IFCCOLUMN('1jSbTg7pj7RwV6Y5xaraP0',$,$,$,$,#15877,#15867,$,$);
#15857=IFCCARTESIANPOINTLIST2D(((-200.,-200.),(200.,-200.),(200.,200.),(-200.,200.)));
#15858=IFCINDEXEDPOLYCURVE(#15857,(IFCLINEINDEX((1,2,3,4,1))),$);
#15859=IFCARBITRARYCLOSEDPROFILEDEF(.AREA.,'Arbitrary',#15858);
#15860=IFCCARTESIANPOINT((0.,0.,0.));
#15861=IFCDIRECTION((0.,0.,1.));
#15862=IFCDIRECTION((1.,0.,0.));
#15863=IFCAXIS2PLACEMENT3D(#15860,#15861,#15862);
#15864=IFCDIRECTION((0.,0.,1.));
#15865=IFCEXTRUDEDAREASOLID(#15859,#15863,#15864,3000.);
#15866=IFCSHAPEREPRESENTATION(#11,'Body','SweptSolid',(#15865));
#15867=IFCPRODUCTDEFINITIONSHAPE($,$,(#15866));
#15873=IFCCARTESIANPOINT((0.,0.,6000.));
#15874=IFCDIRECTION((0.,0.,1.));
#15875=IFCDIRECTION((1.,0.,0.));
#15876=IFCAXIS2PLACEMENT3D(#15873,#15874,#15875);
#15877=IFCLOCALPLACEMENT($,#15876);
#15878=IFCPROPERTYSET('2OBo2NZNf8IhccqQsMsG1H',$,'Other',$,(#15880,#15881,#15882));
#15879=IFCRELDEFINESBYPROPERTIES('09XID5oWz4OxyLOOW1gZ5_',$,$,$,(#15856),#15878);
#15880=IFCPROPERTYSINGLEVALUE('Ax',$,IFCLABEL('0.001'),$);
#15881=IFCPROPERTYSINGLEVALUE('Ay',$,IFCLABEL('0.001'),$);
#15882=IFCPROPERTYSINGLEVALUE('Section',$,IFCLABEL('Rect'),$);
#15883=IFCCOLUMN('1dQGZD5Yn3rx5PDm77lMDu',$,$,$,$,#15904,#15894,$,$);
#15884=IFCCARTESIANPOINTLIST2D(((-200.,-200.),(200.,-200.),(200.,200.),(-200.,200.)));
#15885=IFCINDEXEDPOLYCURVE(#15884,(IFCLINEINDEX((1,2,3,4,1))),$);
#15886=IFCARBITRARYCLOSEDPROFILEDEF(.AREA.,'Arbitrary',#15885);
#15887=IFCCARTESIANPOINT((0.,0.,0.));
#15888=IFCDIRECTION((0.,0.,1.));
#15889=IFCDIRECTION((1.,0.,0.));
#15890=IFCAXIS2PLACEMENT3D(#15887,#15888,#15889);
#15891=IFCDIRECTION((0.,0.,1.));
#15892=IFCEXTRUDEDAREASOLID(#15886,#15890,#15891,3000.);
#15893=IFCSHAPEREPRESENTATION(#11,'Body','SweptSolid',(#15892));
#15894=IFCPRODUCTDEFINITIONSHAPE($,$,(#15893));
#15900=IFCCARTESIANPOINT((0.,0.,3000.));
#15901=IFCDIRECTION((0.,0.,1.));
#15902=IFCDIRECTION((1.,0.,0.));
#15903=IFCAXIS2PLACEMENT3D(#15900,#15901,#15902);
#15904=IFCLOCALPLACEMENT($,#15903);
#15905=IFCPROPERTYSET('1gloZEW019Eh3QPy8v2I7u',$,'Other',$,(#15907,#15908,#15909));
#15906=IFCRELDEFINESBYPROPERTIES('19f5twjvb50x91Zinjc5$T',$,$,$,(#15883),#15905);
#15907=IFCPROPERTYSINGLEVALUE('Ax',$,IFCLABEL('0.001'),$);
#15908=IFCPROPERTYSINGLEVALUE('Ay',$,IFCLABEL('0.001'),$);
#15909=IFCPROPERTYSINGLEVALUE('Section',$,IFCLABEL('Rect'),$);
#15910=IFCCOLUMN('0_Ob9JhVvERgDCICX7AoHR',$,$,$,$,#15931,#15921,$,$);
#15911=IFCCARTESIANPOINTLIST2D(((-200.,-200.),(200.,-200.),(200.,200.),(-200.,200.)));
#15912=IFCINDEXEDPOLYCURVE(#15911,(IFCLINEINDEX((1,2,3,4,1))),$);
#15913=IFCARBITRARYCLOSEDPROFILEDEF(.AREA.,'Arbitrary',#15912);
#15914=IFCCARTESIANPOINT((0.,0.,0.));
#15915=IFCDIRECTION((0.,0.,1.));
#15916=IFCDIRECTION((1.,0.,0.));
#15917=IFCAXIS2PLACEMENT3D(#15914,#15915,#15916);
#15918=IFCDIRECTION((0.,0.,1.));
#15919=IFCEXTRUDEDAREASOLID(#15913,#15917,#15918,3000.);
#15920=IFCSHAPEREPRESENTATION(#11,'Body','SweptSolid',(#15919));
#15921=IFCPRODUCTDEFINITIONSHAPE($,$,(#15920));
#15927=IFCCARTESIANPOINT((0.,0.,0.));
#15928=IFCDIRECTION((0.,0.,1.));
#15929=IFCDIRECTION((1.,0.,0.));
#15930=IFCAXIS2PLACEMENT3D(#15927,#15928,#15929);
#15931=IFCLOCALPLACEMENT($,#15930);
#15932=IFCPROPERTYSET('2GlR0qOnnBCBaKGp0Smob$',$,'Other',$,(#15934,#15935,#15936));
#15933=IFCRELDEFINESBYPROPERTIES('13P75UE1X02h6bD3os7JpL',$,$,$,(#15910),#15932);
#15934=IFCPROPERTYSINGLEVALUE('Ax',$,IFCLABEL('0.001'),$);
#15935=IFCPROPERTYSINGLEVALUE('Ay',$,IFCLABEL('0.001'),$);
#15936=IFCPROPERTYSINGLEVALUE('Section',$,IFCLABEL('Rect'),$);
#15937=IFCSLAB('114xmCHu12_g_YGGMlM8yS',$,$,$,$,#15958,#15948,$,$);
#15938=IFCCARTESIANPOINTLIST2D(((0.,6000.),(3000.,6000.),(3000.,12000.),(0.,12000.)));
#15939=IFCINDEXEDPOLYCURVE(#15938,(IFCLINEINDEX((1,2,3,4,1))),$);
#15940=IFCARBITRARYCLOSEDPROFILEDEF(.AREA.,'Arbitrary',#15939);
#15941=IFCCARTESIANPOINT((0.,0.,0.));
#15942=IFCDIRECTION((0.,0.,1.));
#15943=IFCDIRECTION((1.,0.,0.));
#15944=IFCAXIS2PLACEMENT3D(#15941,#15942,#15943);
#15945=IFCDIRECTION((0.,0.,1.));
#15946=IFCEXTRUDEDAREASOLID(#15940,#15944,#15945,-120.);
#15947=IFCSHAPEREPRESENTATION(#11,'Body','SweptSolid',(#15946));
#15948=IFCPRODUCTDEFINITIONSHAPE($,$,(#15947));
#15954=IFCCARTESIANPOINT((0.,0.,24000.));
#15955=IFCDIRECTION((0.,0.,1.));
#15956=IFCDIRECTION((1.,0.,0.));
#15957=IFCAXIS2PLACEMENT3D(#15954,#15955,#15956);
#15958=IFCLOCALPLACEMENT($,#15957);
#15959=IFCPROPERTYSET('1AOVCbzen4R8WWfjoc$cyY',$,'Other',$,(#15961,#15962));
#15960=IFCRELDEFINESBYPROPERTIES('3LA3UsZqP0qO4rZmNPW_U3',$,$,$,(#15937),#15959);
#15961=IFCPROPERTYSINGLEVALUE('Ax',$,IFCLABEL('0.001'),$);
#15962=IFCPROPERTYSINGLEVALUE('Ay',$,IFCLABEL('0.001'),$);
#15963=IFCSLAB('2C7FQH70v2FP0Ms9ylE6bn',$,$,$,$,#15984,#15974,$,$);
#15964=IFCCARTESIANPOINTLIST2D(((3000.,6000.),(6000.,6000.),(6000.,12000.),(3000.,12000.)));
#15965=IFCINDEXEDPOLYCURVE(#15964,(IFCLINEINDEX((1,2,3,4,1))),$);
#15966=IFCARBITRARYCLOSEDPROFILEDEF(.AREA.,'Arbitrary',#15965);
#15967=IFCCARTESIANPOINT((0.,0.,0.));
#15968=IFCDIRECTION((0.,0.,1.));
#15969=IFCDIRECTION((1.,0.,0.));
#15970=IFCAXIS2PLACEMENT3D(#15967,#15968,#15969);
#15971=IFCDIRECTION((0.,0.,1.));
#15972=IFCEXTRUDEDAREASOLID(#15966,#15970,#15971,-120.);
#15973=IFCSHAPEREPRESENTATION(#11,'Body','SweptSolid',(#15972));
#15974=IFCPRODUCTDEFINITIONSHAPE($,$,(#15973));
#15980=IFCCARTESIANPOINT((0.,0.,24000.));
#15981=IFCDIRECTION((0.,0.,1.));
#15982=IFCDIRECTION((1.,0.,0.));
#15983=IFCAXIS2PLACEMENT3D(#15980,#15981,#15982);
#15984=IFCLOCALPLACEMENT($,#15983);
#15985=IFCPROPERTYSET('3TcAoQg01Fz82xVF0TpBk3',$,'Other',$,(#15987,#15988));
#15986=IFCRELDEFINESBYPROPERTIES('0yjfOtTCbFk9TYVow8nP$U',$,$,$,(#15963),#15985);
#15987=IFCPROPERTYSINGLEVALUE('Ax',$,IFCLABEL('0.001'),$);
#15988=IFCPROPERTYSINGLEVALUE('Ay',$,IFCLABEL('0.001'),$);
#15989=IFCSLAB('2pBCl2yZj6uOybFuqfXyp2',$,$,$,$,#16010,#16000,$,$);
#15990=IFCCARTESIANPOINTLIST2D(((0.,12000.),(3000.,12000.),(3000.,18000.),(0.,18000.)));
#15991=IFCINDEXEDPOLYCURVE(#15990,(IFCLINEINDEX((1,2,3,4,1))),$);
#15992=IFCARBITRARYCLOSEDPROFILEDEF(.AREA.,'Arbitrary',#15991);
#15993=IFCCARTESIANPOINT((0.,0.,0.));
#15994=IFCDIRECTION((0.,0.,1.));
#15995=IFCDIRECTION((1.,0.,0.));
#15996=IFCAXIS2PLACEMENT3D(#15993,#15994,#15995);
#15997=IFCDIRECTION((0.,0.,1.));
#15998=IFCEXTRUDEDAREASOLID(#15992,#15996,#15997,-120.);
#15999=IFCSHAPEREPRESENTATION(#11,'Body','SweptSolid',(#15998));
#16000=IFCPRODUCTDEFINITIONSHAPE($,$,(#15999));
#16006=IFCCARTESIANPOINT((0.,0.,24000.));
#16007=IFCDIRECTION((0.,0.,1.));
#16008=IFCDIRECTION((1.,0.,0.));
#16009=IFCAXIS2PLACEMENT3D(#16006,#16007,#16008);
#16010=IFCLOCALPLACEMENT($,#16009);
#16011=IFCPROPERTYSET('1_gXmvVzf8EwQSKg42R$tD',$,'Other',$,(#16013,#16014));
#16012=IFCRELDEFINESBYPROPERTIES('2Avp3LgVzAav3NslyXnk$Y',$,$,$,(#15989),#16011);
#16013=IFCPROPERTYSINGLEVALUE('Ax',$,IFCLABEL('0.001'),$);
#16014=IFCPROPERTYSINGLEVALUE('Ay',$,IFCLABEL('0.001'),$);
#16015=IFCSLAB('2I2J2FmE16Dg6gnN34iuRC',$,$,$,$,#16036,#16026,$,$);
#16016=IFCCARTESIANPOINTLIST2D(((3000.,12000.),(6000.,12000.),(6000.,18000.),(3000.,18000.)));
#16017=IFCINDEXEDPOLYCURVE(#16016,(IFCLINEINDEX((1,2,3,4,1))),$);
#16018=IFCARBITRARYCLOSEDPROFILEDEF(.AREA.,'Arbitrary',#16017);
#16019=IFCCARTESIANPOINT((0.,0.,0.));
#16020=IFCDIRECTION((0.,0.,1.));
#16021=IFCDIRECTION((1.,0.,0.));
#16022=IFCAXIS2PLACEMENT3D(#16019,#16020,#16021);
#16023=IFCDIRECTION((0.,0.,1.));
#16024=IFCEXTRUDEDAREASOLID(#16018,#16022,#16023,-120.);
#16025=IFCSHAPEREPRESENTATION(#11,'Body','SweptSolid',(#16024));
#16026=IFCPRODUCTDEFINITIONSHAPE($,$,(#16025));
#16032=IFCCARTESIANPOINT((0.,0.,24000.));
#16033=IFCDIRECTION((0.,0.,1.));
#16034=IFCDIRECTION((1.,0.,0.));
#16035=IFCAXIS2PLACEMENT3D(#16032,#16033,#16034);
#16036=IFCLOCALPLACEMENT($,#16035);
#16037=IFCPROPERTYSET('0r7Loy8PH9geC1lwrXurbx',$,'Other',$,(#16039,#16040));
#16038=IFCRELDEFINESBYPROPERTIES('1HK9jbleb6MwMCB6ccnrwO',$,$,$,(#16015),#16037);
#16039=IFCPROPERTYSINGLEVALUE('Ax',$,IFCLABEL('0.001'),$);
#16040=IFCPROPERTYSINGLEVALUE('Ay',$,IFCLABEL('0.001'),$);
#16041=IFCSLAB('0bsBCXoAf3qvlVF49IyKez',$,$,$,$,#16062,#16052,$,$);
#16042=IFCCARTESIANPOINTLIST2D(((6000.,12000.),(9000.,12000.),(9000.,18000.),(6000.,18000.)));
#16043=IFCINDEXEDPOLYCURVE(#16042,(IFCLINEINDEX((1,2,3,4,1))),$);
#16044=IFCARBITRARYCLOSEDPROFILEDEF(.AREA.,'Arbitrary',#16043);
#16045=IFCCARTESIANPOINT((0.,0.,0.));
#16046=IFCDIRECTION((0.,0.,1.));
#16047=IFCDIRECTION((1.,0.,0.));
#16048=IFCAXIS2PLACEMENT3D(#16045,#16046,#16047);
#16049=IFCDIRECTION((0.,0.,1.));
#16050=IFCEXTRUDEDAREASOLID(#16044,#16048,#16049,-120.);
#16051=IFCSHAPEREPRESENTATION(#11,'Body','SweptSolid',(#16050));
#16052=IFCPRODUCTDEFINITIONSHAPE($,$,(#16051));
#16058=IFCCARTESIANPOINT((0.,0.,24000.));
#16059=IFCDIRECTION((0.,0.,1.));
#16060=IFCDIRECTION((1.,0.,0.));
#16061=IFCAXIS2PLACEMENT3D(#16058,#16059,#16060);
#16062=IFCLOCALPLACEMENT($,#16061);
#16063=IFCPROPERTYSET('2hpuOc$9TB6xm7f0v3DSG2',$,'Other',$,(#16065,#16066));
#16064=IFCRELDEFINESBYPROPERTIES('0gHYGUKG5EtB76HNoaqHn0',$,$,$,(#16041),#16063);
#16065=IFCPROPERTYSINGLEVALUE('Ax',$,IFCLABEL('0.001'),$);
#16066=IFCPROPERTYSINGLEVALUE('Ay',$,IFCLABEL('0.001'),$);
#16067=IFCSLAB('0tpFzkRwbEUAmrYtIiK3Sq',$,$,$,$,#16088,#16078,$,$);
#16068=IFCCARTESIANPOINTLIST2D(((9000.,12000.),(12000.,12000.),(12000.,18000.),(9000.,18000.)));
#16069=IFCINDEXEDPOLYCURVE(#16068,(IFCLINEINDEX((1,2,3,4,1))),$);
#16070=IFCARBITRARYCLOSEDPROFILEDEF(.AREA.,'Arbitrary',#16069);
#16071=IFCCARTESIANPOINT((0.,0.,0.));
#16072=IFCDIRECTION((0.,0.,1.));
#16073=IFCDIRECTION((1.,0.,0.));
#16074=IFCAXIS2PLACEMENT3D(#16071,#16072,#16073);
#16075=IFCDIRECTION((0.,0.,1.));
#16076=IFCEXTRUDEDAREASOLID(#16070,#16074,#16075,-120.);
#16077=IFCSHAPEREPRESENTATION(#11,'Body','SweptSolid',(#16076));
#16078=IFCPRODUCTDEFINITIONSHAPE($,$,(#16077));
#16084=IFCCARTESIANPOINT((0.,0.,24000.));
#16085=IFCDIRECTION((0.,0.,1.));
#16086=IFCDIRECTION((1.,0.,0.));
#16087=IFCAXIS2PLACEMENT3D(#16084,#16085,#16086);
#16088=IFCLOCALPLACEMENT($,#16087);
#16089=IFCPROPERTYSET('18wX33w4LDaQFNfZI6mWMa',$,'Other',$,(#16091,#16092));
#16090=IFCRELDEFINESBYPROPERTIES('1PEW_33Nn4zQr5_fepxjs9',$,$,$,(#16067),#16089);
#16091=IFCPROPERTYSINGLEVALUE('Ax',$,IFCLABEL('0.001'),$);
#16092=IFCPROPERTYSINGLEVALUE('Ay',$,IFCLABEL('0.001'),$);
#16093=IFCSLAB('3yJ7I6LZD2ovYocuLyoA05',$,$,$,$,#16114,#16104,$,$);
#16094=IFCCARTESIANPOINTLIST2D(((12000.,12000.),(15000.,12000.),(15000.,18000.),(12000.,18000.)));
#16095=IFCINDEXEDPOLYCURVE(#16094,(IFCLINEINDEX((1,2,3,4,1))),$);
#16096=IFCARBITRARYCLOSEDPROFILEDEF(.AREA.,'Arbitrary',#16095);
#16097=IFCCARTESIANPOINT((0.,0.,0.));
#16098=IFCDIRECTION((0.,0.,1.));
#16099=IFCDIRECTION((1.,0.,0.));
#16100=IFCAXIS2PLACEMENT3D(#16097,#16098,#16099);
#16101=IFCDIRECTION((0.,0.,1.));
#16102=IFCEXTRUDEDAREASOLID(#16096,#16100,#16101,-120.);
#16103=IFCSHAPEREPRESENTATION(#11,'Body','SweptSolid',(#16102));
#16104=IFCPRODUCTDEFINITIONSHAPE($,$,(#16103));
#16110=IFCCARTESIANPOINT((0.,0.,24000.));
#16111=IFCDIRECTION((0.,0.,1.));
#16112=IFCDIRECTION((1.,0.,0.));
#16113=IFCAXIS2PLACEMENT3D(#16110,#16111,#16112);
#16114=IFCLOCALPLACEMENT($,#16113);
#16115=IFCPROPERTYSET('3YIqSZSyP1zwYMEs6vHovu',$,'Other',$,(#16117,#16118));
#16116=IFCRELDEFINESBYPROPERTIES('2JKTgek6vFlg0AyUyghDu$',$,$,$,(#16093),#16115);
#16117=IFCPROPERTYSINGLEVALUE('Ax',$,IFCLABEL('0.001'),$);
#16118=IFCPROPERTYSINGLEVALUE('Ay',$,IFCLABEL('0.001'),$);
#16119=IFCSLAB('3tw9oSb0L7RAgmT7Qg_ueS',$,$,$,$,#16140,#16130,$,$);
#16120=IFCCARTESIANPOINTLIST2D(((15000.,12000.),(18000.,12000.),(18000.,18000.),(15000.,18000.)));
#16121=IFCINDEXEDPOLYCURVE(#16120,(IFCLINEINDEX((1,2,3,4,1))),$);
#16122=IFCARBITRARYCLOSEDPROFILEDEF(.AREA.,'Arbitrary',#16121);
#16123=IFCCARTESIANPOINT((0.,0.,0.));
#16124=IFCDIRECTION((0.,0.,1.));
#16125=IFCDIRECTION((1.,0.,0.));
#16126=IFCAXIS2PLACEMENT3D(#16123,#16124,#16125);
#16127=IFCDIRECTION((0.,0.,1.));
#16128=IFCEXTRUDEDAREASOLID(#16122,#16126,#16127,-120.);
#16129=IFCSHAPEREPRESENTATION(#11,'Body','SweptSolid',(#16128));
#16130=IFCPRODUCTDEFINITIONSHAPE($,$,(#16129));
#16136=IFCCARTESIANPOINT((0.,0.,24000.));
#16137=IFCDIRECTION((0.,0.,1.));
#16138=IFCDIRECTION((1.,0.,0.));
#16139=IFCAXIS2PLACEMENT3D(#16136,#16137,#16138);
#16140=IFCLOCALPLACEMENT($,#16139);
#16141=IFCPROPERTYSET('1cluYXc_15fOz48B8s9VOP',$,'Other',$,(#16143,#16144));
#16142=IFCRELDEFINESBYPROPERTIES('0elMi11RXE8h7JdacKpCWA',$,$,$,(#16119),#16141);
#16143=IFCPROPERTYSINGLEVALUE('Ax',$,IFCLABEL('0.001'),$);
#16144=IFCPROPERTYSINGLEVALUE('Ay',$,IFCLABEL('0.001'),$);
#16145=IFCSLAB('2kHG4$BGH7denJ7wca3Fl8',$,$,$,$,#16166,#16156,$,$);
#16146=IFCCARTESIANPOINTLIST2D(((18000.,12000.),(21000.,12000.),(21000.,18000.),(18000.,18000.)));
#16147=IFCINDEXEDPOLYCURVE(#16146,(IFCLINEINDEX((1,2,3,4,1))),$);
#16148=IFCARBITRARYCLOSEDPROFILEDEF(.AREA.,'Arbitrary',#16147);
#16149=IFCCARTESIANPOINT((0.,0.,0.));
#16150=IFCDIRECTION((0.,0.,1.));
#16151=IFCDIRECTION((1.,0.,0.));
#16152=IFCAXIS2PLACEMENT3D(#16149,#16150,#16151);
#16153=IFCDIRECTION((0.,0.,1.));
#16154=IFCEXTRUDEDAREASOLID(#16148,#16152,#16153,-120.);
#16155=IFCSHAPEREPRESENTATION(#11,'Body','SweptSolid',(#16154));
#16156=IFCPRODUCTDEFINITIONSHAPE($,$,(#16155));
#16162=IFCCARTESIANPOINT((0.,0.,24000.));
#16163=IFCDIRECTION((0.,0.,1.));
#16164=IFCDIRECTION((1.,0.,0.));
#16165=IFCAXIS2PLACEMENT3D(#16162,#16163,#16164);
#16166=IFCLOCALPLACEMENT($,#16165);
#16167=IFCPROPERTYSET('1TXK1mzajBvgRzvmWg4ElB',$,'Other',$,(#16169,#16170));
#16168=IFCRELDEFINESBYPROPERTIES('1_QEMnv$fEL8q9IdnMZIL0',$,$,$,(#16145),#16167);
#16169=IFCPROPERTYSINGLEVALUE('Ax',$,IFCLABEL('0.001'),$);
#16170=IFCPROPERTYSINGLEVALUE('Ay',$,IFCLABEL('0.001'),$);
#16171=IFCSLAB('1lAfTqHFvBKQfXs3Caj4X6',$,$,$,$,#16192,#16182,$,$);
#16172=IFCCARTESIANPOINTLIST2D(((21000.,12000.),(24000.,12000.),(24000.,18000.),(21000.,18000.)));
#16173=IFCINDEXEDPOLYCURVE(#16172,(IFCLINEINDEX((1,2,3,4,1))),$);
#16174=IFCARBITRARYCLOSEDPROFILEDEF(.AREA.,'Arbitrary',#16173);
#16175=IFCCARTESIANPOINT((0.,0.,0.));
#16176=IFCDIRECTION((0.,0.,1.));
#16177=IFCDIRECTION((1.,0.,0.));
#16178=IFCAXIS2PLACEMENT3D(#16175,#16176,#16177);
#16179=IFCDIRECTION((0.,0.,1.));
#16180=IFCEXTRUDEDAREASOLID(#16174,#16178,#16179,-120.);
#16181=IFCSHAPEREPRESENTATION(#11,'Body','SweptSolid',(#16180));
#16182=IFCPRODUCTDEFINITIONSHAPE($,$,(#16181));
#16188=IFCCARTESIANPOINT((0.,0.,24000.));
#16189=IFCDIRECTION((0.,0.,1.));
#16190=IFCDIRECTION((1.,0.,0.));
#16191=IFCAXIS2PLACEMENT3D(#16188,#16189,#16190);
#16192=IFCLOCALPLACEMENT($,#16191);
#16193=IFCPROPERTYSET('39yqiJLIv8XgAnszoW2WUo',$,'Other',$,(#16195,#16196));
#16194=IFCRELDEFINESBYPROPERTIES('2mDq4Au9jCUgWPeevpK5i7',$,$,$,(#16171),#16193);
#16195=IFCPROPERTYSINGLEVALUE('Ax',$,IFCLABEL('0.001'),$);
#16196=IFCPROPERTYSINGLEVALUE('Ay',$,IFCLABEL('0.001'),$);
#16197=IFCSLAB('0ai5cNoUf5FgQx$y8tHiAg',$,$,$,$,#16218,#16208,$,$);
#16198=IFCCARTESIANPOINTLIST2D(((24000.,12000.),(27000.,12000.),(27000.,18000.),(24000.,18000.)));
#16199=IFCINDEXEDPOLYCURVE(#16198,(IFCLINEINDEX((1,2,3,4,1))),$);
#16200=IFCARBITRARYCLOSEDPROFILEDEF(.AREA.,'Arbitrary',#16199);
#16201=IFCCARTESIANPOINT((0.,0.,0.));
#16202=IFCDIRECTION((0.,0.,1.));
#16203=IFCDIRECTION((1.,0.,0.));
#16204=IFCAXIS2PLACEMENT3D(#16201,#16202,#16203);
#16205=IFCDIRECTION((0.,0.,1.));
#16206=IFCEXTRUDEDAREASOLID(#16200,#16204,#16205,-120.);
#16207=IFCSHAPEREPRESENTATION(#11,'Body','SweptSolid',(#16206));
#16208=IFCPRODUCTDEFINITIONSHAPE($,$,(#16207));
#16214=IFCCARTESIANPOINT((0.,0.,24000.));
#16215=IFCDIRECTION((0.,0.,1.));
#16216=IFCDIRECTION((1.,0.,0.));
#16217=IFCAXIS2PLACEMENT3D(#16214,#16215,#16216);
#16218=IFCLOCALPLACEMENT($,#16217);
#16219=IFCPROPERTYSET('3n7zTVXmX2NwMvNuu5U218',$,'Other',$,(#16221,#16222));
#16220=IFCRELDEFINESBYPROPERTIES('1ej0ct_5T8_R9jDfkBJ2Jf',$,$,$,(#16197),#16219);
#16221=IFCPROPERTYSINGLEVALUE('Ax',$,IFCLABEL('0.001'),$);
#16222=IFCPROPERTYSINGLEVALUE('Ay',$,IFCLABEL('0.001'),$);
#16223=IFCSLAB('11k9CyUmXBxuTq7FvlZU3$',$,$,$,$,#16244,#16234,$,$);
#16224=IFCCARTESIANPOINTLIST2D(((27000.,12000.),(30000.,12000.),(30000.,18000.),(27000.,18000.)));
#16225=IFCINDEXEDPOLYCURVE(#16224,(IFCLINEINDEX((1,2,3,4,1))),$);
#16226=IFCARBITRARYCLOSEDPROFILEDEF(.AREA.,'Arbitrary',#16225);
#16227=IFCCARTESIANPOINT((0.,0.,0.));
#16228=IFCDIRECTION((0.,0.,1.));
#16229=IFCDIRECTION((1.,0.,0.));
#16230=IFCAXIS2PLACEMENT3D(#16227,#16228,#16229);
#16231=IFCDIRECTION((0.,0.,1.));
#16232=IFCEXTRUDEDAREASOLID(#16226,#16230,#16231,-120.);
#16233=IFCSHAPEREPRESENTATION(#11,'Body','SweptSolid',(#16232));
#16234=IFCPRODUCTDEFINITIONSHAPE($,$,(#16233));
#16240=IFCCARTESIANPOINT((0.,0.,24000.));
#16241=IFCDIRECTION((0.,0.,1.));
#16242=IFCDIRECTION((1.,0.,0.));
#16243=IFCAXIS2PLACEMENT3D(#16240,#16241,#16242);
#16244=IFCLOCALPLACEMENT($,#16243);
#16245=IFCPROPERTYSET('14ikv3SBnFo9pUmiqHygfS',$,'Other',$,(#16247,#16248));
#16246=IFCRELDEFINESBYPROPERTIES('1aCG8KWrL97x_tFHvHeZ5o',$,$,$,(#16223),#16245);
#16247=IFCPROPERTYSINGLEVALUE('Ax',$,IFCLABEL('0.001'),$);
#16248=IFCPROPERTYSINGLEVALUE('Ay',$,IFCLABEL('0.001'),$);
#16249=IFCSLAB('3xzJlUThDEuwvlI2DF7nY6',$,$,$,$,#16270,#16260,$,$);
#16250=IFCCARTESIANPOINTLIST2D(((6000.,6000.),(9000.,6000.),(9000.,12000.),(6000.,12000.)));
#16251=IFCINDEXEDPOLYCURVE(#16250,(IFCLINEINDEX((1,2,3,4,1))),$);
#16252=IFCARBITRARYCLOSEDPROFILEDEF(.AREA.,'Arbitrary',#16251);
#16253=IFCCARTESIANPOINT((0.,0.,0.));
#16254=IFCDIRECTION((0.,0.,1.));
#16255=IFCDIRECTION((1.,0.,0.));
#16256=IFCAXIS2PLACEMENT3D(#16253,#16254,#16255);
#16257=IFCDIRECTION((0.,0.,1.));
#16258=IFCEXTRUDEDAREASOLID(#16252,#16256,#16257,-120.);
#16259=IFCSHAPEREPRESENTATION(#11,'Body','SweptSolid',(#16258));
#16260=IFCPRODUCTDEFINITIONSHAPE($,$,(#16259));
#16266=IFCCARTESIANPOINT((0.,0.,24000.));
#16267=IFCDIRECTION((0.,0.,1.));
#16268=IFCDIRECTION((1.,0.,0.));
#16269=IFCAXIS2PLACEMENT3D(#16266,#16267,#16268);
#16270=IFCLOCALPLACEMENT($,#16269);
#16271=IFCPROPERTYSET('1YS9XlQ05FVwAb5oaaoJU4',$,'Other',$,(#16273,#16274));
#16272=IFCRELDEFINESBYPROPERTIES('3L281OQwn3KfmwzuFxkPgV',$,$,$,(#16249),#16271);
#16273=IFCPROPERTYSINGLEVALUE('Ax',$,IFCLABEL('0.001'),$);
#16274=IFCPROPERTYSINGLEVALUE('Ay',$,IFCLABEL('0.001'),$);
#16275=IFCSLAB('1AMtCaWN5DSvyUc0KRLPbU',$,$,$,$,#16296,#16286,$,$);
#16276=IFCCARTESIANPOINTLIST2D(((9000.,6000.),(12000.,6000.),(12000.,12000.),(9000.,12000.)));
#16277=IFCINDEXEDPOLYCURVE(#16276,(IFCLINEINDEX((1,2,3,4,1))),$);
#16278=IFCARBITRARYCLOSEDPROFILEDEF(.AREA.,'Arbitrary',#16277);
#16279=IFCCARTESIANPOINT((0.,0.,0.));
#16280=IFCDIRECTION((0.,0.,1.));
#16281=IFCDIRECTION((1.,0.,0.));
#16282=IFCAXIS2PLACEMENT3D(#16279,#16280,#16281);
#16283=IFCDIRECTION((0.,0.,1.));
#16284=IFCEXTRUDEDAREASOLID(#16278,#16282,#16283,-120.);
#16285=IFCSHAPEREPRESENTATION(#11,'Body','SweptSolid',(#16284));
#16286=IFCPRODUCTDEFINITIONSHAPE($,$,(#16285));
#16292=IFCCARTESIANPOINT((0.,0.,24000.));
#16293=IFCDIRECTION((0.,0.,1.));
#16294=IFCDIRECTION((1.,0.,0.));
#16295=IFCAXIS2PLACEMENT3D(#16292,#16293,#16294);
#16296=IFCLOCALPLACEMENT($,#16295);
#16297=IFCPROPERTYSET('3Z0mBPwiT4F9Rg4jgTRfeS',$,'Other',$,(#16299,#16300));
#16298=IFCRELDEFINESBYPROPERTIES('0zH0uXjlH30AynKcljS89h',$,$,$,(#16275),#16297);
#16299=IFCPROPERTYSINGLEVALUE('Ax',$,IFCLABEL('0.001'),$);
#16300=IFCPROPERTYSINGLEVALUE('Ay',$,IFCLABEL('0.001'),$);
#16301=IFCSLAB('06RzsDDeT46ObUaMe_RSKo',$,$,$,$,#16322,#16312,$,$);
#16302=IFCCARTESIANPOINTLIST2D(((12000.,6000.),(15000.,6000.),(15000.,12000.),(12000.,12000.)));
#16303=IFCINDEXEDPOLYCURVE(#16302,(IFCLINEINDEX((1,2,3,4,1))),$);
#16304=IFCARBITRARYCLOSEDPROFILEDEF(.AREA.,'Arbitrary',#16303);
#16305=IFCCARTESIANPOINT((0.,0.,0.));
#16306=IFCDIRECTION((0.,0.,1.));
#16307=IFCDIRECTION((1.,0.,0.));
#16308=IFCAXIS2PLACEMENT3D(#16305,#16306,#16307);
#16309=IFCDIRECTION((0.,0.,1.));
#16310=IFCEXTRUDEDAREASOLID(#16304,#16308,#16309,-120.);
#16311=IFCSHAPEREPRESENTATION(#11,'Body','SweptSolid',(#16310));
#16312=IFCPRODUCTDEFINITIONSHAPE($,$,(#16311));
#16318=IFCCARTESIANPOINT((0.,0.,24000.));
#16319=IFCDIRECTION((0.,0.,1.));
#16320=IFCDIRECTION((1.,0.,0.));
#16321=IFCAXIS2PLACEMENT3D(#16318,#16319,#16320);
#16322=IFCLOCALPLACEMENT($,#16321);
#16323=IFCPROPERTYSET('1iEWcMO7z9dOLIYCcC5OHn',$,'Other',$,(#16325,#16326));
#16324=IFCRELDEFINESBYPROPERTIES('3yIDGeINL4jho_cfMPmeQT',$,$,$,(#16301),#16323);
#16325=IFCPROPERTYSINGLEVALUE('Ax',$,IFCLABEL('0.001'),$);
#16326=IFCPROPERTYSINGLEVALUE('Ay',$,IFCLABEL('0.001'),$);
#16327=IFCSLAB('3s8bW_eq1FKga6ZhbO5Tyb',$,$,$,$,#16348,#16338,$,$);
#16328=IFCCARTESIANPOINTLIST2D(((15000.,6000.),(18000.,6000.),(18000.,12000.),(15000.,12000.)));
#16329=IFCINDEXEDPOLYCURVE(#16328,(IFCLINEINDEX((1,2,3,4,1))),$);
#16330=IFCARBITRARYCLOSEDPROFILEDEF(.AREA.,'Arbitrary',#16329);
#16331=IFCCARTESIANPOINT((0.,0.,0.));
#16332=IFCDIRECTION((0.,0.,1.));
#16333=IFCDIRECTION((1.,0.,0.));
#16334=IFCAXIS2PLACEMENT3D(#16331,#16332,#16333);
#16335=IFCDIRECTION((0.,0.,1.));
#16336=IFCEXTRUDEDAREASOLID(#16330,#16334,#16335,-120.);
#16337=IFCSHAPEREPRESENTATION(#11,'Body','SweptSolid',(#16336));
#16338=IFCPRODUCTDEFINITIONSHAPE($,$,(#16337));
#16344=IFCCARTESIANPOINT((0.,0.,24000.));
#16345=IFCDIRECTION((0.,0.,1.));
#16346=IFCDIRECTION((1.,0.,0.));
#16347=IFCAXIS2PLACEMENT3D(#16344,#16345,#16346);
#16348=IFCLOCALPLACEMENT($,#16347);
#16349=IFCPROPERTYSET('00OW0KXyT1s9XzbEsyAwON',$,'Other',$,(#16351,#16352));
#16350=IFCRELDEFINESBYPROPERTIES('0POvA492zAgx3bYwz8X2ti',$,$,$,(#16327),#16349);
#16351=IFCPROPERTYSINGLEVALUE('Ax',$,IFCLABEL('0.001'),$);
#16352=IFCPROPERTYSINGLEVALUE('Ay',$,IFCLABEL('0.001'),$);
#16353=IFCSLAB('0KK27Bsn96jgM87NgsYDJu',$,$,$,$,#16374,#16364,$,$);
#16354=IFCCARTESIANPOINTLIST2D(((18000.,6000.),(21000.,6000.),(21000.,12000.),(18000.,12000.)));
#16355=IFCINDEXEDPOLYCURVE(#16354,(IFCLINEINDEX((1,2,3,4,1))),$);
#16356=IFCARBITRARYCLOSEDPROFILEDEF(.AREA.,'Arbitrary',#16355);
#16357=IFCCARTESIANPOINT((0.,0.,0.));
#16358=IFCDIRECTION((0.,0.,1.));
#16359=IFCDIRECTION((1.,0.,0.));
#16360=IFCAXIS2PLACEMENT3D(#16357,#16358,#16359);
#16361=IFCDIRECTION((0.,0.,1.));
#16362=IFCEXTRUDEDAREASOLID(#16356,#16360,#16361,-120.);
#16363=IFCSHAPEREPRESENTATION(#11,'Body','SweptSolid',(#16362));
#16364=IFCPRODUCTDEFINITIONSHAPE($,$,(#16363));
#16370=IFCCARTESIANPOINT((0.,0.,24000.));
#16371=IFCDIRECTION((0.,0.,1.));
#16372=IFCDIRECTION((1.,0.,0.));
#16373=IFCAXIS2PLACEMENT3D(#16370,#16371,#16372);
#16374=IFCLOCALPLACEMENT($,#16373);
#16375=IFCPROPERTYSET('1UcheBrpH0wfS5pryDfj56',$,'Other',$,(#16377,#16378));
#16376=IFCRELDEFINESBYPROPERTIES('0LRpCEV7j6Nf2xaXlxo03l',$,$,$,(#16353),#16375);
#16377=IFCPROPERTYSINGLEVALUE('Ax',$,IFCLABEL('0.001'),$);
#16378=IFCPROPERTYSINGLEVALUE('Ay',$,IFCLABEL('0.001'),$);
#16379=IFCSLAB('2pFgWk2912JQYCUf7MQzse',$,$,$,$,#16400,#16390,$,$);
#16380=IFCCARTESIANPOINTLIST2D(((21000.,6000.),(24000.,6000.),(24000.,12000.),(21000.,12000.)));
#16381=IFCINDEXEDPOLYCURVE(#16380,(IFCLINEINDEX((1,2,3,4,1))),$);
#16382=IFCARBITRARYCLOSEDPROFILEDEF(.AREA.,'Arbitrary',#16381);
#16383=IFCCARTESIANPOINT((0.,0.,0.));
#16384=IFCDIRECTION((0.,0.,1.));
#16385=IFCDIRECTION((1.,0.,0.));
#16386=IFCAXIS2PLACEMENT3D(#16383,#16384,#16385);
#16387=IFCDIRECTION((0.,0.,1.));
#16388=IFCEXTRUDEDAREASOLID(#16382,#16386,#16387,-120.);
#16389=IFCSHAPEREPRESENTATION(#11,'Body','SweptSolid',(#16388));
#16390=IFCPRODUCTDEFINITIONSHAPE($,$,(#16389));
#16396=IFCCARTESIANPOINT((0.,0.,24000.));
#16397=IFCDIRECTION((0.,0.,1.));
#16398=IFCDIRECTION((1.,0.,0.));
#16399=IFCAXIS2PLACEMENT3D(#16396,#16397,#16398);
#16400=IFCLOCALPLACEMENT($,#16399);
#16401=IFCPROPERTYSET('3Ki64wSIP5FQJtdXVzefBY',$,'Other',$,(#16403,#16404));
#16402=IFCRELDEFINESBYPROPERTIES('1oYXV1MnP0hRi1YbJ6iD8Q',$,$,$,(#16379),#16401);
#16403=IFCPROPERTYSINGLEVALUE('Ax',$,IFCLABEL('0.001'),$);
#16404=IFCPROPERTYSINGLEVALUE('Ay',$,IFCLABEL('0.001'),$);
#16405=IFCSLAB('3padgfhLP1iBf5U4Y7rkN2',$,$,$,$,#16426,#16416,$,$);
#16406=IFCCARTESIANPOINTLIST2D(((6000.,0.),(9000.,0.),(9000.,6000.),(6000.,6000.)));
#16407=IFCINDEXEDPOLYCURVE(#16406,(IFCLINEINDEX((1,2,3,4,1))),$);
#16408=IFCARBITRARYCLOSEDPROFILEDEF(.AREA.,'Arbitrary',#16407);
#16409=IFCCARTESIANPOINT((0.,0.,0.));
#16410=IFCDIRECTION((0.,0.,1.));
#16411=IFCDIRECTION((1.,0.,0.));
#16412=IFCAXIS2PLACEMENT3D(#16409,#16410,#16411);
#16413=IFCDIRECTION((0.,0.,1.));
#16414=IFCEXTRUDEDAREASOLID(#16408,#16412,#16413,-120.);
#16415=IFCSHAPEREPRESENTATION(#11,'Body','SweptSolid',(#16414));
#16416=IFCPRODUCTDEFINITIONSHAPE($,$,(#16415));
#16422=IFCCARTESIANPOINT((0.,0.,24000.));
#16423=IFCDIRECTION((0.,0.,1.));
#16424=IFCDIRECTION((1.,0.,0.));
#16425=IFCAXIS2PLACEMENT3D(#16422,#16423,#16424);
#16426=IFCLOCALPLACEMENT($,#16425);
#16427=IFCPROPERTYSET('3kqZTrcDbCGgY7hTXRAOmZ',$,'Other',$,(#16429,#16430));
#16428=IFCRELDEFINESBYPROPERTIES('0vJVra$uD7Cu1F71cFUtvJ',$,$,$,(#16405),#16427);
#16429=IFCPROPERTYSINGLEVALUE('Ax',$,IFCLABEL('0.001'),$);
#16430=IFCPROPERTYSINGLEVALUE('Ay',$,IFCLABEL('0.001'),$);
#16431=IFCSLAB('0zmSv1gQ52Ex0qoE7yY4L_',$,$,$,$,#16452,#16442,$,$);
#16432=IFCCARTESIANPOINTLIST2D(((9000.,0.),(12000.,0.),(12000.,6000.),(9000.,6000.)));
#16433=IFCINDEXEDPOLYCURVE(#16432,(IFCLINEINDEX((1,2,3,4,1))),$);
#16434=IFCARBITRARYCLOSEDPROFILEDEF(.AREA.,'Arbitrary',#16433);
#16435=IFCCARTESIANPOINT((0.,0.,0.));
#16436=IFCDIRECTION((0.,0.,1.));
#16437=IFCDIRECTION((1.,0.,0.));
#16438=IFCAXIS2PLACEMENT3D(#16435,#16436,#16437);
#16439=IFCDIRECTION((0.,0.,1.));
#16440=IFCEXTRUDEDAREASOLID(#16434,#16438,#16439,-120.);
#16441=IFCSHAPEREPRESENTATION(#11,'Body','SweptSolid',(#16440));
#16442=IFCPRODUCTDEFINITIONSHAPE($,$,(#16441));
#16448=IFCCARTESIANPOINT((0.,0.,24000.));
#16449=IFCDIRECTION((0.,0.,1.));
#16450=IFCDIRECTION((1.,0.,0.));
#16451=IFCAXIS2PLACEMENT3D(#16448,#16449,#16450);
#16452=IFCLOCALPLACEMENT($,#16451);
#16453=IFCPROPERTYSET('2JmwWUTab2Ver1KNiuiESl',$,'Other',$,(#16455,#16456));
#16454=IFCRELDEFINESBYPROPERTIES('0TrLdjJJv1_gzsKnijC_kY',$,$,$,(#16431),#16453);
#16455=IFCPROPERTYSINGLEVALUE('Ax',$,IFCLABEL('0.001'),$);
#16456=IFCPROPERTYSINGLEVALUE('Ay',$,IFCLABEL('0.001'),$);
#16457=IFCSLAB('0WQB4bbQ56jvhK8iG2z_HA',$,$,$,$,#16478,#16468,$,$);
#16458=IFCCARTESIANPOINTLIST2D(((12000.,0.),(15000.,0.),(15000.,6000.),(12000.,6000.)));
#16459=IFCINDEXEDPOLYCURVE(#16458,(IFCLINEINDEX((1,2,3,4,1))),$);
#16460=IFCARBITRARYCLOSEDPROFILEDEF(.AREA.,'Arbitrary',#16459);
#16461=IFCCARTESIANPOINT((0.,0.,0.));
#16462=IFCDIRECTION((0.,0.,1.));
#16463=IFCDIRECTION((1.,0.,0.));
#16464=IFCAXIS2PLACEMENT3D(#16461,#16462,#16463);
#16465=IFCDIRECTION((0.,0.,1.));
#16466=IFCEXTRUDEDAREASOLID(#16460,#16464,#16465,-120.);
#16467=IFCSHAPEREPRESENTATION(#11,'Body','SweptSolid',(#16466));
#16468=IFCPRODUCTDEFINITIONSHAPE($,$,(#16467));
#16474=IFCCARTESIANPOINT((0.,0.,24000.));
#16475=IFCDIRECTION((0.,0.,1.));
#16476=IFCDIRECTION((1.,0.,0.));
#16477=IFCAXIS2PLACEMENT3D(#16474,#16475,#16476);
#16478=IFCLOCALPLACEMENT($,#16477);
#16479=IFCPROPERTYSET('3Q6a1zG4f3WBqJncEe0TDX',$,'Other',$,(#16481,#16482));
#16480=IFCRELDEFINESBYPROPERTIES('1rDhVJp$jAjeafen66JolY',$,$,$,(#16457),#16479);
#16481=IFCPROPERTYSINGLEVALUE('Ax',$,IFCLABEL('0.001'),$);
#16482=IFCPROPERTYSINGLEVALUE('Ay',$,IFCLABEL('0.001'),$);
#16483=IFCSLAB('09UOhsYj1FnB0nSiYEULGD',$,$,$,$,#16504,#16494,$,$);
#16484=IFCCARTESIANPOINTLIST2D(((15000.,0.),(18000.,0.),(18000.,6000.),(15000.,6000.)));
#16485=IFCINDEXEDPOLYCURVE(#16484,(IFCLINEINDEX((1,2,3,4,1))),$);
#16486=IFCARBITRARYCLOSEDPROFILEDEF(.AREA.,'Arbitrary',#16485);
#16487=IFCCARTESIANPOINT((0.,0.,0.));
#16488=IFCDIRECTION((0.,0.,1.));
#16489=IFCDIRECTION((1.,0.,0.));
#16490=IFCAXIS2PLACEMENT3D(#16487,#16488,#16489);
#16491=IFCDIRECTION((0.,0.,1.));
#16492=IFCEXTRUDEDAREASOLID(#16486,#16490,#16491,-120.);
#16493=IFCSHAPEREPRESENTATION(#11,'Body','SweptSolid',(#16492));
#16494=IFCPRODUCTDEFINITIONSHAPE($,$,(#16493));
#16500=IFCCARTESIANPOINT((0.,0.,24000.));
#16501=IFCDIRECTION((0.,0.,1.));
#16502=IFCDIRECTION((1.,0.,0.));
#16503=IFCAXIS2PLACEMENT3D(#16500,#16501,#16502);
#16504=IFCLOCALPLACEMENT($,#16503);
#16505=IFCPROPERTYSET('1PRUPedZP3RBnTSx8smAyf',$,'Other',$,(#16507,#16508));
#16506=IFCRELDEFINESBYPROPERTIES('361A36uffEvAXb4TWJAMql',$,$,$,(#16483),#16505);
#16507=IFCPROPERTYSINGLEVALUE('Ax',$,IFCLABEL('0.001'),$);
#16508=IFCPROPERTYSINGLEVALUE('Ay',$,IFCLABEL('0.001'),$);
#16509=IFCSLAB('3uQXu0Ws9AZ9db$un$0jRS',$,$,$,$,#16530,#16520,$,$);
#16510=IFCCARTESIANPOINTLIST2D(((18000.,0.),(21000.,0.),(21000.,6000.),(18000.,6000.)));
#16511=IFCINDEXEDPOLYCURVE(#16510,(IFCLINEINDEX((1,2,3,4,1))),$);
#16512=IFCARBITRARYCLOSEDPROFILEDEF(.AREA.,'Arbitrary',#16511);
#16513=IFCCARTESIANPOINT((0.,0.,0.));
#16514=IFCDIRECTION((0.,0.,1.));
#16515=IFCDIRECTION((1.,0.,0.));
#16516=IFCAXIS2PLACEMENT3D(#16513,#16514,#16515);
#16517=IFCDIRECTION((0.,0.,1.));
#16518=IFCEXTRUDEDAREASOLID(#16512,#16516,#16517,-120.);
#16519=IFCSHAPEREPRESENTATION(#11,'Body','SweptSolid',(#16518));
#16520=IFCPRODUCTDEFINITIONSHAPE($,$,(#16519));
#16526=IFCCARTESIANPOINT((0.,0.,24000.));
#16527=IFCDIRECTION((0.,0.,1.));
#16528=IFCDIRECTION((1.,0.,0.));
#16529=IFCAXIS2PLACEMENT3D(#16526,#16527,#16528);
#16530=IFCLOCALPLACEMENT($,#16529);
#16531=IFCPROPERTYSET('3SLX0RTIHCeAw5rU7MjmiI',$,'Other',$,(#16533,#16534));
#16532=IFCRELDEFINESBYPROPERTIES('0bxqUureD0TQcF_wovgkKq',$,$,$,(#16509),#16531);
#16533=IFCPROPERTYSINGLEVALUE('Ax',$,IFCLABEL('0.001'),$);
#16534=IFCPROPERTYSINGLEVALUE('Ay',$,IFCLABEL('0.001'),$);
#16535=IFCSLAB('3kql_QonDDeRPTkDyJUK_U',$,$,$,$,#16556,#16546,$,$);
#16536=IFCCARTESIANPOINTLIST2D(((21000.,0.),(24000.,0.),(24000.,6000.),(21000.,6000.)));
#16537=IFCINDEXEDPOLYCURVE(#16536,(IFCLINEINDEX((1,2,3,4,1))),$);
#16538=IFCARBITRARYCLOSEDPROFILEDEF(.AREA.,'Arbitrary',#16537);
#16539=IFCCARTESIANPOINT((0.,0.,0.));
#16540=IFCDIRECTION((0.,0.,1.));
#16541=IFCDIRECTION((1.,0.,0.));
#16542=IFCAXIS2PLACEMENT3D(#16539,#16540,#16541);
#16543=IFCDIRECTION((0.,0.,1.));
#16544=IFCEXTRUDEDAREASOLID(#16538,#16542,#16543,-120.);
#16545=IFCSHAPEREPRESENTATION(#11,'Body','SweptSolid',(#16544));
#16546=IFCPRODUCTDEFINITIONSHAPE($,$,(#16545));
#16552=IFCCARTESIANPOINT((0.,0.,24000.));
#16553=IFCDIRECTION((0.,0.,1.));
#16554=IFCDIRECTION((1.,0.,0.));
#16555=IFCAXIS2PLACEMENT3D(#16552,#16553,#16554);
#16556=IFCLOCALPLACEMENT($,#16555);
#16557=IFCPROPERTYSET('1djWqPf1b0RRlEQL$4M6sE',$,'Other',$,(#16559,#16560));
#16558=IFCRELDEFINESBYPROPERTIES('1TeUiNz752lPhCNXKBVHI4',$,$,$,(#16535),#16557);
#16559=IFCPROPERTYSINGLEVALUE('Ax',$,IFCLABEL('0.001'),$);
#16560=IFCPROPERTYSINGLEVALUE('Ay',$,IFCLABEL('0.001'),$);
#16561=IFCSLAB('0OOC4ytonCJh7m1A00SzdU',$,$,$,$,#16582,#16572,$,$);
#16562=IFCCARTESIANPOINTLIST2D(((3000.,0.),(6000.,0.),(6000.,6000.),(3000.,6000.)));
#16563=IFCINDEXEDPOLYCURVE(#16562,(IFCLINEINDEX((1,2,3,4,1))),$);
#16564=IFCARBITRARYCLOSEDPROFILEDEF(.AREA.,'Arbitrary',#16563);
#16565=IFCCARTESIANPOINT((0.,0.,0.));
#16566=IFCDIRECTION((0.,0.,1.));
#16567=IFCDIRECTION((1.,0.,0.));
#16568=IFCAXIS2PLACEMENT3D(#16565,#16566,#16567);
#16569=IFCDIRECTION((0.,0.,1.));
#16570=IFCEXTRUDEDAREASOLID(#16564,#16568,#16569,-120.);
#16571=IFCSHAPEREPRESENTATION(#11,'Body','SweptSolid',(#16570));
#16572=IFCPRODUCTDEFINITIONSHAPE($,$,(#16571));
#16578=IFCCARTESIANPOINT((0.,0.,24000.));
#16579=IFCDIRECTION((0.,0.,1.));
#16580=IFCDIRECTION((1.,0.,0.));
#16581=IFCAXIS2PLACEMENT3D(#16578,#16579,#16580);
#16582=IFCLOCALPLACEMENT($,#16581);
#16583=IFCPROPERTYSET('15OTR_lTDEzfRc6X8h4Jdj',$,'Other',$,(#16585,#16586));
#16584=IFCRELDEFINESBYPROPERTIES('24n3Qk$fX7ofn6$1PTAfml',$,$,$,(#16561),#16583);
#16585=IFCPROPERTYSINGLEVALUE('Ax',$,IFCLABEL('0.001'),$);
#16586=IFCPROPERTYSINGLEVALUE('Ay',$,IFCLABEL('0.001'),$);
#16587=IFCSLAB('1ekyDOQMvB5e0bDowvv2Uw',$,$,$,$,#16608,#16598,$,$);
#16588=IFCCARTESIANPOINTLIST2D(((24000.,6000.),(27000.,6000.),(27000.,12000.),(24000.,12000.)));
#16589=IFCINDEXEDPOLYCURVE(#16588,(IFCLINEINDEX((1,2,3,4,1))),$);
#16590=IFCARBITRARYCLOSEDPROFILEDEF(.AREA.,'Arbitrary',#16589);
#16591=IFCCARTESIANPOINT((0.,0.,0.));
#16592=IFCDIRECTION((0.,0.,1.));
#16593=IFCDIRECTION((1.,0.,0.));
#16594=IFCAXIS2PLACEMENT3D(#16591,#16592,#16593);
#16595=IFCDIRECTION((0.,0.,1.));
#16596=IFCEXTRUDEDAREASOLID(#16590,#16594,#16595,-120.);
#16597=IFCSHAPEREPRESENTATION(#11,'Body','SweptSolid',(#16596));
#16598=IFCPRODUCTDEFINITIONSHAPE($,$,(#16597));
#16604=IFCCARTESIANPOINT((0.,0.,24000.));
#16605=IFCDIRECTION((0.,0.,1.));
#16606=IFCDIRECTION((1.,0.,0.));
#16607=IFCAXIS2PLACEMENT3D(#16604,#16605,#16606);
#16608=IFCLOCALPLACEMENT($,#16607);
#16609=IFCPROPERTYSET('29eWo3ArD1CwjenTNBY9E1',$,'Other',$,(#16611,#16612));
#16610=IFCRELDEFINESBYPROPERTIES('3esI7taTf8meVZlNpcIl0e',$,$,$,(#16587),#16609);
#16611=IFCPROPERTYSINGLEVALUE('Ax',$,IFCLABEL('0.001'),$);
#16612=IFCPROPERTYSINGLEVALUE('Ay',$,IFCLABEL('0.001'),$);
#16613=IFCSLAB('0vLkuJOuX8AuHb8UshxM0g',$,$,$,$,#16634,#16624,$,$);
#16614=IFCCARTESIANPOINTLIST2D(((0.,6000.),(3000.,6000.),(3000.,12000.),(0.,12000.)));
#16615=IFCINDEXEDPOLYCURVE(#16614,(IFCLINEINDEX((1,2,3,4,1))),$);
#16616=IFCARBITRARYCLOSEDPROFILEDEF(.AREA.,'Arbitrary',#16615);
#16617=IFCCARTESIANPOINT((0.,0.,0.));
#16618=IFCDIRECTION((0.,0.,1.));
#16619=IFCDIRECTION((1.,0.,0.));
#16620=IFCAXIS2PLACEMENT3D(#16617,#16618,#16619);
#16621=IFCDIRECTION((0.,0.,1.));
#16622=IFCEXTRUDEDAREASOLID(#16616,#16620,#16621,-120.);
#16623=IFCSHAPEREPRESENTATION(#11,'Body','SweptSolid',(#16622));
#16624=IFCPRODUCTDEFINITIONSHAPE($,$,(#16623));
#16630=IFCCARTESIANPOINT((0.,0.,21000.));
#16631=IFCDIRECTION((0.,0.,1.));
#16632=IFCDIRECTION((1.,0.,0.));
#16633=IFCAXIS2PLACEMENT3D(#16630,#16631,#16632);
#16634=IFCLOCALPLACEMENT($,#16633);
#16635=IFCPROPERTYSET('3BCTD7j9vBExZ_w3EasTvI',$,'Other',$,(#16637,#16638));
#16636=IFCRELDEFINESBYPROPERTIES('1HTVf8Ll12igbk6hGDBeR7',$,$,$,(#16613),#16635);
#16637=IFCPROPERTYSINGLEVALUE('Ax',$,IFCLABEL('0.001'),$);
#16638=IFCPROPERTYSINGLEVALUE('Ay',$,IFCLABEL('0.001'),$);
#16639=IFCSLAB('2tBesYFaX7nQcTMziPwXn$',$,$,$,$,#16660,#16650,$,$);
#16640=IFCCARTESIANPOINTLIST2D(((3000.,6000.),(6000.,6000.),(6000.,12000.),(3000.,12000.)));
#16641=IFCINDEXEDPOLYCURVE(#16640,(IFCLINEINDEX((1,2,3,4,1))),$);
#16642=IFCARBITRARYCLOSEDPROFILEDEF(.AREA.,'Arbitrary',#16641);
#16643=IFCCARTESIANPOINT((0.,0.,0.));
#16644=IFCDIRECTION((0.,0.,1.));
#16645=IFCDIRECTION((1.,0.,0.));
#16646=IFCAXIS2PLACEMENT3D(#16643,#16644,#16645);
#16647=IFCDIRECTION((0.,0.,1.));
#16648=IFCEXTRUDEDAREASOLID(#16642,#16646,#16647,-120.);
#16649=IFCSHAPEREPRESENTATION(#11,'Body','SweptSolid',(#16648));
#16650=IFCPRODUCTDEFINITIONSHAPE($,$,(#16649));
#16656=IFCCARTESIANPOINT((0.,0.,21000.));
#16657=IFCDIRECTION((0.,0.,1.));
#16658=IFCDIRECTION((1.,0.,0.));
#16659=IFCAXIS2PLACEMENT3D(#16656,#16657,#16658);
#16660=IFCLOCALPLACEMENT($,#16659);
#16661=IFCPROPERTYSET('3_7j2j2gz5487lNmniSh3k',$,'Other',$,(#16663,#16664));
#16662=IFCRELDEFINESBYPROPERTIES('1kVOhyjmrB3fYcA0l_5SEW',$,$,$,(#16639),#16661);
#16663=IFCPROPERTYSINGLEVALUE('Ax',$,IFCLABEL('0.001'),$);
#16664=IFCPROPERTYSINGLEVALUE('Ay',$,IFCLABEL('0.001'),$);
#16665=IFCSLAB('3AdFwEIdr6VRA0wfmHrIf0',$,$,$,$,#16686,#16676,$,$);
#16666=IFCCARTESIANPOINTLIST2D(((0.,12000.),(3000.,12000.),(3000.,18000.),(0.,18000.)));
#16667=IFCINDEXEDPOLYCURVE(#16666,(IFCLINEINDEX((1,2,3,4,1))),$);
#16668=IFCARBITRARYCLOSEDPROFILEDEF(.AREA.,'Arbitrary',#16667);
#16669=IFCCARTESIANPOINT((0.,0.,0.));
#16670=IFCDIRECTION((0.,0.,1.));
#16671=IFCDIRECTION((1.,0.,0.));
#16672=IFCAXIS2PLACEMENT3D(#16669,#16670,#16671);
#16673=IFCDIRECTION((0.,0.,1.));
#16674=IFCEXTRUDEDAREASOLID(#16668,#16672,#16673,-120.);
#16675=IFCSHAPEREPRESENTATION(#11,'Body','SweptSolid',(#16674));
#16676=IFCPRODUCTDEFINITIONSHAPE($,$,(#16675));
#16682=IFCCARTESIANPOINT((0.,0.,21000.));
#16683=IFCDIRECTION((0.,0.,1.));
#16684=IFCDIRECTION((1.,0.,0.));
#16685=IFCAXIS2PLACEMENT3D(#16682,#16683,#16684);
#16686=IFCLOCALPLACEMENT($,#16685);
#16687=IFCPROPERTYSET('0hlzwrZyf6b8EEKB3QaKl0',$,'Other',$,(#16689,#16690));
#16688=IFCRELDEFINESBYPROPERTIES('2_WGDhnnL1cADQJP1O71RA',$,$,$,(#16665),#16687);
#16689=IFCPROPERTYSINGLEVALUE('Ax',$,IFCLABEL('0.001'),$);
#16690=IFCPROPERTYSINGLEVALUE('Ay',$,IFCLABEL('0.001'),$);
#16691=IFCSLAB('2tjQ0oVVD2QAPMttzWV6VA',$,$,$,$,#16712,#16702,$,$);
#16692=IFCCARTESIANPOINTLIST2D(((3000.,12000.),(6000.,12000.),(6000.,18000.),(3000.,18000.)));
#16693=IFCINDEXEDPOLYCURVE(#16692,(IFCLINEINDEX((1,2,3,4,1))),$);
#16694=IFCARBITRARYCLOSEDPROFILEDEF(.AREA.,'Arbitrary',#16693);
#16695=IFCCARTESIANPOINT((0.,0.,0.));
#16696=IFCDIRECTION((0.,0.,1.));
#16697=IFCDIRECTION((1.,0.,0.));
#16698=IFCAXIS2PLACEMENT3D(#16695,#16696,#16697);
#16699=IFCDIRECTION((0.,0.,1.));
#16700=IFCEXTRUDEDAREASOLID(#16694,#16698,#16699,-120.);
#16701=IFCSHAPEREPRESENTATION(#11,'Body','SweptSolid',(#16700));
#16702=IFCPRODUCTDEFINITIONSHAPE($,$,(#16701));
#16708=IFCCARTESIANPOINT((0.,0.,21000.));
#16709=IFCDIRECTION((0.,0.,1.));
#16710=IFCDIRECTION((1.,0.,0.));
#16711=IFCAXIS2PLACEMENT3D(#16708,#16709,#16710);
#16712=IFCLOCALPLACEMENT($,#16711);
#16713=IFCPROPERTYSET('2gN6c_CYn08QR0AQPQQ81z',$,'Other',$,(#16715,#16716));
#16714=IFCRELDEFINESBYPROPERTIES('2gODw2OwT68vVn447QbAOa',$,$,$,(#16691),#16713);
#16715=IFCPROPERTYSINGLEVALUE('Ax',$,IFCLABEL('0.001'),$);
#16716=IFCPROPERTYSINGLEVALUE('Ay',$,IFCLABEL('0.001'),$);
#16717=IFCSLAB('10gkd3cB1APeN5mkffG0b2',$,$,$,$,#16738,#16728,$,$);
#16718=IFCCARTESIANPOINTLIST2D(((6000.,12000.),(9000.,12000.),(9000.,18000.),(6000.,18000.)));
#16719=IFCINDEXEDPOLYCURVE(#16718,(IFCLINEINDEX((1,2,3,4,1))),$);
#16720=IFCARBITRARYCLOSEDPROFILEDEF(.AREA.,'Arbitrary',#16719);
#16721=IFCCARTESIANPOINT((0.,0.,0.));
#16722=IFCDIRECTION((0.,0.,1.));
#16723=IFCDIRECTION((1.,0.,0.));
#16724=IFCAXIS2PLACEMENT3D(#16721,#16722,#16723);
#16725=IFCDIRECTION((0.,0.,1.));
#16726=IFCEXTRUDEDAREASOLID(#16720,#16724,#16725,-120.);
#16727=IFCSHAPEREPRESENTATION(#11,'Body','SweptSolid',(#16726));
#16728=IFCPRODUCTDEFINITIONSHAPE($,$,(#16727));
#16734=IFCCARTESIANPOINT((0.,0.,21000.));
#16735=IFCDIRECTION((0.,0.,1.));
#16736=IFCDIRECTION((1.,0.,0.));
#16737=IFCAXIS2PLACEMENT3D(#16734,#16735,#16736);
#16738=IFCLOCALPLACEMENT($,#16737);
#16739=IFCPROPERTYSET('1RRJU_wWjAPwwGPpAlTm7s',$,'Other',$,(#16741,#16742));
#16740=IFCRELDEFINESBYPROPERTIES('0mWUlkZiXFJO1EmVI9Tiay',$,$,$,(#16717),#16739);
#16741=IFCPROPERTYSINGLEVALUE('Ax',$,IFCLABEL('0.001'),$);
#16742=IFCPROPERTYSINGLEVALUE('Ay',$,IFCLABEL('0.001'),$);
#16743=IFCSLAB('34vXRJC6X5CfSqADFlnk07',$,$,$,$,#16764,#16754,$,$);
#16744=IFCCARTESIANPOINTLIST2D(((9000.,12000.),(12000.,12000.),(12000.,18000.),(9000.,18000.)));
#16745=IFCINDEXEDPOLYCURVE(#16744,(IFCLINEINDEX((1,2,3,4,1))),$);
#16746=IFCARBITRARYCLOSEDPROFILEDEF(.AREA.,'Arbitrary',#16745);
#16747=IFCCARTESIANPOINT((0.,0.,0.));
#16748=IFCDIRECTION((0.,0.,1.));
#16749=IFCDIRECTION((1.,0.,0.));
#16750=IFCAXIS2PLACEMENT3D(#16747,#16748,#16749);
#16751=IFCDIRECTION((0.,0.,1.));
#16752=IFCEXTRUDEDAREASOLID(#16746,#16750,#16751,-120.);
#16753=IFCSHAPEREPRESENTATION(#11,'Body','SweptSolid',(#16752));
#16754=IFCPRODUCTDEFINITIONSHAPE($,$,(#16753));
#16760=IFCCARTESIANPOINT((0.,0.,21000.));
#16761=IFCDIRECTION((0.,0.,1.));
#16762=IFCDIRECTION((1.,0.,0.));
#16763=IFCAXIS2PLACEMENT3D(#16760,#16761,#16762);
#16764=IFCLOCALPLACEMENT($,#16763);
#16765=IFCPROPERTYSET('05gOoZBXP6VR_RN5QNuZhc',$,'Other',$,(#16767,#16768));
#16766=IFCRELDEFINESBYPROPERTIES('0Nyj0WY3j9mec8kLf$m2JP',$,$,$,(#16743),#16765);
#16767=IFCPROPERTYSINGLEVALUE('Ax',$,IFCLABEL('0.001'),$);
#16768=IFCPROPERTYSINGLEVALUE('Ay',$,IFCLABEL('0.001'),$);
#16769=IFCSLAB('1AW_JR1x93VwqpbhSLoDSl',$,$,$,$,#16790,#16780,$,$);
#16770=IFCCARTESIANPOINTLIST2D(((12000.,12000.),(15000.,12000.),(15000.,18000.),(12000.,18000.)));
#16771=IFCINDEXEDPOLYCURVE(#16770,(IFCLINEINDEX((1,2,3,4,1))),$);
#16772=IFCARBITRARYCLOSEDPROFILEDEF(.AREA.,'Arbitrary',#16771);
#16773=IFCCARTESIANPOINT((0.,0.,0.));
#16774=IFCDIRECTION((0.,0.,1.));
#16775=IFCDIRECTION((1.,0.,0.));
#16776=IFCAXIS2PLACEMENT3D(#16773,#16774,#16775);
#16777=IFCDIRECTION((0.,0.,1.));
#16778=IFCEXTRUDEDAREASOLID(#16772,#16776,#16777,-120.);
#16779=IFCSHAPEREPRESENTATION(#11,'Body','SweptSolid',(#16778));
#16780=IFCPRODUCTDEFINITIONSHAPE($,$,(#16779));
#16786=IFCCARTESIANPOINT((0.,0.,21000.));
#16787=IFCDIRECTION((0.,0.,1.));
#16788=IFCDIRECTION((1.,0.,0.));
#16789=IFCAXIS2PLACEMENT3D(#16786,#16787,#16788);
#16790=IFCLOCALPLACEMENT($,#16789);
#16791=IFCPROPERTYSET('1uoAwRbHP0MBtnT5qhHpcu',$,'Other',$,(#16793,#16794));
#16792=IFCRELDEFINESBYPROPERTIES('12sCuRuz9BtfqE6ME0O37m',$,$,$,(#16769),#16791);
#16793=IFCPROPERTYSINGLEVALUE('Ax',$,IFCLABEL('0.001'),$);
#16794=IFCPROPERTYSINGLEVALUE('Ay',$,IFCLABEL('0.001'),$);
#16795=IFCSLAB('3jw3vl4iT5swVrd11$9669',$,$,$,$,#16816,#16806,$,$);
#16796=IFCCARTESIANPOINTLIST2D(((15000.,12000.),(18000.,12000.),(18000.,18000.),(15000.,18000.)));
#16797=IFCINDEXEDPOLYCURVE(#16796,(IFCLINEINDEX((1,2,3,4,1))),$);
#16798=IFCARBITRARYCLOSEDPROFILEDEF(.AREA.,'Arbitrary',#16797);
#16799=IFCCARTESIANPOINT((0.,0.,0.));
#16800=IFCDIRECTION((0.,0.,1.));
#16801=IFCDIRECTION((1.,0.,0.));
#16802=IFCAXIS2PLACEMENT3D(#16799,#16800,#16801);
#16803=IFCDIRECTION((0.,0.,1.));
#16804=IFCEXTRUDEDAREASOLID(#16798,#16802,#16803,-120.);
#16805=IFCSHAPEREPRESENTATION(#11,'Body','SweptSolid',(#16804));
#16806=IFCPRODUCTDEFINITIONSHAPE($,$,(#16805));
#16812=IFCCARTESIANPOINT((0.,0.,21000.));
#16813=IFCDIRECTION((0.,0.,1.));
#16814=IFCDIRECTION((1.,0.,0.));
#16815=IFCAXIS2PLACEMENT3D(#16812,#16813,#16814);
#16816=IFCLOCALPLACEMENT($,#16815);
#16817=IFCPROPERTYSET('27Onz6qpbBQhofKcA$1djw',$,'Other',$,(#16819,#16820));
#16818=IFCRELDEFINESBYPROPERTIES('1qKqxaL1f2hh8ZXzfT_cwj',$,$,$,(#16795),#16817);
#16819=IFCPROPERTYSINGLEVALUE('Ax',$,IFCLABEL('0.001'),$);
#16820=IFCPROPERTYSINGLEVALUE('Ay',$,IFCLABEL('0.001'),$);
#16821=IFCSLAB('0vBJRYQ0r9puZGgWgFjGNg',$,$,$,$,#16842,#16832,$,$);
#16822=IFCCARTESIANPOINTLIST2D(((18000.,12000.),(21000.,12000.),(21000.,18000.),(18000.,18000.)));
#16823=IFCINDEXEDPOLYCURVE(#16822,(IFCLINEINDEX((1,2,3,4,1))),$);
#16824=IFCARBITRARYCLOSEDPROFILEDEF(.AREA.,'Arbitrary',#16823);
#16825=IFCCARTESIANPOINT((0.,0.,0.));
#16826=IFCDIRECTION((0.,0.,1.));
#16827=IFCDIRECTION((1.,0.,0.));
#16828=IFCAXIS2PLACEMENT3D(#16825,#16826,#16827);
#16829=IFCDIRECTION((0.,0.,1.));
#16830=IFCEXTRUDEDAREASOLID(#16824,#16828,#16829,-120.);
#16831=IFCSHAPEREPRESENTATION(#11,'Body','SweptSolid',(#16830));
#16832=IFCPRODUCTDEFINITIONSHAPE($,$,(#16831));
#16838=IFCCARTESIANPOINT((0.,0.,21000.));
#16839=IFCDIRECTION((0.,0.,1.));
#16840=IFCDIRECTION((1.,0.,0.));
#16841=IFCAXIS2PLACEMENT3D(#16838,#16839,#16840);
#16842=IFCLOCALPLACEMENT($,#16841);
#16843=IFCPROPERTYSET('2$fYlzUEXB0BS4LkB0dgeh',$,'Other',$,(#16845,#16846));
#16844=IFCRELDEFINESBYPROPERTIES('2vm0GGq6fF8wGOcW8hJNPr',$,$,$,(#16821),#16843);
#16845=IFCPROPERTYSINGLEVALUE('Ax',$,IFCLABEL('0.001'),$);
#16846=IFCPROPERTYSINGLEVALUE('Ay',$,IFCLABEL('0.001'),$);
#16847=IFCSLAB('1Dsl6mVNf6VBgkSbCq_Mgj',$,$,$,$,#16868,#16858,$,$);
#16848=IFCCARTESIANPOINTLIST2D(((21000.,12000.),(24000.,12000.),(24000.,18000.),(21000.,18000.)));
#16849=IFCINDEXEDPOLYCURVE(#16848,(IFCLINEINDEX((1,2,3,4,1))),$);
#16850=IFCARBITRARYCLOSEDPROFILEDEF(.AREA.,'Arbitrary',#16849);
#16851=IFCCARTESIANPOINT((0.,0.,0.));
#16852=IFCDIRECTION((0.,0.,1.));
#16853=IFCDIRECTION((1.,0.,0.));
#16854=IFCAXIS2PLACEMENT3D(#16851,#16852,#16853);
#16855=IFCDIRECTION((0.,0.,1.));
#16856=IFCEXTRUDEDAREASOLID(#16850,#16854,#16855,-120.);
#16857=IFCSHAPEREPRESENTATION(#11,'Body','SweptSolid',(#16856));
#16858=IFCPRODUCTDEFINITIONSHAPE($,$,(#16857));
#16864=IFCCARTESIANPOINT((0.,0.,21000.));
#16865=IFCDIRECTION((0.,0.,1.));
#16866=IFCDIRECTION((1.,0.,0.));
#16867=IFCAXIS2PLACEMENT3D(#16864,#16865,#16866);
#16868=IFCLOCALPLACEMENT($,#16867);
#16869=IFCPROPERTYSET('0aKOHaFcP9fx7nfy2UEQ$c',$,'Other',$,(#16871,#16872));
#16870=IFCRELDEFINESBYPROPERTIES('2mdoHmunv7sRTSc_frOW_v',$,$,$,(#16847),#16869);
#16871=IFCPROPERTYSINGLEVALUE('Ax',$,IFCLABEL('0.001'),$);
#16872=IFCPROPERTYSINGLEVALUE('Ay',$,IFCLABEL('0.001'),$);
#16873=IFCSLAB('1s7c7Mkg5BDv0PEiurjAAL',$,$,$,$,#16894,#16884,$,$);
#16874=IFCCARTESIANPOINTLIST2D(((24000.,12000.),(27000.,12000.),(27000.,18000.),(24000.,18000.)));
#16875=IFCINDEXEDPOLYCURVE(#16874,(IFCLINEINDEX((1,2,3,4,1))),$);
#16876=IFCARBITRARYCLOSEDPROFILEDEF(.AREA.,'Arbitrary',#16875);
#16877=IFCCARTESIANPOINT((0.,0.,0.));
#16878=IFCDIRECTION((0.,0.,1.));
#16879=IFCDIRECTION((1.,0.,0.));
#16880=IFCAXIS2PLACEMENT3D(#16877,#16878,#16879);
#16881=IFCDIRECTION((0.,0.,1.));
#16882=IFCEXTRUDEDAREASOLID(#16876,#16880,#16881,-120.);
#16883=IFCSHAPEREPRESENTATION(#11,'Body','SweptSolid',(#16882));
#16884=IFCPRODUCTDEFINITIONSHAPE($,$,(#16883));
#16890=IFCCARTESIANPOINT((0.,0.,21000.));
#16891=IFCDIRECTION((0.,0.,1.));
#16892=IFCDIRECTION((1.,0.,0.));
#16893=IFCAXIS2PLACEMENT3D(#16890,#16891,#16892);
#16894=IFCLOCALPLACEMENT($,#16893);
#16895=IFCPROPERTYSET('3fAdmiyjf8UeDayBS2JmcZ',$,'Other',$,(#16897,#16898));
#16896=IFCRELDEFINESBYPROPERTIES('2$qT1RWl1FQRxe2UcUX72H',$,$,$,(#16873),#16895);
#16897=IFCPROPERTYSINGLEVALUE('Ax',$,IFCLABEL('0.001'),$);
#16898=IFCPROPERTYSINGLEVALUE('Ay',$,IFCLABEL('0.001'),$);
#16899=IFCSLAB('1UKRJrJObEChpOyu5p9gTu',$,$,$,$,#16920,#16910,$,$);
#16900=IFCCARTESIANPOINTLIST2D(((27000.,12000.),(30000.,12000.),(30000.,18000.),(27000.,18000.)));
#16901=IFCINDEXEDPOLYCURVE(#16900,(IFCLINEINDEX((1,2,3,4,1))),$);
#16902=IFCARBITRARYCLOSEDPROFILEDEF(.AREA.,'Arbitrary',#16901);
#16903=IFCCARTESIANPOINT((0.,0.,0.));
#16904=IFCDIRECTION((0.,0.,1.));
#16905=IFCDIRECTION((1.,0.,0.));
#16906=IFCAXIS2PLACEMENT3D(#16903,#16904,#16905);
#16907=IFCDIRECTION((0.,0.,1.));
#16908=IFCEXTRUDEDAREASOLID(#16902,#16906,#16907,-120.);
#16909=IFCSHAPEREPRESENTATION(#11,'Body','SweptSolid',(#16908));
#16910=IFCPRODUCTDEFINITIONSHAPE($,$,(#16909));
#16916=IFCCARTESIANPOINT((0.,0.,21000.));
#16917=IFCDIRECTION((0.,0.,1.));
#16918=IFCDIRECTION((1.,0.,0.));
#16919=IFCAXIS2PLACEMENT3D(#16916,#16917,#16918);
#16920=IFCLOCALPLACEMENT($,#16919);
#16921=IFCPROPERTYSET('0GNfG1wd9748_SXwoKd9fP',$,'Other',$,(#16923,#16924));
#16922=IFCRELDEFINESBYPROPERTIES('0a5V5nYub4HuqZWHBQhD36',$,$,$,(#16899),#16921);
#16923=IFCPROPERTYSINGLEVALUE('Ax',$,IFCLABEL('0.001'),$);
#16924=IFCPROPERTYSINGLEVALUE('Ay',$,IFCLABEL('0.001'),$);
#16925=IFCSLAB('3iNFieXSvDa8kvIAUijNmx',$,$,$,$,#16946,#16936,$,$);
#16926=IFCCARTESIANPOINTLIST2D(((6000.,6000.),(9000.,6000.),(9000.,12000.),(6000.,12000.)));
#16927=IFCINDEXEDPOLYCURVE(#16926,(IFCLINEINDEX((1,2,3,4,1))),$);
#16928=IFCARBITRARYCLOSEDPROFILEDEF(.AREA.,'Arbitrary',#16927);
#16929=IFCCARTESIANPOINT((0.,0.,0.));
#16930=IFCDIRECTION((0.,0.,1.));
#16931=IFCDIRECTION((1.,0.,0.));
#16932=IFCAXIS2PLACEMENT3D(#16929,#16930,#16931);
#16933=IFCDIRECTION((0.,0.,1.));
#16934=IFCEXTRUDEDAREASOLID(#16928,#16932,#16933,-120.);
#16935=IFCSHAPEREPRESENTATION(#11,'Body','SweptSolid',(#16934));
#16936=IFCPRODUCTDEFINITIONSHAPE($,$,(#16935));
#16942=IFCCARTESIANPOINT((0.,0.,21000.));
#16943=IFCDIRECTION((0.,0.,1.));
#16944=IFCDIRECTION((1.,0.,0.));
#16945=IFCAXIS2PLACEMENT3D(#16942,#16943,#16944);
#16946=IFCLOCALPLACEMENT($,#16945);
#16947=IFCPROPERTYSET('2muxoSTbbF_8pP8co9Ure9',$,'Other',$,(#16949,#16950));
#16948=IFCRELDEFINESBYPROPERTIES('2c7sY_GnH4IhVb_SAkAzzl',$,$,$,(#16925),#16947);
#16949=IFCPROPERTYSINGLEVALUE('Ax',$,IFCLABEL('0.001'),$);
#16950=IFCPROPERTYSINGLEVALUE('Ay',$,IFCLABEL('0.001'),$);
#16951=IFCSLAB('0i$rzsoUb2KQbekHlp4RLD',$,$,$,$,#16972,#16962,$,$);
#16952=IFCCARTESIANPOINTLIST2D(((9000.,6000.),(12000.,6000.),(12000.,12000.),(9000.,12000.)));
#16953=IFCINDEXEDPOLYCURVE(#16952,(IFCLINEINDEX((1,2,3,4,1))),$);
#16954=IFCARBITRARYCLOSEDPROFILEDEF(.AREA.,'Arbitrary',#16953);
#16955=IFCCARTESIANPOINT((0.,0.,0.));
#16956=IFCDIRECTION((0.,0.,1.));
#16957=IFCDIRECTION((1.,0.,0.));
#16958=IFCAXIS2PLACEMENT3D(#16955,#16956,#16957);
#16959=IFCDIRECTION((0.,0.,1.));
#16960=IFCEXTRUDEDAREASOLID(#16954,#16958,#16959,-120.);
#16961=IFCSHAPEREPRESENTATION(#11,'Body','SweptSolid',(#16960));
#16962=IFCPRODUCTDEFINITIONSHAPE($,$,(#16961));
#16968=IFCCARTESIANPOINT((0.,0.,21000.));
#16969=IFCDIRECTION((0.,0.,1.));
#16970=IFCDIRECTION((1.,0.,0.));
#16971=IFCAXIS2PLACEMENT3D(#16968,#16969,#16970);
#16972=IFCLOCALPLACEMENT($,#16971);
#16973=IFCPROPERTYSET('1P0AiucaD4N91IBcQnXSIB',$,'Other',$,(#16975,#16976));
#16974=IFCRELDEFINESBYPROPERTIES('1z_08eBSH62gNN8RPDuioj',$,$,$,(#16951),#16973);
#16975=IFCPROPERTYSINGLEVALUE('Ax',$,IFCLABEL('0.001'),$);
#16976=IFCPROPERTYSINGLEVALUE('Ay',$,IFCLABEL('0.001'),$);
#16977=IFCSLAB('2Ny2EYxAXC3RTN46y275KY',$,$,$,$,#16998,#16988,$,$);
#16978=IFCCARTESIANPOINTLIST2D(((12000.,6000.),(15000.,6000.),(15000.,12000.),(12000.,12000.)));
#16979=IFCINDEXEDPOLYCURVE(#16978,(IFCLINEINDEX((1,2,3,4,1))),$);
#16980=IFCARBITRARYCLOSEDPROFILEDEF(.AREA.,'Arbitrary',#16979);
#16981=IFCCARTESIANPOINT((0.,0.,0.));
#16982=IFCDIRECTION((0.,0.,1.));
#16983=IFCDIRECTION((1.,0.,0.));
#16984=IFCAXIS2PLACEMENT3D(#16981,#16982,#16983);
#16985=IFCDIRECTION((0.,0.,1.));
#16986=IFCEXTRUDEDAREASOLID(#16980,#16984,#16985,-120.);
#16987=IFCSHAPEREPRESENTATION(#11,'Body','SweptSolid',(#16986));
#16988=IFCPRODUCTDEFINITIONSHAPE($,$,(#16987));
#16994=IFCCARTESIANPOINT((0.,0.,21000.));
#16995=IFCDIRECTION((0.,0.,1.));
#16996=IFCDIRECTION((1.,0.,0.));
#16997=IFCAXIS2PLACEMENT3D(#16994,#16995,#16996);
#16998=IFCLOCALPLACEMENT($,#16997);
#16999=IFCPROPERTYSET('28zPcdPK12Agcn78ahbLP7',$,'Other',$,(#17001,#17002));
#17000=IFCRELDEFINESBYPROPERTIES('1J37H9_HXDmPpPJbFknLT$',$,$,$,(#16977),#16999);
#17001=IFCPROPERTYSINGLEVALUE('Ax',$,IFCLABEL('0.001'),$);
#17002=IFCPROPERTYSINGLEVALUE('Ay',$,IFCLABEL('0.001'),$);
#17003=IFCSLAB('2mhkby4$D4hwI_CUGi7bzn',$,$,$,$,#17024,#17014,$,$);
#17004=IFCCARTESIANPOINTLIST2D(((15000.,6000.),(18000.,6000.),(18000.,12000.),(15000.,12000.)));
#17005=IFCINDEXEDPOLYCURVE(#17004,(IFCLINEINDEX((1,2,3,4,1))),$);
#17006=IFCARBITRARYCLOSEDPROFILEDEF(.AREA.,'Arbitrary',#17005);
#17007=IFCCARTESIANPOINT((0.,0.,0.));
#17008=IFCDIRECTION((0.,0.,1.));
#17009=IFCDIRECTION((1.,0.,0.));
#17010=IFCAXIS2PLACEMENT3D(#17007,#17008,#17009);
#17011=IFCDIRECTION((0.,0.,1.));
#17012=IFCEXTRUDEDAREASOLID(#17006,#17010,#17011,-120.);
#17013=IFCSHAPEREPRESENTATION(#11,'Body','SweptSolid',(#17012));
#17014=IFCPRODUCTDEFINITIONSHAPE($,$,(#17013));
#17020=IFCCARTESIANPOINT((0.,0.,21000.));
#17021=IFCDIRECTION((0.,0.,1.));
#17022=IFCDIRECTION((1.,0.,0.));
#17023=IFCAXIS2PLACEMENT3D(#17020,#17021,#17022);
#17024=IFCLOCALPLACEMENT($,#17023);
#17025=IFCPROPERTYSET('1KbD5Lv7PDZveFWZlKyDLl',$,'Other',$,(#17027,#17028));
#17026=IFCRELDEFINESBYPROPERTIES('0jscA3F8XAAey0rxCjP02B',$,$,$,(#17003),#17025);
#17027=IFCPROPERTYSINGLEVALUE('Ax',$,IFCLABEL('0.001'),$);
#17028=IFCPROPERTYSINGLEVALUE('Ay',$,IFCLABEL('0.001'),$);
#17029=IFCSLAB('3$H8trBK1EFARf05QTw3UM',$,$,$,$,#17050,#17040,$,$);
#17030=IFCCARTESIANPOINTLIST2D(((18000.,6000.),(21000.,6000.),(21000.,12000.),(18000.,12000.)));
#17031=IFCINDEXEDPOLYCURVE(#17030,(IFCLINEINDEX((1,2,3,4,1))),$);
#17032=IFCARBITRARYCLOSEDPROFILEDEF(.AREA.,'Arbitrary',#17031);
#17033=IFCCARTESIANPOINT((0.,0.,0.));
#17034=IFCDIRECTION((0.,0.,1.));
#17035=IFCDIRECTION((1.,0.,0.));
#17036=IFCAXIS2PLACEMENT3D(#17033,#17034,#17035);
#17037=IFCDIRECTION((0.,0.,1.));
#17038=IFCEXTRUDEDAREASOLID(#17032,#17036,#17037,-120.);
#17039=IFCSHAPEREPRESENTATION(#11,'Body','SweptSolid',(#17038));
#17040=IFCPRODUCTDEFINITIONSHAPE($,$,(#17039));
#17046=IFCCARTESIANPOINT((0.,0.,21000.));
#17047=IFCDIRECTION((0.,0.,1.));
#17048=IFCDIRECTION((1.,0.,0.));
#17049=IFCAXIS2PLACEMENT3D(#17046,#17047,#17048);
#17050=IFCLOCALPLACEMENT($,#17049);
#17051=IFCPROPERTYSET('36eJK_9tbBEwflI3tZ1z$B',$,'Other',$,(#17053,#17054));
#17052=IFCRELDEFINESBYPROPERTIES('0JrIZHmIrETAqDxfzVp4n_',$,$,$,(#17029),#17051);
#17053=IFCPROPERTYSINGLEVALUE('Ax',$,IFCLABEL('0.001'),$);
#17054=IFCPROPERTYSINGLEVALUE('Ay',$,IFCLABEL('0.001'),$);
#17055=IFCSLAB('0SSAz7$$vBvQSm$pO6nyt6',$,$,$,$,#17076,#17066,$,$);
#17056=IFCCARTESIANPOINTLIST2D(((21000.,6000.),(24000.,6000.),(24000.,12000.),(21000.,12000.)));
#17057=IFCINDEXEDPOLYCURVE(#17056,(IFCLINEINDEX((1,2,3,4,1))),$);
#17058=IFCARBITRARYCLOSEDPROFILEDEF(.AREA.,'Arbitrary',#17057);
#17059=IFCCARTESIANPOINT((0.,0.,0.));
#17060=IFCDIRECTION((0.,0.,1.));
#17061=IFCDIRECTION((1.,0.,0.));
#17062=IFCAXIS2PLACEMENT3D(#17059,#17060,#17061);
#17063=IFCDIRECTION((0.,0.,1.));
#17064=IFCEXTRUDEDAREASOLID(#17058,#17062,#17063,-120.);
#17065=IFCSHAPEREPRESENTATION(#11,'Body','SweptSolid',(#17064));
#17066=IFCPRODUCTDEFINITIONSHAPE($,$,(#17065));
#17072=IFCCARTESIANPOINT((0.,0.,21000.));
#17073=IFCDIRECTION((0.,0.,1.));
#17074=IFCDIRECTION((1.,0.,0.));
#17075=IFCAXIS2PLACEMENT3D(#17072,#17073,#17074);
#17076=IFCLOCALPLACEMENT($,#17075);
#17077=IFCPROPERTYSET('2pdW6RZzbDq892R9pjQxMG',$,'Other',$,(#17079,#17080));
#17078=IFCRELDEFINESBYPROPERTIES('1FqfOCjgD7LeGz9ubieHhj',$,$,$,(#17055),#17077);
#17079=IFCPROPERTYSINGLEVALUE('Ax',$,IFCLABEL('0.001'),$);
#17080=IFCPROPERTYSINGLEVALUE('Ay',$,IFCLABEL('0.001'),$);
#17081=IFCSLAB('2iWzpUYWb4rPPyQP5t5$Yu',$,$,$,$,#17102,#17092,$,$);
#17082=IFCCARTESIANPOINTLIST2D(((6000.,0.),(9000.,0.),(9000.,6000.),(6000.,6000.)));
#17083=IFCINDEXEDPOLYCURVE(#17082,(IFCLINEINDEX((1,2,3,4,1))),$);
#17084=IFCARBITRARYCLOSEDPROFILEDEF(.AREA.,'Arbitrary',#17083);
#17085=IFCCARTESIANPOINT((0.,0.,0.));
#17086=IFCDIRECTION((0.,0.,1.));
#17087=IFCDIRECTION((1.,0.,0.));
#17088=IFCAXIS2PLACEMENT3D(#17085,#17086,#17087);
#17089=IFCDIRECTION((0.,0.,1.));
#17090=IFCEXTRUDEDAREASOLID(#17084,#17088,#17089,-120.);
#17091=IFCSHAPEREPRESENTATION(#11,'Body','SweptSolid',(#17090));
#17092=IFCPRODUCTDEFINITIONSHAPE($,$,(#17091));
#17098=IFCCARTESIANPOINT((0.,0.,21000.));
#17099=IFCDIRECTION((0.,0.,1.));
#17100=IFCDIRECTION((1.,0.,0.));
#17101=IFCAXIS2PLACEMENT3D(#17098,#17099,#17100);
#17102=IFCLOCALPLACEMENT($,#17101);
#17103=IFCPROPERTYSET('0PDrdV0Bz3HQf_vc4sa2vG',$,'Other',$,(#17105,#17106));
#17104=IFCRELDEFINESBYPROPERTIES('2mWTy4vTT0DhhSjN3YlCf6',$,$,$,(#17081),#17103);
#17105=IFCPROPERTYSINGLEVALUE('Ax',$,IFCLABEL('0.001'),$);
#17106=IFCPROPERTYSINGLEVALUE('Ay',$,IFCLABEL('0.001'),$);
#17107=IFCSLAB('2pYYTZX79A_vnYg$u7cQMd',$,$,$,$,#17128,#17118,$,$);
#17108=IFCCARTESIANPOINTLIST2D(((9000.,0.),(12000.,0.),(12000.,6000.),(9000.,6000.)));
#17109=IFCINDEXEDPOLYCURVE(#17108,(IFCLINEINDEX((1,2,3,4,1))),$);
#17110=IFCARBITRARYCLOSEDPROFILEDEF(.AREA.,'Arbitrary',#17109);
#17111=IFCCARTESIANPOINT((0.,0.,0.));
#17112=IFCDIRECTION((0.,0.,1.));
#17113=IFCDIRECTION((1.,0.,0.));
#17114=IFCAXIS2PLACEMENT3D(#17111,#17112,#17113);
#17115=IFCDIRECTION((0.,0.,1.));
#17116=IFCEXTRUDEDAREASOLID(#17110,#17114,#17115,-120.);
#17117=IFCSHAPEREPRESENTATION(#11,'Body','SweptSolid',(#17116));
#17118=IFCPRODUCTDEFINITIONSHAPE($,$,(#17117));
#17124=IFCCARTESIANPOINT((0.,0.,21000.));
#17125=IFCDIRECTION((0.,0.,1.));
#17126=IFCDIRECTION((1.,0.,0.));
#17127=IFCAXIS2PLACEMENT3D(#17124,#17125,#17126);
#17128=IFCLOCALPLACEMENT($,#17127);
#17129=IFCPROPERTYSET('0Pi6vdCELBTQgqz0$nB_9w',$,'Other',$,(#17131,#17132));
#17130=IFCRELDEFINESBYPROPERTIES('0fhTDbQ$rDlwnGYHeZ2ujy',$,$,$,(#17107),#17129);
#17131=IFCPROPERTYSINGLEVALUE('Ax',$,IFCLABEL('0.001'),$);
#17132=IFCPROPERTYSINGLEVALUE('Ay',$,IFCLABEL('0.001'),$);
#17133=IFCSLAB('07dsevuzz69vGz6$OYNBdY',$,$,$,$,#17154,#17144,$,$);
#17134=IFCCARTESIANPOINTLIST2D(((12000.,0.),(15000.,0.),(15000.,6000.),(12000.,6000.)));
#17135=IFCINDEXEDPOLYCURVE(#17134,(IFCLINEINDEX((1,2,3,4,1))),$);
#17136=IFCARBITRARYCLOSEDPROFILEDEF(.AREA.,'Arbitrary',#17135);
#17137=IFCCARTESIANPOINT((0.,0.,0.));
#17138=IFCDIRECTION((0.,0.,1.));
#17139=IFCDIRECTION((1.,0.,0.));
#17140=IFCAXIS2PLACEMENT3D(#17137,#17138,#17139);
#17141=IFCDIRECTION((0.,0.,1.));
#17142=IFCEXTRUDEDAREASOLID(#17136,#17140,#17141,-120.);
#17143=IFCSHAPEREPRESENTATION(#11,'Body','SweptSolid',(#17142));
#17144=IFCPRODUCTDEFINITIONSHAPE($,$,(#17143));
#17150=IFCCARTESIANPOINT((0.,0.,21000.));
#17151=IFCDIRECTION((0.,0.,1.));
#17152=IFCDIRECTION((1.,0.,0.));
#17153=IFCAXIS2PLACEMENT3D(#17150,#17151,#17152);
#17154=IFCLOCALPLACEMENT($,#17153);
#17155=IFCPROPERTYSET('3r0PvLRirApwxBwh0sBRMI',$,'Other',$,(#17157,#17158));
#17156=IFCRELDEFINESBYPROPERTIES('38TBOO5TvBBgpKI$0TkuJs',$,$,$,(#17133),#17155);
#17157=IFCPROPERTYSINGLEVALUE('Ax',$,IFCLABEL('0.001'),$);
#17158=IFCPROPERTYSINGLEVALUE('Ay',$,IFCLABEL('0.001'),$);
#17159=IFCSLAB('3LWz4tbcz97xO5YczSzLaO',$,$,$,$,#17180,#17170,$,$);
#17160=IFCCARTESIANPOINTLIST2D(((15000.,0.),(18000.,0.),(18000.,6000.),(15000.,6000.)));
#17161=IFCINDEXEDPOLYCURVE(#17160,(IFCLINEINDEX((1,2,3,4,1))),$);
#17162=IFCARBITRARYCLOSEDPROFILEDEF(.AREA.,'Arbitrary',#17161);
#17163=IFCCARTESIANPOINT((0.,0.,0.));
#17164=IFCDIRECTION((0.,0.,1.));
#17165=IFCDIRECTION((1.,0.,0.));
#17166=IFCAXIS2PLACEMENT3D(#17163,#17164,#17165);
#17167=IFCDIRECTION((0.,0.,1.));
#17168=IFCEXTRUDEDAREASOLID(#17162,#17166,#17167,-120.);
#17169=IFCSHAPEREPRESENTATION(#11,'Body','SweptSolid',(#17168));
#17170=IFCPRODUCTDEFINITIONSHAPE($,$,(#17169));
#17176=IFCCARTESIANPOINT((0.,0.,21000.));
#17177=IFCDIRECTION((0.,0.,1.));
#17178=IFCDIRECTION((1.,0.,0.));
#17179=IFCAXIS2PLACEMENT3D(#17176,#17177,#17178);
#17180=IFCLOCALPLACEMENT($,#17179);
#17181=IFCPROPERTYSET('3V08nNXlnBIAObf1Dnl4Cf',$,'Other',$,(#17183,#17184));
#17182=IFCRELDEFINESBYPROPERTIES('0hwH0920P9JxxmcvQQtsmp',$,$,$,(#17159),#17181);
#17183=IFCPROPERTYSINGLEVALUE('Ax',$,IFCLABEL('0.001'),$);
#17184=IFCPROPERTYSINGLEVALUE('Ay',$,IFCLABEL('0.001'),$);
#17185=IFCSLAB('05iEw$pCL4Ve9rYdes9n57',$,$,$,$,#17206,#17196,$,$);
#17186=IFCCARTESIANPOINTLIST2D(((18000.,0.),(21000.,0.),(21000.,6000.),(18000.,6000.)));
#17187=IFCINDEXEDPOLYCURVE(#17186,(IFCLINEINDEX((1,2,3,4,1))),$);
#17188=IFCARBITRARYCLOSEDPROFILEDEF(.AREA.,'Arbitrary',#17187);
#17189=IFCCARTESIANPOINT((0.,0.,0.));
#17190=IFCDIRECTION((0.,0.,1.));
#17191=IFCDIRECTION((1.,0.,0.));
#17192=IFCAXIS2PLACEMENT3D(#17189,#17190,#17191);
#17193=IFCDIRECTION((0.,0.,1.));
#17194=IFCEXTRUDEDAREASOLID(#17188,#17192,#17193,-120.);
#17195=IFCSHAPEREPRESENTATION(#11,'Body','SweptSolid',(#17194));
#17196=IFCPRODUCTDEFINITIONSHAPE($,$,(#17195));
#17202=IFCCARTESIANPOINT((0.,0.,21000.));
#17203=IFCDIRECTION((0.,0.,1.));
#17204=IFCDIRECTION((1.,0.,0.));
#17205=IFCAXIS2PLACEMENT3D(#17202,#17203,#17204);
#17206=IFCLOCALPLACEMENT($,#17205);
#17207=IFCPROPERTYSET('0vj5ac_cDC7hss8PJUKofp',$,'Other',$,(#17209,#17210));
#17208=IFCRELDEFINESBYPROPERTIES('1U8EmN6qXEJBXDjCczFMTl',$,$,$,(#17185),#17207);
#17209=IFCPROPERTYSINGLEVALUE('Ax',$,IFCLABEL('0.001'),$);
#17210=IFCPROPERTYSINGLEVALUE('Ay',$,IFCLABEL('0.001'),$);
#17211=IFCSLAB('2wSXE8gnLAzx7Vp_w8kUdJ',$,$,$,$,#17232,#17222,$,$);
#17212=IFCCARTESIANPOINTLIST2D(((21000.,0.),(24000.,0.),(24000.,6000.),(21000.,6000.)));
#17213=IFCINDEXEDPOLYCURVE(#17212,(IFCLINEINDEX((1,2,3,4,1))),$);
#17214=IFCARBITRARYCLOSEDPROFILEDEF(.AREA.,'Arbitrary',#17213);
#17215=IFCCARTESIANPOINT((0.,0.,0.));
#17216=IFCDIRECTION((0.,0.,1.));
#17217=IFCDIRECTION((1.,0.,0.));
#17218=IFCAXIS2PLACEMENT3D(#17215,#17216,#17217);
#17219=IFCDIRECTION((0.,0.,1.));
#17220=IFCEXTRUDEDAREASOLID(#17214,#17218,#17219,-120.);
#17221=IFCSHAPEREPRESENTATION(#11,'Body','SweptSolid',(#17220));
#17222=IFCPRODUCTDEFINITIONSHAPE($,$,(#17221));
#17228=IFCCARTESIANPOINT((0.,0.,21000.));
#17229=IFCDIRECTION((0.,0.,1.));
#17230=IFCDIRECTION((1.,0.,0.));
#17231=IFCAXIS2PLACEMENT3D(#17228,#17229,#17230);
#17232=IFCLOCALPLACEMENT($,#17231);
#17233=IFCPROPERTYSET('1J3XJseQz3LBgYShPdI$_b',$,'Other',$,(#17235,#17236));
#17234=IFCRELDEFINESBYPROPERTIES('1SYBbcSnn8vhopcNEmAKHo',$,$,$,(#17211),#17233);
#17235=IFCPROPERTYSINGLEVALUE('Ax',$,IFCLABEL('0.001'),$);
#17236=IFCPROPERTYSINGLEVALUE('Ay',$,IFCLABEL('0.001'),$);
#17237=IFCSLAB('2AnJQv4Qf4PO2pJ6qNrNcF',$,$,$,$,#17258,#17248,$,$);
#17238=IFCCARTESIANPOINTLIST2D(((3000.,0.),(6000.,0.),(6000.,6000.),(3000.,6000.)));
#17239=IFCINDEXEDPOLYCURVE(#17238,(IFCLINEINDEX((1,2,3,4,1))),$);
#17240=IFCARBITRARYCLOSEDPROFILEDEF(.AREA.,'Arbitrary',#17239);
#17241=IFCCARTESIANPOINT((0.,0.,0.));
#17242=IFCDIRECTION((0.,0.,1.));
#17243=IFCDIRECTION((1.,0.,0.));
#17244=IFCAXIS2PLACEMENT3D(#17241,#17242,#17243);
#17245=IFCDIRECTION((0.,0.,1.));
#17246=IFCEXTRUDEDAREASOLID(#17240,#17244,#17245,-120.);
#17247=IFCSHAPEREPRESENTATION(#11,'Body','SweptSolid',(#17246));
#17248=IFCPRODUCTDEFINITIONSHAPE($,$,(#17247));
#17254=IFCCARTESIANPOINT((0.,0.,21000.));
#17255=IFCDIRECTION((0.,0.,1.));
#17256=IFCDIRECTION((1.,0.,0.));
#17257=IFCAXIS2PLACEMENT3D(#17254,#17255,#17256);
#17258=IFCLOCALPLACEMENT($,#17257);
#17259=IFCPROPERTYSET('0GI$fIPc51yBY8EJfSIOfN',$,'Other',$,(#17261,#17262));
#17260=IFCRELDEFINESBYPROPERTIES('2M_uwRsFvEnx70v8Fzg7pj',$,$,$,(#17237),#17259);
#17261=IFCPROPERTYSINGLEVALUE('Ax',$,IFCLABEL('0.001'),$);
#17262=IFCPROPERTYSINGLEVALUE('Ay',$,IFCLABEL('0.001'),$);
#17263=IFCSLAB('3XgKu$xujAFRX1$9uCwE1t',$,$,$,$,#17284,#17274,$,$);
#17264=IFCCARTESIANPOINTLIST2D(((24000.,6000.),(27000.,6000.),(27000.,12000.),(24000.,12000.)));
#17265=IFCINDEXEDPOLYCURVE(#17264,(IFCLINEINDEX((1,2,3,4,1))),$);
#17266=IFCARBITRARYCLOSEDPROFILEDEF(.AREA.,'Arbitrary',#17265);
#17267=IFCCARTESIANPOINT((0.,0.,0.));
#17268=IFCDIRECTION((0.,0.,1.));
#17269=IFCDIRECTION((1.,0.,0.));
#17270=IFCAXIS2PLACEMENT3D(#17267,#17268,#17269);
#17271=IFCDIRECTION((0.,0.,1.));
#17272=IFCEXTRUDEDAREASOLID(#17266,#17270,#17271,-120.);
#17273=IFCSHAPEREPRESENTATION(#11,'Body','SweptSolid',(#17272));
#17274=IFCPRODUCTDEFINITIONSHAPE($,$,(#17273));
#17280=IFCCARTESIANPOINT((0.,0.,21000.));
#17281=IFCDIRECTION((0.,0.,1.));
#17282=IFCDIRECTION((1.,0.,0.));
#17283=IFCAXIS2PLACEMENT3D(#17280,#17281,#17282);
#17284=IFCLOCALPLACEMENT($,#17283);
#17285=IFCPROPERTYSET('0VF4LbhD95YQau4mGWST59',$,'Other',$,(#17287,#17288));
#17286=IFCRELDEFINESBYPROPERTIES('0jFhBZ5s1ERhiy13EzN79I',$,$,$,(#17263),#17285);
#17287=IFCPROPERTYSINGLEVALUE('Ax',$,IFCLABEL('0.001'),$);
#17288=IFCPROPERTYSINGLEVALUE('Ay',$,IFCLABEL('0.001'),$);
#17289=IFCSLAB('1KiPLG8Ij409O3swHzy2Hg',$,$,$,$,#17310,#17300,$,$);
#17290=IFCCARTESIANPOINTLIST2D(((0.,6000.),(3000.,6000.),(3000.,12000.),(0.,12000.)));
#17291=IFCINDEXEDPOLYCURVE(#17290,(IFCLINEINDEX((1,2,3,4,1))),$);
#17292=IFCARBITRARYCLOSEDPROFILEDEF(.AREA.,'Arbitrary',#17291);
#17293=IFCCARTESIANPOINT((0.,0.,0.));
#17294=IFCDIRECTION((0.,0.,1.));
#17295=IFCDIRECTION((1.,0.,0.));
#17296=IFCAXIS2PLACEMENT3D(#17293,#17294,#17295);
#17297=IFCDIRECTION((0.,0.,1.));
#17298=IFCEXTRUDEDAREASOLID(#17292,#17296,#17297,-120.);
#17299=IFCSHAPEREPRESENTATION(#11,'Body','SweptSolid',(#17298));
#17300=IFCPRODUCTDEFINITIONSHAPE($,$,(#17299));
#17306=IFCCARTESIANPOINT((0.,0.,18000.));
#17307=IFCDIRECTION((0.,0.,1.));
#17308=IFCDIRECTION((1.,0.,0.));
#17309=IFCAXIS2PLACEMENT3D(#17306,#17307,#17308);
#17310=IFCLOCALPLACEMENT($,#17309);
#17311=IFCPROPERTYSET('2Dh$_VPhL1g9$k0Ctx5Uha',$,'Other',$,(#17313,#17314));
#17312=IFCRELDEFINESBYPROPERTIES('2uBgpn_W1DgBu4SeJvzZwT',$,$,$,(#17289),#17311);
#17313=IFCPROPERTYSINGLEVALUE('Ax',$,IFCLABEL('0.001'),$);
#17314=IFCPROPERTYSINGLEVALUE('Ay',$,IFCLABEL('0.001'),$);
#17315=IFCSLAB('2_LcYuiuv94Q7DYnWrI6PK',$,$,$,$,#17336,#17326,$,$);
#17316=IFCCARTESIANPOINTLIST2D(((3000.,6000.),(6000.,6000.),(6000.,12000.),(3000.,12000.)));
#17317=IFCINDEXEDPOLYCURVE(#17316,(IFCLINEINDEX((1,2,3,4,1))),$);
#17318=IFCARBITRARYCLOSEDPROFILEDEF(.AREA.,'Arbitrary',#17317);
#17319=IFCCARTESIANPOINT((0.,0.,0.));
#17320=IFCDIRECTION((0.,0.,1.));
#17321=IFCDIRECTION((1.,0.,0.));
#17322=IFCAXIS2PLACEMENT3D(#17319,#17320,#17321);
#17323=IFCDIRECTION((0.,0.,1.));
#17324=IFCEXTRUDEDAREASOLID(#17318,#17322,#17323,-120.);
#17325=IFCSHAPEREPRESENTATION(#11,'Body','SweptSolid',(#17324));
#17326=IFCPRODUCTDEFINITIONSHAPE($,$,(#17325));
#17332=IFCCARTESIANPOINT((0.,0.,18000.));
#17333=IFCDIRECTION((0.,0.,1.));
#17334=IFCDIRECTION((1.,0.,0.));
#17335=IFCAXIS2PLACEMENT3D(#17332,#17333,#17334);
#17336=IFCLOCALPLACEMENT($,#17335);
#17337=IFCPROPERTYSET('2jj5wSTwfDnPda0Iu1bHJq',$,'Other',$,(#17339,#17340));
#17338=IFCRELDEFINESBYPROPERTIES('0k8dk3t4HAKhcAG0w2cuu7',$,$,$,(#17315),#17337);
#17339=IFCPROPERTYSINGLEVALUE('Ax',$,IFCLABEL('0.001'),$);
#17340=IFCPROPERTYSINGLEVALUE('Ay',$,IFCLABEL('0.001'),$);
#17341=IFCSLAB('2aokTFF018qB0uVqmi8PXn',$,$,$,$,#17362,#17352,$,$);
#17342=IFCCARTESIANPOINTLIST2D(((0.,12000.),(3000.,12000.),(3000.,18000.),(0.,18000.)));
#17343=IFCINDEXEDPOLYCURVE(#17342,(IFCLINEINDEX((1,2,3,4,1))),$);
#17344=IFCARBITRARYCLOSEDPROFILEDEF(.AREA.,'Arbitrary',#17343);
#17345=IFCCARTESIANPOINT((0.,0.,0.));
#17346=IFCDIRECTION((0.,0.,1.));
#17347=IFCDIRECTION((1.,0.,0.));
#17348=IFCAXIS2PLACEMENT3D(#17345,#17346,#17347);
#17349=IFCDIRECTION((0.,0.,1.));
#17350=IFCEXTRUDEDAREASOLID(#17344,#17348,#17349,-120.);
#17351=IFCSHAPEREPRESENTATION(#11,'Body','SweptSolid',(#17350));
#17352=IFCPRODUCTDEFINITIONSHAPE($,$,(#17351));
#17358=IFCCARTESIANPOINT((0.,0.,18000.));
#17359=IFCDIRECTION((0.,0.,1.));
#17360=IFCDIRECTION((1.,0.,0.));
#17361=IFCAXIS2PLACEMENT3D(#17358,#17359,#17360);
#17362=IFCLOCALPLACEMENT($,#17361);
#17363=IFCPROPERTYSET('0Rdg8N8OXEah8ig1c0b9lF',$,'Other',$,(#17365,#17366));
#17364=IFCRELDEFINESBYPROPERTIES('0G0BecbVb1Kh0FwJOQY3bI',$,$,$,(#17341),#17363);
#17365=IFCPROPERTYSINGLEVALUE('Ax',$,IFCLABEL('0.001'),$);
#17366=IFCPROPERTYSINGLEVALUE('Ay',$,IFCLABEL('0.001'),$);
#17367=IFCSLAB('1z9CsNK2n3vfvYO8elUK8v',$,$,$,$,#17388,#17378,$,$);
#17368=IFCCARTESIANPOINTLIST2D(((3000.,12000.),(6000.,12000.),(6000.,18000.),(3000.,18000.)));
#17369=IFCINDEXEDPOLYCURVE(#17368,(IFCLINEINDEX((1,2,3,4,1))),$);
#17370=IFCARBITRARYCLOSEDPROFILEDEF(.AREA.,'Arbitrary',#17369);
#17371=IFCCARTESIANPOINT((0.,0.,0.));
#17372=IFCDIRECTION((0.,0.,1.));
#17373=IFCDIRECTION((1.,0.,0.));
#17374=IFCAXIS2PLACEMENT3D(#17371,#17372,#17373);
#17375=IFCDIRECTION((0.,0.,1.));
#17376=IFCEXTRUDEDAREASOLID(#17370,#17374,#17375,-120.);
#17377=IFCSHAPEREPRESENTATION(#11,'Body','SweptSolid',(#17376));
#17378=IFCPRODUCTDEFINITIONSHAPE($,$,(#17377));
#17384=IFCCARTESIANPOINT((0.,0.,18000.));
#17385=IFCDIRECTION((0.,0.,1.));
#17386=IFCDIRECTION((1.,0.,0.));
#17387=IFCAXIS2PLACEMENT3D(#17384,#17385,#17386);
#17388=IFCLOCALPLACEMENT($,#17387);
#17389=IFCPROPERTYSET('3we$2Bjo59jhI0FfDrSjk5',$,'Other',$,(#17391,#17392));
#17390=IFCRELDEFINESBYPROPERTIES('2hKHWEKe1FBv38$DqOEdg$',$,$,$,(#17367),#17389);
#17391=IFCPROPERTYSINGLEVALUE('Ax',$,IFCLABEL('0.001'),$);
#17392=IFCPROPERTYSINGLEVALUE('Ay',$,IFCLABEL('0.001'),$);
#17393=IFCSLAB('07_iVNJ7j51RhGKwzdWTAv',$,$,$,$,#17414,#17404,$,$);
#17394=IFCCARTESIANPOINTLIST2D(((6000.,12000.),(9000.,12000.),(9000.,18000.),(6000.,18000.)));
#17395=IFCINDEXEDPOLYCURVE(#17394,(IFCLINEINDEX((1,2,3,4,1))),$);
#17396=IFCARBITRARYCLOSEDPROFILEDEF(.AREA.,'Arbitrary',#17395);
#17397=IFCCARTESIANPOINT((0.,0.,0.));
#17398=IFCDIRECTION((0.,0.,1.));
#17399=IFCDIRECTION((1.,0.,0.));
#17400=IFCAXIS2PLACEMENT3D(#17397,#17398,#17399);
#17401=IFCDIRECTION((0.,0.,1.));
#17402=IFCEXTRUDEDAREASOLID(#17396,#17400,#17401,-120.);
#17403=IFCSHAPEREPRESENTATION(#11,'Body','SweptSolid',(#17402));
#17404=IFCPRODUCTDEFINITIONSHAPE($,$,(#17403));
#17410=IFCCARTESIANPOINT((0.,0.,18000.));
#17411=IFCDIRECTION((0.,0.,1.));
#17412=IFCDIRECTION((1.,0.,0.));
#17413=IFCAXIS2PLACEMENT3D(#17410,#17411,#17412);
#17414=IFCLOCALPLACEMENT($,#17413);
#17415=IFCPROPERTYSET('0WMn5XmQT6lu9qMTmsbhVz',$,'Other',$,(#17417,#17418));
#17416=IFCRELDEFINESBYPROPERTIES('0ncCdC_7zCuAm8bQK9x3dV',$,$,$,(#17393),#17415);
#17417=IFCPROPERTYSINGLEVALUE('Ax',$,IFCLABEL('0.001'),$);
#17418=IFCPROPERTYSINGLEVALUE('Ay',$,IFCLABEL('0.001'),$);
#17419=IFCSLAB('2fDdcaS05D48snxSUe90HR',$,$,$,$,#17440,#17430,$,$);
#17420=IFCCARTESIANPOINTLIST2D(((9000.,12000.),(12000.,12000.),(12000.,18000.),(9000.,18000.)));
#17421=IFCINDEXEDPOLYCURVE(#17420,(IFCLINEINDEX((1,2,3,4,1))),$);
#17422=IFCARBITRARYCLOSEDPROFILEDEF(.AREA.,'Arbitrary',#17421);
#17423=IFCCARTESIANPOINT((0.,0.,0.));
#17424=IFCDIRECTION((0.,0.,1.));
#17425=IFCDIRECTION((1.,0.,0.));
#17426=IFCAXIS2PLACEMENT3D(#17423,#17424,#17425);
#17427=IFCDIRECTION((0.,0.,1.));
#17428=IFCEXTRUDEDAREASOLID(#17422,#17426,#17427,-120.);
#17429=IFCSHAPEREPRESENTATION(#11,'Body','SweptSolid',(#17428));
#17430=IFCPRODUCTDEFINITIONSHAPE($,$,(#17429));
#17436=IFCCARTESIANPOINT((0.,0.,18000.));
#17437=IFCDIRECTION((0.,0.,1.));
#17438=IFCDIRECTION((1.,0.,0.));
#17439=IFCAXIS2PLACEMENT3D(#17436,#17437,#17438);
#17440=IFCLOCALPLACEMENT($,#17439);
#17441=IFCPROPERTYSET('1lycD19HDDyuVl5np8OYPL',$,'Other',$,(#17443,#17444));
#17442=IFCRELDEFINESBYPROPERTIES('01Bvda4H59vP_KONIKKTRG',$,$,$,(#17419),#17441);
#17443=IFCPROPERTYSINGLEVALUE('Ax',$,IFCLABEL('0.001'),$);
#17444=IFCPROPERTYSINGLEVALUE('Ay',$,IFCLABEL('0.001'),$);
#17445=IFCSLAB('1SuMUoTxzB1gafnsHOepRZ',$,$,$,$,#17466,#17456,$,$);
#17446=IFCCARTESIANPOINTLIST2D(((12000.,12000.),(15000.,12000.),(15000.,18000.),(12000.,18000.)));
#17447=IFCINDEXEDPOLYCURVE(#17446,(IFCLINEINDEX((1,2,3,4,1))),$);
#17448=IFCARBITRARYCLOSEDPROFILEDEF(.AREA.,'Arbitrary',#17447);
#17449=IFCCARTESIANPOINT((0.,0.,0.));
#17450=IFCDIRECTION((0.,0.,1.));
#17451=IFCDIRECTION((1.,0.,0.));
#17452=IFCAXIS2PLACEMENT3D(#17449,#17450,#17451);
#17453=IFCDIRECTION((0.,0.,1.));
#17454=IFCEXTRUDEDAREASOLID(#17448,#17452,#17453,-120.);
#17455=IFCSHAPEREPRESENTATION(#11,'Body','SweptSolid',(#17454));
#17456=IFCPRODUCTDEFINITIONSHAPE($,$,(#17455));
#17462=IFCCARTESIANPOINT((0.,0.,18000.));
#17463=IFCDIRECTION((0.,0.,1.));
#17464=IFCDIRECTION((1.,0.,0.));
#17465=IFCAXIS2PLACEMENT3D(#17462,#17463,#17464);
#17466=IFCLOCALPLACEMENT($,#17465);
#17467=IFCPROPERTYSET('34CGGVGUzFaQLjXgGhuL6K',$,'Other',$,(#17469,#17470));
#17468=IFCRELDEFINESBYPROPERTIES('0y92HVSvz9wQrT9qLnk42j',$,$,$,(#17445),#17467);
#17469=IFCPROPERTYSINGLEVALUE('Ax',$,IFCLABEL('0.001'),$);
#17470=IFCPROPERTYSINGLEVALUE('Ay',$,IFCLABEL('0.001'),$);
#17471=IFCSLAB('3Nhl59G0D2OudBEKviB6YS',$,$,$,$,#17492,#17482,$,$);
#17472=IFCCARTESIANPOINTLIST2D(((15000.,12000.),(18000.,12000.),(18000.,18000.),(15000.,18000.)));
#17473=IFCINDEXEDPOLYCURVE(#17472,(IFCLINEINDEX((1,2,3,4,1))),$);
#17474=IFCARBITRARYCLOSEDPROFILEDEF(.AREA.,'Arbitrary',#17473);
#17475=IFCCARTESIANPOINT((0.,0.,0.));
#17476=IFCDIRECTION((0.,0.,1.));
#17477=IFCDIRECTION((1.,0.,0.));
#17478=IFCAXIS2PLACEMENT3D(#17475,#17476,#17477);
#17479=IFCDIRECTION((0.,0.,1.));
#17480=IFCEXTRUDEDAREASOLID(#17474,#17478,#17479,-120.);
#17481=IFCSHAPEREPRESENTATION(#11,'Body','SweptSolid',(#17480));
#17482=IFCPRODUCTDEFINITIONSHAPE($,$,(#17481));
#17488=IFCCARTESIANPOINT((0.,0.,18000.));
#17489=IFCDIRECTION((0.,0.,1.));
#17490=IFCDIRECTION((1.,0.,0.));
#17491=IFCAXIS2PLACEMENT3D(#17488,#17489,#17490);
#17492=IFCLOCALPLACEMENT($,#17491);
#17493=IFCPROPERTYSET('22K_FYXV56p9eKtjp9vSsc',$,'Other',$,(#17495,#17496));
#17494=IFCRELDEFINESBYPROPERTIES('0K3TgDmqj2zfQ_Cj4K1tu1',$,$,$,(#17471),#17493);
#17495=IFCPROPERTYSINGLEVALUE('Ax',$,IFCLABEL('0.001'),$);
#17496=IFCPROPERTYSINGLEVALUE('Ay',$,IFCLABEL('0.001'),$);
#17497=IFCSLAB('0sbsmiuJTCgOxzdH6X_wc4',$,$,$,$,#17518,#17508,$,$);
#17498=IFCCARTESIANPOINTLIST2D(((18000.,12000.),(21000.,12000.),(21000.,18000.),(18000.,18000.)));
#17499=IFCINDEXEDPOLYCURVE(#17498,(IFCLINEINDEX((1,2,3,4,1))),$);
#17500=IFCARBITRARYCLOSEDPROFILEDEF(.AREA.,'Arbitrary',#17499);
#17501=IFCCARTESIANPOINT((0.,0.,0.));
#17502=IFCDIRECTION((0.,0.,1.));
#17503=IFCDIRECTION((1.,0.,0.));
#17504=IFCAXIS2PLACEMENT3D(#17501,#17502,#17503);
#17505=IFCDIRECTION((0.,0.,1.));
#17506=IFCEXTRUDEDAREASOLID(#17500,#17504,#17505,-120.);
#17507=IFCSHAPEREPRESENTATION(#11,'Body','SweptSolid',(#17506));
#17508=IFCPRODUCTDEFINITIONSHAPE($,$,(#17507));
#17514=IFCCARTESIANPOINT((0.,0.,18000.));
#17515=IFCDIRECTION((0.,0.,1.));
#17516=IFCDIRECTION((1.,0.,0.));
#17517=IFCAXIS2PLACEMENT3D(#17514,#17515,#17516);
#17518=IFCLOCALPLACEMENT($,#17517);
#17519=IFCPROPERTYSET('0TESbZHH50txYRyav8joR7',$,'Other',$,(#17521,#17522));
#17520=IFCRELDEFINESBYPROPERTIES('3Ke8J2xcr3APaRv7dLkpdS',$,$,$,(#17497),#17519);
#17521=IFCPROPERTYSINGLEVALUE('Ax',$,IFCLABEL('0.001'),$);
#17522=IFCPROPERTYSINGLEVALUE('Ay',$,IFCLABEL('0.001'),$);
#17523=IFCSLAB('1$ydku38L2aRKq2CKrfhyg',$,$,$,$,#17544,#17534,$,$);
#17524=IFCCARTESIANPOINTLIST2D(((21000.,12000.),(24000.,12000.),(24000.,18000.),(21000.,18000.)));
#17525=IFCINDEXEDPOLYCURVE(#17524,(IFCLINEINDEX((1,2,3,4,1))),$);
#17526=IFCARBITRARYCLOSEDPROFILEDEF(.AREA.,'Arbitrary',#17525);
#17527=IFCCARTESIANPOINT((0.,0.,0.));
#17528=IFCDIRECTION((0.,0.,1.));
#17529=IFCDIRECTION((1.,0.,0.));
#17530=IFCAXIS2PLACEMENT3D(#17527,#17528,#17529);
#17531=IFCDIRECTION((0.,0.,1.));
#17532=IFCEXTRUDEDAREASOLID(#17526,#17530,#17531,-120.);
#17533=IFCSHAPEREPRESENTATION(#11,'Body','SweptSolid',(#17532));
#17534=IFCPRODUCTDEFINITIONSHAPE($,$,(#17533));
#17540=IFCCARTESIANPOINT((0.,0.,18000.));
#17541=IFCDIRECTION((0.,0.,1.));
#17542=IFCDIRECTION((1.,0.,0.));
#17543=IFCAXIS2PLACEMENT3D(#17540,#17541,#17542);
#17544=IFCLOCALPLACEMENT($,#17543);
#17545=IFCPROPERTYSET('16S6ZX1ZDCOeivYcCHnpaF',$,'Other',$,(#17547,#17548));
#17546=IFCRELDEFINESBYPROPERTIES('23gD3umr14y9ArSlPlic7M',$,$,$,(#17523),#17545);
#17547=IFCPROPERTYSINGLEVALUE('Ax',$,IFCLABEL('0.001'),$);
#17548=IFCPROPERTYSINGLEVALUE('Ay',$,IFCLABEL('0.001'),$);
#17549=IFCSLAB('1I06KTPjL5pBa0C_OeZQed',$,$,$,$,#17570,#17560,$,$);
#17550=IFCCARTESIANPOINTLIST2D(((24000.,12000.),(27000.,12000.),(27000.,18000.),(24000.,18000.)));
#17551=IFCINDEXEDPOLYCURVE(#17550,(IFCLINEINDEX((1,2,3,4,1))),$);
#17552=IFCARBITRARYCLOSEDPROFILEDEF(.AREA.,'Arbitrary',#17551);
#17553=IFCCARTESIANPOINT((0.,0.,0.));
#17554=IFCDIRECTION((0.,0.,1.));
#17555=IFCDIRECTION((1.,0.,0.));
#17556=IFCAXIS2PLACEMENT3D(#17553,#17554,#17555);
#17557=IFCDIRECTION((0.,0.,1.));
#17558=IFCEXTRUDEDAREASOLID(#17552,#17556,#17557,-120.);
#17559=IFCSHAPEREPRESENTATION(#11,'Body','SweptSolid',(#17558));
#17560=IFCPRODUCTDEFINITIONSHAPE($,$,(#17559));
#17566=IFCCARTESIANPOINT((0.,0.,18000.));
#17567=IFCDIRECTION((0.,0.,1.));
#17568=IFCDIRECTION((1.,0.,0.));
#17569=IFCAXIS2PLACEMENT3D(#17566,#17567,#17568);
#17570=IFCLOCALPLACEMENT($,#17569);
#17571=IFCPROPERTYSET('1TSdL7P0D6RBzN5Z6De8Co',$,'Other',$,(#17573,#17574));
#17572=IFCRELDEFINESBYPROPERTIES('0sSmRjbhjArf581Mp6GsiL',$,$,$,(#17549),#17571);
#17573=IFCPROPERTYSINGLEVALUE('Ax',$,IFCLABEL('0.001'),$);
#17574=IFCPROPERTYSINGLEVALUE('Ay',$,IFCLABEL('0.001'),$);
#17575=IFCSLAB('0KFx0d$vvEex1StRzI9r3v',$,$,$,$,#17596,#17586,$,$);
#17576=IFCCARTESIANPOINTLIST2D(((27000.,12000.),(30000.,12000.),(30000.,18000.),(27000.,18000.)));
#17577=IFCINDEXEDPOLYCURVE(#17576,(IFCLINEINDEX((1,2,3,4,1))),$);
#17578=IFCARBITRARYCLOSEDPROFILEDEF(.AREA.,'Arbitrary',#17577);
#17579=IFCCARTESIANPOINT((0.,0.,0.));
#17580=IFCDIRECTION((0.,0.,1.));
#17581=IFCDIRECTION((1.,0.,0.));
#17582=IFCAXIS2PLACEMENT3D(#17579,#17580,#17581);
#17583=IFCDIRECTION((0.,0.,1.));
#17584=IFCEXTRUDEDAREASOLID(#17578,#17582,#17583,-120.);
#17585=IFCSHAPEREPRESENTATION(#11,'Body','SweptSolid',(#17584));
#17586=IFCPRODUCTDEFINITIONSHAPE($,$,(#17585));
#17592=IFCCARTESIANPOINT((0.,0.,18000.));
#17593=IFCDIRECTION((0.,0.,1.));
#17594=IFCDIRECTION((1.,0.,0.));
#17595=IFCAXIS2PLACEMENT3D(#17592,#17593,#17594);
#17596=IFCLOCALPLACEMENT($,#17595);
#17597=IFCPROPERTYSET('2QibrIq517HOAhkTGx0UN_',$,'Other',$,(#17599,#17600));
#17598=IFCRELDEFINESBYPROPERTIES('0$3QXE0jnE0hUpMJbXV1Wj',$,$,$,(#17575),#17597);
#17599=IFCPROPERTYSINGLEVALUE('Ax',$,IFCLABEL('0.001'),$);
#17600=IFCPROPERTYSINGLEVALUE('Ay',$,IFCLABEL('0.001'),$);
#17601=IFCSLAB('3QYoGonQD1ARRtvOF0EoW8',$,$,$,$,#17622,#17612,$,$);
#17602=IFCCARTESIANPOINTLIST2D(((6000.,6000.),(9000.,6000.),(9000.,12000.),(6000.,12000.)));
#17603=IFCINDEXEDPOLYCURVE(#17602,(IFCLINEINDEX((1,2,3,4,1))),$);
#17604=IFCARBITRARYCLOSEDPROFILEDEF(.AREA.,'Arbitrary',#17603);
#17605=IFCCARTESIANPOINT((0.,0.,0.));
#17606=IFCDIRECTION((0.,0.,1.));
#17607=IFCDIRECTION((1.,0.,0.));
#17608=IFCAXIS2PLACEMENT3D(#17605,#17606,#17607);
#17609=IFCDIRECTION((0.,0.,1.));
#17610=IFCEXTRUDEDAREASOLID(#17604,#17608,#17609,-120.);
#17611=IFCSHAPEREPRESENTATION(#11,'Body','SweptSolid',(#17610));
#17612=IFCPRODUCTDEFINITIONSHAPE($,$,(#17611));
#17618=IFCCARTESIANPOINT((0.,0.,18000.));
#17619=IFCDIRECTION((0.,0.,1.));
#17620=IFCDIRECTION((1.,0.,0.));
#17621=IFCAXIS2PLACEMENT3D(#17618,#17619,#17620);
#17622=IFCLOCALPLACEMENT($,#17621);
#17623=IFCPROPERTYSET('3ehrsnFGrB7AMVmiHv2jcC',$,'Other',$,(#17625,#17626));
#17624=IFCRELDEFINESBYPROPERTIES('3XSwNOT8X2yAEhm7UT1$Ty',$,$,$,(#17601),#17623);
#17625=IFCPROPERTYSINGLEVALUE('Ax',$,IFCLABEL('0.001'),$);
#17626=IFCPROPERTYSINGLEVALUE('Ay',$,IFCLABEL('0.001'),$);
#17627=IFCSLAB('0xKLmdj_jDzfzm_0zhjvoT',$,$,$,$,#17648,#17638,$,$);
#17628=IFCCARTESIANPOINTLIST2D(((9000.,6000.),(12000.,6000.),(12000.,12000.),(9000.,12000.)));
#17629=IFCINDEXEDPOLYCURVE(#17628,(IFCLINEINDEX((1,2,3,4,1))),$);
#17630=IFCARBITRARYCLOSEDPROFILEDEF(.AREA.,'Arbitrary',#17629);
#17631=IFCCARTESIANPOINT((0.,0.,0.));
#17632=IFCDIRECTION((0.,0.,1.));
#17633=IFCDIRECTION((1.,0.,0.));
#17634=IFCAXIS2PLACEMENT3D(#17631,#17632,#17633);
#17635=IFCDIRECTION((0.,0.,1.));
#17636=IFCEXTRUDEDAREASOLID(#17630,#17634,#17635,-120.);
#17637=IFCSHAPEREPRESENTATION(#11,'Body','SweptSolid',(#17636));
#17638=IFCPRODUCTDEFINITIONSHAPE($,$,(#17637));
#17644=IFCCARTESIANPOINT((0.,0.,18000.));
#17645=IFCDIRECTION((0.,0.,1.));
#17646=IFCDIRECTION((1.,0.,0.));
#17647=IFCAXIS2PLACEMENT3D(#17644,#17645,#17646);
#17648=IFCLOCALPLACEMENT($,#17647);
#17649=IFCPROPERTYSET('2535mC2AzB$AEu_ytGUihd',$,'Other',$,(#17651,#17652));
#17650=IFCRELDEFINESBYPROPERTIES('3kxPJaW$vDeRC$pBXgXoor',$,$,$,(#17627),#17649);
#17651=IFCPROPERTYSINGLEVALUE('Ax',$,IFCLABEL('0.001'),$);
#17652=IFCPROPERTYSINGLEVALUE('Ay',$,IFCLABEL('0.001'),$);
#17653=IFCSLAB('15ntXN2B53yAL_zuNgLXtw',$,$,$,$,#17674,#17664,$,$);
#17654=IFCCARTESIANPOINTLIST2D(((12000.,6000.),(15000.,6000.),(15000.,12000.),(12000.,12000.)));
#17655=IFCINDEXEDPOLYCURVE(#17654,(IFCLINEINDEX((1,2,3,4,1))),$);
#17656=IFCARBITRARYCLOSEDPROFILEDEF(.AREA.,'Arbitrary',#17655);
#17657=IFCCARTESIANPOINT((0.,0.,0.));
#17658=IFCDIRECTION((0.,0.,1.));
#17659=IFCDIRECTION((1.,0.,0.));
#17660=IFCAXIS2PLACEMENT3D(#17657,#17658,#17659);
#17661=IFCDIRECTION((0.,0.,1.));
#17662=IFCEXTRUDEDAREASOLID(#17656,#17660,#17661,-120.);
#17663=IFCSHAPEREPRESENTATION(#11,'Body','SweptSolid',(#17662));
#17664=IFCPRODUCTDEFINITIONSHAPE($,$,(#17663));
#17670=IFCCARTESIANPOINT((0.,0.,18000.));
#17671=IFCDIRECTION((0.,0.,1.));
#17672=IFCDIRECTION((1.,0.,0.));
#17673=IFCAXIS2PLACEMENT3D(#17670,#17671,#17672);
#17674=IFCLOCALPLACEMENT($,#17673);
#17675=IFCPROPERTYSET('1iYx2O2YT65QQxRlerNOC5',$,'Other',$,(#17677,#17678));
#17676=IFCRELDEFINESBYPROPERTIES('2moVPouDP3Oulk8UfSVAaU',$,$,$,(#17653),#17675);
#17677=IFCPROPERTYSINGLEVALUE('Ax',$,IFCLABEL('0.001'),$);
#17678=IFCPROPERTYSINGLEVALUE('Ay',$,IFCLABEL('0.001'),$);
#17679=IFCSLAB('3t7FviDij9cOcOOqz5664l',$,$,$,$,#17700,#17690,$,$);
#17680=IFCCARTESIANPOINTLIST2D(((15000.,6000.),(18000.,6000.),(18000.,12000.),(15000.,12000.)));
#17681=IFCINDEXEDPOLYCURVE(#17680,(IFCLINEINDEX((1,2,3,4,1))),$);
#17682=IFCARBITRARYCLOSEDPROFILEDEF(.AREA.,'Arbitrary',#17681);
#17683=IFCCARTESIANPOINT((0.,0.,0.));
#17684=IFCDIRECTION((0.,0.,1.));
#17685=IFCDIRECTION((1.,0.,0.));
#17686=IFCAXIS2PLACEMENT3D(#17683,#17684,#17685);
#17687=IFCDIRECTION((0.,0.,1.));
#17688=IFCEXTRUDEDAREASOLID(#17682,#17686,#17687,-120.);
#17689=IFCSHAPEREPRESENTATION(#11,'Body','SweptSolid',(#17688));
#17690=IFCPRODUCTDEFINITIONSHAPE($,$,(#17689));
#17696=IFCCARTESIANPOINT((0.,0.,18000.));
#17697=IFCDIRECTION((0.,0.,1.));
#17698=IFCDIRECTION((1.,0.,0.));
#17699=IFCAXIS2PLACEMENT3D(#17696,#17697,#17698);
#17700=IFCLOCALPLACEMENT($,#17699);
#17701=IFCPROPERTYSET('0XuOVp1er92wQtJuv69YXj',$,'Other',$,(#17703,#17704));
#17702=IFCRELDEFINESBYPROPERTIES('1Bi8pGc0vERRC4OK8GFKJg',$,$,$,(#17679),#17701);
#17703=IFCPROPERTYSINGLEVALUE('Ax',$,IFCLABEL('0.001'),$);
#17704=IFCPROPERTYSINGLEVALUE('Ay',$,IFCLABEL('0.001'),$);
#17705=IFCSLAB('0zbcPr6PL5ww2cUPxi1Rq$',$,$,$,$,#17726,#17716,$,$);
#17706=IFCCARTESIANPOINTLIST2D(((18000.,6000.),(21000.,6000.),(21000.,12000.),(18000.,12000.)));
#17707=IFCINDEXEDPOLYCURVE(#17706,(IFCLINEINDEX((1,2,3,4,1))),$);
#17708=IFCARBITRARYCLOSEDPROFILEDEF(.AREA.,'Arbitrary',#17707);
#17709=IFCCARTESIANPOINT((0.,0.,0.));
#17710=IFCDIRECTION((0.,0.,1.));
#17711=IFCDIRECTION((1.,0.,0.));
#17712=IFCAXIS2PLACEMENT3D(#17709,#17710,#17711);
#17713=IFCDIRECTION((0.,0.,1.));
#17714=IFCEXTRUDEDAREASOLID(#17708,#17712,#17713,-120.);
#17715=IFCSHAPEREPRESENTATION(#11,'Body','SweptSolid',(#17714));
#17716=IFCPRODUCTDEFINITIONSHAPE($,$,(#17715));
#17722=IFCCARTESIANPOINT((0.,0.,18000.));
#17723=IFCDIRECTION((0.,0.,1.));
#17724=IFCDIRECTION((1.,0.,0.));
#17725=IFCAXIS2PLACEMENT3D(#17722,#17723,#17724);
#17726=IFCLOCALPLACEMENT($,#17725);
#17727=IFCPROPERTYSET('0GTg92ksPFiBY7Vozk2h6X',$,'Other',$,(#17729,#17730));
#17728=IFCRELDEFINESBYPROPERTIES('3TDMupJvPA6gDR6qa7Vs9g',$,$,$,(#17705),#17727);
#17729=IFCPROPERTYSINGLEVALUE('Ax',$,IFCLABEL('0.001'),$);
#17730=IFCPROPERTYSINGLEVALUE('Ay',$,IFCLABEL('0.001'),$);
#17731=IFCSLAB('0wQQbsFVDAjOOrnr9F5cvw',$,$,$,$,#17752,#17742,$,$);
#17732=IFCCARTESIANPOINTLIST2D(((21000.,6000.),(24000.,6000.),(24000.,12000.),(21000.,12000.)));
#17733=IFCINDEXEDPOLYCURVE(#17732,(IFCLINEINDEX((1,2,3,4,1))),$);
#17734=IFCARBITRARYCLOSEDPROFILEDEF(.AREA.,'Arbitrary',#17733);
#17735=IFCCARTESIANPOINT((0.,0.,0.));
#17736=IFCDIRECTION((0.,0.,1.));
#17737=IFCDIRECTION((1.,0.,0.));
#17738=IFCAXIS2PLACEMENT3D(#17735,#17736,#17737);
#17739=IFCDIRECTION((0.,0.,1.));
#17740=IFCEXTRUDEDAREASOLID(#17734,#17738,#17739,-120.);
#17741=IFCSHAPEREPRESENTATION(#11,'Body','SweptSolid',(#17740));
#17742=IFCPRODUCTDEFINITIONSHAPE($,$,(#17741));
#17748=IFCCARTESIANPOINT((0.,0.,18000.));
#17749=IFCDIRECTION((0.,0.,1.));
#17750=IFCDIRECTION((1.,0.,0.));
#17751=IFCAXIS2PLACEMENT3D(#17748,#17749,#17750);
#17752=IFCLOCALPLACEMENT($,#17751);
#17753=IFCPROPERTYSET('3Nlxnwodz5VxvrpNpEdrXH',$,'Other',$,(#17755,#17756));
#17754=IFCRELDEFINESBYPROPERTIES('2GUlYL0SX02Pnb1_fGnp$t',$,$,$,(#17731),#17753);
#17755=IFCPROPERTYSINGLEVALUE('Ax',$,IFCLABEL('0.001'),$);
#17756=IFCPROPERTYSINGLEVALUE('Ay',$,IFCLABEL('0.001'),$);
#17757=IFCSLAB('32yeV2xUf7xf$AKP0P$9rS',$,$,$,$,#17778,#17768,$,$);
#17758=IFCCARTESIANPOINTLIST2D(((6000.,0.),(9000.,0.),(9000.,6000.),(6000.,6000.)));
#17759=IFCINDEXEDPOLYCURVE(#17758,(IFCLINEINDEX((1,2,3,4,1))),$);
#17760=IFCARBITRARYCLOSEDPROFILEDEF(.AREA.,'Arbitrary',#17759);
#17761=IFCCARTESIANPOINT((0.,0.,0.));
#17762=IFCDIRECTION((0.,0.,1.));
#17763=IFCDIRECTION((1.,0.,0.));
#17764=IFCAXIS2PLACEMENT3D(#17761,#17762,#17763);
#17765=IFCDIRECTION((0.,0.,1.));
#17766=IFCEXTRUDEDAREASOLID(#17760,#17764,#17765,-120.);
#17767=IFCSHAPEREPRESENTATION(#11,'Body','SweptSolid',(#17766));
#17768=IFCPRODUCTDEFINITIONSHAPE($,$,(#17767));
#17774=IFCCARTESIANPOINT((0.,0.,18000.));
#17775=IFCDIRECTION((0.,0.,1.));
#17776=IFCDIRECTION((1.,0.,0.));
#17777=IFCAXIS2PLACEMENT3D(#17774,#17775,#17776);
#17778=IFCLOCALPLACEMENT($,#17777);
#17779=IFCPROPERTYSET('1SGUqv2ZjFGB8LFgq5DBES',$,'Other',$,(#17781,#17782));
#17780=IFCRELDEFINESBYPROPERTIES('0LGu6tTK5CTu7DgYN_i2FA',$,$,$,(#17757),#17779);
#17781=IFCPROPERTYSINGLEVALUE('Ax',$,IFCLABEL('0.001'),$);
#17782=IFCPROPERTYSINGLEVALUE('Ay',$,IFCLABEL('0.001'),$);
#17783=IFCSLAB('3lixT5zD95iP_4Ry3kDOek',$,$,$,$,#17804,#17794,$,$);
#17784=IFCCARTESIANPOINTLIST2D(((9000.,0.),(12000.,0.),(12000.,6000.),(9000.,6000.)));
#17785=IFCINDEXEDPOLYCURVE(#17784,(IFCLINEINDEX((1,2,3,4,1))),$);
#17786=IFCARBITRARYCLOSEDPROFILEDEF(.AREA.,'Arbitrary',#17785);
#17787=IFCCARTESIANPOINT((0.,0.,0.));
#17788=IFCDIRECTION((0.,0.,1.));
#17789=IFCDIRECTION((1.,0.,0.));
#17790=IFCAXIS2PLACEMENT3D(#17787,#17788,#17789);
#17791=IFCDIRECTION((0.,0.,1.));
#17792=IFCEXTRUDEDAREASOLID(#17786,#17790,#17791,-120.);
#17793=IFCSHAPEREPRESENTATION(#11,'Body','SweptSolid',(#17792));
#17794=IFCPRODUCTDEFINITIONSHAPE($,$,(#17793));
#17800=IFCCARTESIANPOINT((0.,0.,18000.));
#17801=IFCDIRECTION((0.,0.,1.));
#17802=IFCDIRECTION((1.,0.,0.));
#17803=IFCAXIS2PLACEMENT3D(#17800,#17801,#17802);
#17804=IFCLOCALPLACEMENT($,#17803);
#17805=IFCPROPERTYSET('3n$BjQ8kvFygLytBvT6QTu',$,'Other',$,(#17807,#17808));
#17806=IFCRELDEFINESBYPROPERTIES('1AyJdAYiLAv8ToKDtcboA3',$,$,$,(#17783),#17805);
#17807=IFCPROPERTYSINGLEVALUE('Ax',$,IFCLABEL('0.001'),$);
#17808=IFCPROPERTYSINGLEVALUE('Ay',$,IFCLABEL('0.001'),$);
#17809=IFCSLAB('3eIUVepmbCPPmqmBZZoFAS',$,$,$,$,#17830,#17820,$,$);
#17810=IFCCARTESIANPOINTLIST2D(((12000.,0.),(15000.,0.),(15000.,6000.),(12000.,6000.)));
#17811=IFCINDEXEDPOLYCURVE(#17810,(IFCLINEINDEX((1,2,3,4,1))),$);
#17812=IFCARBITRARYCLOSEDPROFILEDEF(.AREA.,'Arbitrary',#17811);
#17813=IFCCARTESIANPOINT((0.,0.,0.));
#17814=IFCDIRECTION((0.,0.,1.));
#17815=IFCDIRECTION((1.,0.,0.));
#17816=IFCAXIS2PLACEMENT3D(#17813,#17814,#17815);
#17817=IFCDIRECTION((0.,0.,1.));
#17818=IFCEXTRUDEDAREASOLID(#17812,#17816,#17817,-120.);
#17819=IFCSHAPEREPRESENTATION(#11,'Body','SweptSolid',(#17818));
#17820=IFCPRODUCTDEFINITIONSHAPE($,$,(#17819));
#17826=IFCCARTESIANPOINT((0.,0.,18000.));
#17827=IFCDIRECTION((0.,0.,1.));
#17828=IFCDIRECTION((1.,0.,0.));
#17829=IFCAXIS2PLACEMENT3D(#17826,#17827,#17828);
#17830=IFCLOCALPLACEMENT($,#17829);
#17831=IFCPROPERTYSET('3ZxNTn8QX3egtscBsj6M7m',$,'Other',$,(#17833,#17834));
#17832=IFCRELDEFINESBYPROPERTIES('19LrTCv0562OddUg_5$Wnm',$,$,$,(#17809),#17831);
#17833=IFCPROPERTYSINGLEVALUE('Ax',$,IFCLABEL('0.001'),$);
#17834=IFCPROPERTYSINGLEVALUE('Ay',$,IFCLABEL('0.001'),$);
#17835=IFCSLAB('2QU73w_ib9fuIc$JxIsyw3',$,$,$,$,#17856,#17846,$,$);
#17836=IFCCARTESIANPOINTLIST2D(((15000.,0.),(18000.,0.),(18000.,6000.),(15000.,6000.)));
#17837=IFCINDEXEDPOLYCURVE(#17836,(IFCLINEINDEX((1,2,3,4,1))),$);
#17838=IFCARBITRARYCLOSEDPROFILEDEF(.AREA.,'Arbitrary',#17837);
#17839=IFCCARTESIANPOINT((0.,0.,0.));
#17840=IFCDIRECTION((0.,0.,1.));
#17841=IFCDIRECTION((1.,0.,0.));
#17842=IFCAXIS2PLACEMENT3D(#17839,#17840,#17841);
#17843=IFCDIRECTION((0.,0.,1.));
#17844=IFCEXTRUDEDAREASOLID(#17838,#17842,#17843,-120.);
#17845=IFCSHAPEREPRESENTATION(#11,'Body','SweptSolid',(#17844));
#17846=IFCPRODUCTDEFINITIONSHAPE($,$,(#17845));
#17852=IFCCARTESIANPOINT((0.,0.,18000.));
#17853=IFCDIRECTION((0.,0.,1.));
#17854=IFCDIRECTION((1.,0.,0.));
#17855=IFCAXIS2PLACEMENT3D(#17852,#17853,#17854);
#17856=IFCLOCALPLACEMENT($,#17855);
#17857=IFCPROPERTYSET('3$F2aWPpf8xxvnQ5Xf54LG',$,'Other',$,(#17859,#17860));
#17858=IFCRELDEFINESBYPROPERTIES('35LMxqgNf5$PvauAD0oMkX',$,$,$,(#17835),#17857);
#17859=IFCPROPERTYSINGLEVALUE('Ax',$,IFCLABEL('0.001'),$);
#17860=IFCPROPERTYSINGLEVALUE('Ay',$,IFCLABEL('0.001'),$);
#17861=IFCSLAB('3mwnM_4hX1rROmF3RnT_oV',$,$,$,$,#17882,#17872,$,$);
#17862=IFCCARTESIANPOINTLIST2D(((18000.,0.),(21000.,0.),(21000.,6000.),(18000.,6000.)));
#17863=IFCINDEXEDPOLYCURVE(#17862,(IFCLINEINDEX((1,2,3,4,1))),$);
#17864=IFCARBITRARYCLOSEDPROFILEDEF(.AREA.,'Arbitrary',#17863);
#17865=IFCCARTESIANPOINT((0.,0.,0.));
#17866=IFCDIRECTION((0.,0.,1.));
#17867=IFCDIRECTION((1.,0.,0.));
#17868=IFCAXIS2PLACEMENT3D(#17865,#17866,#17867);
#17869=IFCDIRECTION((0.,0.,1.));
#17870=IFCEXTRUDEDAREASOLID(#17864,#17868,#17869,-120.);
#17871=IFCSHAPEREPRESENTATION(#11,'Body','SweptSolid',(#17870));
#17872=IFCPRODUCTDEFINITIONSHAPE($,$,(#17871));
#17878=IFCCARTESIANPOINT((0.,0.,18000.));
#17879=IFCDIRECTION((0.,0.,1.));
#17880=IFCDIRECTION((1.,0.,0.));
#17881=IFCAXIS2PLACEMENT3D(#17878,#17879,#17880);
#17882=IFCLOCALPLACEMENT($,#17881);
#17883=IFCPROPERTYSET('0bIR8MioL7fvV9t6td73XI',$,'Other',$,(#17885,#17886));
#17884=IFCRELDEFINESBYPROPERTIES('0NdyLT00rCxRnrXZxukXWt',$,$,$,(#17861),#17883);
#17885=IFCPROPERTYSINGLEVALUE('Ax',$,IFCLABEL('0.001'),$);
#17886=IFCPROPERTYSINGLEVALUE('Ay',$,IFCLABEL('0.001'),$);
#17887=IFCSLAB('30Govnc$r2tPl6gJLs9nPJ',$,$,$,$,#17908,#17898,$,$);
#17888=IFCCARTESIANPOINTLIST2D(((21000.,0.),(24000.,0.),(24000.,6000.),(21000.,6000.)));
#17889=IFCINDEXEDPOLYCURVE(#17888,(IFCLINEINDEX((1,2,3,4,1))),$);
#17890=IFCARBITRARYCLOSEDPROFILEDEF(.AREA.,'Arbitrary',#17889);
#17891=IFCCARTESIANPOINT((0.,0.,0.));
#17892=IFCDIRECTION((0.,0.,1.));
#17893=IFCDIRECTION((1.,0.,0.));
#17894=IFCAXIS2PLACEMENT3D(#17891,#17892,#17893);
#17895=IFCDIRECTION((0.,0.,1.));
#17896=IFCEXTRUDEDAREASOLID(#17890,#17894,#17895,-120.);
#17897=IFCSHAPEREPRESENTATION(#11,'Body','SweptSolid',(#17896));
#17898=IFCPRODUCTDEFINITIONSHAPE($,$,(#17897));
#17904=IFCCARTESIANPOINT((0.,0.,18000.));
#17905=IFCDIRECTION((0.,0.,1.));
#17906=IFCDIRECTION((1.,0.,0.));
#17907=IFCAXIS2PLACEMENT3D(#17904,#17905,#17906);
#17908=IFCLOCALPLACEMENT($,#17907);
#17909=IFCPROPERTYSET('2ro411DaT3Vh8QEA5DNXSB',$,'Other',$,(#17911,#17912));
#17910=IFCRELDEFINESBYPROPERTIES('1QxfUqLd1EEu42F0LQndg_',$,$,$,(#17887),#17909);
#17911=IFCPROPERTYSINGLEVALUE('Ax',$,IFCLABEL('0.001'),$);
#17912=IFCPROPERTYSINGLEVALUE('Ay',$,IFCLABEL('0.001'),$);
#17913=IFCSLAB('2m9ZNgo2v5weBNaDInY2fA',$,$,$,$,#17934,#17924,$,$);
#17914=IFCCARTESIANPOINTLIST2D(((3000.,0.),(6000.,0.),(6000.,6000.),(3000.,6000.)));
#17915=IFCINDEXEDPOLYCURVE(#17914,(IFCLINEINDEX((1,2,3,4,1))),$);
#17916=IFCARBITRARYCLOSEDPROFILEDEF(.AREA.,'Arbitrary',#17915);
#17917=IFCCARTESIANPOINT((0.,0.,0.));
#17918=IFCDIRECTION((0.,0.,1.));
#17919=IFCDIRECTION((1.,0.,0.));
#17920=IFCAXIS2PLACEMENT3D(#17917,#17918,#17919);
#17921=IFCDIRECTION((0.,0.,1.));
#17922=IFCEXTRUDEDAREASOLID(#17916,#17920,#17921,-120.);
#17923=IFCSHAPEREPRESENTATION(#11,'Body','SweptSolid',(#17922));
#17924=IFCPRODUCTDEFINITIONSHAPE($,$,(#17923));
#17930=IFCCARTESIANPOINT((0.,0.,18000.));
#17931=IFCDIRECTION((0.,0.,1.));
#17932=IFCDIRECTION((1.,0.,0.));
#17933=IFCAXIS2PLACEMENT3D(#17930,#17931,#17932);
#17934=IFCLOCALPLACEMENT($,#17933);
#17935=IFCPROPERTYSET('2dyqijpR18bRYf5C5nB_8I',$,'Other',$,(#17937,#17938));
#17936=IFCRELDEFINESBYPROPERTIES('115EPYn$v16v2WdR9KkTmC',$,$,$,(#17913),#17935);
#17937=IFCPROPERTYSINGLEVALUE('Ax',$,IFCLABEL('0.001'),$);
#17938=IFCPROPERTYSINGLEVALUE('Ay',$,IFCLABEL('0.001'),$);
#17939=IFCSLAB('3Ggu_eGFzF89lCPpMQ92dS',$,$,$,$,#17960,#17950,$,$);
#17940=IFCCARTESIANPOINTLIST2D(((24000.,6000.),(27000.,6000.),(27000.,12000.),(24000.,12000.)));
#17941=IFCINDEXEDPOLYCURVE(#17940,(IFCLINEINDEX((1,2,3,4,1))),$);
#17942=IFCARBITRARYCLOSEDPROFILEDEF(.AREA.,'Arbitrary',#17941);
#17943=IFCCARTESIANPOINT((0.,0.,0.));
#17944=IFCDIRECTION((0.,0.,1.));
#17945=IFCDIRECTION((1.,0.,0.));
#17946=IFCAXIS2PLACEMENT3D(#17943,#17944,#17945);
#17947=IFCDIRECTION((0.,0.,1.));
#17948=IFCEXTRUDEDAREASOLID(#17942,#17946,#17947,-120.);
#17949=IFCSHAPEREPRESENTATION(#11,'Body','SweptSolid',(#17948));
#17950=IFCPRODUCTDEFINITIONSHAPE($,$,(#17949));
#17956=IFCCARTESIANPOINT((0.,0.,18000.));
#17957=IFCDIRECTION((0.,0.,1.));
#17958=IFCDIRECTION((1.,0.,0.));
#17959=IFCAXIS2PLACEMENT3D(#17956,#17957,#17958);
#17960=IFCLOCALPLACEMENT($,#17959);
#17961=IFCPROPERTYSET('266C3yNKj54gvCXBdZBHLZ',$,'Other',$,(#17963,#17964));
#17962=IFCRELDEFINESBYPROPERTIES('2yvVfAU7X5ZhZMw5qbg04t',$,$,$,(#17939),#17961);
#17963=IFCPROPERTYSINGLEVALUE('Ax',$,IFCLABEL('0.001'),$);
#17964=IFCPROPERTYSINGLEVALUE('Ay',$,IFCLABEL('0.001'),$);
#17965=IFCSLAB('3LKlekl9z9GgZsqB0nVZhK',$,$,$,$,#17986,#17976,$,$);
#17966=IFCCARTESIANPOINTLIST2D(((0.,6000.),(3000.,6000.),(3000.,12000.),(0.,12000.)));
#17967=IFCINDEXEDPOLYCURVE(#17966,(IFCLINEINDEX((1,2,3,4,1))),$);
#17968=IFCARBITRARYCLOSEDPROFILEDEF(.AREA.,'Arbitrary',#17967);
#17969=IFCCARTESIANPOINT((0.,0.,0.));
#17970=IFCDIRECTION((0.,0.,1.));
#17971=IFCDIRECTION((1.,0.,0.));
#17972=IFCAXIS2PLACEMENT3D(#17969,#17970,#17971);
#17973=IFCDIRECTION((0.,0.,1.));
#17974=IFCEXTRUDEDAREASOLID(#17968,#17972,#17973,-120.);
#17975=IFCSHAPEREPRESENTATION(#11,'Body','SweptSolid',(#17974));
#17976=IFCPRODUCTDEFINITIONSHAPE($,$,(#17975));
#17982=IFCCARTESIANPOINT((0.,0.,15000.));
#17983=IFCDIRECTION((0.,0.,1.));
#17984=IFCDIRECTION((1.,0.,0.));
#17985=IFCAXIS2PLACEMENT3D(#17982,#17983,#17984);
#17986=IFCLOCALPLACEMENT($,#17985);
#17987=IFCPROPERTYSET('2UwCmeSRjAMw$hlkb6wYpQ',$,'Other',$,(#17989,#17990));
#17988=IFCRELDEFINESBYPROPERTIES('0qq40065P1GBG_u$_bj6Tl',$,$,$,(#17965),#17987);
#17989=IFCPROPERTYSINGLEVALUE('Ax',$,IFCLABEL('0.001'),$);
#17990=IFCPROPERTYSINGLEVALUE('Ay',$,IFCLABEL('0.001'),$);
#17991=IFCSLAB('0b7CQ5pKf8tvKgfo$qI$$t',$,$,$,$,#18012,#18002,$,$);
#17992=IFCCARTESIANPOINTLIST2D(((3000.,6000.),(6000.,6000.),(6000.,12000.),(3000.,12000.)));
#17993=IFCINDEXEDPOLYCURVE(#17992,(IFCLINEINDEX((1,2,3,4,1))),$);
#17994=IFCARBITRARYCLOSEDPROFILEDEF(.AREA.,'Arbitrary',#17993);
#17995=IFCCARTESIANPOINT((0.,0.,0.));
#17996=IFCDIRECTION((0.,0.,1.));
#17997=IFCDIRECTION((1.,0.,0.));
#17998=IFCAXIS2PLACEMENT3D(#17995,#17996,#17997);
#17999=IFCDIRECTION((0.,0.,1.));
#18000=IFCEXTRUDEDAREASOLID(#17994,#17998,#17999,-120.);
#18001=IFCSHAPEREPRESENTATION(#11,'Body','SweptSolid',(#18000));
#18002=IFCPRODUCTDEFINITIONSHAPE($,$,(#18001));
#18008=IFCCARTESIANPOINT((0.,0.,15000.));
#18009=IFCDIRECTION((0.,0.,1.));
#18010=IFCDIRECTION((1.,0.,0.));
#18011=IFCAXIS2PLACEMENT3D(#18008,#18009,#18010);
#18012=IFCLOCALPLACEMENT($,#18011);
#18013=IFCPROPERTYSET('2R2COvR9L6e8KsA6f9OwZW',$,'Other',$,(#18015,#18016));
#18014=IFCRELDEFINESBYPROPERTIES('1pKQYdAE93PQD1UPcDtzXr',$,$,$,(#17991),#18013);
#18015=IFCPROPERTYSINGLEVALUE('Ax',$,IFCLABEL('0.001'),$);
#18016=IFCPROPERTYSINGLEVALUE('Ay',$,IFCLABEL('0.001'),$);
#18017=IFCSLAB('3Skv9vNyPA5OBnrpjCknkW',$,$,$,$,#18038,#18028,$,$);
#18018=IFCCARTESIANPOINTLIST2D(((0.,12000.),(3000.,12000.),(3000.,18000.),(0.,18000.)));
#18019=IFCINDEXEDPOLYCURVE(#18018,(IFCLINEINDEX((1,2,3,4,1))),$);
#18020=IFCARBITRARYCLOSEDPROFILEDEF(.AREA.,'Arbitrary',#18019);
#18021=IFCCARTESIANPOINT((0.,0.,0.));
#18022=IFCDIRECTION((0.,0.,1.));
#18023=IFCDIRECTION((1.,0.,0.));
#18024=IFCAXIS2PLACEMENT3D(#18021,#18022,#18023);
#18025=IFCDIRECTION((0.,0.,1.));
#18026=IFCEXTRUDEDAREASOLID(#18020,#18024,#18025,-120.);
#18027=IFCSHAPEREPRESENTATION(#11,'Body','SweptSolid',(#18026));
#18028=IFCPRODUCTDEFINITIONSHAPE($,$,(#18027));
#18034=IFCCARTESIANPOINT((0.,0.,15000.));
#18035=IFCDIRECTION((0.,0.,1.));
#18036=IFCDIRECTION((1.,0.,0.));
#18037=IFCAXIS2PLACEMENT3D(#18034,#18035,#18036);
#18038=IFCLOCALPLACEMENT($,#18037);
#18039=IFCPROPERTYSET('2pqXZsSGj9Tf_wwd$w8THQ',$,'Other',$,(#18041,#18042));
#18040=IFCRELDEFINESBYPROPERTIES('2scs3OJmT53AF4N6XD6NbF',$,$,$,(#18017),#18039);
#18041=IFCPROPERTYSINGLEVALUE('Ax',$,IFCLABEL('0.001'),$);
#18042=IFCPROPERTYSINGLEVALUE('Ay',$,IFCLABEL('0.001'),$);
#18043=IFCSLAB('2kXy3VSaL5HhD9n0DjzsN2',$,$,$,$,#18064,#18054,$,$);
#18044=IFCCARTESIANPOINTLIST2D(((3000.,12000.),(6000.,12000.),(6000.,18000.),(3000.,18000.)));
#18045=IFCINDEXEDPOLYCURVE(#18044,(IFCLINEINDEX((1,2,3,4,1))),$);
#18046=IFCARBITRARYCLOSEDPROFILEDEF(.AREA.,'Arbitrary',#18045);
#18047=IFCCARTESIANPOINT((0.,0.,0.));
#18048=IFCDIRECTION((0.,0.,1.));
#18049=IFCDIRECTION((1.,0.,0.));
#18050=IFCAXIS2PLACEMENT3D(#18047,#18048,#18049);
#18051=IFCDIRECTION((0.,0.,1.));
#18052=IFCEXTRUDEDAREASOLID(#18046,#18050,#18051,-120.);
#18053=IFCSHAPEREPRESENTATION(#11,'Body','SweptSolid',(#18052));
#18054=IFCPRODUCTDEFINITIONSHAPE($,$,(#18053));
#18060=IFCCARTESIANPOINT((0.,0.,15000.));
#18061=IFCDIRECTION((0.,0.,1.));
#18062=IFCDIRECTION((1.,0.,0.));
#18063=IFCAXIS2PLACEMENT3D(#18060,#18061,#18062);
#18064=IFCLOCALPLACEMENT($,#18063);
#18065=IFCPROPERTYSET('2_IRgFiW1AqOXU5DusLEql',$,'Other',$,(#18067,#18068));
#18066=IFCRELDEFINESBYPROPERTIES('1m6tbdwsf0_umOkhUTHHU7',$,$,$,(#18043),#18065);
#18067=IFCPROPERTYSINGLEVALUE('Ax',$,IFCLABEL('0.001'),$);
#18068=IFCPROPERTYSINGLEVALUE('Ay',$,IFCLABEL('0.001'),$);
#18069=IFCSLAB('2rUYlfX894v9N5lDfCC9xp',$,$,$,$,#18090,#18080,$,$);
#18070=IFCCARTESIANPOINTLIST2D(((6000.,12000.),(9000.,12000.),(9000.,18000.),(6000.,18000.)));
#18071=IFCINDEXEDPOLYCURVE(#18070,(IFCLINEINDEX((1,2,3,4,1))),$);
#18072=IFCARBITRARYCLOSEDPROFILEDEF(.AREA.,'Arbitrary',#18071);
#18073=IFCCARTESIANPOINT((0.,0.,0.));
#18074=IFCDIRECTION((0.,0.,1.));
#18075=IFCDIRECTION((1.,0.,0.));
#18076=IFCAXIS2PLACEMENT3D(#18073,#18074,#18075);
#18077=IFCDIRECTION((0.,0.,1.));
#18078=IFCEXTRUDEDAREASOLID(#18072,#18076,#18077,-120.);
#18079=IFCSHAPEREPRESENTATION(#11,'Body','SweptSolid',(#18078));
#18080=IFCPRODUCTDEFINITIONSHAPE($,$,(#18079));
#18086=IFCCARTESIANPOINT((0.,0.,15000.));
#18087=IFCDIRECTION((0.,0.,1.));
#18088=IFCDIRECTION((1.,0.,0.));
#18089=IFCAXIS2PLACEMENT3D(#18086,#18087,#18088);
#18090=IFCLOCALPLACEMENT($,#18089);
#18091=IFCPROPERTYSET('3YKC32m5f0Lx8MA5uGUZOM',$,'Other',$,(#18093,#18094));
#18092=IFCRELDEFINESBYPROPERTIES('3Zyddckcn2Rh2wKDIWpm7g',$,$,$,(#18069),#18091);
#18093=IFCPROPERTYSINGLEVALUE('Ax',$,IFCLABEL('0.001'),$);
#18094=IFCPROPERTYSINGLEVALUE('Ay',$,IFCLABEL('0.001'),$);
#18095=IFCSLAB('2nEDMfZhnB_hU7mWgUc2ut',$,$,$,$,#18116,#18106,$,$);
#18096=IFCCARTESIANPOINTLIST2D(((9000.,12000.),(12000.,12000.),(12000.,18000.),(9000.,18000.)));
#18097=IFCINDEXEDPOLYCURVE(#18096,(IFCLINEINDEX((1,2,3,4,1))),$);
#18098=IFCARBITRARYCLOSEDPROFILEDEF(.AREA.,'Arbitrary',#18097);
#18099=IFCCARTESIANPOINT((0.,0.,0.));
#18100=IFCDIRECTION((0.,0.,1.));
#18101=IFCDIRECTION((1.,0.,0.));
#18102=IFCAXIS2PLACEMENT3D(#18099,#18100,#18101);
#18103=IFCDIRECTION((0.,0.,1.));
#18104=IFCEXTRUDEDAREASOLID(#18098,#18102,#18103,-120.);
#18105=IFCSHAPEREPRESENTATION(#11,'Body','SweptSolid',(#18104));
#18106=IFCPRODUCTDEFINITIONSHAPE($,$,(#18105));
#18112=IFCCARTESIANPOINT((0.,0.,15000.));
#18113=IFCDIRECTION((0.,0.,1.));
#18114=IFCDIRECTION((1.,0.,0.));
#18115=IFCAXIS2PLACEMENT3D(#18112,#18113,#18114);
#18116=IFCLOCALPLACEMENT($,#18115);
#18117=IFCPROPERTYSET('0GRutauL10Nx4SL4Xhz31u',$,'Other',$,(#18119,#18120));
#18118=IFCRELDEFINESBYPROPERTIES('1lo5cqV5vFS9ezc4zxOZEl',$,$,$,(#18095),#18117);
#18119=IFCPROPERTYSINGLEVALUE('Ax',$,IFCLABEL('0.001'),$);
#18120=IFCPROPERTYSINGLEVALUE('Ay',$,IFCLABEL('0.001'),$);
#18121=IFCSLAB('0O$UtZu$f8B8mGf$3TaChW',$,$,$,$,#18142,#18132,$,$);
#18122=IFCCARTESIANPOINTLIST2D(((12000.,12000.),(15000.,12000.),(15000.,18000.),(12000.,18000.)));
#18123=IFCINDEXEDPOLYCURVE(#18122,(IFCLINEINDEX((1,2,3,4,1))),$);
#18124=IFCARBITRARYCLOSEDPROFILEDEF(.AREA.,'Arbitrary',#18123);
#18125=IFCCARTESIANPOINT((0.,0.,0.));
#18126=IFCDIRECTION((0.,0.,1.));
#18127=IFCDIRECTION((1.,0.,0.));
#18128=IFCAXIS2PLACEMENT3D(#18125,#18126,#18127);
#18129=IFCDIRECTION((0.,0.,1.));
#18130=IFCEXTRUDEDAREASOLID(#18124,#18128,#18129,-120.);
#18131=IFCSHAPEREPRESENTATION(#11,'Body','SweptSolid',(#18130));
#18132=IFCPRODUCTDEFINITIONSHAPE($,$,(#18131));
#18138=IFCCARTESIANPOINT((0.,0.,15000.));
#18139=IFCDIRECTION((0.,0.,1.));
#18140=IFCDIRECTION((1.,0.,0.));
#18141=IFCAXIS2PLACEMENT3D(#18138,#18139,#18140);
#18142=IFCLOCALPLACEMENT($,#18141);
#18143=IFCPROPERTYSET('0tdUnwpG9FKO$nn0jkvr1$',$,'Other',$,(#18145,#18146));
#18144=IFCRELDEFINESBYPROPERTIES('3C07t3T9D1d8LIOLv2yHxz',$,$,$,(#18121),#18143);
#18145=IFCPROPERTYSINGLEVALUE('Ax',$,IFCLABEL('0.001'),$);
#18146=IFCPROPERTYSINGLEVALUE('Ay',$,IFCLABEL('0.001'),$);
#18147=IFCSLAB('1DAVqOO1r53fHcYDpKZ$2o',$,$,$,$,#18168,#18158,$,$);
#18148=IFCCARTESIANPOINTLIST2D(((15000.,12000.),(18000.,12000.),(18000.,18000.),(15000.,18000.)));
#18149=IFCINDEXEDPOLYCURVE(#18148,(IFCLINEINDEX((1,2,3,4,1))),$);
#18150=IFCARBITRARYCLOSEDPROFILEDEF(.AREA.,'Arbitrary',#18149);
#18151=IFCCARTESIANPOINT((0.,0.,0.));
#18152=IFCDIRECTION((0.,0.,1.));
#18153=IFCDIRECTION((1.,0.,0.));
#18154=IFCAXIS2PLACEMENT3D(#18151,#18152,#18153);
#18155=IFCDIRECTION((0.,0.,1.));
#18156=IFCEXTRUDEDAREASOLID(#18150,#18154,#18155,-120.);
#18157=IFCSHAPEREPRESENTATION(#11,'Body','SweptSolid',(#18156));
#18158=IFCPRODUCTDEFINITIONSHAPE($,$,(#18157));
#18164=IFCCARTESIANPOINT((0.,0.,15000.));
#18165=IFCDIRECTION((0.,0.,1.));
#18166=IFCDIRECTION((1.,0.,0.));
#18167=IFCAXIS2PLACEMENT3D(#18164,#18165,#18166);
#18168=IFCLOCALPLACEMENT($,#18167);
#18169=IFCPROPERTYSET('0BcGC20Jv4UP3pjRkyR5t8',$,'Other',$,(#18171,#18172));
#18170=IFCRELDEFINESBYPROPERTIES('2y1k$MH$11O8fkShXgKEsD',$,$,$,(#18147),#18169);
#18171=IFCPROPERTYSINGLEVALUE('Ax',$,IFCLABEL('0.001'),$);
#18172=IFCPROPERTYSINGLEVALUE('Ay',$,IFCLABEL('0.001'),$);
#18173=IFCSLAB('0ugNKB$0jAhhcyIokAOLkv',$,$,$,$,#18194,#18184,$,$);
#18174=IFCCARTESIANPOINTLIST2D(((18000.,12000.),(21000.,12000.),(21000.,18000.),(18000.,18000.)));
#18175=IFCINDEXEDPOLYCURVE(#18174,(IFCLINEINDEX((1,2,3,4,1))),$);
#18176=IFCARBITRARYCLOSEDPROFILEDEF(.AREA.,'Arbitrary',#18175);
#18177=IFCCARTESIANPOINT((0.,0.,0.));
#18178=IFCDIRECTION((0.,0.,1.));
#18179=IFCDIRECTION((1.,0.,0.));
#18180=IFCAXIS2PLACEMENT3D(#18177,#18178,#18179);
#18181=IFCDIRECTION((0.,0.,1.));
#18182=IFCEXTRUDEDAREASOLID(#18176,#18180,#18181,-120.);
#18183=IFCSHAPEREPRESENTATION(#11,'Body','SweptSolid',(#18182));
#18184=IFCPRODUCTDEFINITIONSHAPE($,$,(#18183));
#18190=IFCCARTESIANPOINT((0.,0.,15000.));
#18191=IFCDIRECTION((0.,0.,1.));
#18192=IFCDIRECTION((1.,0.,0.));
#18193=IFCAXIS2PLACEMENT3D(#18190,#18191,#18192);
#18194=IFCLOCALPLACEMENT($,#18193);
#18195=IFCPROPERTYSET('1WyTGd4p1FrRLD2sa3vJ5b',$,'Other',$,(#18197,#18198));
#18196=IFCRELDEFINESBYPROPERTIES('2PuIcXF2n2QvQzpZb$H7Ap',$,$,$,(#18173),#18195);
#18197=IFCPROPERTYSINGLEVALUE('Ax',$,IFCLABEL('0.001'),$);
#18198=IFCPROPERTYSINGLEVALUE('Ay',$,IFCLABEL('0.001'),$);
#18199=IFCSLAB('3oIu7kHWH9CwXb3IXmE4_1',$,$,$,$,#18220,#18210,$,$);
#18200=IFCCARTESIANPOINTLIST2D(((21000.,12000.),(24000.,12000.),(24000.,18000.),(21000.,18000.)));
#18201=IFCINDEXEDPOLYCURVE(#18200,(IFCLINEINDEX((1,2,3,4,1))),$);
#18202=IFCARBITRARYCLOSEDPROFILEDEF(.AREA.,'Arbitrary',#18201);
#18203=IFCCARTESIANPOINT((0.,0.,0.));
#18204=IFCDIRECTION((0.,0.,1.));
#18205=IFCDIRECTION((1.,0.,0.));
#18206=IFCAXIS2PLACEMENT3D(#18203,#18204,#18205);
#18207=IFCDIRECTION((0.,0.,1.));
#18208=IFCEXTRUDEDAREASOLID(#18202,#18206,#18207,-120.);
#18209=IFCSHAPEREPRESENTATION(#11,'Body','SweptSolid',(#18208));
#18210=IFCPRODUCTDEFINITIONSHAPE($,$,(#18209));
#18216=IFCCARTESIANPOINT((0.,0.,15000.));
#18217=IFCDIRECTION((0.,0.,1.));
#18218=IFCDIRECTION((1.,0.,0.));
#18219=IFCAXIS2PLACEMENT3D(#18216,#18217,#18218);
#18220=IFCLOCALPLACEMENT($,#18219);
#18221=IFCPROPERTYSET('1G7uoIze1FqB2OYBYeQMBi',$,'Other',$,(#18223,#18224));
#18222=IFCRELDEFINESBYPROPERTIES('0lVkgq$9rF98ikkwXIDZBc',$,$,$,(#18199),#18221);
#18223=IFCPROPERTYSINGLEVALUE('Ax',$,IFCLABEL('0.001'),$);
#18224=IFCPROPERTYSINGLEVALUE('Ay',$,IFCLABEL('0.001'),$);
#18225=IFCSLAB('0MCITWfXvCog1ezXLzNvNL',$,$,$,$,#18246,#18236,$,$);
#18226=IFCCARTESIANPOINTLIST2D(((24000.,12000.),(27000.,12000.),(27000.,18000.),(24000.,18000.)));
#18227=IFCINDEXEDPOLYCURVE(#18226,(IFCLINEINDEX((1,2,3,4,1))),$);
#18228=IFCARBITRARYCLOSEDPROFILEDEF(.AREA.,'Arbitrary',#18227);
#18229=IFCCARTESIANPOINT((0.,0.,0.));
#18230=IFCDIRECTION((0.,0.,1.));
#18231=IFCDIRECTION((1.,0.,0.));
#18232=IFCAXIS2PLACEMENT3D(#18229,#18230,#18231);
#18233=IFCDIRECTION((0.,0.,1.));
#18234=IFCEXTRUDEDAREASOLID(#18228,#18232,#18233,-120.);
#18235=IFCSHAPEREPRESENTATION(#11,'Body','SweptSolid',(#18234));
#18236=IFCPRODUCTDEFINITIONSHAPE($,$,(#18235));
#18242=IFCCARTESIANPOINT((0.,0.,15000.));
#18243=IFCDIRECTION((0.,0.,1.));
#18244=IFCDIRECTION((1.,0.,0.));
#18245=IFCAXIS2PLACEMENT3D(#18242,#18243,#18244);
#18246=IFCLOCALPLACEMENT($,#18245);
#18247=IFCPROPERTYSET('1MgerUuuX3phTTtVvenEda',$,'Other',$,(#18249,#18250));
#18248=IFCRELDEFINESBYPROPERTIES('3UezvD4417SAWauToualNO',$,$,$,(#18225),#18247);
#18249=IFCPROPERTYSINGLEVALUE('Ax',$,IFCLABEL('0.001'),$);
#18250=IFCPROPERTYSINGLEVALUE('Ay',$,IFCLABEL('0.001'),$);
#18251=IFCSLAB('38M$KGAn966BWS6$ODytnm',$,$,$,$,#18272,#18262,$,$);
#18252=IFCCARTESIANPOINTLIST2D(((27000.,12000.),(30000.,12000.),(30000.,18000.),(27000.,18000.)));
#18253=IFCINDEXEDPOLYCURVE(#18252,(IFCLINEINDEX((1,2,3,4,1))),$);
#18254=IFCARBITRARYCLOSEDPROFILEDEF(.AREA.,'Arbitrary',#18253);
#18255=IFCCARTESIANPOINT((0.,0.,0.));
#18256=IFCDIRECTION((0.,0.,1.));
#18257=IFCDIRECTION((1.,0.,0.));
#18258=IFCAXIS2PLACEMENT3D(#18255,#18256,#18257);
#18259=IFCDIRECTION((0.,0.,1.));
#18260=IFCEXTRUDEDAREASOLID(#18254,#18258,#18259,-120.);
#18261=IFCSHAPEREPRESENTATION(#11,'Body','SweptSolid',(#18260));
#18262=IFCPRODUCTDEFINITIONSHAPE($,$,(#18261));
#18268=IFCCARTESIANPOINT((0.,0.,15000.));
#18269=IFCDIRECTION((0.,0.,1.));
#18270=IFCDIRECTION((1.,0.,0.));
#18271=IFCAXIS2PLACEMENT3D(#18268,#18269,#18270);
#18272=IFCLOCALPLACEMENT($,#18271);
#18273=IFCPROPERTYSET('3lBeWtLoDBGBZ1DIA4dWdb',$,'Other',$,(#18275,#18276));
#18274=IFCRELDEFINESBYPROPERTIES('0Khh6$m_j2POTOHb8ItRB7',$,$,$,(#18251),#18273);
#18275=IFCPROPERTYSINGLEVALUE('Ax',$,IFCLABEL('0.001'),$);
#18276=IFCPROPERTYSINGLEVALUE('Ay',$,IFCLABEL('0.001'),$);
#18277=IFCSLAB('0$HobvXG1DAwGhxcsBU$Gj',$,$,$,$,#18298,#18288,$,$);
#18278=IFCCARTESIANPOINTLIST2D(((6000.,6000.),(9000.,6000.),(9000.,12000.),(6000.,12000.)));
#18279=IFCINDEXEDPOLYCURVE(#18278,(IFCLINEINDEX((1,2,3,4,1))),$);
#18280=IFCARBITRARYCLOSEDPROFILEDEF(.AREA.,'Arbitrary',#18279);
#18281=IFCCARTESIANPOINT((0.,0.,0.));
#18282=IFCDIRECTION((0.,0.,1.));
#18283=IFCDIRECTION((1.,0.,0.));
#18284=IFCAXIS2PLACEMENT3D(#18281,#18282,#18283);
#18285=IFCDIRECTION((0.,0.,1.));
#18286=IFCEXTRUDEDAREASOLID(#18280,#18284,#18285,-120.);
#18287=IFCSHAPEREPRESENTATION(#11,'Body','SweptSolid',(#18286));
#18288=IFCPRODUCTDEFINITIONSHAPE($,$,(#18287));
#18294=IFCCARTESIANPOINT((0.,0.,15000.));
#18295=IFCDIRECTION((0.,0.,1.));
#18296=IFCDIRECTION((1.,0.,0.));
#18297=IFCAXIS2PLACEMENT3D(#18294,#18295,#18296);
#18298=IFCLOCALPLACEMENT($,#18297);
#18299=IFCPROPERTYSET('0CUuU9Zfn2euWx5oLd1APR',$,'Other',$,(#18301,#18302));
#18300=IFCRELDEFINESBYPROPERTIES('1BIuIglg5DaRf82QiUYLI0',$,$,$,(#18277),#18299);
#18301=IFCPROPERTYSINGLEVALUE('Ax',$,IFCLABEL('0.001'),$);
#18302=IFCPROPERTYSINGLEVALUE('Ay',$,IFCLABEL('0.001'),$);
#18303=IFCSLAB('0GRY8yVfP0g8HC2nKVCORO',$,$,$,$,#18324,#18314,$,$);
#18304=IFCCARTESIANPOINTLIST2D(((9000.,6000.),(12000.,6000.),(12000.,12000.),(9000.,12000.)));
#18305=IFCINDEXEDPOLYCURVE(#18304,(IFCLINEINDEX((1,2,3,4,1))),$);
#18306=IFCARBITRARYCLOSEDPROFILEDEF(.AREA.,'Arbitrary',#18305);
#18307=IFCCARTESIANPOINT((0.,0.,0.));
#18308=IFCDIRECTION((0.,0.,1.));
#18309=IFCDIRECTION((1.,0.,0.));
#18310=IFCAXIS2PLACEMENT3D(#18307,#18308,#18309);
#18311=IFCDIRECTION((0.,0.,1.));
#18312=IFCEXTRUDEDAREASOLID(#18306,#18310,#18311,-120.);
#18313=IFCSHAPEREPRESENTATION(#11,'Body','SweptSolid',(#18312));
#18314=IFCPRODUCTDEFINITIONSHAPE($,$,(#18313));
#18320=IFCCARTESIANPOINT((0.,0.,15000.));
#18321=IFCDIRECTION((0.,0.,1.));
#18322=IFCDIRECTION((1.,0.,0.));
#18323=IFCAXIS2PLACEMENT3D(#18320,#18321,#18322);
#18324=IFCLOCALPLACEMENT($,#18323);
#18325=IFCPROPERTYSET('1Xo0wUoivAtBdB9loZD3EZ',$,'Other',$,(#18327,#18328));
#18326=IFCRELDEFINESBYPROPERTIES('37R53fjBz3ygv0_is28_HW',$,$,$,(#18303),#18325);
#18327=IFCPROPERTYSINGLEVALUE('Ax',$,IFCLABEL('0.001'),$);
#18328=IFCPROPERTYSINGLEVALUE('Ay',$,IFCLABEL('0.001'),$);
#18329=IFCSLAB('0Y_OqvmhzCy9N5dcoepHXt',$,$,$,$,#18350,#18340,$,$);
#18330=IFCCARTESIANPOINTLIST2D(((12000.,6000.),(15000.,6000.),(15000.,12000.),(12000.,12000.)));
#18331=IFCINDEXEDPOLYCURVE(#18330,(IFCLINEINDEX((1,2,3,4,1))),$);
#18332=IFCARBITRARYCLOSEDPROFILEDEF(.AREA.,'Arbitrary',#18331);
#18333=IFCCARTESIANPOINT((0.,0.,0.));
#18334=IFCDIRECTION((0.,0.,1.));
#18335=IFCDIRECTION((1.,0.,0.));
#18336=IFCAXIS2PLACEMENT3D(#18333,#18334,#18335);
#18337=IFCDIRECTION((0.,0.,1.));
#18338=IFCEXTRUDEDAREASOLID(#18332,#18336,#18337,-120.);
#18339=IFCSHAPEREPRESENTATION(#11,'Body','SweptSolid',(#18338));
#18340=IFCPRODUCTDEFINITIONSHAPE($,$,(#18339));
#18346=IFCCARTESIANPOINT((0.,0.,15000.));
#18347=IFCDIRECTION((0.,0.,1.));
#18348=IFCDIRECTION((1.,0.,0.));
#18349=IFCAXIS2PLACEMENT3D(#18346,#18347,#18348);
#18350=IFCLOCALPLACEMENT($,#18349);
#18351=IFCPROPERTYSET('0N2YeMxcX3og$E3cWmYm$d',$,'Other',$,(#18353,#18354));
#18352=IFCRELDEFINESBYPROPERTIES('1I3mlHIwv7BedD3CnYnZjY',$,$,$,(#18329),#18351);
#18353=IFCPROPERTYSINGLEVALUE('Ax',$,IFCLABEL('0.001'),$);
#18354=IFCPROPERTYSINGLEVALUE('Ay',$,IFCLABEL('0.001'),$);
#18355=IFCSLAB('2jRTKToEP8ghOxyOmpPXtk',$,$,$,$,#18376,#18366,$,$);
#18356=IFCCARTESIANPOINTLIST2D(((15000.,6000.),(18000.,6000.),(18000.,12000.),(15000.,12000.)));
#18357=IFCINDEXEDPOLYCURVE(#18356,(IFCLINEINDEX((1,2,3,4,1))),$);
#18358=IFCARBITRARYCLOSEDPROFILEDEF(.AREA.,'Arbitrary',#18357);
#18359=IFCCARTESIANPOINT((0.,0.,0.));
#18360=IFCDIRECTION((0.,0.,1.));
#18361=IFCDIRECTION((1.,0.,0.));
#18362=IFCAXIS2PLACEMENT3D(#18359,#18360,#18361);
#18363=IFCDIRECTION((0.,0.,1.));
#18364=IFCEXTRUDEDAREASOLID(#18358,#18362,#18363,-120.);
#18365=IFCSHAPEREPRESENTATION(#11,'Body','SweptSolid',(#18364));
#18366=IFCPRODUCTDEFINITIONSHAPE($,$,(#18365));
#18372=IFCCARTESIANPOINT((0.,0.,15000.));
#18373=IFCDIRECTION((0.,0.,1.));
#18374=IFCDIRECTION((1.,0.,0.));
#18375=IFCAXIS2PLACEMENT3D(#18372,#18373,#18374);
#18376=IFCLOCALPLACEMENT($,#18375);
#18377=IFCPROPERTYSET('3VkraMUpv9i8zuM3h$4H70',$,'Other',$,(#18379,#18380));
#18378=IFCRELDEFINESBYPROPERTIES('38$J3l$CX01PG_NLuY_2WG',$,$,$,(#18355),#18377);
#18379=IFCPROPERTYSINGLEVALUE('Ax',$,IFCLABEL('0.001'),$);
#18380=IFCPROPERTYSINGLEVALUE('Ay',$,IFCLABEL('0.001'),$);
#18381=IFCSLAB('2ubhw_m01AfOpZPYQfIgYr',$,$,$,$,#18402,#18392,$,$);
#18382=IFCCARTESIANPOINTLIST2D(((18000.,6000.),(21000.,6000.),(21000.,12000.),(18000.,12000.)));
#18383=IFCINDEXEDPOLYCURVE(#18382,(IFCLINEINDEX((1,2,3,4,1))),$);
#18384=IFCARBITRARYCLOSEDPROFILEDEF(.AREA.,'Arbitrary',#18383);
#18385=IFCCARTESIANPOINT((0.,0.,0.));
#18386=IFCDIRECTION((0.,0.,1.));
#18387=IFCDIRECTION((1.,0.,0.));
#18388=IFCAXIS2PLACEMENT3D(#18385,#18386,#18387);
#18389=IFCDIRECTION((0.,0.,1.));
#18390=IFCEXTRUDEDAREASOLID(#18384,#18388,#18389,-120.);
#18391=IFCSHAPEREPRESENTATION(#11,'Body','SweptSolid',(#18390));
#18392=IFCPRODUCTDEFINITIONSHAPE($,$,(#18391));
#18398=IFCCARTESIANPOINT((0.,0.,15000.));
#18399=IFCDIRECTION((0.,0.,1.));
#18400=IFCDIRECTION((1.,0.,0.));
#18401=IFCAXIS2PLACEMENT3D(#18398,#18399,#18400);
#18402=IFCLOCALPLACEMENT($,#18401);
#18403=IFCPROPERTYSET('04fu2__1TEvQ86rMDE2xQD',$,'Other',$,(#18405,#18406));
#18404=IFCRELDEFINESBYPROPERTIES('0LidVNJbD4H9eNGlZfySnI',$,$,$,(#18381),#18403);
#18405=IFCPROPERTYSINGLEVALUE('Ax',$,IFCLABEL('0.001'),$);
#18406=IFCPROPERTYSINGLEVALUE('Ay',$,IFCLABEL('0.001'),$);
#18407=IFCSLAB('0noIS9CL17y84ks6YNx40Y',$,$,$,$,#18428,#18418,$,$);
#18408=IFCCARTESIANPOINTLIST2D(((21000.,6000.),(24000.,6000.),(24000.,12000.),(21000.,12000.)));
#18409=IFCINDEXEDPOLYCURVE(#18408,(IFCLINEINDEX((1,2,3,4,1))),$);
#18410=IFCARBITRARYCLOSEDPROFILEDEF(.AREA.,'Arbitrary',#18409);
#18411=IFCCARTESIANPOINT((0.,0.,0.));
#18412=IFCDIRECTION((0.,0.,1.));
#18413=IFCDIRECTION((1.,0.,0.));
#18414=IFCAXIS2PLACEMENT3D(#18411,#18412,#18413);
#18415=IFCDIRECTION((0.,0.,1.));
#18416=IFCEXTRUDEDAREASOLID(#18410,#18414,#18415,-120.);
#18417=IFCSHAPEREPRESENTATION(#11,'Body','SweptSolid',(#18416));
#18418=IFCPRODUCTDEFINITIONSHAPE($,$,(#18417));
#18424=IFCCARTESIANPOINT((0.,0.,15000.));
#18425=IFCDIRECTION((0.,0.,1.));
#18426=IFCDIRECTION((1.,0.,0.));
#18427=IFCAXIS2PLACEMENT3D(#18424,#18425,#18426);
#18428=IFCLOCALPLACEMENT($,#18427);
#18429=IFCPROPERTYSET('2LBJb2bfP22fDWVWKGDFpL',$,'Other',$,(#18431,#18432));
#18430=IFCRELDEFINESBYPROPERTIES('3KloChfxz7P81Lmn3LSf6e',$,$,$,(#18407),#18429);
#18431=IFCPROPERTYSINGLEVALUE('Ax',$,IFCLABEL('0.001'),$);
#18432=IFCPROPERTYSINGLEVALUE('Ay',$,IFCLABEL('0.001'),$);
#18433=IFCSLAB('2bwg9vJLD9peqjKy2Og6Tb',$,$,$,$,#18454,#18444,$,$);
#18434=IFCCARTESIANPOINTLIST2D(((6000.,0.),(9000.,0.),(9000.,6000.),(6000.,6000.)));
#18435=IFCINDEXEDPOLYCURVE(#18434,(IFCLINEINDEX((1,2,3,4,1))),$);
#18436=IFCARBITRARYCLOSEDPROFILEDEF(.AREA.,'Arbitrary',#18435);
#18437=IFCCARTESIANPOINT((0.,0.,0.));
#18438=IFCDIRECTION((0.,0.,1.));
#18439=IFCDIRECTION((1.,0.,0.));
#18440=IFCAXIS2PLACEMENT3D(#18437,#18438,#18439);
#18441=IFCDIRECTION((0.,0.,1.));
#18442=IFCEXTRUDEDAREASOLID(#18436,#18440,#18441,-120.);
#18443=IFCSHAPEREPRESENTATION(#11,'Body','SweptSolid',(#18442));
#18444=IFCPRODUCTDEFINITIONSHAPE($,$,(#18443));
#18450=IFCCARTESIANPOINT((0.,0.,15000.));
#18451=IFCDIRECTION((0.,0.,1.));
#18452=IFCDIRECTION((1.,0.,0.));
#18453=IFCAXIS2PLACEMENT3D(#18450,#18451,#18452);
#18454=IFCLOCALPLACEMENT($,#18453);
#18455=IFCPROPERTYSET('0h5UBRIoP7vQSD3FJI3pxT',$,'Other',$,(#18457,#18458));
#18456=IFCRELDEFINESBYPROPERTIES('2XsgVlvvb8ZQXwL7TK88wm',$,$,$,(#18433),#18455);
#18457=IFCPROPERTYSINGLEVALUE('Ax',$,IFCLABEL('0.001'),$);
#18458=IFCPROPERTYSINGLEVALUE('Ay',$,IFCLABEL('0.001'),$);
#18459=IFCSLAB('3Y4hkZJVzEGvFV1$jpceH8',$,$,$,$,#18480,#18470,$,$);
#18460=IFCCARTESIANPOINTLIST2D(((9000.,0.),(12000.,0.),(12000.,6000.),(9000.,6000.)));
#18461=IFCINDEXEDPOLYCURVE(#18460,(IFCLINEINDEX((1,2,3,4,1))),$);
#18462=IFCARBITRARYCLOSEDPROFILEDEF(.AREA.,'Arbitrary',#18461);
#18463=IFCCARTESIANPOINT((0.,0.,0.));
#18464=IFCDIRECTION((0.,0.,1.));
#18465=IFCDIRECTION((1.,0.,0.));
#18466=IFCAXIS2PLACEMENT3D(#18463,#18464,#18465);
#18467=IFCDIRECTION((0.,0.,1.));
#18468=IFCEXTRUDEDAREASOLID(#18462,#18466,#18467,-120.);
#18469=IFCSHAPEREPRESENTATION(#11,'Body','SweptSolid',(#18468));
#18470=IFCPRODUCTDEFINITIONSHAPE($,$,(#18469));
#18476=IFCCARTESIANPOINT((0.,0.,15000.));
#18477=IFCDIRECTION((0.,0.,1.));
#18478=IFCDIRECTION((1.,0.,0.));
#18479=IFCAXIS2PLACEMENT3D(#18476,#18477,#18478);
#18480=IFCLOCALPLACEMENT($,#18479);
#18481=IFCPROPERTYSET('1BghOZLdz5POGShfQUV7Je',$,'Other',$,(#18483,#18484));
#18482=IFCRELDEFINESBYPROPERTIES('02wo_rH65ALQ8MmBsCaDFo',$,$,$,(#18459),#18481);
#18483=IFCPROPERTYSINGLEVALUE('Ax',$,IFCLABEL('0.001'),$);
#18484=IFCPROPERTYSINGLEVALUE('Ay',$,IFCLABEL('0.001'),$);
#18485=IFCSLAB('1B4H71CB5AdgUcbnb05nDI',$,$,$,$,#18506,#18496,$,$);
#18486=IFCCARTESIANPOINTLIST2D(((12000.,0.),(15000.,0.),(15000.,6000.),(12000.,6000.)));
#18487=IFCINDEXEDPOLYCURVE(#18486,(IFCLINEINDEX((1,2,3,4,1))),$);
#18488=IFCARBITRARYCLOSEDPROFILEDEF(.AREA.,'Arbitrary',#18487);
#18489=IFCCARTESIANPOINT((0.,0.,0.));
#18490=IFCDIRECTION((0.,0.,1.));
#18491=IFCDIRECTION((1.,0.,0.));
#18492=IFCAXIS2PLACEMENT3D(#18489,#18490,#18491);
#18493=IFCDIRECTION((0.,0.,1.));
#18494=IFCEXTRUDEDAREASOLID(#18488,#18492,#18493,-120.);
#18495=IFCSHAPEREPRESENTATION(#11,'Body','SweptSolid',(#18494));
#18496=IFCPRODUCTDEFINITIONSHAPE($,$,(#18495));
#18502=IFCCARTESIANPOINT((0.,0.,15000.));
#18503=IFCDIRECTION((0.,0.,1.));
#18504=IFCDIRECTION((1.,0.,0.));
#18505=IFCAXIS2PLACEMENT3D(#18502,#18503,#18504);
#18506=IFCLOCALPLACEMENT($,#18505);
#18507=IFCPROPERTYSET('1L0jQDL2z1dQFXwj1FDNXI',$,'Other',$,(#18509,#18510));
#18508=IFCRELDEFINESBYPROPERTIES('2I2FqusyPAIviblODFk2$5',$,$,$,(#18485),#18507);
#18509=IFCPROPERTYSINGLEVALUE('Ax',$,IFCLABEL('0.001'),$);
#18510=IFCPROPERTYSINGLEVALUE('Ay',$,IFCLABEL('0.001'),$);
#18511=IFCSLAB('1KkwGXDnLDcQ4bebUZKzuS',$,$,$,$,#18532,#18522,$,$);
#18512=IFCCARTESIANPOINTLIST2D(((15000.,0.),(18000.,0.),(18000.,6000.),(15000.,6000.)));
#18513=IFCINDEXEDPOLYCURVE(#18512,(IFCLINEINDEX((1,2,3,4,1))),$);
#18514=IFCARBITRARYCLOSEDPROFILEDEF(.AREA.,'Arbitrary',#18513);
#18515=IFCCARTESIANPOINT((0.,0.,0.));
#18516=IFCDIRECTION((0.,0.,1.));
#18517=IFCDIRECTION((1.,0.,0.));
#18518=IFCAXIS2PLACEMENT3D(#18515,#18516,#18517);
#18519=IFCDIRECTION((0.,0.,1.));
#18520=IFCEXTRUDEDAREASOLID(#18514,#18518,#18519,-120.);
#18521=IFCSHAPEREPRESENTATION(#11,'Body','SweptSolid',(#18520));
#18522=IFCPRODUCTDEFINITIONSHAPE($,$,(#18521));
#18528=IFCCARTESIANPOINT((0.,0.,15000.));
#18529=IFCDIRECTION((0.,0.,1.));
#18530=IFCDIRECTION((1.,0.,0.));
#18531=IFCAXIS2PLACEMENT3D(#18528,#18529,#18530);
#18532=IFCLOCALPLACEMENT($,#18531);
#18533=IFCPROPERTYSET('2JQMxDJF90l90bYwZNxukp',$,'Other',$,(#18535,#18536));
#18534=IFCRELDEFINESBYPROPERTIES('2HqVwPpYL1RxZRWdCP1uZi',$,$,$,(#18511),#18533);
#18535=IFCPROPERTYSINGLEVALUE('Ax',$,IFCLABEL('0.001'),$);
#18536=IFCPROPERTYSINGLEVALUE('Ay',$,IFCLABEL('0.001'),$);
#18537=IFCSLAB('3DqhEJ2tz7nR$S9UGHtbuG',$,$,$,$,#18558,#18548,$,$);
#18538=IFCCARTESIANPOINTLIST2D(((18000.,0.),(21000.,0.),(21000.,6000.),(18000.,6000.)));
#18539=IFCINDEXEDPOLYCURVE(#18538,(IFCLINEINDEX((1,2,3,4,1))),$);
#18540=IFCARBITRARYCLOSEDPROFILEDEF(.AREA.,'Arbitrary',#18539);
#18541=IFCCARTESIANPOINT((0.,0.,0.));
#18542=IFCDIRECTION((0.,0.,1.));
#18543=IFCDIRECTION((1.,0.,0.));
#18544=IFCAXIS2PLACEMENT3D(#18541,#18542,#18543);
#18545=IFCDIRECTION((0.,0.,1.));
#18546=IFCEXTRUDEDAREASOLID(#18540,#18544,#18545,-120.);
#18547=IFCSHAPEREPRESENTATION(#11,'Body','SweptSolid',(#18546));
#18548=IFCPRODUCTDEFINITIONSHAPE($,$,(#18547));
#18554=IFCCARTESIANPOINT((0.,0.,15000.));
#18555=IFCDIRECTION((0.,0.,1.));
#18556=IFCDIRECTION((1.,0.,0.));
#18557=IFCAXIS2PLACEMENT3D(#18554,#18555,#18556);
#18558=IFCLOCALPLACEMENT($,#18557);
#18559=IFCPROPERTYSET('2dPpSqR6v4SOZpWeTzXb$o',$,'Other',$,(#18561,#18562));
#18560=IFCRELDEFINESBYPROPERTIES('0F1LCEmvr2tPNuRtgJsL2j',$,$,$,(#18537),#18559);
#18561=IFCPROPERTYSINGLEVALUE('Ax',$,IFCLABEL('0.001'),$);
#18562=IFCPROPERTYSINGLEVALUE('Ay',$,IFCLABEL('0.001'),$);
#18563=IFCSLAB('0reR4Fh5T7MuBJFcQg9E$5',$,$,$,$,#18584,#18574,$,$);
#18564=IFCCARTESIANPOINTLIST2D(((21000.,0.),(24000.,0.),(24000.,6000.),(21000.,6000.)));
#18565=IFCINDEXEDPOLYCURVE(#18564,(IFCLINEINDEX((1,2,3,4,1))),$);
#18566=IFCARBITRARYCLOSEDPROFILEDEF(.AREA.,'Arbitrary',#18565);
#18567=IFCCARTESIANPOINT((0.,0.,0.));
#18568=IFCDIRECTION((0.,0.,1.));
#18569=IFCDIRECTION((1.,0.,0.));
#18570=IFCAXIS2PLACEMENT3D(#18567,#18568,#18569);
#18571=IFCDIRECTION((0.,0.,1.));
#18572=IFCEXTRUDEDAREASOLID(#18566,#18570,#18571,-120.);
#18573=IFCSHAPEREPRESENTATION(#11,'Body','SweptSolid',(#18572));
#18574=IFCPRODUCTDEFINITIONSHAPE($,$,(#18573));
#18580=IFCCARTESIANPOINT((0.,0.,15000.));
#18581=IFCDIRECTION((0.,0.,1.));
#18582=IFCDIRECTION((1.,0.,0.));
#18583=IFCAXIS2PLACEMENT3D(#18580,#18581,#18582);
#18584=IFCLOCALPLACEMENT($,#18583);
#18585=IFCPROPERTYSET('39Mogwnzf4Tx02sZI9pk7$',$,'Other',$,(#18587,#18588));
#18586=IFCRELDEFINESBYPROPERTIES('1_X7XYCCHFoOqivdR2wi1C',$,$,$,(#18563),#18585);
#18587=IFCPROPERTYSINGLEVALUE('Ax',$,IFCLABEL('0.001'),$);
#18588=IFCPROPERTYSINGLEVALUE('Ay',$,IFCLABEL('0.001'),$);
#18589=IFCSLAB('2HBo28qSL8_xLFpe9P$NoL',$,$,$,$,#18610,#18600,$,$);
#18590=IFCCARTESIANPOINTLIST2D(((3000.,0.),(6000.,0.),(6000.,6000.),(3000.,6000.)));
#18591=IFCINDEXEDPOLYCURVE(#18590,(IFCLINEINDEX((1,2,3,4,1))),$);
#18592=IFCARBITRARYCLOSEDPROFILEDEF(.AREA.,'Arbitrary',#18591);
#18593=IFCCARTESIANPOINT((0.,0.,0.));
#18594=IFCDIRECTION((0.,0.,1.));
#18595=IFCDIRECTION((1.,0.,0.));
#18596=IFCAXIS2PLACEMENT3D(#18593,#18594,#18595);
#18597=IFCDIRECTION((0.,0.,1.));
#18598=IFCEXTRUDEDAREASOLID(#18592,#18596,#18597,-120.);
#18599=IFCSHAPEREPRESENTATION(#11,'Body','SweptSolid',(#18598));
#18600=IFCPRODUCTDEFINITIONSHAPE($,$,(#18599));
#18606=IFCCARTESIANPOINT((0.,0.,15000.));
#18607=IFCDIRECTION((0.,0.,1.));
#18608=IFCDIRECTION((1.,0.,0.));
#18609=IFCAXIS2PLACEMENT3D(#18606,#18607,#18608);
#18610=IFCLOCALPLACEMENT($,#18609);
#18611=IFCPROPERTYSET('3PHMNZqiX9JB_uTp7O5s8x',$,'Other',$,(#18613,#18614));
#18612=IFCRELDEFINESBYPROPERTIES('1jzC1jw6f8_QBCBTOfUqQ1',$,$,$,(#18589),#18611);
#18613=IFCPROPERTYSINGLEVALUE('Ax',$,IFCLABEL('0.001'),$);
#18614=IFCPROPERTYSINGLEVALUE('Ay',$,IFCLABEL('0.001'),$);
#18615=IFCSLAB('011H5MxvrFb8Dj3YaRBGcM',$,$,$,$,#18636,#18626,$,$);
#18616=IFCCARTESIANPOINTLIST2D(((24000.,6000.),(27000.,6000.),(27000.,12000.),(24000.,12000.)));
#18617=IFCINDEXEDPOLYCURVE(#18616,(IFCLINEINDEX((1,2,3,4,1))),$);
#18618=IFCARBITRARYCLOSEDPROFILEDEF(.AREA.,'Arbitrary',#18617);
#18619=IFCCARTESIANPOINT((0.,0.,0.));
#18620=IFCDIRECTION((0.,0.,1.));
#18621=IFCDIRECTION((1.,0.,0.));
#18622=IFCAXIS2PLACEMENT3D(#18619,#18620,#18621);
#18623=IFCDIRECTION((0.,0.,1.));
#18624=IFCEXTRUDEDAREASOLID(#18618,#18622,#18623,-120.);
#18625=IFCSHAPEREPRESENTATION(#11,'Body','SweptSolid',(#18624));
#18626=IFCPRODUCTDEFINITIONSHAPE($,$,(#18625));
#18632=IFCCARTESIANPOINT((0.,0.,15000.));
#18633=IFCDIRECTION((0.,0.,1.));
#18634=IFCDIRECTION((1.,0.,0.));
#18635=IFCAXIS2PLACEMENT3D(#18632,#18633,#18634);
#18636=IFCLOCALPLACEMENT($,#18635);
#18637=IFCPROPERTYSET('1Z4QcxImb33QSsUA2nII4y',$,'Other',$,(#18639,#18640));
#18638=IFCRELDEFINESBYPROPERTIES('05HfTMWw958eEVk6PjCucb',$,$,$,(#18615),#18637);
#18639=IFCPROPERTYSINGLEVALUE('Ax',$,IFCLABEL('0.001'),$);
#18640=IFCPROPERTYSINGLEVALUE('Ay',$,IFCLABEL('0.001'),$);
#18641=IFCSLAB('0_7ZBBrDfF_9lScnYtoSO9',$,$,$,$,#18662,#18652,$,$);
#18642=IFCCARTESIANPOINTLIST2D(((0.,6000.),(3000.,6000.),(3000.,12000.),(0.,12000.)));
#18643=IFCINDEXEDPOLYCURVE(#18642,(IFCLINEINDEX((1,2,3,4,1))),$);
#18644=IFCARBITRARYCLOSEDPROFILEDEF(.AREA.,'Arbitrary',#18643);
#18645=IFCCARTESIANPOINT((0.,0.,0.));
#18646=IFCDIRECTION((0.,0.,1.));
#18647=IFCDIRECTION((1.,0.,0.));
#18648=IFCAXIS2PLACEMENT3D(#18645,#18646,#18647);
#18649=IFCDIRECTION((0.,0.,1.));
#18650=IFCEXTRUDEDAREASOLID(#18644,#18648,#18649,-120.);
#18651=IFCSHAPEREPRESENTATION(#11,'Body','SweptSolid',(#18650));
#18652=IFCPRODUCTDEFINITIONSHAPE($,$,(#18651));
#18658=IFCCARTESIANPOINT((0.,0.,12000.));
#18659=IFCDIRECTION((0.,0.,1.));
#18660=IFCDIRECTION((1.,0.,0.));
#18661=IFCAXIS2PLACEMENT3D(#18658,#18659,#18660);
#18662=IFCLOCALPLACEMENT($,#18661);
#18663=IFCPROPERTYSET('0y6Vk8DAX4wAtCvX7y_lsZ',$,'Other',$,(#18665,#18666));
#18664=IFCRELDEFINESBYPROPERTIES('2Vkbe5nLL1kPwfrnNwDidp',$,$,$,(#18641),#18663);
#18665=IFCPROPERTYSINGLEVALUE('Ax',$,IFCLABEL('0.001'),$);
#18666=IFCPROPERTYSINGLEVALUE('Ay',$,IFCLABEL('0.001'),$);
#18667=IFCSLAB('3XZgg3Lz5638Lt0ztW3Lqo',$,$,$,$,#18688,#18678,$,$);
#18668=IFCCARTESIANPOINTLIST2D(((3000.,6000.),(6000.,6000.),(6000.,12000.),(3000.,12000.)));
#18669=IFCINDEXEDPOLYCURVE(#18668,(IFCLINEINDEX((1,2,3,4,1))),$);
#18670=IFCARBITRARYCLOSEDPROFILEDEF(.AREA.,'Arbitrary',#18669);
#18671=IFCCARTESIANPOINT((0.,0.,0.));
#18672=IFCDIRECTION((0.,0.,1.));
#18673=IFCDIRECTION((1.,0.,0.));
#18674=IFCAXIS2PLACEMENT3D(#18671,#18672,#18673);
#18675=IFCDIRECTION((0.,0.,1.));
#18676=IFCEXTRUDEDAREASOLID(#18670,#18674,#18675,-120.);
#18677=IFCSHAPEREPRESENTATION(#11,'Body','SweptSolid',(#18676));
#18678=IFCPRODUCTDEFINITIONSHAPE($,$,(#18677));
#18684=IFCCARTESIANPOINT((0.,0.,12000.));
#18685=IFCDIRECTION((0.,0.,1.));
#18686=IFCDIRECTION((1.,0.,0.));
#18687=IFCAXIS2PLACEMENT3D(#18684,#18685,#18686);
#18688=IFCLOCALPLACEMENT($,#18687);
#18689=IFCPROPERTYSET('2aYfJNBGLASwD9aA1mxgRL',$,'Other',$,(#18691,#18692));
#18690=IFCRELDEFINESBYPROPERTIES('1tDbOBpZfBsP5sJY7Xlb7F',$,$,$,(#18667),#18689);
#18691=IFCPROPERTYSINGLEVALUE('Ax',$,IFCLABEL('0.001'),$);
#18692=IFCPROPERTYSINGLEVALUE('Ay',$,IFCLABEL('0.001'),$);
#18693=IFCSLAB('0GRfZ2Nd1848C6Xxo0GV2V',$,$,$,$,#18714,#18704,$,$);
#18694=IFCCARTESIANPOINTLIST2D(((0.,12000.),(3000.,12000.),(3000.,18000.),(0.,18000.)));
#18695=IFCINDEXEDPOLYCURVE(#18694,(IFCLINEINDEX((1,2,3,4,1))),$);
#18696=IFCARBITRARYCLOSEDPROFILEDEF(.AREA.,'Arbitrary',#18695);
#18697=IFCCARTESIANPOINT((0.,0.,0.));
#18698=IFCDIRECTION((0.,0.,1.));
#18699=IFCDIRECTION((1.,0.,0.));
#18700=IFCAXIS2PLACEMENT3D(#18697,#18698,#18699);
#18701=IFCDIRECTION((0.,0.,1.));
#18702=IFCEXTRUDEDAREASOLID(#18696,#18700,#18701,-120.);
#18703=IFCSHAPEREPRESENTATION(#11,'Body','SweptSolid',(#18702));
#18704=IFCPRODUCTDEFINITIONSHAPE($,$,(#18703));
#18710=IFCCARTESIANPOINT((0.,0.,12000.));
#18711=IFCDIRECTION((0.,0.,1.));
#18712=IFCDIRECTION((1.,0.,0.));
#18713=IFCAXIS2PLACEMENT3D(#18710,#18711,#18712);
#18714=IFCLOCALPLACEMENT($,#18713);
#18715=IFCPROPERTYSET('3ZLtlXsxT5axlB11lyqWvo',$,'Other',$,(#18717,#18718));
#18716=IFCRELDEFINESBYPROPERTIES('0mN0OfU$P9vQ92eIU6rauW',$,$,$,(#18693),#18715);
#18717=IFCPROPERTYSINGLEVALUE('Ax',$,IFCLABEL('0.001'),$);
#18718=IFCPROPERTYSINGLEVALUE('Ay',$,IFCLABEL('0.001'),$);
#18719=IFCSLAB('3m6yd4Aev8rgwtYZO0ecBO',$,$,$,$,#18740,#18730,$,$);
#18720=IFCCARTESIANPOINTLIST2D(((3000.,12000.),(6000.,12000.),(6000.,18000.),(3000.,18000.)));
#18721=IFCINDEXEDPOLYCURVE(#18720,(IFCLINEINDEX((1,2,3,4,1))),$);
#18722=IFCARBITRARYCLOSEDPROFILEDEF(.AREA.,'Arbitrary',#18721);
#18723=IFCCARTESIANPOINT((0.,0.,0.));
#18724=IFCDIRECTION((0.,0.,1.));
#18725=IFCDIRECTION((1.,0.,0.));
#18726=IFCAXIS2PLACEMENT3D(#18723,#18724,#18725);
#18727=IFCDIRECTION((0.,0.,1.));
#18728=IFCEXTRUDEDAREASOLID(#18722,#18726,#18727,-120.);
#18729=IFCSHAPEREPRESENTATION(#11,'Body','SweptSolid',(#18728));
#18730=IFCPRODUCTDEFINITIONSHAPE($,$,(#18729));
#18736=IFCCARTESIANPOINT((0.,0.,12000.));
#18737=IFCDIRECTION((0.,0.,1.));
#18738=IFCDIRECTION((1.,0.,0.));
#18739=IFCAXIS2PLACEMENT3D(#18736,#18737,#18738);
#18740=IFCLOCALPLACEMENT($,#18739);
#18741=IFCPROPERTYSET('2pyI3Ff_L80vJ7cJnBdgzv',$,'Other',$,(#18743,#18744));
#18742=IFCRELDEFINESBYPROPERTIES('2RRELOuNHB$BUPjHNuk$_l',$,$,$,(#18719),#18741);
#18743=IFCPROPERTYSINGLEVALUE('Ax',$,IFCLABEL('0.001'),$);
#18744=IFCPROPERTYSINGLEVALUE('Ay',$,IFCLABEL('0.001'),$);
#18745=IFCSLAB('09Zrr$IR95n8Dzm_ewUTLG',$,$,$,$,#18766,#18756,$,$);
#18746=IFCCARTESIANPOINTLIST2D(((6000.,12000.),(9000.,12000.),(9000.,18000.),(6000.,18000.)));
#18747=IFCINDEXEDPOLYCURVE(#18746,(IFCLINEINDEX((1,2,3,4,1))),$);
#18748=IFCARBITRARYCLOSEDPROFILEDEF(.AREA.,'Arbitrary',#18747);
#18749=IFCCARTESIANPOINT((0.,0.,0.));
#18750=IFCDIRECTION((0.,0.,1.));
#18751=IFCDIRECTION((1.,0.,0.));
#18752=IFCAXIS2PLACEMENT3D(#18749,#18750,#18751);
#18753=IFCDIRECTION((0.,0.,1.));
#18754=IFCEXTRUDEDAREASOLID(#18748,#18752,#18753,-120.);
#18755=IFCSHAPEREPRESENTATION(#11,'Body','SweptSolid',(#18754));
#18756=IFCPRODUCTDEFINITIONSHAPE($,$,(#18755));
#18762=IFCCARTESIANPOINT((0.,0.,12000.));
#18763=IFCDIRECTION((0.,0.,1.));
#18764=IFCDIRECTION((1.,0.,0.));
#18765=IFCAXIS2PLACEMENT3D(#18762,#18763,#18764);
#18766=IFCLOCALPLACEMENT($,#18765);
#18767=IFCPROPERTYSET('0AwoiVrunEdhdCdz_42l2C',$,'Other',$,(#18769,#18770));
#18768=IFCRELDEFINESBYPROPERTIES('2lsrbSQEb7GuKfVCNlfXWA',$,$,$,(#18745),#18767);
#18769=IFCPROPERTYSINGLEVALUE('Ax',$,IFCLABEL('0.001'),$);
#18770=IFCPROPERTYSINGLEVALUE('Ay',$,IFCLABEL('0.001'),$);
#18771=IFCSLAB('0VrV5fd7X7UOZoTsAam$MI',$,$,$,$,#18792,#18782,$,$);
#18772=IFCCARTESIANPOINTLIST2D(((9000.,12000.),(12000.,12000.),(12000.,18000.),(9000.,18000.)));
#18773=IFCINDEXEDPOLYCURVE(#18772,(IFCLINEINDEX((1,2,3,4,1))),$);
#18774=IFCARBITRARYCLOSEDPROFILEDEF(.AREA.,'Arbitrary',#18773);
#18775=IFCCARTESIANPOINT((0.,0.,0.));
#18776=IFCDIRECTION((0.,0.,1.));
#18777=IFCDIRECTION((1.,0.,0.));
#18778=IFCAXIS2PLACEMENT3D(#18775,#18776,#18777);
#18779=IFCDIRECTION((0.,0.,1.));
#18780=IFCEXTRUDEDAREASOLID(#18774,#18778,#18779,-120.);
#18781=IFCSHAPEREPRESENTATION(#11,'Body','SweptSolid',(#18780));
#18782=IFCPRODUCTDEFINITIONSHAPE($,$,(#18781));
#18788=IFCCARTESIANPOINT((0.,0.,12000.));
#18789=IFCDIRECTION((0.,0.,1.));
#18790=IFCDIRECTION((1.,0.,0.));
#18791=IFCAXIS2PLACEMENT3D(#18788,#18789,#18790);
#18792=IFCLOCALPLACEMENT($,#18791);
#18793=IFCPROPERTYSET('03hsUh6c18Px3XXJBADdjN',$,'Other',$,(#18795,#18796));
#18794=IFCRELDEFINESBYPROPERTIES('1oZ7vLaYXF4h6CtvaR1fyV',$,$,$,(#18771),#18793);
#18795=IFCPROPERTYSINGLEVALUE('Ax',$,IFCLABEL('0.001'),$);
#18796=IFCPROPERTYSINGLEVALUE('Ay',$,IFCLABEL('0.001'),$);
#18797=IFCSLAB('03TlxW5er9BBtEohsIBLJB',$,$,$,$,#18818,#18808,$,$);
#18798=IFCCARTESIANPOINTLIST2D(((12000.,12000.),(15000.,12000.),(15000.,18000.),(12000.,18000.)));
#18799=IFCINDEXEDPOLYCURVE(#18798,(IFCLINEINDEX((1,2,3,4,1))),$);
#18800=IFCARBITRARYCLOSEDPROFILEDEF(.AREA.,'Arbitrary',#18799);
#18801=IFCCARTESIANPOINT((0.,0.,0.));
#18802=IFCDIRECTION((0.,0.,1.));
#18803=IFCDIRECTION((1.,0.,0.));
#18804=IFCAXIS2PLACEMENT3D(#18801,#18802,#18803);
#18805=IFCDIRECTION((0.,0.,1.));
#18806=IFCEXTRUDEDAREASOLID(#18800,#18804,#18805,-120.);
#18807=IFCSHAPEREPRESENTATION(#11,'Body','SweptSolid',(#18806));
#18808=IFCPRODUCTDEFINITIONSHAPE($,$,(#18807));
#18814=IFCCARTESIANPOINT((0.,0.,12000.));
#18815=IFCDIRECTION((0.,0.,1.));
#18816=IFCDIRECTION((1.,0.,0.));
#18817=IFCAXIS2PLACEMENT3D(#18814,#18815,#18816);
#18818=IFCLOCALPLACEMENT($,#18817);
#18819=IFCPROPERTYSET('3kvrgpPP95HvczqwbNJUKa',$,'Other',$,(#18821,#18822));
#18820=IFCRELDEFINESBYPROPERTIES('0Oa_ftH6f7XfL711OO3QJu',$,$,$,(#18797),#18819);
#18821=IFCPROPERTYSINGLEVALUE('Ax',$,IFCLABEL('0.001'),$);
#18822=IFCPROPERTYSINGLEVALUE('Ay',$,IFCLABEL('0.001'),$);
#18823=IFCSLAB('081gEzZAX9RgOjIT6bNHH8',$,$,$,$,#18844,#18834,$,$);
#18824=IFCCARTESIANPOINTLIST2D(((15000.,12000.),(18000.,12000.),(18000.,18000.),(15000.,18000.)));
#18825=IFCINDEXEDPOLYCURVE(#18824,(IFCLINEINDEX((1,2,3,4,1))),$);
#18826=IFCARBITRARYCLOSEDPROFILEDEF(.AREA.,'Arbitrary',#18825);
#18827=IFCCARTESIANPOINT((0.,0.,0.));
#18828=IFCDIRECTION((0.,0.,1.));
#18829=IFCDIRECTION((1.,0.,0.));
#18830=IFCAXIS2PLACEMENT3D(#18827,#18828,#18829);
#18831=IFCDIRECTION((0.,0.,1.));
#18832=IFCEXTRUDEDAREASOLID(#18826,#18830,#18831,-120.);
#18833=IFCSHAPEREPRESENTATION(#11,'Body','SweptSolid',(#18832));
#18834=IFCPRODUCTDEFINITIONSHAPE($,$,(#18833));
#18840=IFCCARTESIANPOINT((0.,0.,12000.));
#18841=IFCDIRECTION((0.,0.,1.));
#18842=IFCDIRECTION((1.,0.,0.));
#18843=IFCAXIS2PLACEMENT3D(#18840,#18841,#18842);
#18844=IFCLOCALPLACEMENT($,#18843);
#18845=IFCPROPERTYSET('3j8y3p7sj6Bgqbx02krUyx',$,'Other',$,(#18847,#18848));
#18846=IFCRELDEFINESBYPROPERTIES('3WlkLD2jDCEv169VhZORXK',$,$,$,(#18823),#18845);
#18847=IFCPROPERTYSINGLEVALUE('Ax',$,IFCLABEL('0.001'),$);
#18848=IFCPROPERTYSINGLEVALUE('Ay',$,IFCLABEL('0.001'),$);
#18849=IFCSLAB('04KvFNCFD4jBEAneu8FEaN',$,$,$,$,#18870,#18860,$,$);
#18850=IFCCARTESIANPOINTLIST2D(((18000.,12000.),(21000.,12000.),(21000.,18000.),(18000.,18000.)));
#18851=IFCINDEXEDPOLYCURVE(#18850,(IFCLINEINDEX((1,2,3,4,1))),$);
#18852=IFCARBITRARYCLOSEDPROFILEDEF(.AREA.,'Arbitrary',#18851);
#18853=IFCCARTESIANPOINT((0.,0.,0.));
#18854=IFCDIRECTION((0.,0.,1.));
#18855=IFCDIRECTION((1.,0.,0.));
#18856=IFCAXIS2PLACEMENT3D(#18853,#18854,#18855);
#18857=IFCDIRECTION((0.,0.,1.));
#18858=IFCEXTRUDEDAREASOLID(#18852,#18856,#18857,-120.);
#18859=IFCSHAPEREPRESENTATION(#11,'Body','SweptSolid',(#18858));
#18860=IFCPRODUCTDEFINITIONSHAPE($,$,(#18859));
#18866=IFCCARTESIANPOINT((0.,0.,12000.));
#18867=IFCDIRECTION((0.,0.,1.));
#18868=IFCDIRECTION((1.,0.,0.));
#18869=IFCAXIS2PLACEMENT3D(#18866,#18867,#18868);
#18870=IFCLOCALPLACEMENT($,#18869);
#18871=IFCPROPERTYSET('3CZUBlRwjCsuUWf1ZrXKsd',$,'Other',$,(#18873,#18874));
#18872=IFCRELDEFINESBYPROPERTIES('320HPI$3DF1vBMg3C52E9J',$,$,$,(#18849),#18871);
#18873=IFCPROPERTYSINGLEVALUE('Ax',$,IFCLABEL('0.001'),$);
#18874=IFCPROPERTYSINGLEVALUE('Ay',$,IFCLABEL('0.001'),$);
#18875=IFCSLAB('2310_paUD3E8EH2VDOzUVA',$,$,$,$,#18896,#18886,$,$);
#18876=IFCCARTESIANPOINTLIST2D(((21000.,12000.),(24000.,12000.),(24000.,18000.),(21000.,18000.)));
#18877=IFCINDEXEDPOLYCURVE(#18876,(IFCLINEINDEX((1,2,3,4,1))),$);
#18878=IFCARBITRARYCLOSEDPROFILEDEF(.AREA.,'Arbitrary',#18877);
#18879=IFCCARTESIANPOINT((0.,0.,0.));
#18880=IFCDIRECTION((0.,0.,1.));
#18881=IFCDIRECTION((1.,0.,0.));
#18882=IFCAXIS2PLACEMENT3D(#18879,#18880,#18881);
#18883=IFCDIRECTION((0.,0.,1.));
#18884=IFCEXTRUDEDAREASOLID(#18878,#18882,#18883,-120.);
#18885=IFCSHAPEREPRESENTATION(#11,'Body','SweptSolid',(#18884));
#18886=IFCPRODUCTDEFINITIONSHAPE($,$,(#18885));
#18892=IFCCARTESIANPOINT((0.,0.,12000.));
#18893=IFCDIRECTION((0.,0.,1.));
#18894=IFCDIRECTION((1.,0.,0.));
#18895=IFCAXIS2PLACEMENT3D(#18892,#18893,#18894);
#18896=IFCLOCALPLACEMENT($,#18895);
#18897=IFCPROPERTYSET('2tpTopeQ58wBGjEoDElDPQ',$,'Other',$,(#18899,#18900));
#18898=IFCRELDEFINESBYPROPERTIES('2aVBnBtSH0NRWpeR6unWj1',$,$,$,(#18875),#18897);
#18899=IFCPROPERTYSINGLEVALUE('Ax',$,IFCLABEL('0.001'),$);
#18900=IFCPROPERTYSINGLEVALUE('Ay',$,IFCLABEL('0.001'),$);
#18901=IFCSLAB('1XnT9$dQv0VeJCdNbPyvVi',$,$,$,$,#18922,#18912,$,$);
#18902=IFCCARTESIANPOINTLIST2D(((6000.,6000.),(9000.,6000.),(9000.,12000.),(6000.,12000.)));
#18903=IFCINDEXEDPOLYCURVE(#18902,(IFCLINEINDEX((1,2,3,4,1))),$);
#18904=IFCARBITRARYCLOSEDPROFILEDEF(.AREA.,'Arbitrary',#18903);
#18905=IFCCARTESIANPOINT((0.,0.,0.));
#18906=IFCDIRECTION((0.,0.,1.));
#18907=IFCDIRECTION((1.,0.,0.));
#18908=IFCAXIS2PLACEMENT3D(#18905,#18906,#18907);
#18909=IFCDIRECTION((0.,0.,1.));
#18910=IFCEXTRUDEDAREASOLID(#18904,#18908,#18909,-120.);
#18911=IFCSHAPEREPRESENTATION(#11,'Body','SweptSolid',(#18910));
#18912=IFCPRODUCTDEFINITIONSHAPE($,$,(#18911));
#18918=IFCCARTESIANPOINT((0.,0.,12000.));
#18919=IFCDIRECTION((0.,0.,1.));
#18920=IFCDIRECTION((1.,0.,0.));
#18921=IFCAXIS2PLACEMENT3D(#18918,#18919,#18920);
#18922=IFCLOCALPLACEMENT($,#18921);
#18923=IFCPROPERTYSET('04JSa1qUnE$QXFFdo97Jkg',$,'Other',$,(#18925,#18926));
#18924=IFCRELDEFINESBYPROPERTIES('0ktUzbNSj6uwG0TwpInK_6',$,$,$,(#18901),#18923);
#18925=IFCPROPERTYSINGLEVALUE('Ax',$,IFCLABEL('0.001'),$);
#18926=IFCPROPERTYSINGLEVALUE('Ay',$,IFCLABEL('0.001'),$);
#18927=IFCSLAB('3wwP5jiQn6_hZb_uN3niYk',$,$,$,$,#18948,#18938,$,$);
#18928=IFCCARTESIANPOINTLIST2D(((9000.,6000.),(12000.,6000.),(12000.,12000.),(9000.,12000.)));
#18929=IFCINDEXEDPOLYCURVE(#18928,(IFCLINEINDEX((1,2,3,4,1))),$);
#18930=IFCARBITRARYCLOSEDPROFILEDEF(.AREA.,'Arbitrary',#18929);
#18931=IFCCARTESIANPOINT((0.,0.,0.));
#18932=IFCDIRECTION((0.,0.,1.));
#18933=IFCDIRECTION((1.,0.,0.));
#18934=IFCAXIS2PLACEMENT3D(#18931,#18932,#18933);
#18935=IFCDIRECTION((0.,0.,1.));
#18936=IFCEXTRUDEDAREASOLID(#18930,#18934,#18935,-120.);
#18937=IFCSHAPEREPRESENTATION(#11,'Body','SweptSolid',(#18936));
#18938=IFCPRODUCTDEFINITIONSHAPE($,$,(#18937));
#18944=IFCCARTESIANPOINT((0.,0.,12000.));
#18945=IFCDIRECTION((0.,0.,1.));
#18946=IFCDIRECTION((1.,0.,0.));
#18947=IFCAXIS2PLACEMENT3D(#18944,#18945,#18946);
#18948=IFCLOCALPLACEMENT($,#18947);
#18949=IFCPROPERTYSET('3jq$EQOCn3Rw2Jqy4sWmBr',$,'Other',$,(#18951,#18952));
#18950=IFCRELDEFINESBYPROPERTIES('0zbA12wy53QhCT_b_b0fVt',$,$,$,(#18927),#18949);
#18951=IFCPROPERTYSINGLEVALUE('Ax',$,IFCLABEL('0.001'),$);
#18952=IFCPROPERTYSINGLEVALUE('Ay',$,IFCLABEL('0.001'),$);
#18953=IFCSLAB('3jVuas6k17cf692DliEela',$,$,$,$,#18974,#18964,$,$);
#18954=IFCCARTESIANPOINTLIST2D(((12000.,6000.),(15000.,6000.),(15000.,12000.),(12000.,12000.)));
#18955=IFCINDEXEDPOLYCURVE(#18954,(IFCLINEINDEX((1,2,3,4,1))),$);
#18956=IFCARBITRARYCLOSEDPROFILEDEF(.AREA.,'Arbitrary',#18955);
#18957=IFCCARTESIANPOINT((0.,0.,0.));
#18958=IFCDIRECTION((0.,0.,1.));
#18959=IFCDIRECTION((1.,0.,0.));
#18960=IFCAXIS2PLACEMENT3D(#18957,#18958,#18959);
#18961=IFCDIRECTION((0.,0.,1.));
#18962=IFCEXTRUDEDAREASOLID(#18956,#18960,#18961,-120.);
#18963=IFCSHAPEREPRESENTATION(#11,'Body','SweptSolid',(#18962));
#18964=IFCPRODUCTDEFINITIONSHAPE($,$,(#18963));
#18970=IFCCARTESIANPOINT((0.,0.,12000.));
#18971=IFCDIRECTION((0.,0.,1.));
#18972=IFCDIRECTION((1.,0.,0.));
#18973=IFCAXIS2PLACEMENT3D(#18970,#18971,#18972);
#18974=IFCLOCALPLACEMENT($,#18973);
#18975=IFCPROPERTYSET('3t57J6X_P22AQf2Ie_zxRd',$,'Other',$,(#18977,#18978));
#18976=IFCRELDEFINESBYPROPERTIES('1JqHb3hSX77fL_l$l2MtqK',$,$,$,(#18953),#18975);
#18977=IFCPROPERTYSINGLEVALUE('Ax',$,IFCLABEL('0.001'),$);
#18978=IFCPROPERTYSINGLEVALUE('Ay',$,IFCLABEL('0.001'),$);
#18979=IFCSLAB('12wvEeMdL5IAwe$vYBE$ac',$,$,$,$,#19000,#18990,$,$);
#18980=IFCCARTESIANPOINTLIST2D(((15000.,6000.),(18000.,6000.),(18000.,12000.),(15000.,12000.)));
#18981=IFCINDEXEDPOLYCURVE(#18980,(IFCLINEINDEX((1,2,3,4,1))),$);
#18982=IFCARBITRARYCLOSEDPROFILEDEF(.AREA.,'Arbitrary',#18981);
#18983=IFCCARTESIANPOINT((0.,0.,0.));
#18984=IFCDIRECTION((0.,0.,1.));
#18985=IFCDIRECTION((1.,0.,0.));
#18986=IFCAXIS2PLACEMENT3D(#18983,#18984,#18985);
#18987=IFCDIRECTION((0.,0.,1.));
#18988=IFCEXTRUDEDAREASOLID(#18982,#18986,#18987,-120.);
#18989=IFCSHAPEREPRESENTATION(#11,'Body','SweptSolid',(#18988));
#18990=IFCPRODUCTDEFINITIONSHAPE($,$,(#18989));
#18996=IFCCARTESIANPOINT((0.,0.,12000.));
#18997=IFCDIRECTION((0.,0.,1.));
#18998=IFCDIRECTION((1.,0.,0.));
#18999=IFCAXIS2PLACEMENT3D(#18996,#18997,#18998);
#19000=IFCLOCALPLACEMENT($,#18999);
#19001=IFCPROPERTYSET('3UzDe5oDr0Og8ABBQZa8l2',$,'Other',$,(#19003,#19004));
#19002=IFCRELDEFINESBYPROPERTIES('1RXLNKxTDCuhRg_Ri4sdUx',$,$,$,(#18979),#19001);
#19003=IFCPROPERTYSINGLEVALUE('Ax',$,IFCLABEL('0.001'),$);
#19004=IFCPROPERTYSINGLEVALUE('Ay',$,IFCLABEL('0.001'),$);
#19005=IFCSLAB('3kEDcSZsv15QRLA8rs4aPa',$,$,$,$,#19026,#19016,$,$);
#19006=IFCCARTESIANPOINTLIST2D(((18000.,6000.),(21000.,6000.),(21000.,12000.),(18000.,12000.)));
#19007=IFCINDEXEDPOLYCURVE(#19006,(IFCLINEINDEX((1,2,3,4,1))),$);
#19008=IFCARBITRARYCLOSEDPROFILEDEF(.AREA.,'Arbitrary',#19007);
#19009=IFCCARTESIANPOINT((0.,0.,0.));
#19010=IFCDIRECTION((0.,0.,1.));
#19011=IFCDIRECTION((1.,0.,0.));
#19012=IFCAXIS2PLACEMENT3D(#19009,#19010,#19011);
#19013=IFCDIRECTION((0.,0.,1.));
#19014=IFCEXTRUDEDAREASOLID(#19008,#19012,#19013,-120.);
#19015=IFCSHAPEREPRESENTATION(#11,'Body','SweptSolid',(#19014));
#19016=IFCPRODUCTDEFINITIONSHAPE($,$,(#19015));
#19022=IFCCARTESIANPOINT((0.,0.,12000.));
#19023=IFCDIRECTION((0.,0.,1.));
#19024=IFCDIRECTION((1.,0.,0.));
#19025=IFCAXIS2PLACEMENT3D(#19022,#19023,#19024);
#19026=IFCLOCALPLACEMENT($,#19025);
#19027=IFCPROPERTYSET('1sPzSqboz8KP_C6Dr2K5QL',$,'Other',$,(#19029,#19030));
#19028=IFCRELDEFINESBYPROPERTIES('3fRjYJ8X928fvOV$WiklUl',$,$,$,(#19005),#19027);
#19029=IFCPROPERTYSINGLEVALUE('Ax',$,IFCLABEL('0.001'),$);
#19030=IFCPROPERTYSINGLEVALUE('Ay',$,IFCLABEL('0.001'),$);
#19031=IFCSLAB('38CA$mVpXDogMYwa3pA83J',$,$,$,$,#19052,#19042,$,$);
#19032=IFCCARTESIANPOINTLIST2D(((21000.,6000.),(24000.,6000.),(24000.,12000.),(21000.,12000.)));
#19033=IFCINDEXEDPOLYCURVE(#19032,(IFCLINEINDEX((1,2,3,4,1))),$);
#19034=IFCARBITRARYCLOSEDPROFILEDEF(.AREA.,'Arbitrary',#19033);
#19035=IFCCARTESIANPOINT((0.,0.,0.));
#19036=IFCDIRECTION((0.,0.,1.));
#19037=IFCDIRECTION((1.,0.,0.));
#19038=IFCAXIS2PLACEMENT3D(#19035,#19036,#19037);
#19039=IFCDIRECTION((0.,0.,1.));
#19040=IFCEXTRUDEDAREASOLID(#19034,#19038,#19039,-120.);
#19041=IFCSHAPEREPRESENTATION(#11,'Body','SweptSolid',(#19040));
#19042=IFCPRODUCTDEFINITIONSHAPE($,$,(#19041));
#19048=IFCCARTESIANPOINT((0.,0.,12000.));
#19049=IFCDIRECTION((0.,0.,1.));
#19050=IFCDIRECTION((1.,0.,0.));
#19051=IFCAXIS2PLACEMENT3D(#19048,#19049,#19050);
#19052=IFCLOCALPLACEMENT($,#19051);
#19053=IFCPROPERTYSET('2l4yrGbbrEuekxpiQMMtjy',$,'Other',$,(#19055,#19056));
#19054=IFCRELDEFINESBYPROPERTIES('3UOYzFIz50Seujvf1pnJjY',$,$,$,(#19031),#19053);
#19055=IFCPROPERTYSINGLEVALUE('Ax',$,IFCLABEL('0.001'),$);
#19056=IFCPROPERTYSINGLEVALUE('Ay',$,IFCLABEL('0.001'),$);
#19057=IFCSLAB('0dYsJV07jDQhMWf5jzz4pE',$,$,$,$,#19078,#19068,$,$);
#19058=IFCCARTESIANPOINTLIST2D(((6000.,0.),(9000.,0.),(9000.,6000.),(6000.,6000.)));
#19059=IFCINDEXEDPOLYCURVE(#19058,(IFCLINEINDEX((1,2,3,4,1))),$);
#19060=IFCARBITRARYCLOSEDPROFILEDEF(.AREA.,'Arbitrary',#19059);
#19061=IFCCARTESIANPOINT((0.,0.,0.));
#19062=IFCDIRECTION((0.,0.,1.));
#19063=IFCDIRECTION((1.,0.,0.));
#19064=IFCAXIS2PLACEMENT3D(#19061,#19062,#19063);
#19065=IFCDIRECTION((0.,0.,1.));
#19066=IFCEXTRUDEDAREASOLID(#19060,#19064,#19065,-120.);
#19067=IFCSHAPEREPRESENTATION(#11,'Body','SweptSolid',(#19066));
#19068=IFCPRODUCTDEFINITIONSHAPE($,$,(#19067));
#19074=IFCCARTESIANPOINT((0.,0.,12000.));
#19075=IFCDIRECTION((0.,0.,1.));
#19076=IFCDIRECTION((1.,0.,0.));
#19077=IFCAXIS2PLACEMENT3D(#19074,#19075,#19076);
#19078=IFCLOCALPLACEMENT($,#19077);
#19079=IFCPROPERTYSET('0FoyEg9Wz248rI8KH00XIe',$,'Other',$,(#19081,#19082));
#19080=IFCRELDEFINESBYPROPERTIES('0WQi_g3ur6genVdsXmSdcP',$,$,$,(#19057),#19079);
#19081=IFCPROPERTYSINGLEVALUE('Ax',$,IFCLABEL('0.001'),$);
#19082=IFCPROPERTYSINGLEVALUE('Ay',$,IFCLABEL('0.001'),$);
#19083=IFCSLAB('2skNAwC4zEwfAKrIEBswAt',$,$,$,$,#19104,#19094,$,$);
#19084=IFCCARTESIANPOINTLIST2D(((9000.,0.),(12000.,0.),(12000.,6000.),(9000.,6000.)));
#19085=IFCINDEXEDPOLYCURVE(#19084,(IFCLINEINDEX((1,2,3,4,1))),$);
#19086=IFCARBITRARYCLOSEDPROFILEDEF(.AREA.,'Arbitrary',#19085);
#19087=IFCCARTESIANPOINT((0.,0.,0.));
#19088=IFCDIRECTION((0.,0.,1.));
#19089=IFCDIRECTION((1.,0.,0.));
#19090=IFCAXIS2PLACEMENT3D(#19087,#19088,#19089);
#19091=IFCDIRECTION((0.,0.,1.));
#19092=IFCEXTRUDEDAREASOLID(#19086,#19090,#19091,-120.);
#19093=IFCSHAPEREPRESENTATION(#11,'Body','SweptSolid',(#19092));
#19094=IFCPRODUCTDEFINITIONSHAPE($,$,(#19093));
#19100=IFCCARTESIANPOINT((0.,0.,12000.));
#19101=IFCDIRECTION((0.,0.,1.));
#19102=IFCDIRECTION((1.,0.,0.));
#19103=IFCAXIS2PLACEMENT3D(#19100,#19101,#19102);
#19104=IFCLOCALPLACEMENT($,#19103);
#19105=IFCPROPERTYSET('1iq_N9zBL2KR_7hF0k8nm$',$,'Other',$,(#19107,#19108));
#19106=IFCRELDEFINESBYPROPERTIES('0y2ioyYKDB_PTcL6aElJcl',$,$,$,(#19083),#19105);
#19107=IFCPROPERTYSINGLEVALUE('Ax',$,IFCLABEL('0.001'),$);
#19108=IFCPROPERTYSINGLEVALUE('Ay',$,IFCLABEL('0.001'),$);
#19109=IFCSLAB('2hHg7Yh4r3ZgiblkpGY17M',$,$,$,$,#19130,#19120,$,$);
#19110=IFCCARTESIANPOINTLIST2D(((12000.,0.),(15000.,0.),(15000.,6000.),(12000.,6000.)));
#19111=IFCINDEXEDPOLYCURVE(#19110,(IFCLINEINDEX((1,2,3,4,1))),$);
#19112=IFCARBITRARYCLOSEDPROFILEDEF(.AREA.,'Arbitrary',#19111);
#19113=IFCCARTESIANPOINT((0.,0.,0.));
#19114=IFCDIRECTION((0.,0.,1.));
#19115=IFCDIRECTION((1.,0.,0.));
#19116=IFCAXIS2PLACEMENT3D(#19113,#19114,#19115);
#19117=IFCDIRECTION((0.,0.,1.));
#19118=IFCEXTRUDEDAREASOLID(#19112,#19116,#19117,-120.);
#19119=IFCSHAPEREPRESENTATION(#11,'Body','SweptSolid',(#19118));
#19120=IFCPRODUCTDEFINITIONSHAPE($,$,(#19119));
#19126=IFCCARTESIANPOINT((0.,0.,12000.));
#19127=IFCDIRECTION((0.,0.,1.));
#19128=IFCDIRECTION((1.,0.,0.));
#19129=IFCAXIS2PLACEMENT3D(#19126,#19127,#19128);
#19130=IFCLOCALPLACEMENT($,#19129);
#19131=IFCPROPERTYSET('2QnudQthDBQeMqxrN1p$Uc',$,'Other',$,(#19133,#19134));
#19132=IFCRELDEFINESBYPROPERTIES('0cLSJC$2DCFBVwg3vW3gz9',$,$,$,(#19109),#19131);
#19133=IFCPROPERTYSINGLEVALUE('Ax',$,IFCLABEL('0.001'),$);
#19134=IFCPROPERTYSINGLEVALUE('Ay',$,IFCLABEL('0.001'),$);
#19135=IFCSLAB('0xXRKcpBD3aOB7Hqc2dogX',$,$,$,$,#19156,#19146,$,$);
#19136=IFCCARTESIANPOINTLIST2D(((15000.,0.),(18000.,0.),(18000.,6000.),(15000.,6000.)));
#19137=IFCINDEXEDPOLYCURVE(#19136,(IFCLINEINDEX((1,2,3,4,1))),$);
#19138=IFCARBITRARYCLOSEDPROFILEDEF(.AREA.,'Arbitrary',#19137);
#19139=IFCCARTESIANPOINT((0.,0.,0.));
#19140=IFCDIRECTION((0.,0.,1.));
#19141=IFCDIRECTION((1.,0.,0.));
#19142=IFCAXIS2PLACEMENT3D(#19139,#19140,#19141);
#19143=IFCDIRECTION((0.,0.,1.));
#19144=IFCEXTRUDEDAREASOLID(#19138,#19142,#19143,-120.);
#19145=IFCSHAPEREPRESENTATION(#11,'Body','SweptSolid',(#19144));
#19146=IFCPRODUCTDEFINITIONSHAPE($,$,(#19145));
#19152=IFCCARTESIANPOINT((0.,0.,12000.));
#19153=IFCDIRECTION((0.,0.,1.));
#19154=IFCDIRECTION((1.,0.,0.));
#19155=IFCAXIS2PLACEMENT3D(#19152,#19153,#19154);
#19156=IFCLOCALPLACEMENT($,#19155);
#19157=IFCPROPERTYSET('0zsxBUPnLC6gB1ARyjgqlr',$,'Other',$,(#19159,#19160));
#19158=IFCRELDEFINESBYPROPERTIES('2i9n3UBn9C1xXJccvmur8T',$,$,$,(#19135),#19157);
#19159=IFCPROPERTYSINGLEVALUE('Ax',$,IFCLABEL('0.001'),$);
#19160=IFCPROPERTYSINGLEVALUE('Ay',$,IFCLABEL('0.001'),$);
#19161=IFCSLAB('3VOPIDVM13Mf0AsJsC8Zqn',$,$,$,$,#19182,#19172,$,$);
#19162=IFCCARTESIANPOINTLIST2D(((18000.,0.),(21000.,0.),(21000.,6000.),(18000.,6000.)));
#19163=IFCINDEXEDPOLYCURVE(#19162,(IFCLINEINDEX((1,2,3,4,1))),$);
#19164=IFCARBITRARYCLOSEDPROFILEDEF(.AREA.,'Arbitrary',#19163);
#19165=IFCCARTESIANPOINT((0.,0.,0.));
#19166=IFCDIRECTION((0.,0.,1.));
#19167=IFCDIRECTION((1.,0.,0.));
#19168=IFCAXIS2PLACEMENT3D(#19165,#19166,#19167);
#19169=IFCDIRECTION((0.,0.,1.));
#19170=IFCEXTRUDEDAREASOLID(#19164,#19168,#19169,-120.);
#19171=IFCSHAPEREPRESENTATION(#11,'Body','SweptSolid',(#19170));
#19172=IFCPRODUCTDEFINITIONSHAPE($,$,(#19171));
#19178=IFCCARTESIANPOINT((0.,0.,12000.));
#19179=IFCDIRECTION((0.,0.,1.));
#19180=IFCDIRECTION((1.,0.,0.));
#19181=IFCAXIS2PLACEMENT3D(#19178,#19179,#19180);
#19182=IFCLOCALPLACEMENT($,#19181);
#19183=IFCPROPERTYSET('3EMA1YKSbEevDuWFMixvUi',$,'Other',$,(#19185,#19186));
#19184=IFCRELDEFINESBYPROPERTIES('0fu$SqHnz9tPt_Ca3rFRnS',$,$,$,(#19161),#19183);
#19185=IFCPROPERTYSINGLEVALUE('Ax',$,IFCLABEL('0.001'),$);
#19186=IFCPROPERTYSINGLEVALUE('Ay',$,IFCLABEL('0.001'),$);
#19187=IFCSLAB('2Ccp4MIQXFVP4eRBtb0RgT',$,$,$,$,#19208,#19198,$,$);
#19188=IFCCARTESIANPOINTLIST2D(((21000.,0.),(24000.,0.),(24000.,6000.),(21000.,6000.)));
#19189=IFCINDEXEDPOLYCURVE(#19188,(IFCLINEINDEX((1,2,3,4,1))),$);
#19190=IFCARBITRARYCLOSEDPROFILEDEF(.AREA.,'Arbitrary',#19189);
#19191=IFCCARTESIANPOINT((0.,0.,0.));
#19192=IFCDIRECTION((0.,0.,1.));
#19193=IFCDIRECTION((1.,0.,0.));
#19194=IFCAXIS2PLACEMENT3D(#19191,#19192,#19193);
#19195=IFCDIRECTION((0.,0.,1.));
#19196=IFCEXTRUDEDAREASOLID(#19190,#19194,#19195,-120.);
#19197=IFCSHAPEREPRESENTATION(#11,'Body','SweptSolid',(#19196));
#19198=IFCPRODUCTDEFINITIONSHAPE($,$,(#19197));
#19204=IFCCARTESIANPOINT((0.,0.,12000.));
#19205=IFCDIRECTION((0.,0.,1.));
#19206=IFCDIRECTION((1.,0.,0.));
#19207=IFCAXIS2PLACEMENT3D(#19204,#19205,#19206);
#19208=IFCLOCALPLACEMENT($,#19207);
#19209=IFCPROPERTYSET('0ZzBkV7tHCdBw$oh2C9Bir',$,'Other',$,(#19211,#19212));
#19210=IFCRELDEFINESBYPROPERTIES('2ngHuiyBDChuYvw6XFqTvG',$,$,$,(#19187),#19209);
#19211=IFCPROPERTYSINGLEVALUE('Ax',$,IFCLABEL('0.001'),$);
#19212=IFCPROPERTYSINGLEVALUE('Ay',$,IFCLABEL('0.001'),$);
#19213=IFCSLAB('1d$qD5f612oeKRukZGcwIE',$,$,$,$,#19234,#19224,$,$);
#19214=IFCCARTESIANPOINTLIST2D(((3000.,0.),(6000.,0.),(6000.,6000.),(3000.,6000.)));
#19215=IFCINDEXEDPOLYCURVE(#19214,(IFCLINEINDEX((1,2,3,4,1))),$);
#19216=IFCARBITRARYCLOSEDPROFILEDEF(.AREA.,'Arbitrary',#19215);
#19217=IFCCARTESIANPOINT((0.,0.,0.));
#19218=IFCDIRECTION((0.,0.,1.));
#19219=IFCDIRECTION((1.,0.,0.));
#19220=IFCAXIS2PLACEMENT3D(#19217,#19218,#19219);
#19221=IFCDIRECTION((0.,0.,1.));
#19222=IFCEXTRUDEDAREASOLID(#19216,#19220,#19221,-120.);
#19223=IFCSHAPEREPRESENTATION(#11,'Body','SweptSolid',(#19222));
#19224=IFCPRODUCTDEFINITIONSHAPE($,$,(#19223));
#19230=IFCCARTESIANPOINT((0.,0.,12000.));
#19231=IFCDIRECTION((0.,0.,1.));
#19232=IFCDIRECTION((1.,0.,0.));
#19233=IFCAXIS2PLACEMENT3D(#19230,#19231,#19232);
#19234=IFCLOCALPLACEMENT($,#19233);
#19235=IFCPROPERTYSET('0uR_jd_ef2pPkTtsTXVVLR',$,'Other',$,(#19237,#19238));
#19236=IFCRELDEFINESBYPROPERTIES('3He5p8__52oR$Obi_COPvt',$,$,$,(#19213),#19235);
#19237=IFCPROPERTYSINGLEVALUE('Ax',$,IFCLABEL('0.001'),$);
#19238=IFCPROPERTYSINGLEVALUE('Ay',$,IFCLABEL('0.001'),$);
#19239=IFCSLAB('1WAVYYY0zFqPNY2$faw6ee',$,$,$,$,#19260,#19250,$,$);
#19240=IFCCARTESIANPOINTLIST2D(((24000.,6000.),(27000.,6000.),(27000.,12000.),(24000.,12000.)));
#19241=IFCINDEXEDPOLYCURVE(#19240,(IFCLINEINDEX((1,2,3,4,1))),$);
#19242=IFCARBITRARYCLOSEDPROFILEDEF(.AREA.,'Arbitrary',#19241);
#19243=IFCCARTESIANPOINT((0.,0.,0.));
#19244=IFCDIRECTION((0.,0.,1.));
#19245=IFCDIRECTION((1.,0.,0.));
#19246=IFCAXIS2PLACEMENT3D(#19243,#19244,#19245);
#19247=IFCDIRECTION((0.,0.,1.));
#19248=IFCEXTRUDEDAREASOLID(#19242,#19246,#19247,-120.);
#19249=IFCSHAPEREPRESENTATION(#11,'Body','SweptSolid',(#19248));
#19250=IFCPRODUCTDEFINITIONSHAPE($,$,(#19249));
#19256=IFCCARTESIANPOINT((0.,0.,12000.));
#19257=IFCDIRECTION((0.,0.,1.));
#19258=IFCDIRECTION((1.,0.,0.));
#19259=IFCAXIS2PLACEMENT3D(#19256,#19257,#19258);
#19260=IFCLOCALPLACEMENT($,#19259);
#19261=IFCPROPERTYSET('1lzzWIDy97lPhGubuS$CxW',$,'Other',$,(#19263,#19264));
#19262=IFCRELDEFINESBYPROPERTIES('2E8PkIn4X7zRMH8tuguqQf',$,$,$,(#19239),#19261);
#19263=IFCPROPERTYSINGLEVALUE('Ax',$,IFCLABEL('0.001'),$);
#19264=IFCPROPERTYSINGLEVALUE('Ay',$,IFCLABEL('0.001'),$);
#19265=IFCSLAB('1mpHkP0RD4_AVY$MVlpi2G',$,$,$,$,#19286,#19276,$,$);
#19266=IFCCARTESIANPOINTLIST2D(((0.,6000.),(3000.,6000.),(3000.,12000.),(0.,12000.)));
#19267=IFCINDEXEDPOLYCURVE(#19266,(IFCLINEINDEX((1,2,3,4,1))),$);
#19268=IFCARBITRARYCLOSEDPROFILEDEF(.AREA.,'Arbitrary',#19267);
#19269=IFCCARTESIANPOINT((0.,0.,0.));
#19270=IFCDIRECTION((0.,0.,1.));
#19271=IFCDIRECTION((1.,0.,0.));
#19272=IFCAXIS2PLACEMENT3D(#19269,#19270,#19271);
#19273=IFCDIRECTION((0.,0.,1.));
#19274=IFCEXTRUDEDAREASOLID(#19268,#19272,#19273,-120.);
#19275=IFCSHAPEREPRESENTATION(#11,'Body','SweptSolid',(#19274));
#19276=IFCPRODUCTDEFINITIONSHAPE($,$,(#19275));
#19282=IFCCARTESIANPOINT((0.,0.,9000.));
#19283=IFCDIRECTION((0.,0.,1.));
#19284=IFCDIRECTION((1.,0.,0.));
#19285=IFCAXIS2PLACEMENT3D(#19282,#19283,#19284);
#19286=IFCLOCALPLACEMENT($,#19285);
#19287=IFCPROPERTYSET('3CPQevJ691JvdAmBcyNkRQ',$,'Other',$,(#19289,#19290));
#19288=IFCRELDEFINESBYPROPERTIES('04KgWNa2fAnPh_3htrpiaF',$,$,$,(#19265),#19287);
#19289=IFCPROPERTYSINGLEVALUE('Ax',$,IFCLABEL('0.001'),$);
#19290=IFCPROPERTYSINGLEVALUE('Ay',$,IFCLABEL('0.001'),$);
#19291=IFCSLAB('0OUOi6$Cr4mAfRwicVFE5t',$,$,$,$,#19312,#19302,$,$);
#19292=IFCCARTESIANPOINTLIST2D(((3000.,6000.),(6000.,6000.),(6000.,12000.),(3000.,12000.)));
#19293=IFCINDEXEDPOLYCURVE(#19292,(IFCLINEINDEX((1,2,3,4,1))),$);
#19294=IFCARBITRARYCLOSEDPROFILEDEF(.AREA.,'Arbitrary',#19293);
#19295=IFCCARTESIANPOINT((0.,0.,0.));
#19296=IFCDIRECTION((0.,0.,1.));
#19297=IFCDIRECTION((1.,0.,0.));
#19298=IFCAXIS2PLACEMENT3D(#19295,#19296,#19297);
#19299=IFCDIRECTION((0.,0.,1.));
#19300=IFCEXTRUDEDAREASOLID(#19294,#19298,#19299,-120.);
#19301=IFCSHAPEREPRESENTATION(#11,'Body','SweptSolid',(#19300));
#19302=IFCPRODUCTDEFINITIONSHAPE($,$,(#19301));
#19308=IFCCARTESIANPOINT((0.,0.,9000.));
#19309=IFCDIRECTION((0.,0.,1.));
#19310=IFCDIRECTION((1.,0.,0.));
#19311=IFCAXIS2PLACEMENT3D(#19308,#19309,#19310);
#19312=IFCLOCALPLACEMENT($,#19311);
#19313=IFCPROPERTYSET('3gHGmdSbL5BvtnTVA0CoES',$,'Other',$,(#19315,#19316));
#19314=IFCRELDEFINESBYPROPERTIES('2n7wGXX7L4PQa6KGTMmxIi',$,$,$,(#19291),#19313);
#19315=IFCPROPERTYSINGLEVALUE('Ax',$,IFCLABEL('0.001'),$);
#19316=IFCPROPERTYSINGLEVALUE('Ay',$,IFCLABEL('0.001'),$);
#19317=IFCSLAB('2z3CyJQin1ROoqQgN0NBus',$,$,$,$,#19338,#19328,$,$);
#19318=IFCCARTESIANPOINTLIST2D(((0.,12000.),(3000.,12000.),(3000.,18000.),(0.,18000.)));
#19319=IFCINDEXEDPOLYCURVE(#19318,(IFCLINEINDEX((1,2,3,4,1))),$);
#19320=IFCARBITRARYCLOSEDPROFILEDEF(.AREA.,'Arbitrary',#19319);
#19321=IFCCARTESIANPOINT((0.,0.,0.));
#19322=IFCDIRECTION((0.,0.,1.));
#19323=IFCDIRECTION((1.,0.,0.));
#19324=IFCAXIS2PLACEMENT3D(#19321,#19322,#19323);
#19325=IFCDIRECTION((0.,0.,1.));
#19326=IFCEXTRUDEDAREASOLID(#19320,#19324,#19325,-120.);
#19327=IFCSHAPEREPRESENTATION(#11,'Body','SweptSolid',(#19326));
#19328=IFCPRODUCTDEFINITIONSHAPE($,$,(#19327));
#19334=IFCCARTESIANPOINT((0.,0.,9000.));
#19335=IFCDIRECTION((0.,0.,1.));
#19336=IFCDIRECTION((1.,0.,0.));
#19337=IFCAXIS2PLACEMENT3D(#19334,#19335,#19336);
#19338=IFCLOCALPLACEMENT($,#19337);
#19339=IFCPROPERTYSET('1WTN10nxfDOuqsbu2elczx',$,'Other',$,(#19341,#19342));
#19340=IFCRELDEFINESBYPROPERTIES('2ZL2Ky8M57awNAcdvSDEdW',$,$,$,(#19317),#19339);
#19341=IFCPROPERTYSINGLEVALUE('Ax',$,IFCLABEL('0.001'),$);
#19342=IFCPROPERTYSINGLEVALUE('Ay',$,IFCLABEL('0.001'),$);
#19343=IFCSLAB('2i9IjyH6XCkeAkC9P7waZ8',$,$,$,$,#19364,#19354,$,$);
#19344=IFCCARTESIANPOINTLIST2D(((3000.,12000.),(6000.,12000.),(6000.,18000.),(3000.,18000.)));
#19345=IFCINDEXEDPOLYCURVE(#19344,(IFCLINEINDEX((1,2,3,4,1))),$);
#19346=IFCARBITRARYCLOSEDPROFILEDEF(.AREA.,'Arbitrary',#19345);
#19347=IFCCARTESIANPOINT((0.,0.,0.));
#19348=IFCDIRECTION((0.,0.,1.));
#19349=IFCDIRECTION((1.,0.,0.));
#19350=IFCAXIS2PLACEMENT3D(#19347,#19348,#19349);
#19351=IFCDIRECTION((0.,0.,1.));
#19352=IFCEXTRUDEDAREASOLID(#19346,#19350,#19351,-120.);
#19353=IFCSHAPEREPRESENTATION(#11,'Body','SweptSolid',(#19352));
#19354=IFCPRODUCTDEFINITIONSHAPE($,$,(#19353));
#19360=IFCCARTESIANPOINT((0.,0.,9000.));
#19361=IFCDIRECTION((0.,0.,1.));
#19362=IFCDIRECTION((1.,0.,0.));
#19363=IFCAXIS2PLACEMENT3D(#19360,#19361,#19362);
#19364=IFCLOCALPLACEMENT($,#19363);
#19365=IFCPROPERTYSET('2jNHU0Ot11wwNysGmKZ1Ry',$,'Other',$,(#19367,#19368));
#19366=IFCRELDEFINESBYPROPERTIES('0Hi4widLHDgRRFQ6AJX3lu',$,$,$,(#19343),#19365);
#19367=IFCPROPERTYSINGLEVALUE('Ax',$,IFCLABEL('0.001'),$);
#19368=IFCPROPERTYSINGLEVALUE('Ay',$,IFCLABEL('0.001'),$);
#19369=IFCSLAB('1nj9RDN5r5pOyP9u68zP8o',$,$,$,$,#19390,#19380,$,$);
#19370=IFCCARTESIANPOINTLIST2D(((6000.,12000.),(9000.,12000.),(9000.,18000.),(6000.,18000.)));
#19371=IFCINDEXEDPOLYCURVE(#19370,(IFCLINEINDEX((1,2,3,4,1))),$);
#19372=IFCARBITRARYCLOSEDPROFILEDEF(.AREA.,'Arbitrary',#19371);
#19373=IFCCARTESIANPOINT((0.,0.,0.));
#19374=IFCDIRECTION((0.,0.,1.));
#19375=IFCDIRECTION((1.,0.,0.));
#19376=IFCAXIS2PLACEMENT3D(#19373,#19374,#19375);
#19377=IFCDIRECTION((0.,0.,1.));
#19378=IFCEXTRUDEDAREASOLID(#19372,#19376,#19377,-120.);
#19379=IFCSHAPEREPRESENTATION(#11,'Body','SweptSolid',(#19378));
#19380=IFCPRODUCTDEFINITIONSHAPE($,$,(#19379));
#19386=IFCCARTESIANPOINT((0.,0.,9000.));
#19387=IFCDIRECTION((0.,0.,1.));
#19388=IFCDIRECTION((1.,0.,0.));
#19389=IFCAXIS2PLACEMENT3D(#19386,#19387,#19388);
#19390=IFCLOCALPLACEMENT($,#19389);
#19391=IFCPROPERTYSET('1Zd3FmtIvDWvC42ar$d_vC',$,'Other',$,(#19393,#19394));
#19392=IFCRELDEFINESBYPROPERTIES('13n0MsZrr7CxtavL3HEVQS',$,$,$,(#19369),#19391);
#19393=IFCPROPERTYSINGLEVALUE('Ax',$,IFCLABEL('0.001'),$);
#19394=IFCPROPERTYSINGLEVALUE('Ay',$,IFCLABEL('0.001'),$);
#19395=IFCSLAB('1NxAXiZfzFD9HE91bgSUqa',$,$,$,$,#19416,#19406,$,$);
#19396=IFCCARTESIANPOINTLIST2D(((9000.,12000.),(12000.,12000.),(12000.,18000.),(9000.,18000.)));
#19397=IFCINDEXEDPOLYCURVE(#19396,(IFCLINEINDEX((1,2,3,4,1))),$);
#19398=IFCARBITRARYCLOSEDPROFILEDEF(.AREA.,'Arbitrary',#19397);
#19399=IFCCARTESIANPOINT((0.,0.,0.));
#19400=IFCDIRECTION((0.,0.,1.));
#19401=IFCDIRECTION((1.,0.,0.));
#19402=IFCAXIS2PLACEMENT3D(#19399,#19400,#19401);
#19403=IFCDIRECTION((0.,0.,1.));
#19404=IFCEXTRUDEDAREASOLID(#19398,#19402,#19403,-120.);
#19405=IFCSHAPEREPRESENTATION(#11,'Body','SweptSolid',(#19404));
#19406=IFCPRODUCTDEFINITIONSHAPE($,$,(#19405));
#19412=IFCCARTESIANPOINT((0.,0.,9000.));
#19413=IFCDIRECTION((0.,0.,1.));
#19414=IFCDIRECTION((1.,0.,0.));
#19415=IFCAXIS2PLACEMENT3D(#19412,#19413,#19414);
#19416=IFCLOCALPLACEMENT($,#19415);
#19417=IFCPROPERTYSET('3ddx4rVQPDx9I8cFcOwduX',$,'Other',$,(#19419,#19420));
#19418=IFCRELDEFINESBYPROPERTIES('2IA877S0X6v8$r2t5mhaAJ',$,$,$,(#19395),#19417);
#19419=IFCPROPERTYSINGLEVALUE('Ax',$,IFCLABEL('0.001'),$);
#19420=IFCPROPERTYSINGLEVALUE('Ay',$,IFCLABEL('0.001'),$);
#19421=IFCSLAB('3XLDcxqT53XPTuu9UNmAPK',$,$,$,$,#19442,#19432,$,$);
#19422=IFCCARTESIANPOINTLIST2D(((12000.,12000.),(15000.,12000.),(15000.,18000.),(12000.,18000.)));
#19423=IFCINDEXEDPOLYCURVE(#19422,(IFCLINEINDEX((1,2,3,4,1))),$);
#19424=IFCARBITRARYCLOSEDPROFILEDEF(.AREA.,'Arbitrary',#19423);
#19425=IFCCARTESIANPOINT((0.,0.,0.));
#19426=IFCDIRECTION((0.,0.,1.));
#19427=IFCDIRECTION((1.,0.,0.));
#19428=IFCAXIS2PLACEMENT3D(#19425,#19426,#19427);
#19429=IFCDIRECTION((0.,0.,1.));
#19430=IFCEXTRUDEDAREASOLID(#19424,#19428,#19429,-120.);
#19431=IFCSHAPEREPRESENTATION(#11,'Body','SweptSolid',(#19430));
#19432=IFCPRODUCTDEFINITIONSHAPE($,$,(#19431));
#19438=IFCCARTESIANPOINT((0.,0.,9000.));
#19439=IFCDIRECTION((0.,0.,1.));
#19440=IFCDIRECTION((1.,0.,0.));
#19441=IFCAXIS2PLACEMENT3D(#19438,#19439,#19440);
#19442=IFCLOCALPLACEMENT($,#19441);
#19443=IFCPROPERTYSET('2MeIneSjzChP$56BNKj9DS',$,'Other',$,(#19445,#19446));
#19444=IFCRELDEFINESBYPROPERTIES('1WSSd4e$n95wif181A8o0J',$,$,$,(#19421),#19443);
#19445=IFCPROPERTYSINGLEVALUE('Ax',$,IFCLABEL('0.001'),$);
#19446=IFCPROPERTYSINGLEVALUE('Ay',$,IFCLABEL('0.001'),$);
#19447=IFCSLAB('3x5duaDRv2g9XQrp_57def',$,$,$,$,#19468,#19458,$,$);
#19448=IFCCARTESIANPOINTLIST2D(((15000.,12000.),(18000.,12000.),(18000.,18000.),(15000.,18000.)));
#19449=IFCINDEXEDPOLYCURVE(#19448,(IFCLINEINDEX((1,2,3,4,1))),$);
#19450=IFCARBITRARYCLOSEDPROFILEDEF(.AREA.,'Arbitrary',#19449);
#19451=IFCCARTESIANPOINT((0.,0.,0.));
#19452=IFCDIRECTION((0.,0.,1.));
#19453=IFCDIRECTION((1.,0.,0.));
#19454=IFCAXIS2PLACEMENT3D(#19451,#19452,#19453);
#19455=IFCDIRECTION((0.,0.,1.));
#19456=IFCEXTRUDEDAREASOLID(#19450,#19454,#19455,-120.);
#19457=IFCSHAPEREPRESENTATION(#11,'Body','SweptSolid',(#19456));
#19458=IFCPRODUCTDEFINITIONSHAPE($,$,(#19457));
#19464=IFCCARTESIANPOINT((0.,0.,9000.));
#19465=IFCDIRECTION((0.,0.,1.));
#19466=IFCDIRECTION((1.,0.,0.));
#19467=IFCAXIS2PLACEMENT3D(#19464,#19465,#19466);
#19468=IFCLOCALPLACEMENT($,#19467);
#19469=IFCPROPERTYSET('0BAeX_4eb9AvSSXZs0OPBy',$,'Other',$,(#19471,#19472));
#19470=IFCRELDEFINESBYPROPERTIES('0fUKakd_bDBgypIg9YYYwz',$,$,$,(#19447),#19469);
#19471=IFCPROPERTYSINGLEVALUE('Ax',$,IFCLABEL('0.001'),$);
#19472=IFCPROPERTYSINGLEVALUE('Ay',$,IFCLABEL('0.001'),$);
#19473=IFCSLAB('3IdFbH7ED5d9Hyj6JlyiMN',$,$,$,$,#19494,#19484,$,$);
#19474=IFCCARTESIANPOINTLIST2D(((18000.,12000.),(21000.,12000.),(21000.,18000.),(18000.,18000.)));
#19475=IFCINDEXEDPOLYCURVE(#19474,(IFCLINEINDEX((1,2,3,4,1))),$);
#19476=IFCARBITRARYCLOSEDPROFILEDEF(.AREA.,'Arbitrary',#19475);
#19477=IFCCARTESIANPOINT((0.,0.,0.));
#19478=IFCDIRECTION((0.,0.,1.));
#19479=IFCDIRECTION((1.,0.,0.));
#19480=IFCAXIS2PLACEMENT3D(#19477,#19478,#19479);
#19481=IFCDIRECTION((0.,0.,1.));
#19482=IFCEXTRUDEDAREASOLID(#19476,#19480,#19481,-120.);
#19483=IFCSHAPEREPRESENTATION(#11,'Body','SweptSolid',(#19482));
#19484=IFCPRODUCTDEFINITIONSHAPE($,$,(#19483));
#19490=IFCCARTESIANPOINT((0.,0.,9000.));
#19491=IFCDIRECTION((0.,0.,1.));
#19492=IFCDIRECTION((1.,0.,0.));
#19493=IFCAXIS2PLACEMENT3D(#19490,#19491,#19492);
#19494=IFCLOCALPLACEMENT($,#19493);
#19495=IFCPROPERTYSET('0DsxOvltbAUBQ5e3Fi4N1N',$,'Other',$,(#19497,#19498));
#19496=IFCRELDEFINESBYPROPERTIES('2BlIAR1Hv2TBehF0vVf2UM',$,$,$,(#19473),#19495);
#19497=IFCPROPERTYSINGLEVALUE('Ax',$,IFCLABEL('0.001'),$);
#19498=IFCPROPERTYSINGLEVALUE('Ay',$,IFCLABEL('0.001'),$);
#19499=IFCSLAB('13v1_mMY1CtB$$XyPLAFFv',$,$,$,$,#19520,#19510,$,$);
#19500=IFCCARTESIANPOINTLIST2D(((21000.,12000.),(24000.,12000.),(24000.,18000.),(21000.,18000.)));
#19501=IFCINDEXEDPOLYCURVE(#19500,(IFCLINEINDEX((1,2,3,4,1))),$);
#19502=IFCARBITRARYCLOSEDPROFILEDEF(.AREA.,'Arbitrary',#19501);
#19503=IFCCARTESIANPOINT((0.,0.,0.));
#19504=IFCDIRECTION((0.,0.,1.));
#19505=IFCDIRECTION((1.,0.,0.));
#19506=IFCAXIS2PLACEMENT3D(#19503,#19504,#19505);
#19507=IFCDIRECTION((0.,0.,1.));
#19508=IFCEXTRUDEDAREASOLID(#19502,#19506,#19507,-120.);
#19509=IFCSHAPEREPRESENTATION(#11,'Body','SweptSolid',(#19508));
#19510=IFCPRODUCTDEFINITIONSHAPE($,$,(#19509));
#19516=IFCCARTESIANPOINT((0.,0.,9000.));
#19517=IFCDIRECTION((0.,0.,1.));
#19518=IFCDIRECTION((1.,0.,0.));
#19519=IFCAXIS2PLACEMENT3D(#19516,#19517,#19518);
#19520=IFCLOCALPLACEMENT($,#19519);
#19521=IFCPROPERTYSET('0w9KLzRZzE1eTgeggvedyK',$,'Other',$,(#19523,#19524));
#19522=IFCRELDEFINESBYPROPERTIES('39VDJMU9rB6PQYQaX8vF4S',$,$,$,(#19499),#19521);
#19523=IFCPROPERTYSINGLEVALUE('Ax',$,IFCLABEL('0.001'),$);
#19524=IFCPROPERTYSINGLEVALUE('Ay',$,IFCLABEL('0.001'),$);
#19525=IFCSLAB('1KhOm_$t1968N1Tv9EHhyl',$,$,$,$,#19546,#19536,$,$);
#19526=IFCCARTESIANPOINTLIST2D(((24000.,12000.),(27000.,12000.),(27000.,18000.),(24000.,18000.)));
#19527=IFCINDEXEDPOLYCURVE(#19526,(IFCLINEINDEX((1,2,3,4,1))),$);
#19528=IFCARBITRARYCLOSEDPROFILEDEF(.AREA.,'Arbitrary',#19527);
#19529=IFCCARTESIANPOINT((0.,0.,0.));
#19530=IFCDIRECTION((0.,0.,1.));
#19531=IFCDIRECTION((1.,0.,0.));
#19532=IFCAXIS2PLACEMENT3D(#19529,#19530,#19531);
#19533=IFCDIRECTION((0.,0.,1.));
#19534=IFCEXTRUDEDAREASOLID(#19528,#19532,#19533,-120.);
#19535=IFCSHAPEREPRESENTATION(#11,'Body','SweptSolid',(#19534));
#19536=IFCPRODUCTDEFINITIONSHAPE($,$,(#19535));
#19542=IFCCARTESIANPOINT((0.,0.,9000.));
#19543=IFCDIRECTION((0.,0.,1.));
#19544=IFCDIRECTION((1.,0.,0.));
#19545=IFCAXIS2PLACEMENT3D(#19542,#19543,#19544);
#19546=IFCLOCALPLACEMENT($,#19545);
#19547=IFCPROPERTYSET('16ycOSev1D081SIaeXtNik',$,'Other',$,(#19549,#19550));
#19548=IFCRELDEFINESBYPROPERTIES('1oF1Nlwev16uDDYbs2lXq7',$,$,$,(#19525),#19547);
#19549=IFCPROPERTYSINGLEVALUE('Ax',$,IFCLABEL('0.001'),$);
#19550=IFCPROPERTYSINGLEVALUE('Ay',$,IFCLABEL('0.001'),$);
#19551=IFCSLAB('0VyNetUVvDj9xpKH7VH$sP',$,$,$,$,#19572,#19562,$,$);
#19552=IFCCARTESIANPOINTLIST2D(((27000.,12000.),(30000.,12000.),(30000.,18000.),(27000.,18000.)));
#19553=IFCINDEXEDPOLYCURVE(#19552,(IFCLINEINDEX((1,2,3,4,1))),$);
#19554=IFCARBITRARYCLOSEDPROFILEDEF(.AREA.,'Arbitrary',#19553);
#19555=IFCCARTESIANPOINT((0.,0.,0.));
#19556=IFCDIRECTION((0.,0.,1.));
#19557=IFCDIRECTION((1.,0.,0.));
#19558=IFCAXIS2PLACEMENT3D(#19555,#19556,#19557);
#19559=IFCDIRECTION((0.,0.,1.));
#19560=IFCEXTRUDEDAREASOLID(#19554,#19558,#19559,-120.);
#19561=IFCSHAPEREPRESENTATION(#11,'Body','SweptSolid',(#19560));
#19562=IFCPRODUCTDEFINITIONSHAPE($,$,(#19561));
#19568=IFCCARTESIANPOINT((0.,0.,9000.));
#19569=IFCDIRECTION((0.,0.,1.));
#19570=IFCDIRECTION((1.,0.,0.));
#19571=IFCAXIS2PLACEMENT3D(#19568,#19569,#19570);
#19572=IFCLOCALPLACEMENT($,#19571);
#19573=IFCPROPERTYSET('17GUGgoZH2P8IcWPqBJWkQ',$,'Other',$,(#19575,#19576));
#19574=IFCRELDEFINESBYPROPERTIES('1Qlf0_i2X51u79gsNzC_Xl',$,$,$,(#19551),#19573);
#19575=IFCPROPERTYSINGLEVALUE('Ax',$,IFCLABEL('0.001'),$);
#19576=IFCPROPERTYSINGLEVALUE('Ay',$,IFCLABEL('0.001'),$);
#19577=IFCSLAB('2efvC5AWnDpu0cT696vEBP',$,$,$,$,#19598,#19588,$,$);
#19578=IFCCARTESIANPOINTLIST2D(((6000.,6000.),(9000.,6000.),(9000.,12000.),(6000.,12000.)));
#19579=IFCINDEXEDPOLYCURVE(#19578,(IFCLINEINDEX((1,2,3,4,1))),$);
#19580=IFCARBITRARYCLOSEDPROFILEDEF(.AREA.,'Arbitrary',#19579);
#19581=IFCCARTESIANPOINT((0.,0.,0.));
#19582=IFCDIRECTION((0.,0.,1.));
#19583=IFCDIRECTION((1.,0.,0.));
#19584=IFCAXIS2PLACEMENT3D(#19581,#19582,#19583);
#19585=IFCDIRECTION((0.,0.,1.));
#19586=IFCEXTRUDEDAREASOLID(#19580,#19584,#19585,-120.);
#19587=IFCSHAPEREPRESENTATION(#11,'Body','SweptSolid',(#19586));
#19588=IFCPRODUCTDEFINITIONSHAPE($,$,(#19587));
#19594=IFCCARTESIANPOINT((0.,0.,9000.));
#19595=IFCDIRECTION((0.,0.,1.));
#19596=IFCDIRECTION((1.,0.,0.));
#19597=IFCAXIS2PLACEMENT3D(#19594,#19595,#19596);
#19598=IFCLOCALPLACEMENT($,#19597);
#19599=IFCPROPERTYSET('14pAQCoq16TPBJ7mRB40Bm',$,'Other',$,(#19601,#19602));
#19600=IFCRELDEFINESBYPROPERTIES('2Y_frFZ6zD9ujtngAYhzs5',$,$,$,(#19577),#19599);
#19601=IFCPROPERTYSINGLEVALUE('Ax',$,IFCLABEL('0.001'),$);
#19602=IFCPROPERTYSINGLEVALUE('Ay',$,IFCLABEL('0.001'),$);
#19603=IFCSLAB('2SH_3hP7T4pgLHQjoUAZ6R',$,$,$,$,#19624,#19614,$,$);
#19604=IFCCARTESIANPOINTLIST2D(((9000.,6000.),(12000.,6000.),(12000.,12000.),(9000.,12000.)));
#19605=IFCINDEXEDPOLYCURVE(#19604,(IFCLINEINDEX((1,2,3,4,1))),$);
#19606=IFCARBITRARYCLOSEDPROFILEDEF(.AREA.,'Arbitrary',#19605);
#19607=IFCCARTESIANPOINT((0.,0.,0.));
#19608=IFCDIRECTION((0.,0.,1.));
#19609=IFCDIRECTION((1.,0.,0.));
#19610=IFCAXIS2PLACEMENT3D(#19607,#19608,#19609);
#19611=IFCDIRECTION((0.,0.,1.));
#19612=IFCEXTRUDEDAREASOLID(#19606,#19610,#19611,-120.);
#19613=IFCSHAPEREPRESENTATION(#11,'Body','SweptSolid',(#19612));
#19614=IFCPRODUCTDEFINITIONSHAPE($,$,(#19613));
#19620=IFCCARTESIANPOINT((0.,0.,9000.));
#19621=IFCDIRECTION((0.,0.,1.));
#19622=IFCDIRECTION((1.,0.,0.));
#19623=IFCAXIS2PLACEMENT3D(#19620,#19621,#19622);
#19624=IFCLOCALPLACEMENT($,#19623);
#19625=IFCPROPERTYSET('31RGchYhz6wRIEFE2M7EgY',$,'Other',$,(#19627,#19628));
#19626=IFCRELDEFINESBYPROPERTIES('2taCe0$Fn94QQXxmnjE7yy',$,$,$,(#19603),#19625);
#19627=IFCPROPERTYSINGLEVALUE('Ax',$,IFCLABEL('0.001'),$);
#19628=IFCPROPERTYSINGLEVALUE('Ay',$,IFCLABEL('0.001'),$);
#19629=IFCSLAB('0sxwtxoJ1C7x_j5XWMVNPS',$,$,$,$,#19650,#19640,$,$);
#19630=IFCCARTESIANPOINTLIST2D(((12000.,6000.),(15000.,6000.),(15000.,12000.),(12000.,12000.)));
#19631=IFCINDEXEDPOLYCURVE(#19630,(IFCLINEINDEX((1,2,3,4,1))),$);
#19632=IFCARBITRARYCLOSEDPROFILEDEF(.AREA.,'Arbitrary',#19631);
#19633=IFCCARTESIANPOINT((0.,0.,0.));
#19634=IFCDIRECTION((0.,0.,1.));
#19635=IFCDIRECTION((1.,0.,0.));
#19636=IFCAXIS2PLACEMENT3D(#19633,#19634,#19635);
#19637=IFCDIRECTION((0.,0.,1.));
#19638=IFCEXTRUDEDAREASOLID(#19632,#19636,#19637,-120.);
#19639=IFCSHAPEREPRESENTATION(#11,'Body','SweptSolid',(#19638));
#19640=IFCPRODUCTDEFINITIONSHAPE($,$,(#19639));
#19646=IFCCARTESIANPOINT((0.,0.,9000.));
#19647=IFCDIRECTION((0.,0.,1.));
#19648=IFCDIRECTION((1.,0.,0.));
#19649=IFCAXIS2PLACEMENT3D(#19646,#19647,#19648);
#19650=IFCLOCALPLACEMENT($,#19649);
#19651=IFCPROPERTYSET('37dACLWIrE8Qhg2hfB3HUi',$,'Other',$,(#19653,#19654));
#19652=IFCRELDEFINESBYPROPERTIES('0g93CEilbA68Js2ewVwjep',$,$,$,(#19629),#19651);
#19653=IFCPROPERTYSINGLEVALUE('Ax',$,IFCLABEL('0.001'),$);
#19654=IFCPROPERTYSINGLEVALUE('Ay',$,IFCLABEL('0.001'),$);
#19655=IFCSLAB('2fuGAvScH818cIGhKlaU6U',$,$,$,$,#19676,#19666,$,$);
#19656=IFCCARTESIANPOINTLIST2D(((15000.,6000.),(18000.,6000.),(18000.,12000.),(15000.,12000.)));
#19657=IFCINDEXEDPOLYCURVE(#19656,(IFCLINEINDEX((1,2,3,4,1))),$);
#19658=IFCARBITRARYCLOSEDPROFILEDEF(.AREA.,'Arbitrary',#19657);
#19659=IFCCARTESIANPOINT((0.,0.,0.));
#19660=IFCDIRECTION((0.,0.,1.));
#19661=IFCDIRECTION((1.,0.,0.));
#19662=IFCAXIS2PLACEMENT3D(#19659,#19660,#19661);
#19663=IFCDIRECTION((0.,0.,1.));
#19664=IFCEXTRUDEDAREASOLID(#19658,#19662,#19663,-120.);
#19665=IFCSHAPEREPRESENTATION(#11,'Body','SweptSolid',(#19664));
#19666=IFCPRODUCTDEFINITIONSHAPE($,$,(#19665));
#19672=IFCCARTESIANPOINT((0.,0.,9000.));
#19673=IFCDIRECTION((0.,0.,1.));
#19674=IFCDIRECTION((1.,0.,0.));
#19675=IFCAXIS2PLACEMENT3D(#19672,#19673,#19674);
#19676=IFCLOCALPLACEMENT($,#19675);
#19677=IFCPROPERTYSET('2$WSmbQFj7MvAFUMjGOuV1',$,'Other',$,(#19679,#19680));
#19678=IFCRELDEFINESBYPROPERTIES('3XFJnO44fAJOwRsAq0t85A',$,$,$,(#19655),#19677);
#19679=IFCPROPERTYSINGLEVALUE('Ax',$,IFCLABEL('0.001'),$);
#19680=IFCPROPERTYSINGLEVALUE('Ay',$,IFCLABEL('0.001'),$);
#19681=IFCSLAB('1XfWfgnxjADwNKi8jvexXx',$,$,$,$,#19702,#19692,$,$);
#19682=IFCCARTESIANPOINTLIST2D(((18000.,6000.),(21000.,6000.),(21000.,12000.),(18000.,12000.)));
#19683=IFCINDEXEDPOLYCURVE(#19682,(IFCLINEINDEX((1,2,3,4,1))),$);
#19684=IFCARBITRARYCLOSEDPROFILEDEF(.AREA.,'Arbitrary',#19683);
#19685=IFCCARTESIANPOINT((0.,0.,0.));
#19686=IFCDIRECTION((0.,0.,1.));
#19687=IFCDIRECTION((1.,0.,0.));
#19688=IFCAXIS2PLACEMENT3D(#19685,#19686,#19687);
#19689=IFCDIRECTION((0.,0.,1.));
#19690=IFCEXTRUDEDAREASOLID(#19684,#19688,#19689,-120.);
#19691=IFCSHAPEREPRESENTATION(#11,'Body','SweptSolid',(#19690));
#19692=IFCPRODUCTDEFINITIONSHAPE($,$,(#19691));
#19698=IFCCARTESIANPOINT((0.,0.,9000.));
#19699=IFCDIRECTION((0.,0.,1.));
#19700=IFCDIRECTION((1.,0.,0.));
#19701=IFCAXIS2PLACEMENT3D(#19698,#19699,#19700);
#19702=IFCLOCALPLACEMENT($,#19701);
#19703=IFCPROPERTYSET('2JKpLwj4TD_fi4wUlAwOC$',$,'Other',$,(#19705,#19706));
#19704=IFCRELDEFINESBYPROPERTIES('1nyjzdoDf43AGI3t3LHcD2',$,$,$,(#19681),#19703);
#19705=IFCPROPERTYSINGLEVALUE('Ax',$,IFCLABEL('0.001'),$);
#19706=IFCPROPERTYSINGLEVALUE('Ay',$,IFCLABEL('0.001'),$);
#19707=IFCSLAB('1vL$YzKOD3KPFV$OBB8Hzq',$,$,$,$,#19728,#19718,$,$);
#19708=IFCCARTESIANPOINTLIST2D(((21000.,6000.),(24000.,6000.),(24000.,12000.),(21000.,12000.)));
#19709=IFCINDEXEDPOLYCURVE(#19708,(IFCLINEINDEX((1,2,3,4,1))),$);
#19710=IFCARBITRARYCLOSEDPROFILEDEF(.AREA.,'Arbitrary',#19709);
#19711=IFCCARTESIANPOINT((0.,0.,0.));
#19712=IFCDIRECTION((0.,0.,1.));
#19713=IFCDIRECTION((1.,0.,0.));
#19714=IFCAXIS2PLACEMENT3D(#19711,#19712,#19713);
#19715=IFCDIRECTION((0.,0.,1.));
#19716=IFCEXTRUDEDAREASOLID(#19710,#19714,#19715,-120.);
#19717=IFCSHAPEREPRESENTATION(#11,'Body','SweptSolid',(#19716));
#19718=IFCPRODUCTDEFINITIONSHAPE($,$,(#19717));
#19724=IFCCARTESIANPOINT((0.,0.,9000.));
#19725=IFCDIRECTION((0.,0.,1.));
#19726=IFCDIRECTION((1.,0.,0.));
#19727=IFCAXIS2PLACEMENT3D(#19724,#19725,#19726);
#19728=IFCLOCALPLACEMENT($,#19727);
#19729=IFCPROPERTYSET('3_RlfxPAD00vA1kDKGtA7m',$,'Other',$,(#19731,#19732));
#19730=IFCRELDEFINESBYPROPERTIES('28tuleMRbBJvTeHO8t1rR1',$,$,$,(#19707),#19729);
#19731=IFCPROPERTYSINGLEVALUE('Ax',$,IFCLABEL('0.001'),$);
#19732=IFCPROPERTYSINGLEVALUE('Ay',$,IFCLABEL('0.001'),$);
#19733=IFCSLAB('2bc8yoxnr7OBgrLVUM60CW',$,$,$,$,#19754,#19744,$,$);
#19734=IFCCARTESIANPOINTLIST2D(((6000.,0.),(9000.,0.),(9000.,6000.),(6000.,6000.)));
#19735=IFCINDEXEDPOLYCURVE(#19734,(IFCLINEINDEX((1,2,3,4,1))),$);
#19736=IFCARBITRARYCLOSEDPROFILEDEF(.AREA.,'Arbitrary',#19735);
#19737=IFCCARTESIANPOINT((0.,0.,0.));
#19738=IFCDIRECTION((0.,0.,1.));
#19739=IFCDIRECTION((1.,0.,0.));
#19740=IFCAXIS2PLACEMENT3D(#19737,#19738,#19739);
#19741=IFCDIRECTION((0.,0.,1.));
#19742=IFCEXTRUDEDAREASOLID(#19736,#19740,#19741,-120.);
#19743=IFCSHAPEREPRESENTATION(#11,'Body','SweptSolid',(#19742));
#19744=IFCPRODUCTDEFINITIONSHAPE($,$,(#19743));
#19750=IFCCARTESIANPOINT((0.,0.,9000.));
#19751=IFCDIRECTION((0.,0.,1.));
#19752=IFCDIRECTION((1.,0.,0.));
#19753=IFCAXIS2PLACEMENT3D(#19750,#19751,#19752);
#19754=IFCLOCALPLACEMENT($,#19753);
#19755=IFCPROPERTYSET('0qsIqBXSL8xvNO4bTOZdOw',$,'Other',$,(#19757,#19758));
#19756=IFCRELDEFINESBYPROPERTIES('1XMgvhxx10aeqB4LWi6dxr',$,$,$,(#19733),#19755);
#19757=IFCPROPERTYSINGLEVALUE('Ax',$,IFCLABEL('0.001'),$);
#19758=IFCPROPERTYSINGLEVALUE('Ay',$,IFCLABEL('0.001'),$);
#19759=IFCSLAB('0lOej2Oxf3KQKsIubJFGXp',$,$,$,$,#19780,#19770,$,$);
#19760=IFCCARTESIANPOINTLIST2D(((9000.,0.),(12000.,0.),(12000.,6000.),(9000.,6000.)));
#19761=IFCINDEXEDPOLYCURVE(#19760,(IFCLINEINDEX((1,2,3,4,1))),$);
#19762=IFCARBITRARYCLOSEDPROFILEDEF(.AREA.,'Arbitrary',#19761);
#19763=IFCCARTESIANPOINT((0.,0.,0.));
#19764=IFCDIRECTION((0.,0.,1.));
#19765=IFCDIRECTION((1.,0.,0.));
#19766=IFCAXIS2PLACEMENT3D(#19763,#19764,#19765);
#19767=IFCDIRECTION((0.,0.,1.));
#19768=IFCEXTRUDEDAREASOLID(#19762,#19766,#19767,-120.);
#19769=IFCSHAPEREPRESENTATION(#11,'Body','SweptSolid',(#19768));
#19770=IFCPRODUCTDEFINITIONSHAPE($,$,(#19769));
#19776=IFCCARTESIANPOINT((0.,0.,9000.));
#19777=IFCDIRECTION((0.,0.,1.));
#19778=IFCDIRECTION((1.,0.,0.));
#19779=IFCAXIS2PLACEMENT3D(#19776,#19777,#19778);
#19780=IFCLOCALPLACEMENT($,#19779);
#19781=IFCPROPERTYSET('3huv86EgfF_hB5i$V4i$KX',$,'Other',$,(#19783,#19784));
#19782=IFCRELDEFINESBYPROPERTIES('32XL6Npzj2bPZUBdBL$hGA',$,$,$,(#19759),#19781);
#19783=IFCPROPERTYSINGLEVALUE('Ax',$,IFCLABEL('0.001'),$);
#19784=IFCPROPERTYSINGLEVALUE('Ay',$,IFCLABEL('0.001'),$);
#19785=IFCSLAB('0DBV3MUNb6NR0QZHCv9ih2',$,$,$,$,#19806,#19796,$,$);
#19786=IFCCARTESIANPOINTLIST2D(((12000.,0.),(15000.,0.),(15000.,6000.),(12000.,6000.)));
#19787=IFCINDEXEDPOLYCURVE(#19786,(IFCLINEINDEX((1,2,3,4,1))),$);
#19788=IFCARBITRARYCLOSEDPROFILEDEF(.AREA.,'Arbitrary',#19787);
#19789=IFCCARTESIANPOINT((0.,0.,0.));
#19790=IFCDIRECTION((0.,0.,1.));
#19791=IFCDIRECTION((1.,0.,0.));
#19792=IFCAXIS2PLACEMENT3D(#19789,#19790,#19791);
#19793=IFCDIRECTION((0.,0.,1.));
#19794=IFCEXTRUDEDAREASOLID(#19788,#19792,#19793,-120.);
#19795=IFCSHAPEREPRESENTATION(#11,'Body','SweptSolid',(#19794));
#19796=IFCPRODUCTDEFINITIONSHAPE($,$,(#19795));
#19802=IFCCARTESIANPOINT((0.,0.,9000.));
#19803=IFCDIRECTION((0.,0.,1.));
#19804=IFCDIRECTION((1.,0.,0.));
#19805=IFCAXIS2PLACEMENT3D(#19802,#19803,#19804);
#19806=IFCLOCALPLACEMENT($,#19805);
#19807=IFCPROPERTYSET('1d5_GyroTBp999YDLE3Ydl',$,'Other',$,(#19809,#19810));
#19808=IFCRELDEFINESBYPROPERTIES('03ovyqzRzEoe5Tmg$ysaQD',$,$,$,(#19785),#19807);
#19809=IFCPROPERTYSINGLEVALUE('Ax',$,IFCLABEL('0.001'),$);
#19810=IFCPROPERTYSINGLEVALUE('Ay',$,IFCLABEL('0.001'),$);
#19811=IFCSLAB('2YjnxogtDBVRtVpZnjH0bI',$,$,$,$,#19832,#19822,$,$);
#19812=IFCCARTESIANPOINTLIST2D(((15000.,0.),(18000.,0.),(18000.,6000.),(15000.,6000.)));
#19813=IFCINDEXEDPOLYCURVE(#19812,(IFCLINEINDEX((1,2,3,4,1))),$);
#19814=IFCARBITRARYCLOSEDPROFILEDEF(.AREA.,'Arbitrary',#19813);
#19815=IFCCARTESIANPOINT((0.,0.,0.));
#19816=IFCDIRECTION((0.,0.,1.));
#19817=IFCDIRECTION((1.,0.,0.));
#19818=IFCAXIS2PLACEMENT3D(#19815,#19816,#19817);
#19819=IFCDIRECTION((0.,0.,1.));
#19820=IFCEXTRUDEDAREASOLID(#19814,#19818,#19819,-120.);
#19821=IFCSHAPEREPRESENTATION(#11,'Body','SweptSolid',(#19820));
#19822=IFCPRODUCTDEFINITIONSHAPE($,$,(#19821));
#19828=IFCCARTESIANPOINT((0.,0.,9000.));
#19829=IFCDIRECTION((0.,0.,1.));
#19830=IFCDIRECTION((1.,0.,0.));
#19831=IFCAXIS2PLACEMENT3D(#19828,#19829,#19830);
#19832=IFCLOCALPLACEMENT($,#19831);
#19833=IFCPROPERTYSET('3wzhQ28AP6zwigJOa_ttEG',$,'Other',$,(#19835,#19836));
#19834=IFCRELDEFINESBYPROPERTIES('0YdUlBaxn8EAX5s2ci3Mj7',$,$,$,(#19811),#19833);
#19835=IFCPROPERTYSINGLEVALUE('Ax',$,IFCLABEL('0.001'),$);
#19836=IFCPROPERTYSINGLEVALUE('Ay',$,IFCLABEL('0.001'),$);
#19837=IFCSLAB('1G1nHfZEHC1hO0Taiiz0TR',$,$,$,$,#19858,#19848,$,$);
#19838=IFCCARTESIANPOINTLIST2D(((18000.,0.),(21000.,0.),(21000.,6000.),(18000.,6000.)));
#19839=IFCINDEXEDPOLYCURVE(#19838,(IFCLINEINDEX((1,2,3,4,1))),$);
#19840=IFCARBITRARYCLOSEDPROFILEDEF(.AREA.,'Arbitrary',#19839);
#19841=IFCCARTESIANPOINT((0.,0.,0.));
#19842=IFCDIRECTION((0.,0.,1.));
#19843=IFCDIRECTION((1.,0.,0.));
#19844=IFCAXIS2PLACEMENT3D(#19841,#19842,#19843);
#19845=IFCDIRECTION((0.,0.,1.));
#19846=IFCEXTRUDEDAREASOLID(#19840,#19844,#19845,-120.);
#19847=IFCSHAPEREPRESENTATION(#11,'Body','SweptSolid',(#19846));
#19848=IFCPRODUCTDEFINITIONSHAPE($,$,(#19847));
#19854=IFCCARTESIANPOINT((0.,0.,9000.));
#19855=IFCDIRECTION((0.,0.,1.));
#19856=IFCDIRECTION((1.,0.,0.));
#19857=IFCAXIS2PLACEMENT3D(#19854,#19855,#19856);
#19858=IFCLOCALPLACEMENT($,#19857);
#19859=IFCPROPERTYSET('0q_q_u4jn1DveoEs9Caqqe',$,'Other',$,(#19861,#19862));
#19860=IFCRELDEFINESBYPROPERTIES('3P5$zR3WH1JgpWc7BHMWU6',$,$,$,(#19837),#19859);
#19861=IFCPROPERTYSINGLEVALUE('Ax',$,IFCLABEL('0.001'),$);
#19862=IFCPROPERTYSINGLEVALUE('Ay',$,IFCLABEL('0.001'),$);
#19863=IFCSLAB('08ui9ZVr52e9pLj1S9kQbi',$,$,$,$,#19884,#19874,$,$);
#19864=IFCCARTESIANPOINTLIST2D(((21000.,0.),(24000.,0.),(24000.,6000.),(21000.,6000.)));
#19865=IFCINDEXEDPOLYCURVE(#19864,(IFCLINEINDEX((1,2,3,4,1))),$);
#19866=IFCARBITRARYCLOSEDPROFILEDEF(.AREA.,'Arbitrary',#19865);
#19867=IFCCARTESIANPOINT((0.,0.,0.));
#19868=IFCDIRECTION((0.,0.,1.));
#19869=IFCDIRECTION((1.,0.,0.));
#19870=IFCAXIS2PLACEMENT3D(#19867,#19868,#19869);
#19871=IFCDIRECTION((0.,0.,1.));
#19872=IFCEXTRUDEDAREASOLID(#19866,#19870,#19871,-120.);
#19873=IFCSHAPEREPRESENTATION(#11,'Body','SweptSolid',(#19872));
#19874=IFCPRODUCTDEFINITIONSHAPE($,$,(#19873));
#19880=IFCCARTESIANPOINT((0.,0.,9000.));
#19881=IFCDIRECTION((0.,0.,1.));
#19882=IFCDIRECTION((1.,0.,0.));
#19883=IFCAXIS2PLACEMENT3D(#19880,#19881,#19882);
#19884=IFCLOCALPLACEMENT($,#19883);
#19885=IFCPROPERTYSET('2EMwmVEmL3ZPPJVb33CoJi',$,'Other',$,(#19887,#19888));
#19886=IFCRELDEFINESBYPROPERTIES('2OiTXsgCXEE9dmi$6RXUi7',$,$,$,(#19863),#19885);
#19887=IFCPROPERTYSINGLEVALUE('Ax',$,IFCLABEL('0.001'),$);
#19888=IFCPROPERTYSINGLEVALUE('Ay',$,IFCLABEL('0.001'),$);
#19889=IFCSLAB('1TsL7Z_cLBxxmnzbIocsAW',$,$,$,$,#19910,#19900,$,$);
#19890=IFCCARTESIANPOINTLIST2D(((3000.,0.),(6000.,0.),(6000.,6000.),(3000.,6000.)));
#19891=IFCINDEXEDPOLYCURVE(#19890,(IFCLINEINDEX((1,2,3,4,1))),$);
#19892=IFCARBITRARYCLOSEDPROFILEDEF(.AREA.,'Arbitrary',#19891);
#19893=IFCCARTESIANPOINT((0.,0.,0.));
#19894=IFCDIRECTION((0.,0.,1.));
#19895=IFCDIRECTION((1.,0.,0.));
#19896=IFCAXIS2PLACEMENT3D(#19893,#19894,#19895);
#19897=IFCDIRECTION((0.,0.,1.));
#19898=IFCEXTRUDEDAREASOLID(#19892,#19896,#19897,-120.);
#19899=IFCSHAPEREPRESENTATION(#11,'Body','SweptSolid',(#19898));
#19900=IFCPRODUCTDEFINITIONSHAPE($,$,(#19899));
#19906=IFCCARTESIANPOINT((0.,0.,9000.));
#19907=IFCDIRECTION((0.,0.,1.));
#19908=IFCDIRECTION((1.,0.,0.));
#19909=IFCAXIS2PLACEMENT3D(#19906,#19907,#19908);
#19910=IFCLOCALPLACEMENT($,#19909);
#19911=IFCPROPERTYSET('2rDLZtw_fENA_2zll958Az',$,'Other',$,(#19913,#19914));
#19912=IFCRELDEFINESBYPROPERTIES('2o__jYb7DBjPNUSMtF9b5T',$,$,$,(#19889),#19911);
#19913=IFCPROPERTYSINGLEVALUE('Ax',$,IFCLABEL('0.001'),$);
#19914=IFCPROPERTYSINGLEVALUE('Ay',$,IFCLABEL('0.001'),$);
#19915=IFCSLAB('27izwqy3fDT9d31HeEZ0EB',$,$,$,$,#19936,#19926,$,$);
#19916=IFCCARTESIANPOINTLIST2D(((24000.,6000.),(27000.,6000.),(27000.,12000.),(24000.,12000.)));
#19917=IFCINDEXEDPOLYCURVE(#19916,(IFCLINEINDEX((1,2,3,4,1))),$);
#19918=IFCARBITRARYCLOSEDPROFILEDEF(.AREA.,'Arbitrary',#19917);
#19919=IFCCARTESIANPOINT((0.,0.,0.));
#19920=IFCDIRECTION((0.,0.,1.));
#19921=IFCDIRECTION((1.,0.,0.));
#19922=IFCAXIS2PLACEMENT3D(#19919,#19920,#19921);
#19923=IFCDIRECTION((0.,0.,1.));
#19924=IFCEXTRUDEDAREASOLID(#19918,#19922,#19923,-120.);
#19925=IFCSHAPEREPRESENTATION(#11,'Body','SweptSolid',(#19924));
#19926=IFCPRODUCTDEFINITIONSHAPE($,$,(#19925));
#19932=IFCCARTESIANPOINT((0.,0.,9000.));
#19933=IFCDIRECTION((0.,0.,1.));
#19934=IFCDIRECTION((1.,0.,0.));
#19935=IFCAXIS2PLACEMENT3D(#19932,#19933,#19934);
#19936=IFCLOCALPLACEMENT($,#19935);
#19937=IFCPROPERTYSET('3Aj8Nhfi10KvvbeJA0tTgF',$,'Other',$,(#19939,#19940));
#19938=IFCRELDEFINESBYPROPERTIES('2EospZNfj4MQMwg0KL0w20',$,$,$,(#19915),#19937);
#19939=IFCPROPERTYSINGLEVALUE('Ax',$,IFCLABEL('0.001'),$);
#19940=IFCPROPERTYSINGLEVALUE('Ay',$,IFCLABEL('0.001'),$);
#19941=IFCSLAB('00E6paW9L5z8NxnCeAvRL$',$,$,$,$,#19962,#19952,$,$);
#19942=IFCCARTESIANPOINTLIST2D(((0.,6000.),(3000.,6000.),(3000.,12000.),(0.,12000.)));
#19943=IFCINDEXEDPOLYCURVE(#19942,(IFCLINEINDEX((1,2,3,4,1))),$);
#19944=IFCARBITRARYCLOSEDPROFILEDEF(.AREA.,'Arbitrary',#19943);
#19945=IFCCARTESIANPOINT((0.,0.,0.));
#19946=IFCDIRECTION((0.,0.,1.));
#19947=IFCDIRECTION((1.,0.,0.));
#19948=IFCAXIS2PLACEMENT3D(#19945,#19946,#19947);
#19949=IFCDIRECTION((0.,0.,1.));
#19950=IFCEXTRUDEDAREASOLID(#19944,#19948,#19949,-120.);
#19951=IFCSHAPEREPRESENTATION(#11,'Body','SweptSolid',(#19950));
#19952=IFCPRODUCTDEFINITIONSHAPE($,$,(#19951));
#19958=IFCCARTESIANPOINT((0.,0.,6000.));
#19959=IFCDIRECTION((0.,0.,1.));
#19960=IFCDIRECTION((1.,0.,0.));
#19961=IFCAXIS2PLACEMENT3D(#19958,#19959,#19960);
#19962=IFCLOCALPLACEMENT($,#19961);
#19963=IFCPROPERTYSET('2AQc1bmhbDk9JxeU1IO$5C',$,'Other',$,(#19965,#19966));
#19964=IFCRELDEFINESBYPROPERTIES('3aGASxxSbFSO9cUYszxg9x',$,$,$,(#19941),#19963);
#19965=IFCPROPERTYSINGLEVALUE('Ax',$,IFCLABEL('0.001'),$);
#19966=IFCPROPERTYSINGLEVALUE('Ay',$,IFCLABEL('0.001'),$);
#19967=IFCSLAB('2v2P_KFij0PxKAmccsI3cz',$,$,$,$,#19988,#19978,$,$);
#19968=IFCCARTESIANPOINTLIST2D(((3000.,6000.),(6000.,6000.),(6000.,12000.),(3000.,12000.)));
#19969=IFCINDEXEDPOLYCURVE(#19968,(IFCLINEINDEX((1,2,3,4,1))),$);
#19970=IFCARBITRARYCLOSEDPROFILEDEF(.AREA.,'Arbitrary',#19969);
#19971=IFCCARTESIANPOINT((0.,0.,0.));
#19972=IFCDIRECTION((0.,0.,1.));
#19973=IFCDIRECTION((1.,0.,0.));
#19974=IFCAXIS2PLACEMENT3D(#19971,#19972,#19973);
#19975=IFCDIRECTION((0.,0.,1.));
#19976=IFCEXTRUDEDAREASOLID(#19970,#19974,#19975,-120.);
#19977=IFCSHAPEREPRESENTATION(#11,'Body','SweptSolid',(#19976));
#19978=IFCPRODUCTDEFINITIONSHAPE($,$,(#19977));
#19984=IFCCARTESIANPOINT((0.,0.,6000.));
#19985=IFCDIRECTION((0.,0.,1.));
#19986=IFCDIRECTION((1.,0.,0.));
#19987=IFCAXIS2PLACEMENT3D(#19984,#19985,#19986);
#19988=IFCLOCALPLACEMENT($,#19987);
#19989=IFCPROPERTYSET('3rL9aQg$zCUwtL7MiAaqSy',$,'Other',$,(#19991,#19992));
#19990=IFCRELDEFINESBYPROPERTIES('02ikd9cpvDAPtzzvRSfuTf',$,$,$,(#19967),#19989);
#19991=IFCPROPERTYSINGLEVALUE('Ax',$,IFCLABEL('0.001'),$);
#19992=IFCPROPERTYSINGLEVALUE('Ay',$,IFCLABEL('0.001'),$);
#19993=IFCSLAB('3lOUj3G$XE$uQX2$HmAWGx',$,$,$,$,#20014,#20004,$,$);
#19994=IFCCARTESIANPOINTLIST2D(((0.,12000.),(3000.,12000.),(3000.,18000.),(0.,18000.)));
#19995=IFCINDEXEDPOLYCURVE(#19994,(IFCLINEINDEX((1,2,3,4,1))),$);
#19996=IFCARBITRARYCLOSEDPROFILEDEF(.AREA.,'Arbitrary',#19995);
#19997=IFCCARTESIANPOINT((0.,0.,0.));
#19998=IFCDIRECTION((0.,0.,1.));
#19999=IFCDIRECTION((1.,0.,0.));
#20000=IFCAXIS2PLACEMENT3D(#19997,#19998,#19999);
#20001=IFCDIRECTION((0.,0.,1.));
#20002=IFCEXTRUDEDAREASOLID(#19996,#20000,#20001,-120.);
#20003=IFCSHAPEREPRESENTATION(#11,'Body','SweptSolid',(#20002));
#20004=IFCPRODUCTDEFINITIONSHAPE($,$,(#20003));
#20010=IFCCARTESIANPOINT((0.,0.,6000.));
#20011=IFCDIRECTION((0.,0.,1.));
#20012=IFCDIRECTION((1.,0.,0.));
#20013=IFCAXIS2PLACEMENT3D(#20010,#20011,#20012);
#20014=IFCLOCALPLACEMENT($,#20013);
#20015=IFCPROPERTYSET('0J_3nT9r5CshQSHfGBlrpi',$,'Other',$,(#20017,#20018));
#20016=IFCRELDEFINESBYPROPERTIES('3BeUxdomj3TxBpzBDTdFLI',$,$,$,(#19993),#20015);
#20017=IFCPROPERTYSINGLEVALUE('Ax',$,IFCLABEL('0.001'),$);
#20018=IFCPROPERTYSINGLEVALUE('Ay',$,IFCLABEL('0.001'),$);
#20019=IFCSLAB('2l7VtsvFn0df6gMg1Bq$Os',$,$,$,$,#20040,#20030,$,$);
#20020=IFCCARTESIANPOINTLIST2D(((3000.,12000.),(6000.,12000.),(6000.,18000.),(3000.,18000.)));
#20021=IFCINDEXEDPOLYCURVE(#20020,(IFCLINEINDEX((1,2,3,4,1))),$);
#20022=IFCARBITRARYCLOSEDPROFILEDEF(.AREA.,'Arbitrary',#20021);
#20023=IFCCARTESIANPOINT((0.,0.,0.));
#20024=IFCDIRECTION((0.,0.,1.));
#20025=IFCDIRECTION((1.,0.,0.));
#20026=IFCAXIS2PLACEMENT3D(#20023,#20024,#20025);
#20027=IFCDIRECTION((0.,0.,1.));
#20028=IFCEXTRUDEDAREASOLID(#20022,#20026,#20027,-120.);
#20029=IFCSHAPEREPRESENTATION(#11,'Body','SweptSolid',(#20028));
#20030=IFCPRODUCTDEFINITIONSHAPE($,$,(#20029));
#20036=IFCCARTESIANPOINT((0.,0.,6000.));
#20037=IFCDIRECTION((0.,0.,1.));
#20038=IFCDIRECTION((1.,0.,0.));
#20039=IFCAXIS2PLACEMENT3D(#20036,#20037,#20038);
#20040=IFCLOCALPLACEMENT($,#20039);
#20041=IFCPROPERTYSET('0ONKlgRqPBOxGRQQ5sFa2k',$,'Other',$,(#20043,#20044));
#20042=IFCRELDEFINESBYPROPERTIES('0SfK6QDuzATwGbfez02pXr',$,$,$,(#20019),#20041);
#20043=IFCPROPERTYSINGLEVALUE('Ax',$,IFCLABEL('0.001'),$);
#20044=IFCPROPERTYSINGLEVALUE('Ay',$,IFCLABEL('0.001'),$);
#20045=IFCSLAB('2SRrjfTTn56PCjRg1Qndkz',$,$,$,$,#20066,#20056,$,$);
#20046=IFCCARTESIANPOINTLIST2D(((6000.,12000.),(9000.,12000.),(9000.,18000.),(6000.,18000.)));
#20047=IFCINDEXEDPOLYCURVE(#20046,(IFCLINEINDEX((1,2,3,4,1))),$);
#20048=IFCARBITRARYCLOSEDPROFILEDEF(.AREA.,'Arbitrary',#20047);
#20049=IFCCARTESIANPOINT((0.,0.,0.));
#20050=IFCDIRECTION((0.,0.,1.));
#20051=IFCDIRECTION((1.,0.,0.));
#20052=IFCAXIS2PLACEMENT3D(#20049,#20050,#20051);
#20053=IFCDIRECTION((0.,0.,1.));
#20054=IFCEXTRUDEDAREASOLID(#20048,#20052,#20053,-120.);
#20055=IFCSHAPEREPRESENTATION(#11,'Body','SweptSolid',(#20054));
#20056=IFCPRODUCTDEFINITIONSHAPE($,$,(#20055));
#20062=IFCCARTESIANPOINT((0.,0.,6000.));
#20063=IFCDIRECTION((0.,0.,1.));
#20064=IFCDIRECTION((1.,0.,0.));
#20065=IFCAXIS2PLACEMENT3D(#20062,#20063,#20064);
#20066=IFCLOCALPLACEMENT($,#20065);
#20067=IFCPROPERTYSET('2HWyyJxkL1Tgx3hkm12zc6',$,'Other',$,(#20069,#20070));
#20068=IFCRELDEFINESBYPROPERTIES('3agdy_JO9BUwbx86gY9cpt',$,$,$,(#20045),#20067);
#20069=IFCPROPERTYSINGLEVALUE('Ax',$,IFCLABEL('0.001'),$);
#20070=IFCPROPERTYSINGLEVALUE('Ay',$,IFCLABEL('0.001'),$);
#20071=IFCSLAB('1yzvYf4Jj61e3mq9EXGUxa',$,$,$,$,#20092,#20082,$,$);
#20072=IFCCARTESIANPOINTLIST2D(((9000.,12000.),(12000.,12000.),(12000.,18000.),(9000.,18000.)));
#20073=IFCINDEXEDPOLYCURVE(#20072,(IFCLINEINDEX((1,2,3,4,1))),$);
#20074=IFCARBITRARYCLOSEDPROFILEDEF(.AREA.,'Arbitrary',#20073);
#20075=IFCCARTESIANPOINT((0.,0.,0.));
#20076=IFCDIRECTION((0.,0.,1.));
#20077=IFCDIRECTION((1.,0.,0.));
#20078=IFCAXIS2PLACEMENT3D(#20075,#20076,#20077);
#20079=IFCDIRECTION((0.,0.,1.));
#20080=IFCEXTRUDEDAREASOLID(#20074,#20078,#20079,-120.);
#20081=IFCSHAPEREPRESENTATION(#11,'Body','SweptSolid',(#20080));
#20082=IFCPRODUCTDEFINITIONSHAPE($,$,(#20081));
#20088=IFCCARTESIANPOINT((0.,0.,6000.));
#20089=IFCDIRECTION((0.,0.,1.));
#20090=IFCDIRECTION((1.,0.,0.));
#20091=IFCAXIS2PLACEMENT3D(#20088,#20089,#20090);
#20092=IFCLOCALPLACEMENT($,#20091);
#20093=IFCPROPERTYSET('3mKvI64hv0u9pRR5eeRgVZ',$,'Other',$,(#20095,#20096));
#20094=IFCRELDEFINESBYPROPERTIES('29eDaj$6TE8RExpO_0GgjY',$,$,$,(#20071),#20093);
#20095=IFCPROPERTYSINGLEVALUE('Ax',$,IFCLABEL('0.001'),$);
#20096=IFCPROPERTYSINGLEVALUE('Ay',$,IFCLABEL('0.001'),$);
#20097=IFCSLAB('0k0MYJVsLD8BdS3cQ6$yzR',$,$,$,$,#20118,#20108,$,$);
#20098=IFCCARTESIANPOINTLIST2D(((12000.,12000.),(15000.,12000.),(15000.,18000.),(12000.,18000.)));
#20099=IFCINDEXEDPOLYCURVE(#20098,(IFCLINEINDEX((1,2,3,4,1))),$);
#20100=IFCARBITRARYCLOSEDPROFILEDEF(.AREA.,'Arbitrary',#20099);
#20101=IFCCARTESIANPOINT((0.,0.,0.));
#20102=IFCDIRECTION((0.,0.,1.));
#20103=IFCDIRECTION((1.,0.,0.));
#20104=IFCAXIS2PLACEMENT3D(#20101,#20102,#20103);
#20105=IFCDIRECTION((0.,0.,1.));
#20106=IFCEXTRUDEDAREASOLID(#20100,#20104,#20105,-120.);
#20107=IFCSHAPEREPRESENTATION(#11,'Body','SweptSolid',(#20106));
#20108=IFCPRODUCTDEFINITIONSHAPE($,$,(#20107));
#20114=IFCCARTESIANPOINT((0.,0.,6000.));
#20115=IFCDIRECTION((0.,0.,1.));
#20116=IFCDIRECTION((1.,0.,0.));
#20117=IFCAXIS2PLACEMENT3D(#20114,#20115,#20116);
#20118=IFCLOCALPLACEMENT($,#20117);
#20119=IFCPROPERTYSET('3lGpF0DnrA2wP9mr$TLN_S',$,'Other',$,(#20121,#20122));
#20120=IFCRELDEFINESBYPROPERTIES('32um9Wl0j9XO1oDXXl2cB9',$,$,$,(#20097),#20119);
#20121=IFCPROPERTYSINGLEVALUE('Ax',$,IFCLABEL('0.001'),$);
#20122=IFCPROPERTYSINGLEVALUE('Ay',$,IFCLABEL('0.001'),$);
#20123=IFCSLAB('1uKzTsPaTC0hdhSJ4eettR',$,$,$,$,#20144,#20134,$,$);
#20124=IFCCARTESIANPOINTLIST2D(((15000.,12000.),(18000.,12000.),(18000.,18000.),(15000.,18000.)));
#20125=IFCINDEXEDPOLYCURVE(#20124,(IFCLINEINDEX((1,2,3,4,1))),$);
#20126=IFCARBITRARYCLOSEDPROFILEDEF(.AREA.,'Arbitrary',#20125);
#20127=IFCCARTESIANPOINT((0.,0.,0.));
#20128=IFCDIRECTION((0.,0.,1.));
#20129=IFCDIRECTION((1.,0.,0.));
#20130=IFCAXIS2PLACEMENT3D(#20127,#20128,#20129);
#20131=IFCDIRECTION((0.,0.,1.));
#20132=IFCEXTRUDEDAREASOLID(#20126,#20130,#20131,-120.);
#20133=IFCSHAPEREPRESENTATION(#11,'Body','SweptSolid',(#20132));
#20134=IFCPRODUCTDEFINITIONSHAPE($,$,(#20133));
#20140=IFCCARTESIANPOINT((0.,0.,6000.));
#20141=IFCDIRECTION((0.,0.,1.));
#20142=IFCDIRECTION((1.,0.,0.));
#20143=IFCAXIS2PLACEMENT3D(#20140,#20141,#20142);
#20144=IFCLOCALPLACEMENT($,#20143);
#20145=IFCPROPERTYSET('1fqiweusfB8PFWz11qzmfp',$,'Other',$,(#20147,#20148));
#20146=IFCRELDEFINESBYPROPERTIES('3p7teq40D7M84zbCPQ$6fs',$,$,$,(#20123),#20145);
#20147=IFCPROPERTYSINGLEVALUE('Ax',$,IFCLABEL('0.001'),$);
#20148=IFCPROPERTYSINGLEVALUE('Ay',$,IFCLABEL('0.001'),$);
#20149=IFCSLAB('2uNQ_6W5z9dgIMOctOhzNX',$,$,$,$,#20170,#20160,$,$);
#20150=IFCCARTESIANPOINTLIST2D(((18000.,12000.),(21000.,12000.),(21000.,18000.),(18000.,18000.)));
#20151=IFCINDEXEDPOLYCURVE(#20150,(IFCLINEINDEX((1,2,3,4,1))),$);
#20152=IFCARBITRARYCLOSEDPROFILEDEF(.AREA.,'Arbitrary',#20151);
#20153=IFCCARTESIANPOINT((0.,0.,0.));
#20154=IFCDIRECTION((0.,0.,1.));
#20155=IFCDIRECTION((1.,0.,0.));
#20156=IFCAXIS2PLACEMENT3D(#20153,#20154,#20155);
#20157=IFCDIRECTION((0.,0.,1.));
#20158=IFCEXTRUDEDAREASOLID(#20152,#20156,#20157,-120.);
#20159=IFCSHAPEREPRESENTATION(#11,'Body','SweptSolid',(#20158));
#20160=IFCPRODUCTDEFINITIONSHAPE($,$,(#20159));
#20166=IFCCARTESIANPOINT((0.,0.,6000.));
#20167=IFCDIRECTION((0.,0.,1.));
#20168=IFCDIRECTION((1.,0.,0.));
#20169=IFCAXIS2PLACEMENT3D(#20166,#20167,#20168);
#20170=IFCLOCALPLACEMENT($,#20169);
#20171=IFCPROPERTYSET('2IBhBOlG54IO$yotkfwfo3',$,'Other',$,(#20173,#20174));
#20172=IFCRELDEFINESBYPROPERTIES('28xod9Gi5AywWW6RoeMMMD',$,$,$,(#20149),#20171);
#20173=IFCPROPERTYSINGLEVALUE('Ax',$,IFCLABEL('0.001'),$);
#20174=IFCPROPERTYSINGLEVALUE('Ay',$,IFCLABEL('0.001'),$);
#20175=IFCSLAB('14UnaJIMrBCvJfM_5$10XJ',$,$,$,$,#20196,#20186,$,$);
#20176=IFCCARTESIANPOINTLIST2D(((21000.,12000.),(24000.,12000.),(24000.,18000.),(21000.,18000.)));
#20177=IFCINDEXEDPOLYCURVE(#20176,(IFCLINEINDEX((1,2,3,4,1))),$);
#20178=IFCARBITRARYCLOSEDPROFILEDEF(.AREA.,'Arbitrary',#20177);
#20179=IFCCARTESIANPOINT((0.,0.,0.));
#20180=IFCDIRECTION((0.,0.,1.));
#20181=IFCDIRECTION((1.,0.,0.));
#20182=IFCAXIS2PLACEMENT3D(#20179,#20180,#20181);
#20183=IFCDIRECTION((0.,0.,1.));
#20184=IFCEXTRUDEDAREASOLID(#20178,#20182,#20183,-120.);
#20185=IFCSHAPEREPRESENTATION(#11,'Body','SweptSolid',(#20184));
#20186=IFCPRODUCTDEFINITIONSHAPE($,$,(#20185));
#20192=IFCCARTESIANPOINT((0.,0.,6000.));
#20193=IFCDIRECTION((0.,0.,1.));
#20194=IFCDIRECTION((1.,0.,0.));
#20195=IFCAXIS2PLACEMENT3D(#20192,#20193,#20194);
#20196=IFCLOCALPLACEMENT($,#20195);
#20197=IFCPROPERTYSET('2Bh3XU_Wn7kgWJ5JBL9hB_',$,'Other',$,(#20199,#20200));
#20198=IFCRELDEFINESBYPROPERTIES('0hspnRUu9CF9negEN4LNY6',$,$,$,(#20175),#20197);
#20199=IFCPROPERTYSINGLEVALUE('Ax',$,IFCLABEL('0.001'),$);
#20200=IFCPROPERTYSINGLEVALUE('Ay',$,IFCLABEL('0.001'),$);
#20201=IFCSLAB('1qWf4mGK530BtDq1tRK2F3',$,$,$,$,#20222,#20212,$,$);
#20202=IFCCARTESIANPOINTLIST2D(((24000.,12000.),(27000.,12000.),(27000.,18000.),(24000.,18000.)));
#20203=IFCINDEXEDPOLYCURVE(#20202,(IFCLINEINDEX((1,2,3,4,1))),$);
#20204=IFCARBITRARYCLOSEDPROFILEDEF(.AREA.,'Arbitrary',#20203);
#20205=IFCCARTESIANPOINT((0.,0.,0.));
#20206=IFCDIRECTION((0.,0.,1.));
#20207=IFCDIRECTION((1.,0.,0.));
#20208=IFCAXIS2PLACEMENT3D(#20205,#20206,#20207);
#20209=IFCDIRECTION((0.,0.,1.));
#20210=IFCEXTRUDEDAREASOLID(#20204,#20208,#20209,-120.);
#20211=IFCSHAPEREPRESENTATION(#11,'Body','SweptSolid',(#20210));
#20212=IFCPRODUCTDEFINITIONSHAPE($,$,(#20211));
#20218=IFCCARTESIANPOINT((0.,0.,6000.));
#20219=IFCDIRECTION((0.,0.,1.));
#20220=IFCDIRECTION((1.,0.,0.));
#20221=IFCAXIS2PLACEMENT3D(#20218,#20219,#20220);
#20222=IFCLOCALPLACEMENT($,#20221);
#20223=IFCPROPERTYSET('0Ril4JeOHB1hgIeU2P371R',$,'Other',$,(#20225,#20226));
#20224=IFCRELDEFINESBYPROPERTIES('3IXrzDh093yxvdMLEBv5UV',$,$,$,(#20201),#20223);
#20225=IFCPROPERTYSINGLEVALUE('Ax',$,IFCLABEL('0.001'),$);
#20226=IFCPROPERTYSINGLEVALUE('Ay',$,IFCLABEL('0.001'),$);
#20227=IFCSLAB('1uCxdMJSX8_xOaScNOooSc',$,$,$,$,#20248,#20238,$,$);
#20228=IFCCARTESIANPOINTLIST2D(((27000.,12000.),(30000.,12000.),(30000.,18000.),(27000.,18000.)));
#20229=IFCINDEXEDPOLYCURVE(#20228,(IFCLINEINDEX((1,2,3,4,1))),$);
#20230=IFCARBITRARYCLOSEDPROFILEDEF(.AREA.,'Arbitrary',#20229);
#20231=IFCCARTESIANPOINT((0.,0.,0.));
#20232=IFCDIRECTION((0.,0.,1.));
#20233=IFCDIRECTION((1.,0.,0.));
#20234=IFCAXIS2PLACEMENT3D(#20231,#20232,#20233);
#20235=IFCDIRECTION((0.,0.,1.));
#20236=IFCEXTRUDEDAREASOLID(#20230,#20234,#20235,-120.);
#20237=IFCSHAPEREPRESENTATION(#11,'Body','SweptSolid',(#20236));
#20238=IFCPRODUCTDEFINITIONSHAPE($,$,(#20237));
#20244=IFCCARTESIANPOINT((0.,0.,6000.));
#20245=IFCDIRECTION((0.,0.,1.));
#20246=IFCDIRECTION((1.,0.,0.));
#20247=IFCAXIS2PLACEMENT3D(#20244,#20245,#20246);
#20248=IFCLOCALPLACEMENT($,#20247);
#20249=IFCPROPERTYSET('1HJLlLCID0wvTV0y4IrMIN',$,'Other',$,(#20251,#20252));
#20250=IFCRELDEFINESBYPROPERTIES('1L8G3_8tb76Aqh9eSnnLgv',$,$,$,(#20227),#20249);
#20251=IFCPROPERTYSINGLEVALUE('Ax',$,IFCLABEL('0.001'),$);
#20252=IFCPROPERTYSINGLEVALUE('Ay',$,IFCLABEL('0.001'),$);
#20253=IFCSLAB('3WvAiEVL1B38ufii0MA2fu',$,$,$,$,#20274,#20264,$,$);
#20254=IFCCARTESIANPOINTLIST2D(((6000.,6000.),(9000.,6000.),(9000.,12000.),(6000.,12000.)));
#20255=IFCINDEXEDPOLYCURVE(#20254,(IFCLINEINDEX((1,2,3,4,1))),$);
#20256=IFCARBITRARYCLOSEDPROFILEDEF(.AREA.,'Arbitrary',#20255);
#20257=IFCCARTESIANPOINT((0.,0.,0.));
#20258=IFCDIRECTION((0.,0.,1.));
#20259=IFCDIRECTION((1.,0.,0.));
#20260=IFCAXIS2PLACEMENT3D(#20257,#20258,#20259);
#20261=IFCDIRECTION((0.,0.,1.));
#20262=IFCEXTRUDEDAREASOLID(#20256,#20260,#20261,-120.);
#20263=IFCSHAPEREPRESENTATION(#11,'Body','SweptSolid',(#20262));
#20264=IFCPRODUCTDEFINITIONSHAPE($,$,(#20263));
#20270=IFCCARTESIANPOINT((0.,0.,6000.));
#20271=IFCDIRECTION((0.,0.,1.));
#20272=IFCDIRECTION((1.,0.,0.));
#20273=IFCAXIS2PLACEMENT3D(#20270,#20271,#20272);
#20274=IFCLOCALPLACEMENT($,#20273);
#20275=IFCPROPERTYSET('36DcNQmAT6GAyI$JjmwyuQ',$,'Other',$,(#20277,#20278));
#20276=IFCRELDEFINESBYPROPERTIES('07vwpvuLb889U0chU4sf_4',$,$,$,(#20253),#20275);
#20277=IFCPROPERTYSINGLEVALUE('Ax',$,IFCLABEL('0.001'),$);
#20278=IFCPROPERTYSINGLEVALUE('Ay',$,IFCLABEL('0.001'),$);
#20279=IFCSLAB('1mU4MViZbEvgccvKviyq_j',$,$,$,$,#20300,#20290,$,$);
#20280=IFCCARTESIANPOINTLIST2D(((9000.,6000.),(12000.,6000.),(12000.,12000.),(9000.,12000.)));
#20281=IFCINDEXEDPOLYCURVE(#20280,(IFCLINEINDEX((1,2,3,4,1))),$);
#20282=IFCARBITRARYCLOSEDPROFILEDEF(.AREA.,'Arbitrary',#20281);
#20283=IFCCARTESIANPOINT((0.,0.,0.));
#20284=IFCDIRECTION((0.,0.,1.));
#20285=IFCDIRECTION((1.,0.,0.));
#20286=IFCAXIS2PLACEMENT3D(#20283,#20284,#20285);
#20287=IFCDIRECTION((0.,0.,1.));
#20288=IFCEXTRUDEDAREASOLID(#20282,#20286,#20287,-120.);
#20289=IFCSHAPEREPRESENTATION(#11,'Body','SweptSolid',(#20288));
#20290=IFCPRODUCTDEFINITIONSHAPE($,$,(#20289));
#20296=IFCCARTESIANPOINT((0.,0.,6000.));
#20297=IFCDIRECTION((0.,0.,1.));
#20298=IFCDIRECTION((1.,0.,0.));
#20299=IFCAXIS2PLACEMENT3D(#20296,#20297,#20298);
#20300=IFCLOCALPLACEMENT($,#20299);
#20301=IFCPROPERTYSET('1YoATi8k5EaugTJfSgBcts',$,'Other',$,(#20303,#20304));
#20302=IFCRELDEFINESBYPROPERTIES('3wgPtwXwDDIfRHSRBYT6Fl',$,$,$,(#20279),#20301);
#20303=IFCPROPERTYSINGLEVALUE('Ax',$,IFCLABEL('0.001'),$);
#20304=IFCPROPERTYSINGLEVALUE('Ay',$,IFCLABEL('0.001'),$);
#20305=IFCSLAB('34U3aIPvf9p85eYTl2yEH4',$,$,$,$,#20326,#20316,$,$);
#20306=IFCCARTESIANPOINTLIST2D(((12000.,6000.),(15000.,6000.),(15000.,12000.),(12000.,12000.)));
#20307=IFCINDEXEDPOLYCURVE(#20306,(IFCLINEINDEX((1,2,3,4,1))),$);
#20308=IFCARBITRARYCLOSEDPROFILEDEF(.AREA.,'Arbitrary',#20307);
#20309=IFCCARTESIANPOINT((0.,0.,0.));
#20310=IFCDIRECTION((0.,0.,1.));
#20311=IFCDIRECTION((1.,0.,0.));
#20312=IFCAXIS2PLACEMENT3D(#20309,#20310,#20311);
#20313=IFCDIRECTION((0.,0.,1.));
#20314=IFCEXTRUDEDAREASOLID(#20308,#20312,#20313,-120.);
#20315=IFCSHAPEREPRESENTATION(#11,'Body','SweptSolid',(#20314));
#20316=IFCPRODUCTDEFINITIONSHAPE($,$,(#20315));
#20322=IFCCARTESIANPOINT((0.,0.,6000.));
#20323=IFCDIRECTION((0.,0.,1.));
#20324=IFCDIRECTION((1.,0.,0.));
#20325=IFCAXIS2PLACEMENT3D(#20322,#20323,#20324);
#20326=IFCLOCALPLACEMENT($,#20325);
#20327=IFCPROPERTYSET('2VAPxfx2fAXfoyZxiF3kqM',$,'Other',$,(#20329,#20330));
#20328=IFCRELDEFINESBYPROPERTIES('2FPhMCgiDCCwfFzP3slJPR',$,$,$,(#20305),#20327);
#20329=IFCPROPERTYSINGLEVALUE('Ax',$,IFCLABEL('0.001'),$);
#20330=IFCPROPERTYSINGLEVALUE('Ay',$,IFCLABEL('0.001'),$);
#20331=IFCSLAB('0ImOwtbWn4aA2lJufV98IU',$,$,$,$,#20352,#20342,$,$);
#20332=IFCCARTESIANPOINTLIST2D(((15000.,6000.),(18000.,6000.),(18000.,12000.),(15000.,12000.)));
#20333=IFCINDEXEDPOLYCURVE(#20332,(IFCLINEINDEX((1,2,3,4,1))),$);
#20334=IFCARBITRARYCLOSEDPROFILEDEF(.AREA.,'Arbitrary',#20333);
#20335=IFCCARTESIANPOINT((0.,0.,0.));
#20336=IFCDIRECTION((0.,0.,1.));
#20337=IFCDIRECTION((1.,0.,0.));
#20338=IFCAXIS2PLACEMENT3D(#20335,#20336,#20337);
#20339=IFCDIRECTION((0.,0.,1.));
#20340=IFCEXTRUDEDAREASOLID(#20334,#20338,#20339,-120.);
#20341=IFCSHAPEREPRESENTATION(#11,'Body','SweptSolid',(#20340));
#20342=IFCPRODUCTDEFINITIONSHAPE($,$,(#20341));
#20348=IFCCARTESIANPOINT((0.,0.,6000.));
#20349=IFCDIRECTION((0.,0.,1.));
#20350=IFCDIRECTION((1.,0.,0.));
#20351=IFCAXIS2PLACEMENT3D(#20348,#20349,#20350);
#20352=IFCLOCALPLACEMENT($,#20351);
#20353=IFCPROPERTYSET('3vKUHmKn1A7RUs9XoQvZ6y',$,'Other',$,(#20355,#20356));
#20354=IFCRELDEFINESBYPROPERTIES('3u_ODTcbT2vAYl0G_LqADj',$,$,$,(#20331),#20353);
#20355=IFCPROPERTYSINGLEVALUE('Ax',$,IFCLABEL('0.001'),$);
#20356=IFCPROPERTYSINGLEVALUE('Ay',$,IFCLABEL('0.001'),$);
#20357=IFCSLAB('3B04yqVC16gur0UhUi6T5E',$,$,$,$,#20378,#20368,$,$);
#20358=IFCCARTESIANPOINTLIST2D(((18000.,6000.),(21000.,6000.),(21000.,12000.),(18000.,12000.)));
#20359=IFCINDEXEDPOLYCURVE(#20358,(IFCLINEINDEX((1,2,3,4,1))),$);
#20360=IFCARBITRARYCLOSEDPROFILEDEF(.AREA.,'Arbitrary',#20359);
#20361=IFCCARTESIANPOINT((0.,0.,0.));
#20362=IFCDIRECTION((0.,0.,1.));
#20363=IFCDIRECTION((1.,0.,0.));
#20364=IFCAXIS2PLACEMENT3D(#20361,#20362,#20363);
#20365=IFCDIRECTION((0.,0.,1.));
#20366=IFCEXTRUDEDAREASOLID(#20360,#20364,#20365,-120.);
#20367=IFCSHAPEREPRESENTATION(#11,'Body','SweptSolid',(#20366));
#20368=IFCPRODUCTDEFINITIONSHAPE($,$,(#20367));
#20374=IFCCARTESIANPOINT((0.,0.,6000.));
#20375=IFCDIRECTION((0.,0.,1.));
#20376=IFCDIRECTION((1.,0.,0.));
#20377=IFCAXIS2PLACEMENT3D(#20374,#20375,#20376);
#20378=IFCLOCALPLACEMENT($,#20377);
#20379=IFCPROPERTYSET('3bmXGSQL5CVg8PtlqHEeCE',$,'Other',$,(#20381,#20382));
#20380=IFCRELDEFINESBYPROPERTIES('2XK95a1S9AZfLQJTC7TJGc',$,$,$,(#20357),#20379);
#20381=IFCPROPERTYSINGLEVALUE('Ax',$,IFCLABEL('0.001'),$);
#20382=IFCPROPERTYSINGLEVALUE('Ay',$,IFCLABEL('0.001'),$);
#20383=IFCSLAB('2ItM_tg$XC1fJym77AH0Fs',$,$,$,$,#20404,#20394,$,$);
#20384=IFCCARTESIANPOINTLIST2D(((21000.,6000.),(24000.,6000.),(24000.,12000.),(21000.,12000.)));
#20385=IFCINDEXEDPOLYCURVE(#20384,(IFCLINEINDEX((1,2,3,4,1))),$);
#20386=IFCARBITRARYCLOSEDPROFILEDEF(.AREA.,'Arbitrary',#20385);
#20387=IFCCARTESIANPOINT((0.,0.,0.));
#20388=IFCDIRECTION((0.,0.,1.));
#20389=IFCDIRECTION((1.,0.,0.));
#20390=IFCAXIS2PLACEMENT3D(#20387,#20388,#20389);
#20391=IFCDIRECTION((0.,0.,1.));
#20392=IFCEXTRUDEDAREASOLID(#20386,#20390,#20391,-120.);
#20393=IFCSHAPEREPRESENTATION(#11,'Body','SweptSolid',(#20392));
#20394=IFCPRODUCTDEFINITIONSHAPE($,$,(#20393));
#20400=IFCCARTESIANPOINT((0.,0.,6000.));
#20401=IFCDIRECTION((0.,0.,1.));
#20402=IFCDIRECTION((1.,0.,0.));
#20403=IFCAXIS2PLACEMENT3D(#20400,#20401,#20402);
#20404=IFCLOCALPLACEMENT($,#20403);
#20405=IFCPROPERTYSET('3WzNJAtp5FkQLwfNLotQaL',$,'Other',$,(#20407,#20408));
#20406=IFCRELDEFINESBYPROPERTIES('0Isos2u597vxCYjMOv9haG',$,$,$,(#20383),#20405);
#20407=IFCPROPERTYSINGLEVALUE('Ax',$,IFCLABEL('0.001'),$);
#20408=IFCPROPERTYSINGLEVALUE('Ay',$,IFCLABEL('0.001'),$);
#20409=IFCSLAB('08gQL7HZz3NPK9TP$byeMA',$,$,$,$,#20430,#20420,$,$);
#20410=IFCCARTESIANPOINTLIST2D(((6000.,0.),(9000.,0.),(9000.,6000.),(6000.,6000.)));
#20411=IFCINDEXEDPOLYCURVE(#20410,(IFCLINEINDEX((1,2,3,4,1))),$);
#20412=IFCARBITRARYCLOSEDPROFILEDEF(.AREA.,'Arbitrary',#20411);
#20413=IFCCARTESIANPOINT((0.,0.,0.));
#20414=IFCDIRECTION((0.,0.,1.));
#20415=IFCDIRECTION((1.,0.,0.));
#20416=IFCAXIS2PLACEMENT3D(#20413,#20414,#20415);
#20417=IFCDIRECTION((0.,0.,1.));
#20418=IFCEXTRUDEDAREASOLID(#20412,#20416,#20417,-120.);
#20419=IFCSHAPEREPRESENTATION(#11,'Body','SweptSolid',(#20418));
#20420=IFCPRODUCTDEFINITIONSHAPE($,$,(#20419));
#20426=IFCCARTESIANPOINT((0.,0.,6000.));
#20427=IFCDIRECTION((0.,0.,1.));
#20428=IFCDIRECTION((1.,0.,0.));
#20429=IFCAXIS2PLACEMENT3D(#20426,#20427,#20428);
#20430=IFCLOCALPLACEMENT($,#20429);
#20431=IFCPROPERTYSET('002yskTtTEje2VjIy4aEQ4',$,'Other',$,(#20433,#20434));
#20432=IFCRELDEFINESBYPROPERTIES('3agsaQBZDCXeh1m5XgoRte',$,$,$,(#20409),#20431);
#20433=IFCPROPERTYSINGLEVALUE('Ax',$,IFCLABEL('0.001'),$);
#20434=IFCPROPERTYSINGLEVALUE('Ay',$,IFCLABEL('0.001'),$);
#20435=IFCSLAB('0v7EUKqCDBcgVg3hKfbByF',$,$,$,$,#20456,#20446,$,$);
#20436=IFCCARTESIANPOINTLIST2D(((9000.,0.),(12000.,0.),(12000.,6000.),(9000.,6000.)));
#20437=IFCINDEXEDPOLYCURVE(#20436,(IFCLINEINDEX((1,2,3,4,1))),$);
#20438=IFCARBITRARYCLOSEDPROFILEDEF(.AREA.,'Arbitrary',#20437);
#20439=IFCCARTESIANPOINT((0.,0.,0.));
#20440=IFCDIRECTION((0.,0.,1.));
#20441=IFCDIRECTION((1.,0.,0.));
#20442=IFCAXIS2PLACEMENT3D(#20439,#20440,#20441);
#20443=IFCDIRECTION((0.,0.,1.));
#20444=IFCEXTRUDEDAREASOLID(#20438,#20442,#20443,-120.);
#20445=IFCSHAPEREPRESENTATION(#11,'Body','SweptSolid',(#20444));
#20446=IFCPRODUCTDEFINITIONSHAPE($,$,(#20445));
#20452=IFCCARTESIANPOINT((0.,0.,6000.));
#20453=IFCDIRECTION((0.,0.,1.));
#20454=IFCDIRECTION((1.,0.,0.));
#20455=IFCAXIS2PLACEMENT3D(#20452,#20453,#20454);
#20456=IFCLOCALPLACEMENT($,#20455);
#20457=IFCPROPERTYSET('0uRx_FjTHFvQ2uHDx10otB',$,'Other',$,(#20459,#20460));
#20458=IFCRELDEFINESBYPROPERTIES('1gM8bH_Cb44RQadYjxw3O_',$,$,$,(#20435),#20457);
#20459=IFCPROPERTYSINGLEVALUE('Ax',$,IFCLABEL('0.001'),$);
#20460=IFCPROPERTYSINGLEVALUE('Ay',$,IFCLABEL('0.001'),$);
#20461=IFCSLAB('3EOQuj1qP3AAMWQdj_xmlE',$,$,$,$,#20482,#20472,$,$);
#20462=IFCCARTESIANPOINTLIST2D(((12000.,0.),(15000.,0.),(15000.,6000.),(12000.,6000.)));
#20463=IFCINDEXEDPOLYCURVE(#20462,(IFCLINEINDEX((1,2,3,4,1))),$);
#20464=IFCARBITRARYCLOSEDPROFILEDEF(.AREA.,'Arbitrary',#20463);
#20465=IFCCARTESIANPOINT((0.,0.,0.));
#20466=IFCDIRECTION((0.,0.,1.));
#20467=IFCDIRECTION((1.,0.,0.));
#20468=IFCAXIS2PLACEMENT3D(#20465,#20466,#20467);
#20469=IFCDIRECTION((0.,0.,1.));
#20470=IFCEXTRUDEDAREASOLID(#20464,#20468,#20469,-120.);
#20471=IFCSHAPEREPRESENTATION(#11,'Body','SweptSolid',(#20470));
#20472=IFCPRODUCTDEFINITIONSHAPE($,$,(#20471));
#20478=IFCCARTESIANPOINT((0.,0.,6000.));
#20479=IFCDIRECTION((0.,0.,1.));
#20480=IFCDIRECTION((1.,0.,0.));
#20481=IFCAXIS2PLACEMENT3D(#20478,#20479,#20480);
#20482=IFCLOCALPLACEMENT($,#20481);
#20483=IFCPROPERTYSET('15gwjH3uP20wFR$p98iwo_',$,'Other',$,(#20485,#20486));
#20484=IFCRELDEFINESBYPROPERTIES('2WDdjalYz9$gp_lHqDS$6Z',$,$,$,(#20461),#20483);
#20485=IFCPROPERTYSINGLEVALUE('Ax',$,IFCLABEL('0.001'),$);
#20486=IFCPROPERTYSINGLEVALUE('Ay',$,IFCLABEL('0.001'),$);
#20487=IFCSLAB('0juvICVq1EJRwIjtc6Vfxn',$,$,$,$,#20508,#20498,$,$);
#20488=IFCCARTESIANPOINTLIST2D(((15000.,0.),(18000.,0.),(18000.,6000.),(15000.,6000.)));
#20489=IFCINDEXEDPOLYCURVE(#20488,(IFCLINEINDEX((1,2,3,4,1))),$);
#20490=IFCARBITRARYCLOSEDPROFILEDEF(.AREA.,'Arbitrary',#20489);
#20491=IFCCARTESIANPOINT((0.,0.,0.));
#20492=IFCDIRECTION((0.,0.,1.));
#20493=IFCDIRECTION((1.,0.,0.));
#20494=IFCAXIS2PLACEMENT3D(#20491,#20492,#20493);
#20495=IFCDIRECTION((0.,0.,1.));
#20496=IFCEXTRUDEDAREASOLID(#20490,#20494,#20495,-120.);
#20497=IFCSHAPEREPRESENTATION(#11,'Body','SweptSolid',(#20496));
#20498=IFCPRODUCTDEFINITIONSHAPE($,$,(#20497));
#20504=IFCCARTESIANPOINT((0.,0.,6000.));
#20505=IFCDIRECTION((0.,0.,1.));
#20506=IFCDIRECTION((1.,0.,0.));
#20507=IFCAXIS2PLACEMENT3D(#20504,#20505,#20506);
#20508=IFCLOCALPLACEMENT($,#20507);
#20509=IFCPROPERTYSET('1OOe8SsU9DVAyRZEpDbQcr',$,'Other',$,(#20511,#20512));
#20510=IFCRELDEFINESBYPROPERTIES('1_Nb8eLyr0UPe$_IK7df43',$,$,$,(#20487),#20509);
#20511=IFCPROPERTYSINGLEVALUE('Ax',$,IFCLABEL('0.001'),$);
#20512=IFCPROPERTYSINGLEVALUE('Ay',$,IFCLABEL('0.001'),$);
#20513=IFCSLAB('0fBQGUWuDCG8RHJaQ3j2a$',$,$,$,$,#20534,#20524,$,$);
#20514=IFCCARTESIANPOINTLIST2D(((18000.,0.),(21000.,0.),(21000.,6000.),(18000.,6000.)));
#20515=IFCINDEXEDPOLYCURVE(#20514,(IFCLINEINDEX((1,2,3,4,1))),$);
#20516=IFCARBITRARYCLOSEDPROFILEDEF(.AREA.,'Arbitrary',#20515);
#20517=IFCCARTESIANPOINT((0.,0.,0.));
#20518=IFCDIRECTION((0.,0.,1.));
#20519=IFCDIRECTION((1.,0.,0.));
#20520=IFCAXIS2PLACEMENT3D(#20517,#20518,#20519);
#20521=IFCDIRECTION((0.,0.,1.));
#20522=IFCEXTRUDEDAREASOLID(#20516,#20520,#20521,-120.);
#20523=IFCSHAPEREPRESENTATION(#11,'Body','SweptSolid',(#20522));
#20524=IFCPRODUCTDEFINITIONSHAPE($,$,(#20523));
#20530=IFCCARTESIANPOINT((0.,0.,6000.));
#20531=IFCDIRECTION((0.,0.,1.));
#20532=IFCDIRECTION((1.,0.,0.));
#20533=IFCAXIS2PLACEMENT3D(#20530,#20531,#20532);
#20534=IFCLOCALPLACEMENT($,#20533);
#20535=IFCPROPERTYSET('2dzywUzTb76hcKh7kdQL$y',$,'Other',$,(#20537,#20538));
#20536=IFCRELDEFINESBYPROPERTIES('3ePAjK6y55l8NzUbpsQcq9',$,$,$,(#20513),#20535);
#20537=IFCPROPERTYSINGLEVALUE('Ax',$,IFCLABEL('0.001'),$);
#20538=IFCPROPERTYSINGLEVALUE('Ay',$,IFCLABEL('0.001'),$);
#20539=IFCSLAB('3EPTOg10L9TOaPsWD3szdt',$,$,$,$,#20560,#20550,$,$);
#20540=IFCCARTESIANPOINTLIST2D(((21000.,0.),(24000.,0.),(24000.,6000.),(21000.,6000.)));
#20541=IFCINDEXEDPOLYCURVE(#20540,(IFCLINEINDEX((1,2,3,4,1))),$);
#20542=IFCARBITRARYCLOSEDPROFILEDEF(.AREA.,'Arbitrary',#20541);
#20543=IFCCARTESIANPOINT((0.,0.,0.));
#20544=IFCDIRECTION((0.,0.,1.));
#20545=IFCDIRECTION((1.,0.,0.));
#20546=IFCAXIS2PLACEMENT3D(#20543,#20544,#20545);
#20547=IFCDIRECTION((0.,0.,1.));
#20548=IFCEXTRUDEDAREASOLID(#20542,#20546,#20547,-120.);
#20549=IFCSHAPEREPRESENTATION(#11,'Body','SweptSolid',(#20548));
#20550=IFCPRODUCTDEFINITIONSHAPE($,$,(#20549));
#20556=IFCCARTESIANPOINT((0.,0.,6000.));
#20557=IFCDIRECTION((0.,0.,1.));
#20558=IFCDIRECTION((1.,0.,0.));
#20559=IFCAXIS2PLACEMENT3D(#20556,#20557,#20558);
#20560=IFCLOCALPLACEMENT($,#20559);
#20561=IFCPROPERTYSET('119OzKj0T9XO_WZ775edSl',$,'Other',$,(#20563,#20564));
#20562=IFCRELDEFINESBYPROPERTIES('0J$4cDiXT01g87FGjJ$ts$',$,$,$,(#20539),#20561);
#20563=IFCPROPERTYSINGLEVALUE('Ax',$,IFCLABEL('0.001'),$);
#20564=IFCPROPERTYSINGLEVALUE('Ay',$,IFCLABEL('0.001'),$);
#20565=IFCSLAB('0VScpaICb9dB5wV3ANjDot',$,$,$,$,#20586,#20576,$,$);
#20566=IFCCARTESIANPOINTLIST2D(((3000.,0.),(6000.,0.),(6000.,6000.),(3000.,6000.)));
#20567=IFCINDEXEDPOLYCURVE(#20566,(IFCLINEINDEX((1,2,3,4,1))),$);
#20568=IFCARBITRARYCLOSEDPROFILEDEF(.AREA.,'Arbitrary',#20567);
#20569=IFCCARTESIANPOINT((0.,0.,0.));
#20570=IFCDIRECTION((0.,0.,1.));
#20571=IFCDIRECTION((1.,0.,0.));
#20572=IFCAXIS2PLACEMENT3D(#20569,#20570,#20571);
#20573=IFCDIRECTION((0.,0.,1.));
#20574=IFCEXTRUDEDAREASOLID(#20568,#20572,#20573,-120.);
#20575=IFCSHAPEREPRESENTATION(#11,'Body','SweptSolid',(#20574));
#20576=IFCPRODUCTDEFINITIONSHAPE($,$,(#20575));
#20582=IFCCARTESIANPOINT((0.,0.,6000.));
#20583=IFCDIRECTION((0.,0.,1.));
#20584=IFCDIRECTION((1.,0.,0.));
#20585=IFCAXIS2PLACEMENT3D(#20582,#20583,#20584);
#20586=IFCLOCALPLACEMENT($,#20585);
#20587=IFCPROPERTYSET('08vi6KH6L0iPqt1WFjWxIR',$,'Other',$,(#20589,#20590));
#20588=IFCRELDEFINESBYPROPERTIES('2_RLr2uzn5FhVW7pac$GUg',$,$,$,(#20565),#20587);
#20589=IFCPROPERTYSINGLEVALUE('Ax',$,IFCLABEL('0.001'),$);
#20590=IFCPROPERTYSINGLEVALUE('Ay',$,IFCLABEL('0.001'),$);
#20591=IFCSLAB('3C_TAK3$rC1BLD2_iYqpUP',$,$,$,$,#20612,#20602,$,$);
#20592=IFCCARTESIANPOINTLIST2D(((24000.,6000.),(27000.,6000.),(27000.,12000.),(24000.,12000.)));
#20593=IFCINDEXEDPOLYCURVE(#20592,(IFCLINEINDEX((1,2,3,4,1))),$);
#20594=IFCARBITRARYCLOSEDPROFILEDEF(.AREA.,'Arbitrary',#20593);
#20595=IFCCARTESIANPOINT((0.,0.,0.));
#20596=IFCDIRECTION((0.,0.,1.));
#20597=IFCDIRECTION((1.,0.,0.));
#20598=IFCAXIS2PLACEMENT3D(#20595,#20596,#20597);
#20599=IFCDIRECTION((0.,0.,1.));
#20600=IFCEXTRUDEDAREASOLID(#20594,#20598,#20599,-120.);
#20601=IFCSHAPEREPRESENTATION(#11,'Body','SweptSolid',(#20600));
#20602=IFCPRODUCTDEFINITIONSHAPE($,$,(#20601));
#20608=IFCCARTESIANPOINT((0.,0.,6000.));
#20609=IFCDIRECTION((0.,0.,1.));
#20610=IFCDIRECTION((1.,0.,0.));
#20611=IFCAXIS2PLACEMENT3D(#20608,#20609,#20610);
#20612=IFCLOCALPLACEMENT($,#20611);
#20613=IFCPROPERTYSET('0$9ztVtwH1I8Lbkn03B1Aq',$,'Other',$,(#20615,#20616));
#20614=IFCRELDEFINESBYPROPERTIES('3hwZypivn8CPty2ERbHqmY',$,$,$,(#20591),#20613);
#20615=IFCPROPERTYSINGLEVALUE('Ax',$,IFCLABEL('0.001'),$);
#20616=IFCPROPERTYSINGLEVALUE('Ay',$,IFCLABEL('0.001'),$);
#20617=IFCSLAB('0Oi_B9R29A3wg8PPA6jTs1',$,$,$,$,#20638,#20628,$,$);
#20618=IFCCARTESIANPOINTLIST2D(((0.,6000.),(3000.,6000.),(3000.,12000.),(0.,12000.)));
#20619=IFCINDEXEDPOLYCURVE(#20618,(IFCLINEINDEX((1,2,3,4,1))),$);
#20620=IFCARBITRARYCLOSEDPROFILEDEF(.AREA.,'Arbitrary',#20619);
#20621=IFCCARTESIANPOINT((0.,0.,0.));
#20622=IFCDIRECTION((0.,0.,1.));
#20623=IFCDIRECTION((1.,0.,0.));
#20624=IFCAXIS2PLACEMENT3D(#20621,#20622,#20623);
#20625=IFCDIRECTION((0.,0.,1.));
#20626=IFCEXTRUDEDAREASOLID(#20620,#20624,#20625,-120.);
#20627=IFCSHAPEREPRESENTATION(#11,'Body','SweptSolid',(#20626));
#20628=IFCPRODUCTDEFINITIONSHAPE($,$,(#20627));
#20634=IFCCARTESIANPOINT((0.,0.,3000.));
#20635=IFCDIRECTION((0.,0.,1.));
#20636=IFCDIRECTION((1.,0.,0.));
#20637=IFCAXIS2PLACEMENT3D(#20634,#20635,#20636);
#20638=IFCLOCALPLACEMENT($,#20637);
#20639=IFCPROPERTYSET('01Vz5YwTjARA60jjpDBLyW',$,'Other',$,(#20641,#20642));
#20640=IFCRELDEFINESBYPROPERTIES('3pA4yoVG504gKW2gVIdysv',$,$,$,(#20617),#20639);
#20641=IFCPROPERTYSINGLEVALUE('Ax',$,IFCLABEL('0.001'),$);
#20642=IFCPROPERTYSINGLEVALUE('Ay',$,IFCLABEL('0.001'),$);
#20643=IFCSLAB('2DEsBRYU116uxaQUxT2aL_',$,$,$,$,#20664,#20654,$,$);
#20644=IFCCARTESIANPOINTLIST2D(((3000.,6000.),(6000.,6000.),(6000.,12000.),(3000.,12000.)));
#20645=IFCINDEXEDPOLYCURVE(#20644,(IFCLINEINDEX((1,2,3,4,1))),$);
#20646=IFCARBITRARYCLOSEDPROFILEDEF(.AREA.,'Arbitrary',#20645);
#20647=IFCCARTESIANPOINT((0.,0.,0.));
#20648=IFCDIRECTION((0.,0.,1.));
#20649=IFCDIRECTION((1.,0.,0.));
#20650=IFCAXIS2PLACEMENT3D(#20647,#20648,#20649);
#20651=IFCDIRECTION((0.,0.,1.));
#20652=IFCEXTRUDEDAREASOLID(#20646,#20650,#20651,-120.);
#20653=IFCSHAPEREPRESENTATION(#11,'Body','SweptSolid',(#20652));
#20654=IFCPRODUCTDEFINITIONSHAPE($,$,(#20653));
#20660=IFCCARTESIANPOINT((0.,0.,3000.));
#20661=IFCDIRECTION((0.,0.,1.));
#20662=IFCDIRECTION((1.,0.,0.));
#20663=IFCAXIS2PLACEMENT3D(#20660,#20661,#20662);
#20664=IFCLOCALPLACEMENT($,#20663);
#20665=IFCPROPERTYSET('32b$_7G$5BYAsVBT3z3PWL',$,'Other',$,(#20667,#20668));
#20666=IFCRELDEFINESBYPROPERTIES('0HRn5DvvP7IhRuP84$6XXi',$,$,$,(#20643),#20665);
#20667=IFCPROPERTYSINGLEVALUE('Ax',$,IFCLABEL('0.001'),$);
#20668=IFCPROPERTYSINGLEVALUE('Ay',$,IFCLABEL('0.001'),$);
#20669=IFCSLAB('05bj8_Cdf12u4I2DiiAS7Y',$,$,$,$,#20690,#20680,$,$);
#20670=IFCCARTESIANPOINTLIST2D(((0.,12000.),(3000.,12000.),(3000.,18000.),(0.,18000.)));
#20671=IFCINDEXEDPOLYCURVE(#20670,(IFCLINEINDEX((1,2,3,4,1))),$);
#20672=IFCARBITRARYCLOSEDPROFILEDEF(.AREA.,'Arbitrary',#20671);
#20673=IFCCARTESIANPOINT((0.,0.,0.));
#20674=IFCDIRECTION((0.,0.,1.));
#20675=IFCDIRECTION((1.,0.,0.));
#20676=IFCAXIS2PLACEMENT3D(#20673,#20674,#20675);
#20677=IFCDIRECTION((0.,0.,1.));
#20678=IFCEXTRUDEDAREASOLID(#20672,#20676,#20677,-120.);
#20679=IFCSHAPEREPRESENTATION(#11,'Body','SweptSolid',(#20678));
#20680=IFCPRODUCTDEFINITIONSHAPE($,$,(#20679));
#20686=IFCCARTESIANPOINT((0.,0.,3000.));
#20687=IFCDIRECTION((0.,0.,1.));
#20688=IFCDIRECTION((1.,0.,0.));
#20689=IFCAXIS2PLACEMENT3D(#20686,#20687,#20688);
#20690=IFCLOCALPLACEMENT($,#20689);
#20691=IFCPROPERTYSET('1ZSoO3Kuj3Z8Jvwy3nN8$D',$,'Other',$,(#20693,#20694));
#20692=IFCRELDEFINESBYPROPERTIES('2YwN3gjBb28BxjlAsnnb8B',$,$,$,(#20669),#20691);
#20693=IFCPROPERTYSINGLEVALUE('Ax',$,IFCLABEL('0.001'),$);
#20694=IFCPROPERTYSINGLEVALUE('Ay',$,IFCLABEL('0.001'),$);
#20695=IFCSLAB('2RybW1avn9kw61sliNqNU_',$,$,$,$,#20716,#20706,$,$);
#20696=IFCCARTESIANPOINTLIST2D(((3000.,12000.),(6000.,12000.),(6000.,18000.),(3000.,18000.)));
#20697=IFCINDEXEDPOLYCURVE(#20696,(IFCLINEINDEX((1,2,3,4,1))),$);
#20698=IFCARBITRARYCLOSEDPROFILEDEF(.AREA.,'Arbitrary',#20697);
#20699=IFCCARTESIANPOINT((0.,0.,0.));
#20700=IFCDIRECTION((0.,0.,1.));
#20701=IFCDIRECTION((1.,0.,0.));
#20702=IFCAXIS2PLACEMENT3D(#20699,#20700,#20701);
#20703=IFCDIRECTION((0.,0.,1.));
#20704=IFCEXTRUDEDAREASOLID(#20698,#20702,#20703,-120.);
#20705=IFCSHAPEREPRESENTATION(#11,'Body','SweptSolid',(#20704));
#20706=IFCPRODUCTDEFINITIONSHAPE($,$,(#20705));
#20712=IFCCARTESIANPOINT((0.,0.,3000.));
#20713=IFCDIRECTION((0.,0.,1.));
#20714=IFCDIRECTION((1.,0.,0.));
#20715=IFCAXIS2PLACEMENT3D(#20712,#20713,#20714);
#20716=IFCLOCALPLACEMENT($,#20715);
#20717=IFCPROPERTYSET('2KJrFUI_L2y9o8qhPv$ItP',$,'Other',$,(#20719,#20720));
#20718=IFCRELDEFINESBYPROPERTIES('1exprgR29Eqf866dnmxOws',$,$,$,(#20695),#20717);
#20719=IFCPROPERTYSINGLEVALUE('Ax',$,IFCLABEL('0.001'),$);
#20720=IFCPROPERTYSINGLEVALUE('Ay',$,IFCLABEL('0.001'),$);
#20721=IFCSLAB('3P_LGlYlDD8xWYenuRoik7',$,$,$,$,#20742,#20732,$,$);
#20722=IFCCARTESIANPOINTLIST2D(((6000.,12000.),(9000.,12000.),(9000.,18000.),(6000.,18000.)));
#20723=IFCINDEXEDPOLYCURVE(#20722,(IFCLINEINDEX((1,2,3,4,1))),$);
#20724=IFCARBITRARYCLOSEDPROFILEDEF(.AREA.,'Arbitrary',#20723);
#20725=IFCCARTESIANPOINT((0.,0.,0.));
#20726=IFCDIRECTION((0.,0.,1.));
#20727=IFCDIRECTION((1.,0.,0.));
#20728=IFCAXIS2PLACEMENT3D(#20725,#20726,#20727);
#20729=IFCDIRECTION((0.,0.,1.));
#20730=IFCEXTRUDEDAREASOLID(#20724,#20728,#20729,-120.);
#20731=IFCSHAPEREPRESENTATION(#11,'Body','SweptSolid',(#20730));
#20732=IFCPRODUCTDEFINITIONSHAPE($,$,(#20731));
#20738=IFCCARTESIANPOINT((0.,0.,3000.));
#20739=IFCDIRECTION((0.,0.,1.));
#20740=IFCDIRECTION((1.,0.,0.));
#20741=IFCAXIS2PLACEMENT3D(#20738,#20739,#20740);
#20742=IFCLOCALPLACEMENT($,#20741);
#20743=IFCPROPERTYSET('0Jsy995$PD1OGmBut6kwlB',$,'Other',$,(#20745,#20746));
#20744=IFCRELDEFINESBYPROPERTIES('2bDAeQRB54CupAb2OEXiXd',$,$,$,(#20721),#20743);
#20745=IFCPROPERTYSINGLEVALUE('Ax',$,IFCLABEL('0.001'),$);
#20746=IFCPROPERTYSINGLEVALUE('Ay',$,IFCLABEL('0.001'),$);
#20747=IFCSLAB('0jpksRPgLBJRc5zLmRdV7s',$,$,$,$,#20768,#20758,$,$);
#20748=IFCCARTESIANPOINTLIST2D(((9000.,12000.),(12000.,12000.),(12000.,18000.),(9000.,18000.)));
#20749=IFCINDEXEDPOLYCURVE(#20748,(IFCLINEINDEX((1,2,3,4,1))),$);
#20750=IFCARBITRARYCLOSEDPROFILEDEF(.AREA.,'Arbitrary',#20749);
#20751=IFCCARTESIANPOINT((0.,0.,0.));
#20752=IFCDIRECTION((0.,0.,1.));
#20753=IFCDIRECTION((1.,0.,0.));
#20754=IFCAXIS2PLACEMENT3D(#20751,#20752,#20753);
#20755=IFCDIRECTION((0.,0.,1.));
#20756=IFCEXTRUDEDAREASOLID(#20750,#20754,#20755,-120.);
#20757=IFCSHAPEREPRESENTATION(#11,'Body','SweptSolid',(#20756));
#20758=IFCPRODUCTDEFINITIONSHAPE($,$,(#20757));
#20764=IFCCARTESIANPOINT((0.,0.,3000.));
#20765=IFCDIRECTION((0.,0.,1.));
#20766=IFCDIRECTION((1.,0.,0.));
#20767=IFCAXIS2PLACEMENT3D(#20764,#20765,#20766);
#20768=IFCLOCALPLACEMENT($,#20767);
#20769=IFCPROPERTYSET('03wkVeZlHFjflcr7Aau95g',$,'Other',$,(#20771,#20772));
#20770=IFCRELDEFINESBYPROPERTIES('2AGra34kDFZehA7RBEWCda',$,$,$,(#20747),#20769);
#20771=IFCPROPERTYSINGLEVALUE('Ax',$,IFCLABEL('0.001'),$);
#20772=IFCPROPERTYSINGLEVALUE('Ay',$,IFCLABEL('0.001'),$);
#20773=IFCSLAB('1plwYMW0919ekmPI2eoPFo',$,$,$,$,#20794,#20784,$,$);
#20774=IFCCARTESIANPOINTLIST2D(((12000.,12000.),(15000.,12000.),(15000.,18000.),(12000.,18000.)));
#20775=IFCINDEXEDPOLYCURVE(#20774,(IFCLINEINDEX((1,2,3,4,1))),$);
#20776=IFCARBITRARYCLOSEDPROFILEDEF(.AREA.,'Arbitrary',#20775);
#20777=IFCCARTESIANPOINT((0.,0.,0.));
#20778=IFCDIRECTION((0.,0.,1.));
#20779=IFCDIRECTION((1.,0.,0.));
#20780=IFCAXIS2PLACEMENT3D(#20777,#20778,#20779);
#20781=IFCDIRECTION((0.,0.,1.));
#20782=IFCEXTRUDEDAREASOLID(#20776,#20780,#20781,-120.);
#20783=IFCSHAPEREPRESENTATION(#11,'Body','SweptSolid',(#20782));
#20784=IFCPRODUCTDEFINITIONSHAPE($,$,(#20783));
#20790=IFCCARTESIANPOINT((0.,0.,3000.));
#20791=IFCDIRECTION((0.,0.,1.));
#20792=IFCDIRECTION((1.,0.,0.));
#20793=IFCAXIS2PLACEMENT3D(#20790,#20791,#20792);
#20794=IFCLOCALPLACEMENT($,#20793);
#20795=IFCPROPERTYSET('1fk6duOxD63BAlaiYtLTKB',$,'Other',$,(#20797,#20798));
#20796=IFCRELDEFINESBYPROPERTIES('1X9sKolnX5XOglZol2Jpst',$,$,$,(#20773),#20795);
#20797=IFCPROPERTYSINGLEVALUE('Ax',$,IFCLABEL('0.001'),$);
#20798=IFCPROPERTYSINGLEVALUE('Ay',$,IFCLABEL('0.001'),$);
#20799=IFCSLAB('0m8NAoUt54CRunOl0Dlt$S',$,$,$,$,#20820,#20810,$,$);
#20800=IFCCARTESIANPOINTLIST2D(((15000.,12000.),(18000.,12000.),(18000.,18000.),(15000.,18000.)));
#20801=IFCINDEXEDPOLYCURVE(#20800,(IFCLINEINDEX((1,2,3,4,1))),$);
#20802=IFCARBITRARYCLOSEDPROFILEDEF(.AREA.,'Arbitrary',#20801);
#20803=IFCCARTESIANPOINT((0.,0.,0.));
#20804=IFCDIRECTION((0.,0.,1.));
#20805=IFCDIRECTION((1.,0.,0.));
#20806=IFCAXIS2PLACEMENT3D(#20803,#20804,#20805);
#20807=IFCDIRECTION((0.,0.,1.));
#20808=IFCEXTRUDEDAREASOLID(#20802,#20806,#20807,-120.);
#20809=IFCSHAPEREPRESENTATION(#11,'Body','SweptSolid',(#20808));
#20810=IFCPRODUCTDEFINITIONSHAPE($,$,(#20809));
#20816=IFCCARTESIANPOINT((0.,0.,3000.));
#20817=IFCDIRECTION((0.,0.,1.));
#20818=IFCDIRECTION((1.,0.,0.));
#20819=IFCAXIS2PLACEMENT3D(#20816,#20817,#20818);
#20820=IFCLOCALPLACEMENT($,#20819);
#20821=IFCPROPERTYSET('1J2ygM0FH7qwAlXmecB4gD',$,'Other',$,(#20823,#20824));
#20822=IFCRELDEFINESBYPROPERTIES('0PE7Vpg9T9iu6A66VclJVK',$,$,$,(#20799),#20821);
#20823=IFCPROPERTYSINGLEVALUE('Ax',$,IFCLABEL('0.001'),$);
#20824=IFCPROPERTYSINGLEVALUE('Ay',$,IFCLABEL('0.001'),$);
#20825=IFCSLAB('0oIC$2YnfENvU1ac_85wew',$,$,$,$,#20846,#20836,$,$);
#20826=IFCCARTESIANPOINTLIST2D(((18000.,12000.),(21000.,12000.),(21000.,18000.),(18000.,18000.)));
#20827=IFCINDEXEDPOLYCURVE(#20826,(IFCLINEINDEX((1,2,3,4,1))),$);
#20828=IFCARBITRARYCLOSEDPROFILEDEF(.AREA.,'Arbitrary',#20827);
#20829=IFCCARTESIANPOINT((0.,0.,0.));
#20830=IFCDIRECTION((0.,0.,1.));
#20831=IFCDIRECTION((1.,0.,0.));
#20832=IFCAXIS2PLACEMENT3D(#20829,#20830,#20831);
#20833=IFCDIRECTION((0.,0.,1.));
#20834=IFCEXTRUDEDAREASOLID(#20828,#20832,#20833,-120.);
#20835=IFCSHAPEREPRESENTATION(#11,'Body','SweptSolid',(#20834));
#20836=IFCPRODUCTDEFINITIONSHAPE($,$,(#20835));
#20842=IFCCARTESIANPOINT((0.,0.,3000.));
#20843=IFCDIRECTION((0.,0.,1.));
#20844=IFCDIRECTION((1.,0.,0.));
#20845=IFCAXIS2PLACEMENT3D(#20842,#20843,#20844);
#20846=IFCLOCALPLACEMENT($,#20845);
#20847=IFCPROPERTYSET('3rD7J46m92Cv2f5$iwbJqj',$,'Other',$,(#20849,#20850));
#20848=IFCRELDEFINESBYPROPERTIES('2AxuwYu7zBL8XIgXClQZJJ',$,$,$,(#20825),#20847);
#20849=IFCPROPERTYSINGLEVALUE('Ax',$,IFCLABEL('0.001'),$);
#20850=IFCPROPERTYSINGLEVALUE('Ay',$,IFCLABEL('0.001'),$);
#20851=IFCSLAB('0TcM2Nj7v4a84TenVJj6fc',$,$,$,$,#20872,#20862,$,$);
#20852=IFCCARTESIANPOINTLIST2D(((21000.,12000.),(24000.,12000.),(24000.,18000.),(21000.,18000.)));
#20853=IFCINDEXEDPOLYCURVE(#20852,(IFCLINEINDEX((1,2,3,4,1))),$);
#20854=IFCARBITRARYCLOSEDPROFILEDEF(.AREA.,'Arbitrary',#20853);
#20855=IFCCARTESIANPOINT((0.,0.,0.));
#20856=IFCDIRECTION((0.,0.,1.));
#20857=IFCDIRECTION((1.,0.,0.));
#20858=IFCAXIS2PLACEMENT3D(#20855,#20856,#20857);
#20859=IFCDIRECTION((0.,0.,1.));
#20860=IFCEXTRUDEDAREASOLID(#20854,#20858,#20859,-120.);
#20861=IFCSHAPEREPRESENTATION(#11,'Body','SweptSolid',(#20860));
#20862=IFCPRODUCTDEFINITIONSHAPE($,$,(#20861));
#20868=IFCCARTESIANPOINT((0.,0.,3000.));
#20869=IFCDIRECTION((0.,0.,1.));
#20870=IFCDIRECTION((1.,0.,0.));
#20871=IFCAXIS2PLACEMENT3D(#20868,#20869,#20870);
#20872=IFCLOCALPLACEMENT($,#20871);
#20873=IFCPROPERTYSET('2_8ec2n5X5Owe0sLLgmCYk',$,'Other',$,(#20875,#20876));
#20874=IFCRELDEFINESBYPROPERTIES('2xJMGFYVj1YgM6wkURrdXr',$,$,$,(#20851),#20873);
#20875=IFCPROPERTYSINGLEVALUE('Ax',$,IFCLABEL('0.001'),$);
#20876=IFCPROPERTYSINGLEVALUE('Ay',$,IFCLABEL('0.001'),$);
#20877=IFCSLAB('2KbbY1nfn1ugExrLpE0o_w',$,$,$,$,#20898,#20888,$,$);
#20878=IFCCARTESIANPOINTLIST2D(((6000.,6000.),(9000.,6000.),(9000.,12000.),(6000.,12000.)));
#20879=IFCINDEXEDPOLYCURVE(#20878,(IFCLINEINDEX((1,2,3,4,1))),$);
#20880=IFCARBITRARYCLOSEDPROFILEDEF(.AREA.,'Arbitrary',#20879);
#20881=IFCCARTESIANPOINT((0.,0.,0.));
#20882=IFCDIRECTION((0.,0.,1.));
#20883=IFCDIRECTION((1.,0.,0.));
#20884=IFCAXIS2PLACEMENT3D(#20881,#20882,#20883);
#20885=IFCDIRECTION((0.,0.,1.));
#20886=IFCEXTRUDEDAREASOLID(#20880,#20884,#20885,-120.);
#20887=IFCSHAPEREPRESENTATION(#11,'Body','SweptSolid',(#20886));
#20888=IFCPRODUCTDEFINITIONSHAPE($,$,(#20887));
#20894=IFCCARTESIANPOINT((0.,0.,3000.));
#20895=IFCDIRECTION((0.,0.,1.));
#20896=IFCDIRECTION((1.,0.,0.));
#20897=IFCAXIS2PLACEMENT3D(#20894,#20895,#20896);
#20898=IFCLOCALPLACEMENT($,#20897);
#20899=IFCPROPERTYSET('3a5azfxyj3vOfhlVUPFAP5',$,'Other',$,(#20901,#20902));
#20900=IFCRELDEFINESBYPROPERTIES('3DqjiC$KP7RwtM7PsDrCKS',$,$,$,(#20877),#20899);
#20901=IFCPROPERTYSINGLEVALUE('Ax',$,IFCLABEL('0.001'),$);
#20902=IFCPROPERTYSINGLEVALUE('Ay',$,IFCLABEL('0.001'),$);
#20903=IFCSLAB('3GlDP2Iu1DZvJCfi$bi2QH',$,$,$,$,#20924,#20914,$,$);
#20904=IFCCARTESIANPOINTLIST2D(((9000.,6000.),(12000.,6000.),(12000.,12000.),(9000.,12000.)));
#20905=IFCINDEXEDPOLYCURVE(#20904,(IFCLINEINDEX((1,2,3,4,1))),$);
#20906=IFCARBITRARYCLOSEDPROFILEDEF(.AREA.,'Arbitrary',#20905);
#20907=IFCCARTESIANPOINT((0.,0.,0.));
#20908=IFCDIRECTION((0.,0.,1.));
#20909=IFCDIRECTION((1.,0.,0.));
#20910=IFCAXIS2PLACEMENT3D(#20907,#20908,#20909);
#20911=IFCDIRECTION((0.,0.,1.));
#20912=IFCEXTRUDEDAREASOLID(#20906,#20910,#20911,-120.);
#20913=IFCSHAPEREPRESENTATION(#11,'Body','SweptSolid',(#20912));
#20914=IFCPRODUCTDEFINITIONSHAPE($,$,(#20913));
#20920=IFCCARTESIANPOINT((0.,0.,3000.));
#20921=IFCDIRECTION((0.,0.,1.));
#20922=IFCDIRECTION((1.,0.,0.));
#20923=IFCAXIS2PLACEMENT3D(#20920,#20921,#20922);
#20924=IFCLOCALPLACEMENT($,#20923);
#20925=IFCPROPERTYSET('2Wakq0AO90QuUbIAeSmq6O',$,'Other',$,(#20927,#20928));
#20926=IFCRELDEFINESBYPROPERTIES('3YqC_IKhTFOOzZnk81yiuq',$,$,$,(#20903),#20925);
#20927=IFCPROPERTYSINGLEVALUE('Ax',$,IFCLABEL('0.001'),$);
#20928=IFCPROPERTYSINGLEVALUE('Ay',$,IFCLABEL('0.001'),$);
#20929=IFCSLAB('3$Gh7ZHp1D5uEcN2vhkrLJ',$,$,$,$,#20950,#20940,$,$);
#20930=IFCCARTESIANPOINTLIST2D(((12000.,6000.),(15000.,6000.),(15000.,12000.),(12000.,12000.)));
#20931=IFCINDEXEDPOLYCURVE(#20930,(IFCLINEINDEX((1,2,3,4,1))),$);
#20932=IFCARBITRARYCLOSEDPROFILEDEF(.AREA.,'Arbitrary',#20931);
#20933=IFCCARTESIANPOINT((0.,0.,0.));
#20934=IFCDIRECTION((0.,0.,1.));
#20935=IFCDIRECTION((1.,0.,0.));
#20936=IFCAXIS2PLACEMENT3D(#20933,#20934,#20935);
#20937=IFCDIRECTION((0.,0.,1.));
#20938=IFCEXTRUDEDAREASOLID(#20932,#20936,#20937,-120.);
#20939=IFCSHAPEREPRESENTATION(#11,'Body','SweptSolid',(#20938));
#20940=IFCPRODUCTDEFINITIONSHAPE($,$,(#20939));
#20946=IFCCARTESIANPOINT((0.,0.,3000.));
#20947=IFCDIRECTION((0.,0.,1.));
#20948=IFCDIRECTION((1.,0.,0.));
#20949=IFCAXIS2PLACEMENT3D(#20946,#20947,#20948);
#20950=IFCLOCALPLACEMENT($,#20949);
#20951=IFCPROPERTYSET('0YZMevzoH9mOKUEvxEzjmG',$,'Other',$,(#20953,#20954));
#20952=IFCRELDEFINESBYPROPERTIES('30nnkENpr0RBdP1V_tWoSZ',$,$,$,(#20929),#20951);
#20953=IFCPROPERTYSINGLEVALUE('Ax',$,IFCLABEL('0.001'),$);
#20954=IFCPROPERTYSINGLEVALUE('Ay',$,IFCLABEL('0.001'),$);
#20955=IFCSLAB('2JbvaP3yP3uvpDYvvoWScm',$,$,$,$,#20976,#20966,$,$);
#20956=IFCCARTESIANPOINTLIST2D(((15000.,6000.),(18000.,6000.),(18000.,12000.),(15000.,12000.)));
#20957=IFCINDEXEDPOLYCURVE(#20956,(IFCLINEINDEX((1,2,3,4,1))),$);
#20958=IFCARBITRARYCLOSEDPROFILEDEF(.AREA.,'Arbitrary',#20957);
#20959=IFCCARTESIANPOINT((0.,0.,0.));
#20960=IFCDIRECTION((0.,0.,1.));
#20961=IFCDIRECTION((1.,0.,0.));
#20962=IFCAXIS2PLACEMENT3D(#20959,#20960,#20961);
#20963=IFCDIRECTION((0.,0.,1.));
#20964=IFCEXTRUDEDAREASOLID(#20958,#20962,#20963,-120.);
#20965=IFCSHAPEREPRESENTATION(#11,'Body','SweptSolid',(#20964));
#20966=IFCPRODUCTDEFINITIONSHAPE($,$,(#20965));
#20972=IFCCARTESIANPOINT((0.,0.,3000.));
#20973=IFCDIRECTION((0.,0.,1.));
#20974=IFCDIRECTION((1.,0.,0.));
#20975=IFCAXIS2PLACEMENT3D(#20972,#20973,#20974);
#20976=IFCLOCALPLACEMENT($,#20975);
#20977=IFCPROPERTYSET('3RdEl67a5DGxUKEG8INP8H',$,'Other',$,(#20979,#20980));
#20978=IFCRELDEFINESBYPROPERTIES('3oTGwnXn91Bw4OCu1zyIiV',$,$,$,(#20955),#20977);
#20979=IFCPROPERTYSINGLEVALUE('Ax',$,IFCLABEL('0.001'),$);
#20980=IFCPROPERTYSINGLEVALUE('Ay',$,IFCLABEL('0.001'),$);
#20981=IFCSLAB('3Qzz663dDFOuioX09HiZVg',$,$,$,$,#21002,#20992,$,$);
#20982=IFCCARTESIANPOINTLIST2D(((18000.,6000.),(21000.,6000.),(21000.,12000.),(18000.,12000.)));
#20983=IFCINDEXEDPOLYCURVE(#20982,(IFCLINEINDEX((1,2,3,4,1))),$);
#20984=IFCARBITRARYCLOSEDPROFILEDEF(.AREA.,'Arbitrary',#20983);
#20985=IFCCARTESIANPOINT((0.,0.,0.));
#20986=IFCDIRECTION((0.,0.,1.));
#20987=IFCDIRECTION((1.,0.,0.));
#20988=IFCAXIS2PLACEMENT3D(#20985,#20986,#20987);
#20989=IFCDIRECTION((0.,0.,1.));
#20990=IFCEXTRUDEDAREASOLID(#20984,#20988,#20989,-120.);
#20991=IFCSHAPEREPRESENTATION(#11,'Body','SweptSolid',(#20990));
#20992=IFCPRODUCTDEFINITIONSHAPE($,$,(#20991));
#20998=IFCCARTESIANPOINT((0.,0.,3000.));
#20999=IFCDIRECTION((0.,0.,1.));
#21000=IFCDIRECTION((1.,0.,0.));
#21001=IFCAXIS2PLACEMENT3D(#20998,#20999,#21000);
#21002=IFCLOCALPLACEMENT($,#21001);
#21003=IFCPROPERTYSET('1oYScZyg97Pfteit0z1NR5',$,'Other',$,(#21005,#21006));
#21004=IFCRELDEFINESBYPROPERTIES('29F$uGW6X06eBLE3ooWHpi',$,$,$,(#20981),#21003);
#21005=IFCPROPERTYSINGLEVALUE('Ax',$,IFCLABEL('0.001'),$);
#21006=IFCPROPERTYSINGLEVALUE('Ay',$,IFCLABEL('0.001'),$);
#21007=IFCSLAB('2yJeXRJJn3nQscS_3iiBWB',$,$,$,$,#21028,#21018,$,$);
#21008=IFCCARTESIANPOINTLIST2D(((21000.,6000.),(24000.,6000.),(24000.,12000.),(21000.,12000.)));
#21009=IFCINDEXEDPOLYCURVE(#21008,(IFCLINEINDEX((1,2,3,4,1))),$);
#21010=IFCARBITRARYCLOSEDPROFILEDEF(.AREA.,'Arbitrary',#21009);
#21011=IFCCARTESIANPOINT((0.,0.,0.));
#21012=IFCDIRECTION((0.,0.,1.));
#21013=IFCDIRECTION((1.,0.,0.));
#21014=IFCAXIS2PLACEMENT3D(#21011,#21012,#21013);
#21015=IFCDIRECTION((0.,0.,1.));
#21016=IFCEXTRUDEDAREASOLID(#21010,#21014,#21015,-120.);
#21017=IFCSHAPEREPRESENTATION(#11,'Body','SweptSolid',(#21016));
#21018=IFCPRODUCTDEFINITIONSHAPE($,$,(#21017));
#21024=IFCCARTESIANPOINT((0.,0.,3000.));
#21025=IFCDIRECTION((0.,0.,1.));
#21026=IFCDIRECTION((1.,0.,0.));
#21027=IFCAXIS2PLACEMENT3D(#21024,#21025,#21026);
#21028=IFCLOCALPLACEMENT($,#21027);
#21029=IFCPROPERTYSET('1uPLz0OajDBAovvwsg$MJ4',$,'Other',$,(#21031,#21032));
#21030=IFCRELDEFINESBYPROPERTIES('1Q$5hZH8z5zOuDvjcKcSZV',$,$,$,(#21007),#21029);
#21031=IFCPROPERTYSINGLEVALUE('Ax',$,IFCLABEL('0.001'),$);
#21032=IFCPROPERTYSINGLEVALUE('Ay',$,IFCLABEL('0.001'),$);
#21033=IFCSLAB('2IMBrBTKbD1RZLYepre9cP',$,$,$,$,#21054,#21044,$,$);
#21034=IFCCARTESIANPOINTLIST2D(((6000.,0.),(9000.,0.),(9000.,6000.),(6000.,6000.)));
#21035=IFCINDEXEDPOLYCURVE(#21034,(IFCLINEINDEX((1,2,3,4,1))),$);
#21036=IFCARBITRARYCLOSEDPROFILEDEF(.AREA.,'Arbitrary',#21035);
#21037=IFCCARTESIANPOINT((0.,0.,0.));
#21038=IFCDIRECTION((0.,0.,1.));
#21039=IFCDIRECTION((1.,0.,0.));
#21040=IFCAXIS2PLACEMENT3D(#21037,#21038,#21039);
#21041=IFCDIRECTION((0.,0.,1.));
#21042=IFCEXTRUDEDAREASOLID(#21036,#21040,#21041,-120.);
#21043=IFCSHAPEREPRESENTATION(#11,'Body','SweptSolid',(#21042));
#21044=IFCPRODUCTDEFINITIONSHAPE($,$,(#21043));
#21050=IFCCARTESIANPOINT((0.,0.,3000.));
#21051=IFCDIRECTION((0.,0.,1.));
#21052=IFCDIRECTION((1.,0.,0.));
#21053=IFCAXIS2PLACEMENT3D(#21050,#21051,#21052);
#21054=IFCLOCALPLACEMENT($,#21053);
#21055=IFCPROPERTYSET('1vvfOCNor9zPwSinj4StH_',$,'Other',$,(#21057,#21058));
#21056=IFCRELDEFINESBYPROPERTIES('0JwS_Ov5f8seWOt1O3LEtQ',$,$,$,(#21033),#21055);
#21057=IFCPROPERTYSINGLEVALUE('Ax',$,IFCLABEL('0.001'),$);
#21058=IFCPROPERTYSINGLEVALUE('Ay',$,IFCLABEL('0.001'),$);
#21059=IFCSLAB('2i9XE9m9nBkQRU0LIcJSmq',$,$,$,$,#21080,#21070,$,$);
#21060=IFCCARTESIANPOINTLIST2D(((9000.,0.),(12000.,0.),(12000.,6000.),(9000.,6000.)));
#21061=IFCINDEXEDPOLYCURVE(#21060,(IFCLINEINDEX((1,2,3,4,1))),$);
#21062=IFCARBITRARYCLOSEDPROFILEDEF(.AREA.,'Arbitrary',#21061);
#21063=IFCCARTESIANPOINT((0.,0.,0.));
#21064=IFCDIRECTION((0.,0.,1.));
#21065=IFCDIRECTION((1.,0.,0.));
#21066=IFCAXIS2PLACEMENT3D(#21063,#21064,#21065);
#21067=IFCDIRECTION((0.,0.,1.));
#21068=IFCEXTRUDEDAREASOLID(#21062,#21066,#21067,-120.);
#21069=IFCSHAPEREPRESENTATION(#11,'Body','SweptSolid',(#21068));
#21070=IFCPRODUCTDEFINITIONSHAPE($,$,(#21069));
#21076=IFCCARTESIANPOINT((0.,0.,3000.));
#21077=IFCDIRECTION((0.,0.,1.));
#21078=IFCDIRECTION((1.,0.,0.));
#21079=IFCAXIS2PLACEMENT3D(#21076,#21077,#21078);
#21080=IFCLOCALPLACEMENT($,#21079);
#21081=IFCPROPERTYSET('0NoanCd853pwXfOCF4f7q4',$,'Other',$,(#21083,#21084));
#21082=IFCRELDEFINESBYPROPERTIES('0ouYXlLpHE6uMIpsHfwkt2',$,$,$,(#21059),#21081);
#21083=IFCPROPERTYSINGLEVALUE('Ax',$,IFCLABEL('0.001'),$);
#21084=IFCPROPERTYSINGLEVALUE('Ay',$,IFCLABEL('0.001'),$);
#21085=IFCSLAB('1Rp_8lXZvEDf8RdTEOhkfu',$,$,$,$,#21106,#21096,$,$);
#21086=IFCCARTESIANPOINTLIST2D(((12000.,0.),(15000.,0.),(15000.,6000.),(12000.,6000.)));
#21087=IFCINDEXEDPOLYCURVE(#21086,(IFCLINEINDEX((1,2,3,4,1))),$);
#21088=IFCARBITRARYCLOSEDPROFILEDEF(.AREA.,'Arbitrary',#21087);
#21089=IFCCARTESIANPOINT((0.,0.,0.));
#21090=IFCDIRECTION((0.,0.,1.));
#21091=IFCDIRECTION((1.,0.,0.));
#21092=IFCAXIS2PLACEMENT3D(#21089,#21090,#21091);
#21093=IFCDIRECTION((0.,0.,1.));
#21094=IFCEXTRUDEDAREASOLID(#21088,#21092,#21093,-120.);
#21095=IFCSHAPEREPRESENTATION(#11,'Body','SweptSolid',(#21094));
#21096=IFCPRODUCTDEFINITIONSHAPE($,$,(#21095));
#21102=IFCCARTESIANPOINT((0.,0.,3000.));
#21103=IFCDIRECTION((0.,0.,1.));
#21104=IFCDIRECTION((1.,0.,0.));
#21105=IFCAXIS2PLACEMENT3D(#21102,#21103,#21104);
#21106=IFCLOCALPLACEMENT($,#21105);
#21107=IFCPROPERTYSET('32hDgTjp12kO6Yd$clvam9',$,'Other',$,(#21109,#21110));
#21108=IFCRELDEFINESBYPROPERTIES('3U3Aw4u7b8ehPhwOhqHf5J',$,$,$,(#21085),#21107);
#21109=IFCPROPERTYSINGLEVALUE('Ax',$,IFCLABEL('0.001'),$);
#21110=IFCPROPERTYSINGLEVALUE('Ay',$,IFCLABEL('0.001'),$);
#21111=IFCSLAB('16_Jh4jsD4bvl1O$ZTDrJ6',$,$,$,$,#21132,#21122,$,$);
#21112=IFCCARTESIANPOINTLIST2D(((15000.,0.),(18000.,0.),(18000.,6000.),(15000.,6000.)));
#21113=IFCINDEXEDPOLYCURVE(#21112,(IFCLINEINDEX((1,2,3,4,1))),$);
#21114=IFCARBITRARYCLOSEDPROFILEDEF(.AREA.,'Arbitrary',#21113);
#21115=IFCCARTESIANPOINT((0.,0.,0.));
#21116=IFCDIRECTION((0.,0.,1.));
#21117=IFCDIRECTION((1.,0.,0.));
#21118=IFCAXIS2PLACEMENT3D(#21115,#21116,#21117);
#21119=IFCDIRECTION((0.,0.,1.));
#21120=IFCEXTRUDEDAREASOLID(#21114,#21118,#21119,-120.);
#21121=IFCSHAPEREPRESENTATION(#11,'Body','SweptSolid',(#21120));
#21122=IFCPRODUCTDEFINITIONSHAPE($,$,(#21121));
#21128=IFCCARTESIANPOINT((0.,0.,3000.));
#21129=IFCDIRECTION((0.,0.,1.));
#21130=IFCDIRECTION((1.,0.,0.));
#21131=IFCAXIS2PLACEMENT3D(#21128,#21129,#21130);
#21132=IFCLOCALPLACEMENT($,#21131);
#21133=IFCPROPERTYSET('2S_JG7sPP9IeT9EZ9xZkWF',$,'Other',$,(#21135,#21136));
#21134=IFCRELDEFINESBYPROPERTIES('17wX4WcXf1ehCDL7hiet$k',$,$,$,(#21111),#21133);
#21135=IFCPROPERTYSINGLEVALUE('Ax',$,IFCLABEL('0.001'),$);
#21136=IFCPROPERTYSINGLEVALUE('Ay',$,IFCLABEL('0.001'),$);
#21137=IFCSLAB('2IewGaRlD4Le1lKTwgaNWl',$,$,$,$,#21158,#21148,$,$);
#21138=IFCCARTESIANPOINTLIST2D(((18000.,0.),(21000.,0.),(21000.,6000.),(18000.,6000.)));
#21139=IFCINDEXEDPOLYCURVE(#21138,(IFCLINEINDEX((1,2,3,4,1))),$);
#21140=IFCARBITRARYCLOSEDPROFILEDEF(.AREA.,'Arbitrary',#21139);
#21141=IFCCARTESIANPOINT((0.,0.,0.));
#21142=IFCDIRECTION((0.,0.,1.));
#21143=IFCDIRECTION((1.,0.,0.));
#21144=IFCAXIS2PLACEMENT3D(#21141,#21142,#21143);
#21145=IFCDIRECTION((0.,0.,1.));
#21146=IFCEXTRUDEDAREASOLID(#21140,#21144,#21145,-120.);
#21147=IFCSHAPEREPRESENTATION(#11,'Body','SweptSolid',(#21146));
#21148=IFCPRODUCTDEFINITIONSHAPE($,$,(#21147));
#21154=IFCCARTESIANPOINT((0.,0.,3000.));
#21155=IFCDIRECTION((0.,0.,1.));
#21156=IFCDIRECTION((1.,0.,0.));
#21157=IFCAXIS2PLACEMENT3D(#21154,#21155,#21156);
#21158=IFCLOCALPLACEMENT($,#21157);
#21159=IFCPROPERTYSET('3SqcGQhU9CmxdbWnYjBoEk',$,'Other',$,(#21161,#21162));
#21160=IFCRELDEFINESBYPROPERTIES('38H0K5OeHDEw1mSfSzi5kR',$,$,$,(#21137),#21159);
#21161=IFCPROPERTYSINGLEVALUE('Ax',$,IFCLABEL('0.001'),$);
#21162=IFCPROPERTYSINGLEVALUE('Ay',$,IFCLABEL('0.001'),$);
#21163=IFCSLAB('12OlZS6xj6L8rW69fh__aO',$,$,$,$,#21184,#21174,$,$);
#21164=IFCCARTESIANPOINTLIST2D(((21000.,0.),(24000.,0.),(24000.,6000.),(21000.,6000.)));
#21165=IFCINDEXEDPOLYCURVE(#21164,(IFCLINEINDEX((1,2,3,4,1))),$);
#21166=IFCARBITRARYCLOSEDPROFILEDEF(.AREA.,'Arbitrary',#21165);
#21167=IFCCARTESIANPOINT((0.,0.,0.));
#21168=IFCDIRECTION((0.,0.,1.));
#21169=IFCDIRECTION((1.,0.,0.));
#21170=IFCAXIS2PLACEMENT3D(#21167,#21168,#21169);
#21171=IFCDIRECTION((0.,0.,1.));
#21172=IFCEXTRUDEDAREASOLID(#21166,#21170,#21171,-120.);
#21173=IFCSHAPEREPRESENTATION(#11,'Body','SweptSolid',(#21172));
#21174=IFCPRODUCTDEFINITIONSHAPE($,$,(#21173));
#21180=IFCCARTESIANPOINT((0.,0.,3000.));
#21181=IFCDIRECTION((0.,0.,1.));
#21182=IFCDIRECTION((1.,0.,0.));
#21183=IFCAXIS2PLACEMENT3D(#21180,#21181,#21182);
#21184=IFCLOCALPLACEMENT($,#21183);
#21185=IFCPROPERTYSET('2qWhswx793RuI$$_dNSLYh',$,'Other',$,(#21187,#21188));
#21186=IFCRELDEFINESBYPROPERTIES('0dfnr7POLAH8uQmyPeu9ZI',$,$,$,(#21163),#21185);
#21187=IFCPROPERTYSINGLEVALUE('Ax',$,IFCLABEL('0.001'),$);
#21188=IFCPROPERTYSINGLEVALUE('Ay',$,IFCLABEL('0.001'),$);
#21189=IFCSLAB('0yKyy4_P5AO9aEcCsW4eNp',$,$,$,$,#21210,#21200,$,$);
#21190=IFCCARTESIANPOINTLIST2D(((3000.,0.),(6000.,0.),(6000.,6000.),(3000.,6000.)));
#21191=IFCINDEXEDPOLYCURVE(#21190,(IFCLINEINDEX((1,2,3,4,1))),$);
#21192=IFCARBITRARYCLOSEDPROFILEDEF(.AREA.,'Arbitrary',#21191);
#21193=IFCCARTESIANPOINT((0.,0.,0.));
#21194=IFCDIRECTION((0.,0.,1.));
#21195=IFCDIRECTION((1.,0.,0.));
#21196=IFCAXIS2PLACEMENT3D(#21193,#21194,#21195);
#21197=IFCDIRECTION((0.,0.,1.));
#21198=IFCEXTRUDEDAREASOLID(#21192,#21196,#21197,-120.);
#21199=IFCSHAPEREPRESENTATION(#11,'Body','SweptSolid',(#21198));
#21200=IFCPRODUCTDEFINITIONSHAPE($,$,(#21199));
#21206=IFCCARTESIANPOINT((0.,0.,3000.));
#21207=IFCDIRECTION((0.,0.,1.));
#21208=IFCDIRECTION((1.,0.,0.));
#21209=IFCAXIS2PLACEMENT3D(#21206,#21207,#21208);
#21210=IFCLOCALPLACEMENT($,#21209);
#21211=IFCPROPERTYSET('1wK70e2FTEzRe66Lua_Dhh',$,'Other',$,(#21213,#21214));
#21212=IFCRELDEFINESBYPROPERTIES('3XsqzQb7P6KeGJICxa4wQC',$,$,$,(#21189),#21211);
#21213=IFCPROPERTYSINGLEVALUE('Ax',$,IFCLABEL('0.001'),$);
#21214=IFCPROPERTYSINGLEVALUE('Ay',$,IFCLABEL('0.001'),$);
#21215=IFCSLAB('2jNaKcFpfD4QF6jU8h6FAU',$,$,$,$,#21236,#21226,$,$);
#21216=IFCCARTESIANPOINTLIST2D(((24000.,6000.),(27000.,6000.),(27000.,12000.),(24000.,12000.)));
#21217=IFCINDEXEDPOLYCURVE(#21216,(IFCLINEINDEX((1,2,3,4,1))),$);
#21218=IFCARBITRARYCLOSEDPROFILEDEF(.AREA.,'Arbitrary',#21217);
#21219=IFCCARTESIANPOINT((0.,0.,0.));
#21220=IFCDIRECTION((0.,0.,1.));
#21221=IFCDIRECTION((1.,0.,0.));
#21222=IFCAXIS2PLACEMENT3D(#21219,#21220,#21221);
#21223=IFCDIRECTION((0.,0.,1.));
#21224=IFCEXTRUDEDAREASOLID(#21218,#21222,#21223,-120.);
#21225=IFCSHAPEREPRESENTATION(#11,'Body','SweptSolid',(#21224));
#21226=IFCPRODUCTDEFINITIONSHAPE($,$,(#21225));
#21232=IFCCARTESIANPOINT((0.,0.,3000.));
#21233=IFCDIRECTION((0.,0.,1.));
#21234=IFCDIRECTION((1.,0.,0.));
#21235=IFCAXIS2PLACEMENT3D(#21232,#21233,#21234);
#21236=IFCLOCALPLACEMENT($,#21235);
#21237=IFCPROPERTYSET('2x023IM$1DJxNlBd_HLPl2',$,'Other',$,(#21239,#21240));
#21238=IFCRELDEFINESBYPROPERTIES('14LzZQY1b6nu2gi01OCISf',$,$,$,(#21215),#21237);
#21239=IFCPROPERTYSINGLEVALUE('Ax',$,IFCLABEL('0.001'),$);
#21240=IFCPROPERTYSINGLEVALUE('Ay',$,IFCLABEL('0.001'),$);
#21241=IFCSLAB('1I5aFhoFDCDOlANYvlXheN',$,$,$,$,#21262,#21252,$,$);
#21242=IFCCARTESIANPOINTLIST2D(((24000.,15000.),(30000.,15000.),(30000.,18000.),(24000.,18000.)));
#21243=IFCINDEXEDPOLYCURVE(#21242,(IFCLINEINDEX((1,2,3,4,1))),$);
#21244=IFCARBITRARYCLOSEDPROFILEDEF(.AREA.,'Arbitrary',#21243);
#21245=IFCCARTESIANPOINT((0.,0.,0.));
#21246=IFCDIRECTION((0.,0.,1.));
#21247=IFCDIRECTION((1.,0.,0.));
#21248=IFCAXIS2PLACEMENT3D(#21245,#21246,#21247);
#21249=IFCDIRECTION((0.,0.,1.));
#21250=IFCEXTRUDEDAREASOLID(#21244,#21248,#21249,-120.);
#21251=IFCSHAPEREPRESENTATION(#11,'Body','SweptSolid',(#21250));
#21252=IFCPRODUCTDEFINITIONSHAPE($,$,(#21251));
#21258=IFCCARTESIANPOINT((0.,0.,3000.));
#21259=IFCDIRECTION((0.,0.,1.));
#21260=IFCDIRECTION((1.,0.,0.));
#21261=IFCAXIS2PLACEMENT3D(#21258,#21259,#21260);
#21262=IFCLOCALPLACEMENT($,#21261);
#21263=IFCPROPERTYSET('3IWPwCx7L9F9_i4FlyALi$',$,'Other',$,(#21265,#21266));
#21264=IFCRELDEFINESBYPROPERTIES('24_8Ee44D5dvGVy9xlGeq8',$,$,$,(#21241),#21263);
#21265=IFCPROPERTYSINGLEVALUE('Ax',$,IFCLABEL('0.001'),$);
#21266=IFCPROPERTYSINGLEVALUE('Ay',$,IFCLABEL('0.001'),$);
#21267=IFCSLAB('0$EkDBFbHDnvXYKdhxxBFJ',$,$,$,$,#21288,#21278,$,$);
#21268=IFCCARTESIANPOINTLIST2D(((24000.,12000.),(30000.,12000.),(30000.,15000.),(24000.,15000.)));
#21269=IFCINDEXEDPOLYCURVE(#21268,(IFCLINEINDEX((1,2,3,4,1))),$);
#21270=IFCARBITRARYCLOSEDPROFILEDEF(.AREA.,'Arbitrary',#21269);
#21271=IFCCARTESIANPOINT((0.,0.,0.));
#21272=IFCDIRECTION((0.,0.,1.));
#21273=IFCDIRECTION((1.,0.,0.));
#21274=IFCAXIS2PLACEMENT3D(#21271,#21272,#21273);
#21275=IFCDIRECTION((0.,0.,1.));
#21276=IFCEXTRUDEDAREASOLID(#21270,#21274,#21275,-120.);
#21277=IFCSHAPEREPRESENTATION(#11,'Body','SweptSolid',(#21276));
#21278=IFCPRODUCTDEFINITIONSHAPE($,$,(#21277));
#21284=IFCCARTESIANPOINT((0.,0.,3000.));
#21285=IFCDIRECTION((0.,0.,1.));
#21286=IFCDIRECTION((1.,0.,0.));
#21287=IFCAXIS2PLACEMENT3D(#21284,#21285,#21286);
#21288=IFCLOCALPLACEMENT($,#21287);
#21289=IFCPROPERTYSET('1rfv_fuqj1WudpR89TTlcn',$,'Other',$,(#21291,#21292));
#21290=IFCRELDEFINESBYPROPERTIES('0A1Nz8TV57MvEHGtQh9NlQ',$,$,$,(#21267),#21289);
#21291=IFCPROPERTYSINGLEVALUE('Ax',$,IFCLABEL('0.001'),$);
#21292=IFCPROPERTYSINGLEVALUE('Ay',$,IFCLABEL('0.001'),$);
#21293=IFCSLAB('0aMx1W3f5D8etOjLwRFdq2',$,$,$,$,#21314,#21304,$,$);
#21294=IFCCARTESIANPOINTLIST2D(((24000.,0.),(27000.,0.),(27000.,6000.),(24000.,6000.)));
#21295=IFCINDEXEDPOLYCURVE(#21294,(IFCLINEINDEX((1,2,3,4,1))),$);
#21296=IFCARBITRARYCLOSEDPROFILEDEF(.AREA.,'Arbitrary',#21295);
#21297=IFCCARTESIANPOINT((0.,0.,0.));
#21298=IFCDIRECTION((0.,0.,1.));
#21299=IFCDIRECTION((1.,0.,0.));
#21300=IFCAXIS2PLACEMENT3D(#21297,#21298,#21299);
#21301=IFCDIRECTION((0.,0.,1.));
#21302=IFCEXTRUDEDAREASOLID(#21296,#21300,#21301,-120.);
#21303=IFCSHAPEREPRESENTATION(#11,'Body','SweptSolid',(#21302));
#21304=IFCPRODUCTDEFINITIONSHAPE($,$,(#21303));
#21310=IFCCARTESIANPOINT((0.,0.,24000.));
#21311=IFCDIRECTION((0.,0.,1.));
#21312=IFCDIRECTION((1.,0.,0.));
#21313=IFCAXIS2PLACEMENT3D(#21310,#21311,#21312);
#21314=IFCLOCALPLACEMENT($,#21313);
#21315=IFCPROPERTYSET('3lTdaLdZv9sBNhJ_3ZLYc4',$,'Other',$,(#21317,#21318));
#21316=IFCRELDEFINESBYPROPERTIES('3zNPM6Cmn3RRM8l8p4QJ3K',$,$,$,(#21293),#21315);
#21317=IFCPROPERTYSINGLEVALUE('Ax',$,IFCLABEL('0.001'),$);
#21318=IFCPROPERTYSINGLEVALUE('Ay',$,IFCLABEL('0.001'),$);
#21319=IFCSLAB('1BtDv9QYbAk9jgr7B1UeDL',$,$,$,$,#21340,#21330,$,$);
#21320=IFCCARTESIANPOINTLIST2D(((27000.,0.),(30000.,0.),(30000.,6000.),(27000.,6000.)));
#21321=IFCINDEXEDPOLYCURVE(#21320,(IFCLINEINDEX((1,2,3,4,1))),$);
#21322=IFCARBITRARYCLOSEDPROFILEDEF(.AREA.,'Arbitrary',#21321);
#21323=IFCCARTESIANPOINT((0.,0.,0.));
#21324=IFCDIRECTION((0.,0.,1.));
#21325=IFCDIRECTION((1.,0.,0.));
#21326=IFCAXIS2PLACEMENT3D(#21323,#21324,#21325);
#21327=IFCDIRECTION((0.,0.,1.));
#21328=IFCEXTRUDEDAREASOLID(#21322,#21326,#21327,-120.);
#21329=IFCSHAPEREPRESENTATION(#11,'Body','SweptSolid',(#21328));
#21330=IFCPRODUCTDEFINITIONSHAPE($,$,(#21329));
#21336=IFCCARTESIANPOINT((0.,0.,24000.));
#21337=IFCDIRECTION((0.,0.,1.));
#21338=IFCDIRECTION((1.,0.,0.));
#21339=IFCAXIS2PLACEMENT3D(#21336,#21337,#21338);
#21340=IFCLOCALPLACEMENT($,#21339);
#21341=IFCPROPERTYSET('3rwZSr1DP74g6l_3AyFpLs',$,'Other',$,(#21343,#21344));
#21342=IFCRELDEFINESBYPROPERTIES('2WE7PmcbjDmRjr81I_IgX9',$,$,$,(#21319),#21341);
#21343=IFCPROPERTYSINGLEVALUE('Ax',$,IFCLABEL('0.001'),$);
#21344=IFCPROPERTYSINGLEVALUE('Ay',$,IFCLABEL('0.001'),$);
#21345=IFCSLAB('1e7kZ7munDOB60ieDAlqxb',$,$,$,$,#21366,#21356,$,$);
#21346=IFCCARTESIANPOINTLIST2D(((27000.,6000.),(30000.,6000.),(30000.,12000.),(27000.,12000.)));
#21347=IFCINDEXEDPOLYCURVE(#21346,(IFCLINEINDEX((1,2,3,4,1))),$);
#21348=IFCARBITRARYCLOSEDPROFILEDEF(.AREA.,'Arbitrary',#21347);
#21349=IFCCARTESIANPOINT((0.,0.,0.));
#21350=IFCDIRECTION((0.,0.,1.));
#21351=IFCDIRECTION((1.,0.,0.));
#21352=IFCAXIS2PLACEMENT3D(#21349,#21350,#21351);
#21353=IFCDIRECTION((0.,0.,1.));
#21354=IFCEXTRUDEDAREASOLID(#21348,#21352,#21353,-120.);
#21355=IFCSHAPEREPRESENTATION(#11,'Body','SweptSolid',(#21354));
#21356=IFCPRODUCTDEFINITIONSHAPE($,$,(#21355));
#21362=IFCCARTESIANPOINT((0.,0.,24000.));
#21363=IFCDIRECTION((0.,0.,1.));
#21364=IFCDIRECTION((1.,0.,0.));
#21365=IFCAXIS2PLACEMENT3D(#21362,#21363,#21364);
#21366=IFCLOCALPLACEMENT($,#21365);
#21367=IFCPROPERTYSET('1u5DW28jD50Ry8BPbEyUca',$,'Other',$,(#21369,#21370));
#21368=IFCRELDEFINESBYPROPERTIES('0JATryRHf1eRvt8buQxEmg',$,$,$,(#21345),#21367);
#21369=IFCPROPERTYSINGLEVALUE('Ax',$,IFCLABEL('0.001'),$);
#21370=IFCPROPERTYSINGLEVALUE('Ay',$,IFCLABEL('0.001'),$);
#21371=IFCSLAB('3Yg7HAn7H3JxgX82pPzGTx',$,$,$,$,#21392,#21382,$,$);
#21372=IFCCARTESIANPOINTLIST2D(((0.,0.),(3000.,0.),(3000.,6000.),(0.,6000.)));
#21373=IFCINDEXEDPOLYCURVE(#21372,(IFCLINEINDEX((1,2,3,4,1))),$);
#21374=IFCARBITRARYCLOSEDPROFILEDEF(.AREA.,'Arbitrary',#21373);
#21375=IFCCARTESIANPOINT((0.,0.,0.));
#21376=IFCDIRECTION((0.,0.,1.));
#21377=IFCDIRECTION((1.,0.,0.));
#21378=IFCAXIS2PLACEMENT3D(#21375,#21376,#21377);
#21379=IFCDIRECTION((0.,0.,1.));
#21380=IFCEXTRUDEDAREASOLID(#21374,#21378,#21379,-120.);
#21381=IFCSHAPEREPRESENTATION(#11,'Body','SweptSolid',(#21380));
#21382=IFCPRODUCTDEFINITIONSHAPE($,$,(#21381));
#21388=IFCCARTESIANPOINT((0.,0.,24000.));
#21389=IFCDIRECTION((0.,0.,1.));
#21390=IFCDIRECTION((1.,0.,0.));
#21391=IFCAXIS2PLACEMENT3D(#21388,#21389,#21390);
#21392=IFCLOCALPLACEMENT($,#21391);
#21393=IFCPROPERTYSET('1r2OOb4U972RCkewbCwLIu',$,'Other',$,(#21395,#21396));
#21394=IFCRELDEFINESBYPROPERTIES('0rYa09G7XE09rWJTk9fm5I',$,$,$,(#21371),#21393);
#21395=IFCPROPERTYSINGLEVALUE('Ax',$,IFCLABEL('0.001'),$);
#21396=IFCPROPERTYSINGLEVALUE('Ay',$,IFCLABEL('0.001'),$);
#21397=IFCSLAB('3QA1hZLAf1KPm2J1OaAzRQ',$,$,$,$,#21418,#21408,$,$);
#21398=IFCCARTESIANPOINTLIST2D(((24000.,0.),(27000.,0.),(27000.,6000.),(24000.,6000.)));
#21399=IFCINDEXEDPOLYCURVE(#21398,(IFCLINEINDEX((1,2,3,4,1))),$);
#21400=IFCARBITRARYCLOSEDPROFILEDEF(.AREA.,'Arbitrary',#21399);
#21401=IFCCARTESIANPOINT((0.,0.,0.));
#21402=IFCDIRECTION((0.,0.,1.));
#21403=IFCDIRECTION((1.,0.,0.));
#21404=IFCAXIS2PLACEMENT3D(#21401,#21402,#21403);
#21405=IFCDIRECTION((0.,0.,1.));
#21406=IFCEXTRUDEDAREASOLID(#21400,#21404,#21405,-120.);
#21407=IFCSHAPEREPRESENTATION(#11,'Body','SweptSolid',(#21406));
#21408=IFCPRODUCTDEFINITIONSHAPE($,$,(#21407));
#21414=IFCCARTESIANPOINT((0.,0.,21000.));
#21415=IFCDIRECTION((0.,0.,1.));
#21416=IFCDIRECTION((1.,0.,0.));
#21417=IFCAXIS2PLACEMENT3D(#21414,#21415,#21416);
#21418=IFCLOCALPLACEMENT($,#21417);
#21419=IFCPROPERTYSET('1L5bjqvgLFdvVMOar4lsyT',$,'Other',$,(#21421,#21422));
#21420=IFCRELDEFINESBYPROPERTIES('0K6QHraXn6COAAInqVNo_o',$,$,$,(#21397),#21419);
#21421=IFCPROPERTYSINGLEVALUE('Ax',$,IFCLABEL('0.001'),$);
#21422=IFCPROPERTYSINGLEVALUE('Ay',$,IFCLABEL('0.001'),$);
#21423=IFCSLAB('3EAlK5sf5EGuhFWSdPTEET',$,$,$,$,#21444,#21434,$,$);
#21424=IFCCARTESIANPOINTLIST2D(((27000.,0.),(30000.,0.),(30000.,6000.),(27000.,6000.)));
#21425=IFCINDEXEDPOLYCURVE(#21424,(IFCLINEINDEX((1,2,3,4,1))),$);
#21426=IFCARBITRARYCLOSEDPROFILEDEF(.AREA.,'Arbitrary',#21425);
#21427=IFCCARTESIANPOINT((0.,0.,0.));
#21428=IFCDIRECTION((0.,0.,1.));
#21429=IFCDIRECTION((1.,0.,0.));
#21430=IFCAXIS2PLACEMENT3D(#21427,#21428,#21429);
#21431=IFCDIRECTION((0.,0.,1.));
#21432=IFCEXTRUDEDAREASOLID(#21426,#21430,#21431,-120.);
#21433=IFCSHAPEREPRESENTATION(#11,'Body','SweptSolid',(#21432));
#21434=IFCPRODUCTDEFINITIONSHAPE($,$,(#21433));
#21440=IFCCARTESIANPOINT((0.,0.,21000.));
#21441=IFCDIRECTION((0.,0.,1.));
#21442=IFCDIRECTION((1.,0.,0.));
#21443=IFCAXIS2PLACEMENT3D(#21440,#21441,#21442);
#21444=IFCLOCALPLACEMENT($,#21443);
#21445=IFCPROPERTYSET('2LPvpZEWz3Le5Fn7KAXrn2',$,'Other',$,(#21447,#21448));
#21446=IFCRELDEFINESBYPROPERTIES('0ivoMrYxzCOBpfgVm6r2vO',$,$,$,(#21423),#21445);
#21447=IFCPROPERTYSINGLEVALUE('Ax',$,IFCLABEL('0.001'),$);
#21448=IFCPROPERTYSINGLEVALUE('Ay',$,IFCLABEL('0.001'),$);
#21449=IFCSLAB('2qfIIsIQ51d8eVZaIYF0R1',$,$,$,$,#21470,#21460,$,$);
#21450=IFCCARTESIANPOINTLIST2D(((27000.,6000.),(30000.,6000.),(30000.,12000.),(27000.,12000.)));
#21451=IFCINDEXEDPOLYCURVE(#21450,(IFCLINEINDEX((1,2,3,4,1))),$);
#21452=IFCARBITRARYCLOSEDPROFILEDEF(.AREA.,'Arbitrary',#21451);
#21453=IFCCARTESIANPOINT((0.,0.,0.));
#21454=IFCDIRECTION((0.,0.,1.));
#21455=IFCDIRECTION((1.,0.,0.));
#21456=IFCAXIS2PLACEMENT3D(#21453,#21454,#21455);
#21457=IFCDIRECTION((0.,0.,1.));
#21458=IFCEXTRUDEDAREASOLID(#21452,#21456,#21457,-120.);
#21459=IFCSHAPEREPRESENTATION(#11,'Body','SweptSolid',(#21458));
#21460=IFCPRODUCTDEFINITIONSHAPE($,$,(#21459));
#21466=IFCCARTESIANPOINT((0.,0.,21000.));
#21467=IFCDIRECTION((0.,0.,1.));
#21468=IFCDIRECTION((1.,0.,0.));
#21469=IFCAXIS2PLACEMENT3D(#21466,#21467,#21468);
#21470=IFCLOCALPLACEMENT($,#21469);
#21471=IFCPROPERTYSET('3qtUD2ykX9hfSdw_DryADJ',$,'Other',$,(#21473,#21474));
#21472=IFCRELDEFINESBYPROPERTIES('1qOo0tF1D0lBNGBdvF8bza',$,$,$,(#21449),#21471);
#21473=IFCPROPERTYSINGLEVALUE('Ax',$,IFCLABEL('0.001'),$);
#21474=IFCPROPERTYSINGLEVALUE('Ay',$,IFCLABEL('0.001'),$);
#21475=IFCSLAB('3rlf3LsLz9E8LNJywUN665',$,$,$,$,#21496,#21486,$,$);
#21476=IFCCARTESIANPOINTLIST2D(((0.,0.),(3000.,0.),(3000.,6000.),(0.,6000.)));
#21477=IFCINDEXEDPOLYCURVE(#21476,(IFCLINEINDEX((1,2,3,4,1))),$);
#21478=IFCARBITRARYCLOSEDPROFILEDEF(.AREA.,'Arbitrary',#21477);
#21479=IFCCARTESIANPOINT((0.,0.,0.));
#21480=IFCDIRECTION((0.,0.,1.));
#21481=IFCDIRECTION((1.,0.,0.));
#21482=IFCAXIS2PLACEMENT3D(#21479,#21480,#21481);
#21483=IFCDIRECTION((0.,0.,1.));
#21484=IFCEXTRUDEDAREASOLID(#21478,#21482,#21483,-120.);
#21485=IFCSHAPEREPRESENTATION(#11,'Body','SweptSolid',(#21484));
#21486=IFCPRODUCTDEFINITIONSHAPE($,$,(#21485));
#21492=IFCCARTESIANPOINT((0.,0.,21000.));
#21493=IFCDIRECTION((0.,0.,1.));
#21494=IFCDIRECTION((1.,0.,0.));
#21495=IFCAXIS2PLACEMENT3D(#21492,#21493,#21494);
#21496=IFCLOCALPLACEMENT($,#21495);
#21497=IFCPROPERTYSET('3yMEsxvH551hd$9gfCshxN',$,'Other',$,(#21499,#21500));
#21498=IFCRELDEFINESBYPROPERTIES('08JHAkrz93Jf4MC5GQxi3J',$,$,$,(#21475),#21497);
#21499=IFCPROPERTYSINGLEVALUE('Ax',$,IFCLABEL('0.001'),$);
#21500=IFCPROPERTYSINGLEVALUE('Ay',$,IFCLABEL('0.001'),$);
#21501=IFCSLAB('1xSxUp44D9ZvqBI3MDO6HX',$,$,$,$,#21522,#21512,$,$);
#21502=IFCCARTESIANPOINTLIST2D(((24000.,0.),(27000.,0.),(27000.,6000.),(24000.,6000.)));
#21503=IFCINDEXEDPOLYCURVE(#21502,(IFCLINEINDEX((1,2,3,4,1))),$);
#21504=IFCARBITRARYCLOSEDPROFILEDEF(.AREA.,'Arbitrary',#21503);
#21505=IFCCARTESIANPOINT((0.,0.,0.));
#21506=IFCDIRECTION((0.,0.,1.));
#21507=IFCDIRECTION((1.,0.,0.));
#21508=IFCAXIS2PLACEMENT3D(#21505,#21506,#21507);
#21509=IFCDIRECTION((0.,0.,1.));
#21510=IFCEXTRUDEDAREASOLID(#21504,#21508,#21509,-120.);
#21511=IFCSHAPEREPRESENTATION(#11,'Body','SweptSolid',(#21510));
#21512=IFCPRODUCTDEFINITIONSHAPE($,$,(#21511));
#21518=IFCCARTESIANPOINT((0.,0.,18000.));
#21519=IFCDIRECTION((0.,0.,1.));
#21520=IFCDIRECTION((1.,0.,0.));
#21521=IFCAXIS2PLACEMENT3D(#21518,#21519,#21520);
#21522=IFCLOCALPLACEMENT($,#21521);
#21523=IFCPROPERTYSET('3jolkUH6rEgelVTeYFTcK7',$,'Other',$,(#21525,#21526));
#21524=IFCRELDEFINESBYPROPERTIES('01ZFfmWrz5H9c$2TSZ6y6y',$,$,$,(#21501),#21523);
#21525=IFCPROPERTYSINGLEVALUE('Ax',$,IFCLABEL('0.001'),$);
#21526=IFCPROPERTYSINGLEVALUE('Ay',$,IFCLABEL('0.001'),$);
#21527=IFCSLAB('1cPjLPtkz7nvzN$YPriIgA',$,$,$,$,#21548,#21538,$,$);
#21528=IFCCARTESIANPOINTLIST2D(((27000.,0.),(30000.,0.),(30000.,6000.),(27000.,6000.)));
#21529=IFCINDEXEDPOLYCURVE(#21528,(IFCLINEINDEX((1,2,3,4,1))),$);
#21530=IFCARBITRARYCLOSEDPROFILEDEF(.AREA.,'Arbitrary',#21529);
#21531=IFCCARTESIANPOINT((0.,0.,0.));
#21532=IFCDIRECTION((0.,0.,1.));
#21533=IFCDIRECTION((1.,0.,0.));
#21534=IFCAXIS2PLACEMENT3D(#21531,#21532,#21533);
#21535=IFCDIRECTION((0.,0.,1.));
#21536=IFCEXTRUDEDAREASOLID(#21530,#21534,#21535,-120.);
#21537=IFCSHAPEREPRESENTATION(#11,'Body','SweptSolid',(#21536));
#21538=IFCPRODUCTDEFINITIONSHAPE($,$,(#21537));
#21544=IFCCARTESIANPOINT((0.,0.,18000.));
#21545=IFCDIRECTION((0.,0.,1.));
#21546=IFCDIRECTION((1.,0.,0.));
#21547=IFCAXIS2PLACEMENT3D(#21544,#21545,#21546);
#21548=IFCLOCALPLACEMENT($,#21547);
#21549=IFCPROPERTYSET('0pj2Gz57L8be5e7_uYVeji',$,'Other',$,(#21551,#21552));
#21550=IFCRELDEFINESBYPROPERTIES('11L83ltKH10gA07LExDJIh',$,$,$,(#21527),#21549);
#21551=IFCPROPERTYSINGLEVALUE('Ax',$,IFCLABEL('0.001'),$);
#21552=IFCPROPERTYSINGLEVALUE('Ay',$,IFCLABEL('0.001'),$);
#21553=IFCSLAB('1El6vrABP9pPFa2U5elb4L',$,$,$,$,#21574,#21564,$,$);
#21554=IFCCARTESIANPOINTLIST2D(((27000.,6000.),(30000.,6000.),(30000.,12000.),(27000.,12000.)));
#21555=IFCINDEXEDPOLYCURVE(#21554,(IFCLINEINDEX((1,2,3,4,1))),$);
#21556=IFCARBITRARYCLOSEDPROFILEDEF(.AREA.,'Arbitrary',#21555);
#21557=IFCCARTESIANPOINT((0.,0.,0.));
#21558=IFCDIRECTION((0.,0.,1.));
#21559=IFCDIRECTION((1.,0.,0.));
#21560=IFCAXIS2PLACEMENT3D(#21557,#21558,#21559);
#21561=IFCDIRECTION((0.,0.,1.));
#21562=IFCEXTRUDEDAREASOLID(#21556,#21560,#21561,-120.);
#21563=IFCSHAPEREPRESENTATION(#11,'Body','SweptSolid',(#21562));
#21564=IFCPRODUCTDEFINITIONSHAPE($,$,(#21563));
#21570=IFCCARTESIANPOINT((0.,0.,18000.));
#21571=IFCDIRECTION((0.,0.,1.));
#21572=IFCDIRECTION((1.,0.,0.));
#21573=IFCAXIS2PLACEMENT3D(#21570,#21571,#21572);
#21574=IFCLOCALPLACEMENT($,#21573);
#21575=IFCPROPERTYSET('2ny$Obn2j0TRNmlITNIamC',$,'Other',$,(#21577,#21578));
#21576=IFCRELDEFINESBYPROPERTIES('03YZCoo_10Ah$t9QOVVhvt',$,$,$,(#21553),#21575);
#21577=IFCPROPERTYSINGLEVALUE('Ax',$,IFCLABEL('0.001'),$);
#21578=IFCPROPERTYSINGLEVALUE('Ay',$,IFCLABEL('0.001'),$);
#21579=IFCSLAB('1FNHseBaXCreuxWOYEG_Ho',$,$,$,$,#21600,#21590,$,$);
#21580=IFCCARTESIANPOINTLIST2D(((0.,0.),(3000.,0.),(3000.,6000.),(0.,6000.)));
#21581=IFCINDEXEDPOLYCURVE(#21580,(IFCLINEINDEX((1,2,3,4,1))),$);
#21582=IFCARBITRARYCLOSEDPROFILEDEF(.AREA.,'Arbitrary',#21581);
#21583=IFCCARTESIANPOINT((0.,0.,0.));
#21584=IFCDIRECTION((0.,0.,1.));
#21585=IFCDIRECTION((1.,0.,0.));
#21586=IFCAXIS2PLACEMENT3D(#21583,#21584,#21585);
#21587=IFCDIRECTION((0.,0.,1.));
#21588=IFCEXTRUDEDAREASOLID(#21582,#21586,#21587,-120.);
#21589=IFCSHAPEREPRESENTATION(#11,'Body','SweptSolid',(#21588));
#21590=IFCPRODUCTDEFINITIONSHAPE($,$,(#21589));
#21596=IFCCARTESIANPOINT((0.,0.,18000.));
#21597=IFCDIRECTION((0.,0.,1.));
#21598=IFCDIRECTION((1.,0.,0.));
#21599=IFCAXIS2PLACEMENT3D(#21596,#21597,#21598);
#21600=IFCLOCALPLACEMENT($,#21599);
#21601=IFCPROPERTYSET('1l$LFbHFj5tu9NeYXHpz8R',$,'Other',$,(#21603,#21604));
#21602=IFCRELDEFINESBYPROPERTIES('03g7IOZOX53A2YTkdh7B44',$,$,$,(#21579),#21601);
#21603=IFCPROPERTYSINGLEVALUE('Ax',$,IFCLABEL('0.001'),$);
#21604=IFCPROPERTYSINGLEVALUE('Ay',$,IFCLABEL('0.001'),$);
#21605=IFCSLAB('1FP4E3uTj1L9mshJYFRYkh',$,$,$,$,#21626,#21616,$,$);
#21606=IFCCARTESIANPOINTLIST2D(((24000.,0.),(27000.,0.),(27000.,6000.),(24000.,6000.)));
#21607=IFCINDEXEDPOLYCURVE(#21606,(IFCLINEINDEX((1,2,3,4,1))),$);
#21608=IFCARBITRARYCLOSEDPROFILEDEF(.AREA.,'Arbitrary',#21607);
#21609=IFCCARTESIANPOINT((0.,0.,0.));
#21610=IFCDIRECTION((0.,0.,1.));
#21611=IFCDIRECTION((1.,0.,0.));
#21612=IFCAXIS2PLACEMENT3D(#21609,#21610,#21611);
#21613=IFCDIRECTION((0.,0.,1.));
#21614=IFCEXTRUDEDAREASOLID(#21608,#21612,#21613,-120.);
#21615=IFCSHAPEREPRESENTATION(#11,'Body','SweptSolid',(#21614));
#21616=IFCPRODUCTDEFINITIONSHAPE($,$,(#21615));
#21622=IFCCARTESIANPOINT((0.,0.,15000.));
#21623=IFCDIRECTION((0.,0.,1.));
#21624=IFCDIRECTION((1.,0.,0.));
#21625=IFCAXIS2PLACEMENT3D(#21622,#21623,#21624);
#21626=IFCLOCALPLACEMENT($,#21625);
#21627=IFCPROPERTYSET('2r$LnN2XbB48lY_yrUAKig',$,'Other',$,(#21629,#21630));
#21628=IFCRELDEFINESBYPROPERTIES('3R3omSDnfFE8v6R4wzhSqy',$,$,$,(#21605),#21627);
#21629=IFCPROPERTYSINGLEVALUE('Ax',$,IFCLABEL('0.001'),$);
#21630=IFCPROPERTYSINGLEVALUE('Ay',$,IFCLABEL('0.001'),$);
#21631=IFCSLAB('10Hh2xlQfCMvbOOyFGa8VQ',$,$,$,$,#21652,#21642,$,$);
#21632=IFCCARTESIANPOINTLIST2D(((27000.,0.),(30000.,0.),(30000.,6000.),(27000.,6000.)));
#21633=IFCINDEXEDPOLYCURVE(#21632,(IFCLINEINDEX((1,2,3,4,1))),$);
#21634=IFCARBITRARYCLOSEDPROFILEDEF(.AREA.,'Arbitrary',#21633);
#21635=IFCCARTESIANPOINT((0.,0.,0.));
#21636=IFCDIRECTION((0.,0.,1.));
#21637=IFCDIRECTION((1.,0.,0.));
#21638=IFCAXIS2PLACEMENT3D(#21635,#21636,#21637);
#21639=IFCDIRECTION((0.,0.,1.));
#21640=IFCEXTRUDEDAREASOLID(#21634,#21638,#21639,-120.);
#21641=IFCSHAPEREPRESENTATION(#11,'Body','SweptSolid',(#21640));
#21642=IFCPRODUCTDEFINITIONSHAPE($,$,(#21641));
#21648=IFCCARTESIANPOINT((0.,0.,15000.));
#21649=IFCDIRECTION((0.,0.,1.));
#21650=IFCDIRECTION((1.,0.,0.));
#21651=IFCAXIS2PLACEMENT3D(#21648,#21649,#21650);
#21652=IFCLOCALPLACEMENT($,#21651);
#21653=IFCPROPERTYSET('0m3Ey5ug53jueyg8EVRkYi',$,'Other',$,(#21655,#21656));
#21654=IFCRELDEFINESBYPROPERTIES('0E6h3iW7fDjB8ltXk5h6eU',$,$,$,(#21631),#21653);
#21655=IFCPROPERTYSINGLEVALUE('Ax',$,IFCLABEL('0.001'),$);
#21656=IFCPROPERTYSINGLEVALUE('Ay',$,IFCLABEL('0.001'),$);
#21657=IFCSLAB('0hWlA4V5r01h5B6pcOqkiw',$,$,$,$,#21678,#21668,$,$);
#21658=IFCCARTESIANPOINTLIST2D(((27000.,6000.),(30000.,6000.),(30000.,12000.),(27000.,12000.)));
#21659=IFCINDEXEDPOLYCURVE(#21658,(IFCLINEINDEX((1,2,3,4,1))),$);
#21660=IFCARBITRARYCLOSEDPROFILEDEF(.AREA.,'Arbitrary',#21659);
#21661=IFCCARTESIANPOINT((0.,0.,0.));
#21662=IFCDIRECTION((0.,0.,1.));
#21663=IFCDIRECTION((1.,0.,0.));
#21664=IFCAXIS2PLACEMENT3D(#21661,#21662,#21663);
#21665=IFCDIRECTION((0.,0.,1.));
#21666=IFCEXTRUDEDAREASOLID(#21660,#21664,#21665,-120.);
#21667=IFCSHAPEREPRESENTATION(#11,'Body','SweptSolid',(#21666));
#21668=IFCPRODUCTDEFINITIONSHAPE($,$,(#21667));
#21674=IFCCARTESIANPOINT((0.,0.,15000.));
#21675=IFCDIRECTION((0.,0.,1.));
#21676=IFCDIRECTION((1.,0.,0.));
#21677=IFCAXIS2PLACEMENT3D(#21674,#21675,#21676);
#21678=IFCLOCALPLACEMENT($,#21677);
#21679=IFCPROPERTYSET('0MLaJ3UlTFBQAfHESwNDKu',$,'Other',$,(#21681,#21682));
#21680=IFCRELDEFINESBYPROPERTIES('1oujY_0oTBGgznISKQus0H',$,$,$,(#21657),#21679);
#21681=IFCPROPERTYSINGLEVALUE('Ax',$,IFCLABEL('0.001'),$);
#21682=IFCPROPERTYSINGLEVALUE('Ay',$,IFCLABEL('0.001'),$);
#21683=IFCSLAB('3Nxbs4iDn4nhNLsIuhw1LS',$,$,$,$,#21704,#21694,$,$);
#21684=IFCCARTESIANPOINTLIST2D(((0.,0.),(3000.,0.),(3000.,6000.),(0.,6000.)));
#21685=IFCINDEXEDPOLYCURVE(#21684,(IFCLINEINDEX((1,2,3,4,1))),$);
#21686=IFCARBITRARYCLOSEDPROFILEDEF(.AREA.,'Arbitrary',#21685);
#21687=IFCCARTESIANPOINT((0.,0.,0.));
#21688=IFCDIRECTION((0.,0.,1.));
#21689=IFCDIRECTION((1.,0.,0.));
#21690=IFCAXIS2PLACEMENT3D(#21687,#21688,#21689);
#21691=IFCDIRECTION((0.,0.,1.));
#21692=IFCEXTRUDEDAREASOLID(#21686,#21690,#21691,-120.);
#21693=IFCSHAPEREPRESENTATION(#11,'Body','SweptSolid',(#21692));
#21694=IFCPRODUCTDEFINITIONSHAPE($,$,(#21693));
#21700=IFCCARTESIANPOINT((0.,0.,15000.));
#21701=IFCDIRECTION((0.,0.,1.));
#21702=IFCDIRECTION((1.,0.,0.));
#21703=IFCAXIS2PLACEMENT3D(#21700,#21701,#21702);
#21704=IFCLOCALPLACEMENT($,#21703);
#21705=IFCPROPERTYSET('32X5yMdpT3Sgx4tESVF1_L',$,'Other',$,(#21707,#21708));
#21706=IFCRELDEFINESBYPROPERTIES('3Pbe3BWjf2xwKUtAjIRxTr',$,$,$,(#21683),#21705);
#21707=IFCPROPERTYSINGLEVALUE('Ax',$,IFCLABEL('0.001'),$);
#21708=IFCPROPERTYSINGLEVALUE('Ay',$,IFCLABEL('0.001'),$);
#21709=IFCSLAB('1RfIHQwNDFE8EjznVCQeWO',$,$,$,$,#21730,#21720,$,$);
#21710=IFCCARTESIANPOINTLIST2D(((24000.,0.),(27000.,0.),(27000.,6000.),(24000.,6000.)));
#21711=IFCINDEXEDPOLYCURVE(#21710,(IFCLINEINDEX((1,2,3,4,1))),$);
#21712=IFCARBITRARYCLOSEDPROFILEDEF(.AREA.,'Arbitrary',#21711);
#21713=IFCCARTESIANPOINT((0.,0.,0.));
#21714=IFCDIRECTION((0.,0.,1.));
#21715=IFCDIRECTION((1.,0.,0.));
#21716=IFCAXIS2PLACEMENT3D(#21713,#21714,#21715);
#21717=IFCDIRECTION((0.,0.,1.));
#21718=IFCEXTRUDEDAREASOLID(#21712,#21716,#21717,-120.);
#21719=IFCSHAPEREPRESENTATION(#11,'Body','SweptSolid',(#21718));
#21720=IFCPRODUCTDEFINITIONSHAPE($,$,(#21719));
#21726=IFCCARTESIANPOINT((0.,0.,12000.));
#21727=IFCDIRECTION((0.,0.,1.));
#21728=IFCDIRECTION((1.,0.,0.));
#21729=IFCAXIS2PLACEMENT3D(#21726,#21727,#21728);
#21730=IFCLOCALPLACEMENT($,#21729);
#21731=IFCPROPERTYSET('0F3G7iDsrDVeM_6eUh8hup',$,'Other',$,(#21733,#21734));
#21732=IFCRELDEFINESBYPROPERTIES('1QxVs9Nmj2TeUB9d$AtDcE',$,$,$,(#21709),#21731);
#21733=IFCPROPERTYSINGLEVALUE('Ax',$,IFCLABEL('0.001'),$);
#21734=IFCPROPERTYSINGLEVALUE('Ay',$,IFCLABEL('0.001'),$);
#21735=IFCSLAB('04ZK6V60f1SfSSqiqSV_kh',$,$,$,$,#21756,#21746,$,$);
#21736=IFCCARTESIANPOINTLIST2D(((27000.,0.),(30000.,0.),(30000.,6000.),(27000.,6000.)));
#21737=IFCINDEXEDPOLYCURVE(#21736,(IFCLINEINDEX((1,2,3,4,1))),$);
#21738=IFCARBITRARYCLOSEDPROFILEDEF(.AREA.,'Arbitrary',#21737);
#21739=IFCCARTESIANPOINT((0.,0.,0.));
#21740=IFCDIRECTION((0.,0.,1.));
#21741=IFCDIRECTION((1.,0.,0.));
#21742=IFCAXIS2PLACEMENT3D(#21739,#21740,#21741);
#21743=IFCDIRECTION((0.,0.,1.));
#21744=IFCEXTRUDEDAREASOLID(#21738,#21742,#21743,-120.);
#21745=IFCSHAPEREPRESENTATION(#11,'Body','SweptSolid',(#21744));
#21746=IFCPRODUCTDEFINITIONSHAPE($,$,(#21745));
#21752=IFCCARTESIANPOINT((0.,0.,12000.));
#21753=IFCDIRECTION((0.,0.,1.));
#21754=IFCDIRECTION((1.,0.,0.));
#21755=IFCAXIS2PLACEMENT3D(#21752,#21753,#21754);
#21756=IFCLOCALPLACEMENT($,#21755);
#21757=IFCPROPERTYSET('1VAXCFSNHDLOEe13BjA$4u',$,'Other',$,(#21759,#21760));
#21758=IFCRELDEFINESBYPROPERTIES('00W8Ol9Zj6AeJecQprXmtW',$,$,$,(#21735),#21757);
#21759=IFCPROPERTYSINGLEVALUE('Ax',$,IFCLABEL('0.001'),$);
#21760=IFCPROPERTYSINGLEVALUE('Ay',$,IFCLABEL('0.001'),$);
#21761=IFCSLAB('3qo87lIrPCpxPYmCZb73WT',$,$,$,$,#21782,#21772,$,$);
#21762=IFCCARTESIANPOINTLIST2D(((27000.,6000.),(30000.,6000.),(30000.,12000.),(27000.,12000.)));
#21763=IFCINDEXEDPOLYCURVE(#21762,(IFCLINEINDEX((1,2,3,4,1))),$);
#21764=IFCARBITRARYCLOSEDPROFILEDEF(.AREA.,'Arbitrary',#21763);
#21765=IFCCARTESIANPOINT((0.,0.,0.));
#21766=IFCDIRECTION((0.,0.,1.));
#21767=IFCDIRECTION((1.,0.,0.));
#21768=IFCAXIS2PLACEMENT3D(#21765,#21766,#21767);
#21769=IFCDIRECTION((0.,0.,1.));
#21770=IFCEXTRUDEDAREASOLID(#21764,#21768,#21769,-120.);
#21771=IFCSHAPEREPRESENTATION(#11,'Body','SweptSolid',(#21770));
#21772=IFCPRODUCTDEFINITIONSHAPE($,$,(#21771));
#21778=IFCCARTESIANPOINT((0.,0.,12000.));
#21779=IFCDIRECTION((0.,0.,1.));
#21780=IFCDIRECTION((1.,0.,0.));
#21781=IFCAXIS2PLACEMENT3D(#21778,#21779,#21780);
#21782=IFCLOCALPLACEMENT($,#21781);
#21783=IFCPROPERTYSET('2CYMEQcxH2fOagKq22j5Cc',$,'Other',$,(#21785,#21786));
#21784=IFCRELDEFINESBYPROPERTIES('2Wyxgh2ez349uVIWJ3WDZa',$,$,$,(#21761),#21783);
#21785=IFCPROPERTYSINGLEVALUE('Ax',$,IFCLABEL('0.001'),$);
#21786=IFCPROPERTYSINGLEVALUE('Ay',$,IFCLABEL('0.001'),$);
#21787=IFCSLAB('0vLJNliXX1aRZGbnOSQTvJ',$,$,$,$,#21808,#21798,$,$);
#21788=IFCCARTESIANPOINTLIST2D(((0.,0.),(3000.,0.),(3000.,6000.),(0.,6000.)));
#21789=IFCINDEXEDPOLYCURVE(#21788,(IFCLINEINDEX((1,2,3,4,1))),$);
#21790=IFCARBITRARYCLOSEDPROFILEDEF(.AREA.,'Arbitrary',#21789);
#21791=IFCCARTESIANPOINT((0.,0.,0.));
#21792=IFCDIRECTION((0.,0.,1.));
#21793=IFCDIRECTION((1.,0.,0.));
#21794=IFCAXIS2PLACEMENT3D(#21791,#21792,#21793);
#21795=IFCDIRECTION((0.,0.,1.));
#21796=IFCEXTRUDEDAREASOLID(#21790,#21794,#21795,-120.);
#21797=IFCSHAPEREPRESENTATION(#11,'Body','SweptSolid',(#21796));
#21798=IFCPRODUCTDEFINITIONSHAPE($,$,(#21797));
#21804=IFCCARTESIANPOINT((0.,0.,12000.));
#21805=IFCDIRECTION((0.,0.,1.));
#21806=IFCDIRECTION((1.,0.,0.));
#21807=IFCAXIS2PLACEMENT3D(#21804,#21805,#21806);
#21808=IFCLOCALPLACEMENT($,#21807);
#21809=IFCPROPERTYSET('0guLHWJjb4BvZgw8ipKydB',$,'Other',$,(#21811,#21812));
#21810=IFCRELDEFINESBYPROPERTIES('0dtV4lrOH1igzQf$vkJeJV',$,$,$,(#21787),#21809);
#21811=IFCPROPERTYSINGLEVALUE('Ax',$,IFCLABEL('0.001'),$);
#21812=IFCPROPERTYSINGLEVALUE('Ay',$,IFCLABEL('0.001'),$);
#21813=IFCSLAB('2jUJwCEV50_xFDR0R0eLcZ',$,$,$,$,#21834,#21824,$,$);
#21814=IFCCARTESIANPOINTLIST2D(((24000.,0.),(27000.,0.),(27000.,6000.),(24000.,6000.)));
#21815=IFCINDEXEDPOLYCURVE(#21814,(IFCLINEINDEX((1,2,3,4,1))),$);
#21816=IFCARBITRARYCLOSEDPROFILEDEF(.AREA.,'Arbitrary',#21815);
#21817=IFCCARTESIANPOINT((0.,0.,0.));
#21818=IFCDIRECTION((0.,0.,1.));
#21819=IFCDIRECTION((1.,0.,0.));
#21820=IFCAXIS2PLACEMENT3D(#21817,#21818,#21819);
#21821=IFCDIRECTION((0.,0.,1.));
#21822=IFCEXTRUDEDAREASOLID(#21816,#21820,#21821,-120.);
#21823=IFCSHAPEREPRESENTATION(#11,'Body','SweptSolid',(#21822));
#21824=IFCPRODUCTDEFINITIONSHAPE($,$,(#21823));
#21830=IFCCARTESIANPOINT((0.,0.,9000.));
#21831=IFCDIRECTION((0.,0.,1.));
#21832=IFCDIRECTION((1.,0.,0.));
#21833=IFCAXIS2PLACEMENT3D(#21830,#21831,#21832);
#21834=IFCLOCALPLACEMENT($,#21833);
#21835=IFCPROPERTYSET('0_gT6Ge4f3zBudbg61AORZ',$,'Other',$,(#21837,#21838));
#21836=IFCRELDEFINESBYPROPERTIES('2kIxa4gVL5cwyJNaXF76lq',$,$,$,(#21813),#21835);
#21837=IFCPROPERTYSINGLEVALUE('Ax',$,IFCLABEL('0.001'),$);
#21838=IFCPROPERTYSINGLEVALUE('Ay',$,IFCLABEL('0.001'),$);
#21839=IFCSLAB('1uoqpqQ2j0NBMzOCkuN6MC',$,$,$,$,#21860,#21850,$,$);
#21840=IFCCARTESIANPOINTLIST2D(((27000.,0.),(30000.,0.),(30000.,6000.),(27000.,6000.)));
#21841=IFCINDEXEDPOLYCURVE(#21840,(IFCLINEINDEX((1,2,3,4,1))),$);
#21842=IFCARBITRARYCLOSEDPROFILEDEF(.AREA.,'Arbitrary',#21841);
#21843=IFCCARTESIANPOINT((0.,0.,0.));
#21844=IFCDIRECTION((0.,0.,1.));
#21845=IFCDIRECTION((1.,0.,0.));
#21846=IFCAXIS2PLACEMENT3D(#21843,#21844,#21845);
#21847=IFCDIRECTION((0.,0.,1.));
#21848=IFCEXTRUDEDAREASOLID(#21842,#21846,#21847,-120.);
#21849=IFCSHAPEREPRESENTATION(#11,'Body','SweptSolid',(#21848));
#21850=IFCPRODUCTDEFINITIONSHAPE($,$,(#21849));
#21856=IFCCARTESIANPOINT((0.,0.,9000.));
#21857=IFCDIRECTION((0.,0.,1.));
#21858=IFCDIRECTION((1.,0.,0.));
#21859=IFCAXIS2PLACEMENT3D(#21856,#21857,#21858);
#21860=IFCLOCALPLACEMENT($,#21859);
#21861=IFCPROPERTYSET('2Vuos3l_zALuCelXYdnSam',$,'Other',$,(#21863,#21864));
#21862=IFCRELDEFINESBYPROPERTIES('1TbukP4Rn81OzcmUPKt4z_',$,$,$,(#21839),#21861);
#21863=IFCPROPERTYSINGLEVALUE('Ax',$,IFCLABEL('0.001'),$);
#21864=IFCPROPERTYSINGLEVALUE('Ay',$,IFCLABEL('0.001'),$);
#21865=IFCSLAB('132fFLJJn1rgMwQW69aA9u',$,$,$,$,#21886,#21876,$,$);
#21866=IFCCARTESIANPOINTLIST2D(((27000.,6000.),(30000.,6000.),(30000.,12000.),(27000.,12000.)));
#21867=IFCINDEXEDPOLYCURVE(#21866,(IFCLINEINDEX((1,2,3,4,1))),$);
#21868=IFCARBITRARYCLOSEDPROFILEDEF(.AREA.,'Arbitrary',#21867);
#21869=IFCCARTESIANPOINT((0.,0.,0.));
#21870=IFCDIRECTION((0.,0.,1.));
#21871=IFCDIRECTION((1.,0.,0.));
#21872=IFCAXIS2PLACEMENT3D(#21869,#21870,#21871);
#21873=IFCDIRECTION((0.,0.,1.));
#21874=IFCEXTRUDEDAREASOLID(#21868,#21872,#21873,-120.);
#21875=IFCSHAPEREPRESENTATION(#11,'Body','SweptSolid',(#21874));
#21876=IFCPRODUCTDEFINITIONSHAPE($,$,(#21875));
#21882=IFCCARTESIANPOINT((0.,0.,9000.));
#21883=IFCDIRECTION((0.,0.,1.));
#21884=IFCDIRECTION((1.,0.,0.));
#21885=IFCAXIS2PLACEMENT3D(#21882,#21883,#21884);
#21886=IFCLOCALPLACEMENT($,#21885);
#21887=IFCPROPERTYSET('3Z8V41x0v2eRcQrUrykGc7',$,'Other',$,(#21889,#21890));
#21888=IFCRELDEFINESBYPROPERTIES('1O3Ud$pev23voL7EMQ413d',$,$,$,(#21865),#21887);
#21889=IFCPROPERTYSINGLEVALUE('Ax',$,IFCLABEL('0.001'),$);
#21890=IFCPROPERTYSINGLEVALUE('Ay',$,IFCLABEL('0.001'),$);
#21891=IFCSLAB('0bHy3sSm94WfNPS0UVEhwq',$,$,$,$,#21912,#21902,$,$);
#21892=IFCCARTESIANPOINTLIST2D(((0.,0.),(3000.,0.),(3000.,6000.),(0.,6000.)));
#21893=IFCINDEXEDPOLYCURVE(#21892,(IFCLINEINDEX((1,2,3,4,1))),$);
#21894=IFCARBITRARYCLOSEDPROFILEDEF(.AREA.,'Arbitrary',#21893);
#21895=IFCCARTESIANPOINT((0.,0.,0.));
#21896=IFCDIRECTION((0.,0.,1.));
#21897=IFCDIRECTION((1.,0.,0.));
#21898=IFCAXIS2PLACEMENT3D(#21895,#21896,#21897);
#21899=IFCDIRECTION((0.,0.,1.));
#21900=IFCEXTRUDEDAREASOLID(#21894,#21898,#21899,-120.);
#21901=IFCSHAPEREPRESENTATION(#11,'Body','SweptSolid',(#21900));
#21902=IFCPRODUCTDEFINITIONSHAPE($,$,(#21901));
#21908=IFCCARTESIANPOINT((0.,0.,9000.));
#21909=IFCDIRECTION((0.,0.,1.));
#21910=IFCDIRECTION((1.,0.,0.));
#21911=IFCAXIS2PLACEMENT3D(#21908,#21909,#21910);
#21912=IFCLOCALPLACEMENT($,#21911);
#21913=IFCPROPERTYSET('1BpNJ0Ky54DBNFVIkRDw6w',$,'Other',$,(#21915,#21916));
#21914=IFCRELDEFINESBYPROPERTIES('1_S_IaV9PBrPcdFvXJ8lPd',$,$,$,(#21891),#21913);
#21915=IFCPROPERTYSINGLEVALUE('Ax',$,IFCLABEL('0.001'),$);
#21916=IFCPROPERTYSINGLEVALUE('Ay',$,IFCLABEL('0.001'),$);
#21917=IFCSLAB('3gCyNjuBf9hRm4EQnqiX7f',$,$,$,$,#21938,#21928,$,$);
#21918=IFCCARTESIANPOINTLIST2D(((24000.,0.),(27000.,0.),(27000.,6000.),(24000.,6000.)));
#21919=IFCINDEXEDPOLYCURVE(#21918,(IFCLINEINDEX((1,2,3,4,1))),$);
#21920=IFCARBITRARYCLOSEDPROFILEDEF(.AREA.,'Arbitrary',#21919);
#21921=IFCCARTESIANPOINT((0.,0.,0.));
#21922=IFCDIRECTION((0.,0.,1.));
#21923=IFCDIRECTION((1.,0.,0.));
#21924=IFCAXIS2PLACEMENT3D(#21921,#21922,#21923);
#21925=IFCDIRECTION((0.,0.,1.));
#21926=IFCEXTRUDEDAREASOLID(#21920,#21924,#21925,-120.);
#21927=IFCSHAPEREPRESENTATION(#11,'Body','SweptSolid',(#21926));
#21928=IFCPRODUCTDEFINITIONSHAPE($,$,(#21927));
#21934=IFCCARTESIANPOINT((0.,0.,6000.));
#21935=IFCDIRECTION((0.,0.,1.));
#21936=IFCDIRECTION((1.,0.,0.));
#21937=IFCAXIS2PLACEMENT3D(#21934,#21935,#21936);
#21938=IFCLOCALPLACEMENT($,#21937);
#21939=IFCPROPERTYSET('0rmfHxIz9DtuaERK3_UXWA',$,'Other',$,(#21941,#21942));
#21940=IFCRELDEFINESBYPROPERTIES('0bRCp3Icr4NPP9IOjKvgua',$,$,$,(#21917),#21939);
#21941=IFCPROPERTYSINGLEVALUE('Ax',$,IFCLABEL('0.001'),$);
#21942=IFCPROPERTYSINGLEVALUE('Ay',$,IFCLABEL('0.001'),$);
#21943=IFCSLAB('10GSmrwg50kOVif4A_xfyA',$,$,$,$,#21964,#21954,$,$);
#21944=IFCCARTESIANPOINTLIST2D(((27000.,0.),(30000.,0.),(30000.,6000.),(27000.,6000.)));
#21945=IFCINDEXEDPOLYCURVE(#21944,(IFCLINEINDEX((1,2,3,4,1))),$);
#21946=IFCARBITRARYCLOSEDPROFILEDEF(.AREA.,'Arbitrary',#21945);
#21947=IFCCARTESIANPOINT((0.,0.,0.));
#21948=IFCDIRECTION((0.,0.,1.));
#21949=IFCDIRECTION((1.,0.,0.));
#21950=IFCAXIS2PLACEMENT3D(#21947,#21948,#21949);
#21951=IFCDIRECTION((0.,0.,1.));
#21952=IFCEXTRUDEDAREASOLID(#21946,#21950,#21951,-120.);
#21953=IFCSHAPEREPRESENTATION(#11,'Body','SweptSolid',(#21952));
#21954=IFCPRODUCTDEFINITIONSHAPE($,$,(#21953));
#21960=IFCCARTESIANPOINT((0.,0.,6000.));
#21961=IFCDIRECTION((0.,0.,1.));
#21962=IFCDIRECTION((1.,0.,0.));
#21963=IFCAXIS2PLACEMENT3D(#21960,#21961,#21962);
#21964=IFCLOCALPLACEMENT($,#21963);
#21965=IFCPROPERTYSET('2lz4NEeOn3vRdrtntcszh9',$,'Other',$,(#21967,#21968));
#21966=IFCRELDEFINESBYPROPERTIES('0TWBBRkeTD$xV4GQshCeHM',$,$,$,(#21943),#21965);
#21967=IFCPROPERTYSINGLEVALUE('Ax',$,IFCLABEL('0.001'),$);
#21968=IFCPROPERTYSINGLEVALUE('Ay',$,IFCLABEL('0.001'),$);
#21969=IFCSLAB('3epj0qOk16Vem0Mgnf_0tT',$,$,$,$,#21990,#21980,$,$);
#21970=IFCCARTESIANPOINTLIST2D(((27000.,6000.),(30000.,6000.),(30000.,12000.),(27000.,12000.)));
#21971=IFCINDEXEDPOLYCURVE(#21970,(IFCLINEINDEX((1,2,3,4,1))),$);
#21972=IFCARBITRARYCLOSEDPROFILEDEF(.AREA.,'Arbitrary',#21971);
#21973=IFCCARTESIANPOINT((0.,0.,0.));
#21974=IFCDIRECTION((0.,0.,1.));
#21975=IFCDIRECTION((1.,0.,0.));
#21976=IFCAXIS2PLACEMENT3D(#21973,#21974,#21975);
#21977=IFCDIRECTION((0.,0.,1.));
#21978=IFCEXTRUDEDAREASOLID(#21972,#21976,#21977,-120.);
#21979=IFCSHAPEREPRESENTATION(#11,'Body','SweptSolid',(#21978));
#21980=IFCPRODUCTDEFINITIONSHAPE($,$,(#21979));
#21986=IFCCARTESIANPOINT((0.,0.,6000.));
#21987=IFCDIRECTION((0.,0.,1.));
#21988=IFCDIRECTION((1.,0.,0.));
#21989=IFCAXIS2PLACEMENT3D(#21986,#21987,#21988);
#21990=IFCLOCALPLACEMENT($,#21989);
#21991=IFCPROPERTYSET('1DWFeM9tP55PqknAhAZFgd',$,'Other',$,(#21993,#21994));
#21992=IFCRELDEFINESBYPROPERTIES('3hZ3fceB97q8vG4VKhRTFe',$,$,$,(#21969),#21991);
#21993=IFCPROPERTYSINGLEVALUE('Ax',$,IFCLABEL('0.001'),$);
#21994=IFCPROPERTYSINGLEVALUE('Ay',$,IFCLABEL('0.001'),$);
#21995=IFCSLAB('2KXjJWSgv0yQ73drmWui_S',$,$,$,$,#22016,#22006,$,$);
#21996=IFCCARTESIANPOINTLIST2D(((0.,0.),(3000.,0.),(3000.,6000.),(0.,6000.)));
#21997=IFCINDEXEDPOLYCURVE(#21996,(IFCLINEINDEX((1,2,3,4,1))),$);
#21998=IFCARBITRARYCLOSEDPROFILEDEF(.AREA.,'Arbitrary',#21997);
#21999=IFCCARTESIANPOINT((0.,0.,0.));
#22000=IFCDIRECTION((0.,0.,1.));
#22001=IFCDIRECTION((1.,0.,0.));
#22002=IFCAXIS2PLACEMENT3D(#21999,#22000,#22001);
#22003=IFCDIRECTION((0.,0.,1.));
#22004=IFCEXTRUDEDAREASOLID(#21998,#22002,#22003,-120.);
#22005=IFCSHAPEREPRESENTATION(#11,'Body','SweptSolid',(#22004));
#22006=IFCPRODUCTDEFINITIONSHAPE($,$,(#22005));
#22012=IFCCARTESIANPOINT((0.,0.,6000.));
#22013=IFCDIRECTION((0.,0.,1.));
#22014=IFCDIRECTION((1.,0.,0.));
#22015=IFCAXIS2PLACEMENT3D(#22012,#22013,#22014);
#22016=IFCLOCALPLACEMENT($,#22015);
#22017=IFCPROPERTYSET('25WzbpSDH7PwdN0Wcqiy_$',$,'Other',$,(#22019,#22020));
#22018=IFCRELDEFINESBYPROPERTIES('30wRbj97n7cAu_7h7EvQtv',$,$,$,(#21995),#22017);
#22019=IFCPROPERTYSINGLEVALUE('Ax',$,IFCLABEL('0.001'),$);
#22020=IFCPROPERTYSINGLEVALUE('Ay',$,IFCLABEL('0.001'),$);
#22021=IFCSLAB('05MVBHX2zAzfKZBwk3Sgfb',$,$,$,$,#22042,#22032,$,$);
#22022=IFCCARTESIANPOINTLIST2D(((24000.,0.),(27000.,0.),(27000.,6000.),(24000.,6000.)));
#22023=IFCINDEXEDPOLYCURVE(#22022,(IFCLINEINDEX((1,2,3,4,1))),$);
#22024=IFCARBITRARYCLOSEDPROFILEDEF(.AREA.,'Arbitrary',#22023);
#22025=IFCCARTESIANPOINT((0.,0.,0.));
#22026=IFCDIRECTION((0.,0.,1.));
#22027=IFCDIRECTION((1.,0.,0.));
#22028=IFCAXIS2PLACEMENT3D(#22025,#22026,#22027);
#22029=IFCDIRECTION((0.,0.,1.));
#22030=IFCEXTRUDEDAREASOLID(#22024,#22028,#22029,-120.);
#22031=IFCSHAPEREPRESENTATION(#11,'Body','SweptSolid',(#22030));
#22032=IFCPRODUCTDEFINITIONSHAPE($,$,(#22031));
#22038=IFCCARTESIANPOINT((0.,0.,3000.));
#22039=IFCDIRECTION((0.,0.,1.));
#22040=IFCDIRECTION((1.,0.,0.));
#22041=IFCAXIS2PLACEMENT3D(#22038,#22039,#22040);
#22042=IFCLOCALPLACEMENT($,#22041);
#22043=IFCPROPERTYSET('0X45eDzxr9BxxJmeLx$rUu',$,'Other',$,(#22045,#22046));
#22044=IFCRELDEFINESBYPROPERTIES('1SJes_fh5Fs9M35$6sFBa_',$,$,$,(#22021),#22043);
#22045=IFCPROPERTYSINGLEVALUE('Ax',$,IFCLABEL('0.001'),$);
#22046=IFCPROPERTYSINGLEVALUE('Ay',$,IFCLABEL('0.001'),$);
#22047=IFCSLAB('1sX7LJPJ5FBQBjyQy2ALBt',$,$,$,$,#22068,#22058,$,$);
#22048=IFCCARTESIANPOINTLIST2D(((27000.,0.),(30000.,0.),(30000.,6000.),(27000.,6000.)));
#22049=IFCINDEXEDPOLYCURVE(#22048,(IFCLINEINDEX((1,2,3,4,1))),$);
#22050=IFCARBITRARYCLOSEDPROFILEDEF(.AREA.,'Arbitrary',#22049);
#22051=IFCCARTESIANPOINT((0.,0.,0.));
#22052=IFCDIRECTION((0.,0.,1.));
#22053=IFCDIRECTION((1.,0.,0.));
#22054=IFCAXIS2PLACEMENT3D(#22051,#22052,#22053);
#22055=IFCDIRECTION((0.,0.,1.));
#22056=IFCEXTRUDEDAREASOLID(#22050,#22054,#22055,-120.);
#22057=IFCSHAPEREPRESENTATION(#11,'Body','SweptSolid',(#22056));
#22058=IFCPRODUCTDEFINITIONSHAPE($,$,(#22057));
#22064=IFCCARTESIANPOINT((0.,0.,3000.));
#22065=IFCDIRECTION((0.,0.,1.));
#22066=IFCDIRECTION((1.,0.,0.));
#22067=IFCAXIS2PLACEMENT3D(#22064,#22065,#22066);
#22068=IFCLOCALPLACEMENT($,#22067);
#22069=IFCPROPERTYSET('0p4XZXukf6WBZ$JUeSxWMl',$,'Other',$,(#22071,#22072));
#22070=IFCRELDEFINESBYPROPERTIES('1pUkejWkj9c8JLcyReO9Ey',$,$,$,(#22047),#22069);
#22071=IFCPROPERTYSINGLEVALUE('Ax',$,IFCLABEL('0.001'),$);
#22072=IFCPROPERTYSINGLEVALUE('Ay',$,IFCLABEL('0.001'),$);
#22073=IFCSLAB('1MqAQQOnr4cwVF0TymI23S',$,$,$,$,#22094,#22084,$,$);
#22074=IFCCARTESIANPOINTLIST2D(((27000.,6000.),(30000.,6000.),(30000.,12000.),(27000.,12000.)));
#22075=IFCINDEXEDPOLYCURVE(#22074,(IFCLINEINDEX((1,2,3,4,1))),$);
#22076=IFCARBITRARYCLOSEDPROFILEDEF(.AREA.,'Arbitrary',#22075);
#22077=IFCCARTESIANPOINT((0.,0.,0.));
#22078=IFCDIRECTION((0.,0.,1.));
#22079=IFCDIRECTION((1.,0.,0.));
#22080=IFCAXIS2PLACEMENT3D(#22077,#22078,#22079);
#22081=IFCDIRECTION((0.,0.,1.));
#22082=IFCEXTRUDEDAREASOLID(#22076,#22080,#22081,-120.);
#22083=IFCSHAPEREPRESENTATION(#11,'Body','SweptSolid',(#22082));
#22084=IFCPRODUCTDEFINITIONSHAPE($,$,(#22083));
#22090=IFCCARTESIANPOINT((0.,0.,3000.));
#22091=IFCDIRECTION((0.,0.,1.));
#22092=IFCDIRECTION((1.,0.,0.));
#22093=IFCAXIS2PLACEMENT3D(#22090,#22091,#22092);
#22094=IFCLOCALPLACEMENT($,#22093);
#22095=IFCPROPERTYSET('070AIElr188vHCS8JtPhEV',$,'Other',$,(#22097,#22098));
#22096=IFCRELDEFINESBYPROPERTIES('3KGi3mClTDIA9F2GX22fXR',$,$,$,(#22073),#22095);
#22097=IFCPROPERTYSINGLEVALUE('Ax',$,IFCLABEL('0.001'),$);
#22098=IFCPROPERTYSINGLEVALUE('Ay',$,IFCLABEL('0.001'),$);
#22099=IFCSLAB('3a8EOBx2T8APTaCQVP8iHK',$,$,$,$,#22120,#22110,$,$);
#22100=IFCCARTESIANPOINTLIST2D(((0.,0.),(3000.,0.),(3000.,6000.),(0.,6000.)));
#22101=IFCINDEXEDPOLYCURVE(#22100,(IFCLINEINDEX((1,2,3,4,1))),$);
#22102=IFCARBITRARYCLOSEDPROFILEDEF(.AREA.,'Arbitrary',#22101);
#22103=IFCCARTESIANPOINT((0.,0.,0.));
#22104=IFCDIRECTION((0.,0.,1.));
#22105=IFCDIRECTION((1.,0.,0.));
#22106=IFCAXIS2PLACEMENT3D(#22103,#22104,#22105);
#22107=IFCDIRECTION((0.,0.,1.));
#22108=IFCEXTRUDEDAREASOLID(#22102,#22106,#22107,-120.);
#22109=IFCSHAPEREPRESENTATION(#11,'Body','SweptSolid',(#22108));
#22110=IFCPRODUCTDEFINITIONSHAPE($,$,(#22109));
#22116=IFCCARTESIANPOINT((0.,0.,3000.));
#22117=IFCDIRECTION((0.,0.,1.));
#22118=IFCDIRECTION((1.,0.,0.));
#22119=IFCAXIS2PLACEMENT3D(#22116,#22117,#22118);
#22120=IFCLOCALPLACEMENT($,#22119);
#22121=IFCPROPERTYSET('1tD6uQEbn2QhaLPN5e8$O_',$,'Other',$,(#22123,#22124));
#22122=IFCRELDEFINESBYPROPERTIES('0Btv8cDxj4mhlxBO9h8l$j',$,$,$,(#22099),#22121);
#22123=IFCPROPERTYSINGLEVALUE('Ax',$,IFCLABEL('0.001'),$);
#22124=IFCPROPERTYSINGLEVALUE('Ay',$,IFCLABEL('0.001'),$);
ENDSEC;
END-ISO-10303-21;
